id;wid;nama;nm_project;deskripsi_project;iddesa;latitude;longitude;accuracy;status;kode_kategori;kategori_landmark;kode_landmark_tipe;tipe_landmark;user_created_at;user_upload_at;user_creator_nama;photo_url
90026656;HPADNS;PERTIGAAN BALANDONGAN;0016;RT 001 RW 004;3272010006;-6.9522423711608;106.92208081484;6.3819999694824;1;150;Batas Wilkerstat;15040;Batas SLS;2025-08-01 14:10:36;2025-08-01 14:10:38;Ati Nurhayati;https://wilkerstat.bps.go.id/api/landmark/90026656/photo
90029253;HPAHJP;PAGAR RUMAH PA NANAY;0016;RT 001 RW 004;3272010006;-6.9524297437005;106.92255288363;6.0539999008179;1;150;Batas Wilkerstat;15040;Batas SLS;2025-08-01 14:14:34;2025-08-01 14:14:38;Ati Nurhayati;https://wilkerstat.bps.go.id/api/landmark/90029253/photo
90035321;HPAQIZ;BANGUNAN PA HUSIN;0016;RT 001 RW 004;3272010006;-6.9511682;106.9223259;10.468000411987;1;150;Batas Wilkerstat;15040;Batas SLS;2025-08-01 14:24:10;2025-08-01 14:24:12;Ati Nurhayati;https://wilkerstat.bps.go.id/api/landmark/90035321/photo
90254400;HPNCLC;SELOKAN DEKAT RUMAH HJ ETI;0016;RT 001 RW 004;3272010006;-6.9526630440407;106.92094255239;5.3670001029968;1;150;Batas Wilkerstat;15040;Batas SLS;2025-08-02 09:25:22;2025-08-02 09:25:25;Ati Nurhayati;https://wilkerstat.bps.go.id/api/landmark/90254400/photo
91056301;HRGSRL;JALAN LINGKAR PANORAMA RESTO AND CAFFE;0016;RT 001 RW 004;3272010006;-6.9506305648606;106.92101731896;6.6620001792908;1;150;Batas Wilkerstat;15040;Batas SLS;2025-08-03 13:15:29;2025-08-03 13:15:33;Ati Nurhayati;https://wilkerstat.bps.go.id/api/landmark/91056301/photo
90038700;HPAVIY;KANTOR KELURAHAN SUDAJAYAHILIR;0017;RT 002 RW 004;3272010006;-6.9522686632268;106.92208047956;13.038000106812;1;150;Batas Wilkerstat;15040;Batas SLS;2025-08-01 14:29:14;2025-08-01 14:29:17;Ati Nurhayati;https://wilkerstat.bps.go.id/api/landmark/90038700/photo
90234598;HPLZDM;SELOKAN;0017;RT 002 RW 004;3272010006;-6.9538119050817;106.9200758636;6.6409997940063;1;150;Batas Wilkerstat;15040;Batas SLS;2025-08-02 09:01:02;2025-08-02 09:01:08;Ati Nurhayati;https://wilkerstat.bps.go.id/api/landmark/90234598/photo
90248601;HPMTWB;SD QU SMART;0017;RT 002 RW 004;3272010006;-6.9537872;106.9211238;5.951000213623;1;150;Batas Wilkerstat;15040;Batas SLS;2025-08-02 09:18:56;2025-08-02 09:18:59;Ati Nurhayati;https://wilkerstat.bps.go.id/api/landmark/90248601/photo
90252239;HPMZFZ;RUMAH PA SYAEPUL MUKTI;0017;RT 002 RW 004;3272010006;-6.9527073;106.9209977;6.9169998168945;1;150;Batas Wilkerstat;15040;Batas SLS;2025-08-02 09:22:55;2025-08-02 09:22:57;Ati Nurhayati;https://wilkerstat.bps.go.id/api/landmark/90252239/photo
90038052;HPAUKA;RUMAH PA EKO;0018;RT 003 RW 004;3272010006;-6.9524334046197;106.92214418203;6.4299998283386;1;150;Batas Wilkerstat;15040;Batas SLS;2025-08-01 14:28:14;2025-08-01 14:28:17;Ati Nurhayati;https://wilkerstat.bps.go.id/api/landmark/90038052/photo
90224705;HPLKMZ;WARUNG BAPAK  IWAN;0018;RT 003 RW 004;3272010006;-6.9534245142451;106.92236680537;4.8049998283386;1;150;Batas Wilkerstat;15040;Batas SLS;2025-08-02 08:46:50;2025-08-02 08:46:53;Ati Nurhayati;https://wilkerstat.bps.go.id/api/landmark/90224705/photo
90783434;HQRFAO;RUMAH BAPAK SUGANDI;0018;RT 003 RW 004;3272010006;-6.9524367327281;106.92258171737;8.2340002059937;1;150;Batas Wilkerstat;15040;Batas SLS;2025-08-03 07:53:26;2025-08-03 07:53:29;Ati Nurhayati;https://wilkerstat.bps.go.id/api/landmark/90783434/photo
90785056;HQRHKY;MAJLIS AL JIHADIYAH;0018;RT 003 RW 004;3272010006;-6.9534165;106.923149;4.2490000724792;1;150;Batas Wilkerstat;15040;Batas SLS;2025-08-03 07:57:56;2025-08-03 07:57:58;Ati Nurhayati;https://wilkerstat.bps.go.id/api/landmark/90785056/photo
90225160;HPLLEM;BATAS 1 RUMAH IBU IAH;0019;RT 001 RW 005;3272010006;-6.9534378;106.9223793;4.9270000457764;1;150;Batas Wilkerstat;15040;Batas SLS;2025-08-02 08:47:35;2025-08-02 08:47:38;Ati Nurhayati;https://wilkerstat.bps.go.id/api/landmark/90225160/photo
90233046;HPLWVU;BATAS 2 SELOKAN;0019;RT 001 RW 005;3272010006;-6.9538398611092;106.92014057189;8.3500003814697;1;150;Batas Wilkerstat;15040;Batas SLS;2025-08-02 08:58:46;2025-08-02 08:58:49;Ati Nurhayati;https://wilkerstat.bps.go.id/api/landmark/90233046/photo
90242429;HPMKSR;BATAS 3 SAWAH;0019;RT 001 RW 005;3272010006;-6.9544442;106.9205926;8.5590000152588;1;150;Batas Wilkerstat;15040;Batas SLS;2025-08-02 09:11:02;2025-08-02 09:11:07;Ati Nurhayati;https://wilkerstat.bps.go.id/api/landmark/90242429/photo
90785994;HQRIVA;RUMAH BAPAK IING;0019;RT 001 RW 005;3272010006;-6.9538997;106.9230895;6.8699998855591;1;150;Batas Wilkerstat;15040;Batas SLS;2025-08-03 08:00:21;2025-08-03 08:00:24;Ati Nurhayati;https://wilkerstat.bps.go.id/api/landmark/90785994/photo
91954909;HTFVZH;PANGKAS RAMBUT AKOK;0019;RT 001 RW 005;3272010006;-6.9543531;106.922265;11.501999855042;1;150;Batas Wilkerstat;15040;Batas SLS;2025-08-05 08:52:53;2025-08-05 08:52:56;Ati Nurhayati;https://wilkerstat.bps.go.id/api/landmark/91954909/photo
91956548;HTFYKI;GANG SAWO;0020;RT 002 RW 005;3272010006;-6.9543706925041;106.92231215537;7.2160000801086;1;150;Batas Wilkerstat;15040;Batas SLS;2025-08-05 08:55:11;2025-08-05 08:55:15;Ati Nurhayati;https://wilkerstat.bps.go.id/api/landmark/91956548/photo
91960668;HTGEMU;WARUNG PA UJANG;0020;RT 002 RW 005;3272010006;-6.9556281;106.922534;4.8239998817444;1;150;Batas Wilkerstat;15040;Batas SLS;2025-08-05 09:00:41;2025-08-05 09:00:44;Ati Nurhayati;https://wilkerstat.bps.go.id/api/landmark/91960668/photo
91955633;HTFXBD;RA HIDAYATUL ISLAMIYAH;0021;RT 003 RW 004;3272010006;-6.9543453;106.9222888;7.7950000762939;1;150;Batas Wilkerstat;15040;Batas SLS;2025-08-05 08:53:50;2025-08-05 08:53:56;Ati Nurhayati;https://wilkerstat.bps.go.id/api/landmark/91955633/photo
91960293;HTGDYJ;TOKO BANGUNAN AMANG JAMIL;0021;RT 003 RW 004;3272010006;-6.9556052;106.9225178;9.7519998550415;1;150;Batas Wilkerstat;15040;Batas SLS;2025-08-05 09:00:03;2025-08-05 09:00:13;Ati Nurhayati;https://wilkerstat.bps.go.id/api/landmark/91960293/photo
91965894;HTGMFU;WARUNG RINI;0022;RT 004 RW 005;3272010006;-6.9556883;106.9226143;8.0600004196167;1;150;Batas Wilkerstat;15040;Batas SLS;2025-08-05 09:07:28;2025-08-05 09:07:33;Ati Nurhayati;https://wilkerstat.bps.go.id/api/landmark/91965894/photo
91971775;HTGUXZ;SELOKAN PERUM MEKAR ASRI JAYA 3;0022;RT 004 RW 005;3272010006;-6.9564936792769;106.92403312773;12.166999816895;1;150;Batas Wilkerstat;15040;Batas SLS;2025-08-05 09:14:40;2025-08-05 09:14:44;Ati Nurhayati;https://wilkerstat.bps.go.id/api/landmark/91971775/photo
91977496;HTHDKA;MASJID RIYADHUL JANNAH;0022;RT 004 RW 005;3272010006;-6.9573658;106.9226306;4.1209998130798;1;150;Batas Wilkerstat;15040;Batas SLS;2025-08-05 09:21:09;2025-08-05 09:21:12;Ati Nurhayati;https://wilkerstat.bps.go.id/api/landmark/91977496/photo
91979274;HTHGAK;MASJID RIYADHUL JANNAH;0023;RT 001 RW 006;3272010006;-6.9573884;106.9225883;5.5069999694824;1;150;Batas Wilkerstat;15040;Batas SLS;2025-08-05 09:23:11;2025-08-05 09:23:15;Ati Nurhayati;https://wilkerstat.bps.go.id/api/landmark/91979274/photo
89934811;HOUXRF;BATAS 1 SAB RW 07;0027;RT 002 RW 007;3272010006;-6.964285980165;106.91904690117;3.9800000190735;1;150;Batas Wilkerstat;15040;Batas SLS;2025-08-01 10:33:46;2025-08-01 10:33:49;Ati Nurhayati;https://wilkerstat.bps.go.id/api/landmark/89934811/photo
89990854;HOYCOS;BATAS 2 KANDANG AYAM;0027;RT 002 RW 007;3272010006;-6.9680243350048;106.9189158082;4.8709998130798;1;150;Batas Wilkerstat;15040;Batas SLS;2025-08-01 12:49:34;2025-08-01 12:49:37;Ati Nurhayati;https://wilkerstat.bps.go.id/api/landmark/89990854/photo
89953035;HOVYQD;BATAS 1 SAB RW 07;0028;RT 003 RW 007;3272010006;-6.9642906393991;106.91904991865;8.7980003356934;1;150;Batas Wilkerstat;15040;Batas SLS;2025-08-01 11:01:18;2025-08-01 11:01:21;Ati Nurhayati;https://wilkerstat.bps.go.id/api/landmark/89953035/photo
90314065;HPQMRX;-;0002;;3272010006;-6.9465813;106.9239254;5.9450001716614;1;150;Batas Wilkerstat;15040;Batas SLS;2025-08-02 10:25:20;2025-08-02 10:25:27;Khansa Anisah;https://wilkerstat.bps.go.id/api/landmark/90314065/photo
90321821;HPQYEF;-;0002;;3272010006;-6.9475003;106.9243796;4.6310000419617;1;150;Batas Wilkerstat;15040;Batas SLS;2025-08-02 10:32:06;2025-08-02 10:32:09;Khansa Anisah;https://wilkerstat.bps.go.id/api/landmark/90321821/photo
90809601;HQSRSZ;WARUNG UCOK;0002;;3272010006;-6.9466591;106.9243984;4.7030000686646;1;150;Batas Wilkerstat;15040;Batas SLS;2025-08-02 16:52:49;2025-08-03 08:45:21;Khansa Anisah;https://wilkerstat.bps.go.id/api/landmark/90809601/photo
90366490;HPTMGG;KURNIA MEUBEL;0004;;3272010006;-6.9494077;106.9232374;4.5269999504089;1;150;Batas Wilkerstat;15040;Batas SLS;2025-08-02 11:12:27;2025-08-02 11:12:29;Khansa Anisah;https://wilkerstat.bps.go.id/api/landmark/90366490/photo
90372869;HPTVRP;RUMAH NO 11;0004;;3272010006;-6.9492798;106.924339;3.9140000343323;1;150;Batas Wilkerstat;15040;Batas SLS;2025-08-02 11:18:39;2025-08-02 11:18:42;Khansa Anisah;https://wilkerstat.bps.go.id/api/landmark/90372869/photo
90385632;HPUOOM;SELOKAN SEBELAH TERMINAL;0004;;3272010006;-6.9497489;106.9264553;4.3520002365112;1;150;Batas Wilkerstat;15040;Batas SLS;2025-08-02 11:30:36;2025-08-02 11:30:40;Khansa Anisah;https://wilkerstat.bps.go.id/api/landmark/90385632/photo
90400712;HPVKWM;ALFAMART LINGKAR SELATAN;0004;;3272010006;-6.9510011;106.9233761;3.5869998931885;1;150;Batas Wilkerstat;15040;Batas SLS;2025-08-02 11:45:46;2025-08-02 11:45:48;Khansa Anisah;https://wilkerstat.bps.go.id/api/landmark/90400712/photo
90399516;HPVJCM;RUKO;0008;;3272010006;-6.9510147;106.9233496;4.3470001220703;1;150;Batas Wilkerstat;15040;Batas SLS;2025-08-02 11:44:33;2025-08-02 11:44:35;Khansa Anisah;https://wilkerstat.bps.go.id/api/landmark/90399516/photo
90353798;HPSTMC;POHON BAMBU;0003;;3272010006;-6.9476562135945;106.923334077;4.811999797821;1;150;Batas Wilkerstat;15040;Batas SLS;2025-08-02 11:01:10;2025-08-02 11:01:15;Khansa Anisah;https://wilkerstat.bps.go.id/api/landmark/90353798/photo
90361772;HPTFGU;TOILET UMUM;0003;;3272010006;-6.9487122;106.923961;4.808000087738;1;150;Batas Wilkerstat;15040;Batas SLS;2025-08-02 11:07:57;2025-08-02 11:08:13;Khansa Anisah;https://wilkerstat.bps.go.id/api/landmark/90361772/photo
90367981;HPTOLP;WARUNG PAK YADI;0003;;3272010006;-6.9494124;106.9232498;4.4869999885559;1;150;Batas Wilkerstat;15040;Batas SLS;2025-08-02 11:13:53;2025-08-02 11:13:55;Khansa Anisah;https://wilkerstat.bps.go.id/api/landmark/90367981/photo
90374160;HPTXPG;RUKO WAWAN JUANDA;0003;;3272010006;-6.9492377441031;106.9242624566;3.345999956131;1;150;Batas Wilkerstat;15040;Batas SLS;2025-08-02 11:19:47;2025-08-02 11:19:49;Khansa Anisah;https://wilkerstat.bps.go.id/api/landmark/90374160/photo
90395550;HPVDFY;RUMAH NOMOR 98;0007;;3272010006;-6.9489455;106.9231295;4.5929999351501;1;150;Batas Wilkerstat;15040;Batas SLS;2025-08-02 11:40:05;2025-08-02 11:40:07;Khansa Anisah;https://wilkerstat.bps.go.id/api/landmark/90395550/photo
90657767;HQKBDF;RUMAH TEH FITRI;0007;;3272010006;-6.9463902;106.9233441;4.7420001029968;1;150;Batas Wilkerstat;15040;Batas SLS;2025-08-02 16:40:13;2025-08-02 16:40:15;Khansa Anisah;https://wilkerstat.bps.go.id/api/landmark/90657767/photo
91110415;HRJUST;RUMAH BAPAK RAMADHAN;0008;RT001 RW002;3272010007;-6.9661542;106.9292308;3;1;150;Batas Wilkerstat;15040;Batas SLS;2025-08-03 14:28:06;2025-08-03 14:28:10;Azzerin Amaralillah;https://wilkerstat.bps.go.id/api/landmark/91110415/photo
91113329;HRJZAV;PERTENAKAN;0008;RT001 RW002;3272010007;-6.9660546;106.9288387;3.0280001163483;1;150;Batas Wilkerstat;15040;Batas SLS;2025-08-03 14:31:45;2025-08-03 14:31:46;Azzerin Amaralillah;https://wilkerstat.bps.go.id/api/landmark/91113329/photo
91117230;HRKEUW;RUMAH BAPAK DADUN;0008;RT001 RW002;3272010007;-6.9657923;106.9289171;3.3129999637604;1;150;Batas Wilkerstat;15040;Batas SLS;2025-08-03 14:36:15;2025-08-03 14:36:18;Azzerin Amaralillah;https://wilkerstat.bps.go.id/api/landmark/91117230/photo
91122356;HRKMKA;RUMAH BAPAK DIMAN;0008;RT001 RW002;3272010007;-6.9666551;106.9296415;3;1;150;Batas Wilkerstat;15040;Batas SLS;2025-08-03 14:42:10;2025-08-03 14:42:11;Azzerin Amaralillah;https://wilkerstat.bps.go.id/api/landmark/91122356/photo
91124785;HRKPZL;PERKEBUNAN;0008;RT001 RW002;3272010007;-6.9666869;106.9298093;3;1;150;Batas Wilkerstat;15040;Batas SLS;2025-08-03 14:45:06;2025-08-03 14:45:07;Azzerin Amaralillah;https://wilkerstat.bps.go.id/api/landmark/91124785/photo
91131595;HRLABJ;TANJAKAN;0008;RT001 RW002;3272010007;-6.9649647;106.9307155;3;1;150;Batas Wilkerstat;15040;Batas SLS;2025-08-03 14:53:07;2025-08-03 14:53:08;Azzerin Amaralillah;https://wilkerstat.bps.go.id/api/landmark/91131595/photo
91115916;HRKCWI;RUMAH BAPAK HAJI AJUM;0009;RT 002 RW 002;3272010007;-6.9660513;106.928848;1.7029999494553;1;150;Batas Wilkerstat;15040;Batas SLS;2025-08-03 14:34:39;2025-08-03 14:34:40;Azzerin Amaralillah;https://wilkerstat.bps.go.id/api/landmark/91115916/photo
91137836;HRLJHK;RUMAH IBU HAJI YUYU;0009;RT 002 RW 002;3272010007;-6.9661634;106.9294526;2.5999999046326;1;150;Batas Wilkerstat;15040;Batas SLS;2025-08-03 15:00:52;2025-08-03 15:00:56;Azzerin Amaralillah;https://wilkerstat.bps.go.id/api/landmark/91137836/photo
91157703;HRMMRN;RUMAH IBU MAMAS;0009;RT 002 RW 002;3272010007;-6.967005;106.9292267;2.0999999046326;1;150;Batas Wilkerstat;15040;Batas SLS;2025-08-03 15:22:22;2025-08-03 15:22:25;Azzerin Amaralillah;https://wilkerstat.bps.go.id/api/landmark/91157703/photo
91161924;HRMSXW;KEBUN SAMPING SUNGAI CIMANDIRI;0009;RT 002 RW 002;3272010007;-6.9675106;106.9290199;3;1;150;Batas Wilkerstat;15040;Batas SLS;2025-08-03 15:26:59;2025-08-03 15:27:00;Azzerin Amaralillah;https://wilkerstat.bps.go.id/api/landmark/91161924/photo
91169467;HRNEBZ;BAPAK SOLIHIN;0009;RT 002 RW 002;3272010007;-6.9666914;106.9289774;3.0039999485016;1;150;Batas Wilkerstat;15040;Batas SLS;2025-08-03 15:35:02;2025-08-03 15:35:03;Azzerin Amaralillah;https://wilkerstat.bps.go.id/api/landmark/91169467/photo
91171392;HRNGYA;RUMAH BAPAK ANDRI;0009;RT 002 RW 002;3272010007;-6.9663925;106.9289849;3.039999961853;1;150;Batas Wilkerstat;15040;Batas SLS;2025-08-03 15:37:05;2025-08-03 15:37:07;Azzerin Amaralillah;https://wilkerstat.bps.go.id/api/landmark/91171392/photo
91178202;HRNQZY;RUMAH IBU MUMUN;0009;RT 002 RW 002;3272010007;-6.9663944;106.9294691;3;1;150;Batas Wilkerstat;15040;Batas SLS;2025-08-03 15:44:43;2025-08-03 15:44:44;Azzerin Amaralillah;https://wilkerstat.bps.go.id/api/landmark/91178202/photo
91114767;HRKBED;RUMAH H DIDIN;0010;RT003 RW002;3272010007;-6.9660674;106.9288434;1.5650000572205;1;150;Batas Wilkerstat;15040;Batas SLS;2025-08-03 14:33:23;2025-08-03 14:33:24;Azzerin Amaralillah;https://wilkerstat.bps.go.id/api/landmark/91114767/photo
91118191;HRKGFV;RUMAH ALM BAPAK TONI;0010;RT003 RW002;3272010007;-6.9657767;106.9288816;5.0710000991821;1;150;Batas Wilkerstat;15040;Batas SLS;2025-08-03 14:37:22;2025-08-03 14:37:23;Azzerin Amaralillah;https://wilkerstat.bps.go.id/api/landmark/91118191/photo
90636818;HQIWDM;JEMBATAN CIMANDIRI;0011;RT 004 RW 002;3272010007;-6.9679582;106.9274764;2.4000000953674;1;150;Batas Wilkerstat;15040;Batas SLS;2025-08-02 16:21:47;2025-08-02 16:21:50;Azzerin Amaralillah;https://wilkerstat.bps.go.id/api/landmark/90636818/photo
90658465;HQKCEB;RUMAH BAPAK FEBY;0011;RT 004 RW 002;3272010007;-6.966497;106.9278932;2.4000000953674;1;150;Batas Wilkerstat;15040;Batas SLS;2025-08-02 16:40:49;2025-08-02 16:40:51;Azzerin Amaralillah;https://wilkerstat.bps.go.id/api/landmark/90658465/photo
90660888;HQKFTG;RUMAH BAPAK DIDIN;0011;RT 004 RW 002;3272010007;-6.9665862;106.928223;3;1;150;Batas Wilkerstat;15040;Batas SLS;2025-08-02 16:42:51;2025-08-02 16:42:54;Azzerin Amaralillah;https://wilkerstat.bps.go.id/api/landmark/90660888/photo
90666361;HQKNVT;KEBUN;0011;RT 004 RW 002;3272010007;-6.9667739;106.9285094;3;1;150;Batas Wilkerstat;15040;Batas SLS;2025-08-02 16:47:34;2025-08-02 16:47:37;Azzerin Amaralillah;https://wilkerstat.bps.go.id/api/landmark/90666361/photo
90669297;HQKSER;RUMAH BAPAK MUHIDIN;0011;RT 004 RW 002;3272010007;-6.9664276;106.9286539;3;1;150;Batas Wilkerstat;15040;Batas SLS;2025-08-02 16:50:05;2025-08-02 16:50:07;Azzerin Amaralillah;https://wilkerstat.bps.go.id/api/landmark/90669297/photo
90670227;HQKTOL;RUMAH BAPAK FAISAL;0011;RT 004 RW 002;3272010007;-6.9663776;106.9285648;3;1;150;Batas Wilkerstat;15040;Batas SLS;2025-08-02 16:50:50;2025-08-02 16:50:52;Azzerin Amaralillah;https://wilkerstat.bps.go.id/api/landmark/90670227/photo
90677735;HQLERF;GANG MESJID;0011;RT 004 RW 002;3272010007;-6.9657033;106.9282283;2.085000038147;1;150;Batas Wilkerstat;15040;Batas SLS;2025-08-02 16:57:40;2025-08-02 16:57:43;Azzerin Amaralillah;https://wilkerstat.bps.go.id/api/landmark/90677735/photo
90679214;HQLGWC;WARUNG;0011;RT 004 RW 002;3272010007;-6.965732;106.9280423;3;1;150;Batas Wilkerstat;15040;Batas SLS;2025-08-02 16:59:03;2025-08-02 16:59:05;Azzerin Amaralillah;https://wilkerstat.bps.go.id/api/landmark/90679214/photo
90683243;HQLMVB;RUMAH IBA IRA;0011;RT 004 RW 002;3272010007;-6.9664024;106.928127;3;1;150;Batas Wilkerstat;15040;Batas SLS;2025-08-02 17:02:34;2025-08-02 17:02:37;Azzerin Amaralillah;https://wilkerstat.bps.go.id/api/landmark/90683243/photo
90596610;HQGORA;KEBUN IBU NANI;0015;RT003 RW003;3272010007;-6.9617693214094;106.92537959665;2.7000000476837;1;150;Batas Wilkerstat;15040;Batas SLS;2025-08-02 15:43:48;2025-08-02 15:43:51;Azzerin Amaralillah;https://wilkerstat.bps.go.id/api/landmark/90596610/photo
90598621;HQGRQJ;RUMAH BAPAK SAMBAS;0015;RT003 RW003;3272010007;-6.9618984494287;106.92566726357;3;1;150;Batas Wilkerstat;15040;Batas SLS;2025-08-02 15:45:52;2025-08-02 15:45:55;Azzerin Amaralillah;https://wilkerstat.bps.go.id/api/landmark/90598621/photo
90600698;HQGUSG;RUMAH BAPAK RUSLAN;0015;RT003 RW003;3272010007;-6.9617723166474;106.92594990134;3.0020000934601;1;150;Batas Wilkerstat;15040;Batas SLS;2025-08-02 15:48:02;2025-08-02 15:48:04;Azzerin Amaralillah;https://wilkerstat.bps.go.id/api/landmark/90600698/photo
90756316;HQPQXO;RUMAH IBU YANTI;0015;RT003 RW003;3272010007;-6.9613420005974;106.92551035434;1.5119999647141;1;150;Batas Wilkerstat;15040;Batas SLS;2025-08-02 14:51:56;2025-08-02 22:09:31;Azzerin Amaralillah;https://wilkerstat.bps.go.id/api/landmark/90756316/photo
90756317;HQPQXP;SAWAH;0015;RT003 RW003;3272010007;-6.9619363890977;106.92666973919;3;1;150;Batas Wilkerstat;15040;Batas SLS;2025-08-02 15:05:06;2025-08-02 22:09:32;Azzerin Amaralillah;https://wilkerstat.bps.go.id/api/landmark/90756317/photo
90756318;HQPQXQ;SAWAH;0015;RT003 RW003;3272010007;-6.9619363890977;106.92666973919;3;1;150;Batas Wilkerstat;15040;Batas SLS;2025-08-02 15:05:06;2025-08-02 22:09:32;Azzerin Amaralillah;https://wilkerstat.bps.go.id/api/landmark/90756318/photo
90756320;HQPQXS;SAWAH;0015;RT003 RW003;3272010007;-6.9604930154932;106.92718103528;3;1;150;Batas Wilkerstat;15040;Batas SLS;2025-08-02 15:11:40;2025-08-02 22:09:33;Azzerin Amaralillah;https://wilkerstat.bps.go.id/api/landmark/90756320/photo
90756321;HQPQXT;SAWAH;0015;RT003 RW003;3272010007;-6.9604930154932;106.92718103528;3;1;150;Batas Wilkerstat;15040;Batas SLS;2025-08-02 15:11:40;2025-08-02 22:09:33;Azzerin Amaralillah;https://wilkerstat.bps.go.id/api/landmark/90756321/photo
90756323;HQPQXV;KUBURAN;0015;RT003 RW003;3272010007;-6.9605572468778;106.92668616772;3;1;150;Batas Wilkerstat;15040;Batas SLS;2025-08-02 15:14:25;2025-08-02 22:09:35;Azzerin Amaralillah;https://wilkerstat.bps.go.id/api/landmark/90756323/photo
90756324;HQPQXW;KUBURAN;0015;RT003 RW003;3272010007;-6.9605572468778;106.92668616772;3;1;150;Batas Wilkerstat;15040;Batas SLS;2025-08-02 15:14:25;2025-08-02 22:09:35;Azzerin Amaralillah;https://wilkerstat.bps.go.id/api/landmark/90756324/photo
90756325;HQPQXX;SAWAH;0015;RT003 RW003;3272010007;-6.9603352658377;106.92603740841;3.0380001068115;1;150;Batas Wilkerstat;15040;Batas SLS;2025-08-02 15:20:36;2025-08-02 22:09:36;Azzerin Amaralillah;https://wilkerstat.bps.go.id/api/landmark/90756325/photo
90756326;HQPQXY;SAWAH;0015;RT003 RW003;3272010007;-6.9603352658377;106.92603740841;3.0380001068115;1;150;Batas Wilkerstat;15040;Batas SLS;2025-08-02 15:20:36;2025-08-02 22:09:36;Azzerin Amaralillah;https://wilkerstat.bps.go.id/api/landmark/90756326/photo
90756329;HQPQYB;RUMAH IBU NURMAH;0015;RT003 RW003;3272010007;-6.96094396622;106.9258479774;6.3439998626709;1;150;Batas Wilkerstat;15040;Batas SLS;2025-08-02 15:23:47;2025-08-02 22:09:38;Azzerin Amaralillah;https://wilkerstat.bps.go.id/api/landmark/90756329/photo
90756330;HQPQYC;RUMAH IBU NURMAH;0015;RT003 RW003;3272010007;-6.96094396622;106.9258479774;6.3439998626709;1;150;Batas Wilkerstat;15040;Batas SLS;2025-08-02 15:23:47;2025-08-02 22:09:38;Azzerin Amaralillah;https://wilkerstat.bps.go.id/api/landmark/90756330/photo
89971180;HOWZMA;BATAS SLS1;0016;RT004 RW003;3272010007;-6.9614258673295;106.92491523921;2.2999999523163;1;150;Batas Wilkerstat;15040;Batas SLS;2025-08-01 11:34:40;2025-08-01 11:34:37;Azzerin Amaralillah;https://wilkerstat.bps.go.id/api/landmark/89971180/photo
89974444;HOXEHO;BATAS SLS 4;0016;RT004 RW003;3272010007;-6.9602417475571;106.92524649203;3.0020000934601;1;150;Batas Wilkerstat;15040;Batas SLS;2025-08-01 11:42:49;2025-08-01 11:42:46;Azzerin Amaralillah;https://wilkerstat.bps.go.id/api/landmark/89974444/photo
89975988;HOXGOY;BATAS SLS 6;0016;RT004 RW003;3272010007;-6.9609502895113;106.92591570318;1.4500000476837;1;150;Batas Wilkerstat;15040;Batas SLS;2025-08-01 11:47:09;2025-08-01 11:47:06;Azzerin Amaralillah;https://wilkerstat.bps.go.id/api/landmark/89975988/photo
89976344;HOXHCQ;BATSS SLS 5;0016;RT004 RW003;3272010007;-6.9611126982256;106.92576147616;2.0999999046326;1;150;Batas Wilkerstat;15040;Batas SLS;2025-08-01 11:48:14;2025-08-01 11:48:11;Azzerin Amaralillah;https://wilkerstat.bps.go.id/api/landmark/89976344/photo
90109787;HPEWNB;BATAS SLS 7;0016;RT004 RW003;3272010007;-6.9603352658377;106.92603673786;1.7999999523163;1;150;Batas Wilkerstat;15040;Batas SLS;2025-08-01 16:17:20;2025-08-01 16:17:22;Azzerin Amaralillah;https://wilkerstat.bps.go.id/api/landmark/90109787/photo
90114464;HPFDKY;RUMAH BAPAK IRMAN;0016;RT004 RW003;3272010007;-6.9614304;106.9251229;3;1;150;Batas Wilkerstat;15040;Batas SLS;2025-08-01 16:24:14;2025-08-01 16:24:16;Azzerin Amaralillah;https://wilkerstat.bps.go.id/api/landmark/90114464/photo
91945812;HTFINK;BATAS RT 07 RW 01 ( SELOKAN );0007;RT 007 RW 001;3272010007;-6.9695572;106.9219917;1.6369999647141;1;150;Batas Wilkerstat;15040;Batas SLS;2025-08-05 08:39:11;2025-08-05 08:39:15;JUMAR;https://wilkerstat.bps.go.id/api/landmark/91945812/photo
91949313;HTFNSB;BATAS RT 07 RW 01 ( SUNGAI );0007;RT 007 RW 001;3272010007;-6.969278;106.9205842;4.0050001144409;1;150;Batas Wilkerstat;15040;Batas SLS;2025-08-05 08:44:45;2025-08-05 08:44:48;JUMAR;https://wilkerstat.bps.go.id/api/landmark/91949313/photo
91979794;HTHGUK;BATAS RT 007 RW 001 ( JEMBATAN GANTUNG );0007;RT 007 RW 001;3272010007;-6.9696059;106.9231059;1.7999999523163;1;150;Batas Wilkerstat;15040;Batas SLS;2025-08-05 09:23:45;2025-08-05 09:23:49;JUMAR;https://wilkerstat.bps.go.id/api/landmark/91979794/photo
91367000;HRYKHK;BATAS NON SLS  ( JEMBATAN );1003;SAWAH;3272010007;-6.9569701;106.9245248;2.0999999046326;1;150;Batas Wilkerstat;15040;Batas SLS;2025-08-04 08:39:31;2025-08-04 08:39:34;JUMAR;https://wilkerstat.bps.go.id/api/landmark/91367000/photo
91372986;HRYTDQ;BATAS NON SLS  ( PERTEMUAN SELOKAN );1003;SAWAH;3272010007;-6.9592043922828;106.92283015698;1.4620000123978;1;150;Batas Wilkerstat;15040;Batas SLS;2025-08-04 08:47:13;2025-08-04 08:50:04;JUMAR;https://wilkerstat.bps.go.id/api/landmark/91372986/photo
91374041;HRYUSF;BATAS NON SLS ( POHON KELAPA );1003;SAWAH;3272010007;-6.9589833;106.9225967;5.4809999465942;1;150;Batas Wilkerstat;15040;Batas SLS;2025-08-04 08:51:55;2025-08-04 08:51:59;JUMAR;https://wilkerstat.bps.go.id/api/landmark/91374041/photo
91380868;HRZEUU;BATAS NON SLS ( GERBANG SMP AISYIAH );1003;SAWAH;3272010007;-6.95688;106.9234667;1.5369999408722;1;150;Batas Wilkerstat;15040;Batas SLS;2025-08-04 09:00:37;2025-08-04 09:02:22;JUMAR;https://wilkerstat.bps.go.id/api/landmark/91380868/photo
90227140;HPLOCQ;JEMBATAN HITAM;0017;RT 001 RW 004;3272010008;-6.9575626572263;106.93364750594;3.9000000953674;1;150;Batas Wilkerstat;15040;Batas SLS;2025-08-02 08:50:24;2025-08-02 08:50:28;Dede ridwan;https://wilkerstat.bps.go.id/api/landmark/90227140/photo
90233170;HPLXAO;TPSS KP.TUGU;0017;RT 001 RW 004;3272010008;-6.9580808377537;106.93370953202;2.0160000324249;1;150;Batas Wilkerstat;15040;Batas SLS;2025-08-02 08:58:57;2025-08-02 08:58:59;Dede ridwan;https://wilkerstat.bps.go.id/api/landmark/90233170/photo
90312983;HPQLCH;RUMAH PAK MAMIT;0017;RT 001 RW 004;3272010008;-6.9576967;106.933205;1.0599999427795;1;150;Batas Wilkerstat;15040;Batas SLS;2025-08-02 10:24:16;2025-08-02 10:24:19;Dede ridwan;https://wilkerstat.bps.go.id/api/landmark/90312983/photo
90316445;HPQQFL;SAWAH;0017;RT 001 RW 004;3272010008;-6.9576937;106.9329469;1.2159999608994;1;150;Batas Wilkerstat;15040;Batas SLS;2025-08-02 10:27:30;2025-08-02 10:27:33;Dede ridwan;https://wilkerstat.bps.go.id/api/landmark/90316445/photo
90321480;HPQXRC;KANDANG AYAM MANG ASEP;0017;RT 001 RW 004;3272010008;-6.9582352;106.932633;1.3830000162125;1;150;Batas Wilkerstat;15040;Batas SLS;2025-08-02 10:31:52;2025-08-02 10:31:54;Dede ridwan;https://wilkerstat.bps.go.id/api/landmark/90321480/photo
90329023;HPRIVF;RUMAH BU ADE;0017;RT 001 RW 004;3272010008;-6.9583454191126;106.93321868777;2;1;150;Batas Wilkerstat;15040;Batas SLS;2025-08-02 10:38:26;2025-08-02 10:38:29;Dede ridwan;https://wilkerstat.bps.go.id/api/landmark/90329023/photo
91369078;HRYNJI;PANGKAS RAMBUT;0017;RT 001 RW 004;3272010008;-6.9574641;106.933546;3.5369999408722;1;150;Batas Wilkerstat;15040;Batas SLS;2025-08-04 08:43:15;2025-08-04 08:43:17;Dede ridwan;https://wilkerstat.bps.go.id/api/landmark/91369078/photo
91369377;HRYNUV;TOKO BADERFISH;0017;RT 001 RW 004;3272010008;-6.9574983;106.9335183;1.2330000400543;1;150;Batas Wilkerstat;15040;Batas SLS;2025-08-04 08:43:45;2025-08-04 08:43:48;Dede ridwan;https://wilkerstat.bps.go.id/api/landmark/91369377/photo
91370421;HRYPIZ;SUNGAI CISUDA;0017;RT 001 RW 004;3272010008;-6.9581277;106.9337697;1.9830000400543;1;150;Batas Wilkerstat;15040;Batas SLS;2025-08-04 08:45:38;2025-08-04 08:45:40;Dede ridwan;https://wilkerstat.bps.go.id/api/landmark/91370421/photo
90235156;HPLZYY;WARUNG BASO MIEU KOCOK MAMG ADE TEA;0018;RT 002 RW 004;3272010008;-6.9583657203177;106.93372730166;1.9659999608994;1;150;Batas Wilkerstat;15040;Batas SLS;2025-08-02 09:01:57;2025-08-02 09:02:00;Dede ridwan;https://wilkerstat.bps.go.id/api/landmark/90235156/photo
90327899;HPRHDZ;RUMAH BOYAW;0018;RT 002 RW 004;3272010008;-6.9583843;106.9331405;1.4830000400543;1;150;Batas Wilkerstat;15040;Batas SLS;2025-08-02 10:37:24;2025-08-02 10:37:26;Dede ridwan;https://wilkerstat.bps.go.id/api/landmark/90327899/photo
90331292;HPRMEM;KANDANG AYAM MANG ASEP;0018;RT 002 RW 004;3272010008;-6.9585091599544;106.93280663341;1.25;1;150;Batas Wilkerstat;15040;Batas SLS;2025-08-02 10:35:08;2025-08-02 10:40:27;Dede ridwan;https://wilkerstat.bps.go.id/api/landmark/90331292/photo
90346265;HPSIIJ;RUMAH BU UCU;0018;RT 002 RW 004;3272010008;-6.9586489386766;106.93267352879;1.3159999847412;1;150;Batas Wilkerstat;15040;Batas SLS;2025-08-02 10:54:21;2025-08-02 10:54:24;Dede ridwan;https://wilkerstat.bps.go.id/api/landmark/90346265/photo
90350186;HPSODE;RUMAH EGI;0018;RT 002 RW 004;3272010008;-6.9587564;106.932833;1.7999999523163;1;150;Batas Wilkerstat;15040;Batas SLS;2025-08-02 10:57:51;2025-08-02 10:57:53;Dede ridwan;https://wilkerstat.bps.go.id/api/landmark/90350186/photo
90359871;HPTCLR;RUMAH WA KINAH;0018;RT 002 RW 004;3272010008;-6.9590067;106.93316;1.1000000238419;1;150;Batas Wilkerstat;15040;Batas SLS;2025-08-02 11:06:24;2025-08-02 11:06:26;Dede ridwan;https://wilkerstat.bps.go.id/api/landmark/90359871/photo
90363150;HPTHHU;RUMAH BU NANA;0018;RT 002 RW 004;3272010008;-6.9589184;106.9335513;1.7660000324249;1;150;Batas Wilkerstat;15040;Batas SLS;2025-08-02 11:09:29;2025-08-02 11:09:31;Dede ridwan;https://wilkerstat.bps.go.id/api/landmark/90363150/photo
91370903;HRYQBN;SUNGAI CISUDA;0018;RT 002 RW 004;3272010008;-6.9581667;106.9337517;1.3660000562668;1;150;Batas Wilkerstat;15040;Batas SLS;2025-08-04 08:46:23;2025-08-04 08:46:25;Dede ridwan;https://wilkerstat.bps.go.id/api/landmark/91370903/photo
90351951;HPSQTB;KOLAM IKAN RANDI IREX;0019;RT 003 RW 004;3272010008;-6.9589599;106.9328873;1.5829999446869;1;150;Batas Wilkerstat;15040;Batas SLS;2025-08-02 10:59:26;2025-08-02 10:59:27;Dede ridwan;https://wilkerstat.bps.go.id/api/landmark/90351951/photo
90366420;HPTMDO;PESANTREN AL FATAH;0019;RT 003 RW 004;3272010008;-6.9592109;106.9335645;1.7999999523163;1;150;Batas Wilkerstat;15040;Batas SLS;2025-08-02 11:12:23;2025-08-02 11:12:25;Dede ridwan;https://wilkerstat.bps.go.id/api/landmark/90366420/photo
90367380;HPTNOM;RUMAH PAK DUDIH;0019;RT 003 RW 004;3272010008;-6.9593143;106.9335828;1.6160000562668;1;150;Batas Wilkerstat;15040;Batas SLS;2025-08-02 11:13:18;2025-08-02 11:13:20;Dede ridwan;https://wilkerstat.bps.go.id/api/landmark/90367380/photo
90369068;HPTQBK;MESJID BAITUL ROHMAN;0019;RT 003 RW 004;3272010008;-6.9596687;106.9333056;1.3159999847412;1;150;Batas Wilkerstat;15040;Batas SLS;2025-08-02 11:15:15;2025-08-02 11:15:17;Dede ridwan;https://wilkerstat.bps.go.id/api/landmark/90369068/photo
90373680;HPTWWU;BELAKANG RUMAH OGI;0019;RT 003 RW 004;3272010008;-6.960204;106.933414;1.3200000524521;1;150;Batas Wilkerstat;15040;Batas SLS;2025-08-02 11:19:22;2025-08-02 11:19:24;Dede ridwan;https://wilkerstat.bps.go.id/api/landmark/90373680/photo
90383196;HPUKYU;KOLAM IKAN IREX;0019;RT 003 RW 004;3272010008;-6.9590317;106.933125;1.3999999761581;1;150;Batas Wilkerstat;15040;Batas SLS;2025-08-02 11:28:22;2025-08-02 11:28:24;Dede ridwan;https://wilkerstat.bps.go.id/api/landmark/90383196/photo
89987505;HOXXPX;KOLAM IKAN PAK ENGKOS;0022;RT 001 RW 005;3272010008;-6.9628538;106.9337731;1.5;1;150;Batas Wilkerstat;15040;Batas SLS;2025-08-01 12:34:43;2025-08-01 12:34:46;Dede ridwan;https://wilkerstat.bps.go.id/api/landmark/89987505/photo
89988782;HOXZNA;KOLAM IKAN PA UDIN;0022;RT 001 RW 005;3272010008;-6.9615496705734;106.93437773734;3.039999961853;1;150;Batas Wilkerstat;15040;Batas SLS;2025-08-01 12:40:37;2025-08-01 12:40:41;Dede ridwan;https://wilkerstat.bps.go.id/api/landmark/89988782/photo
90238090;HPMEHU;BENGKEL KEMBAR JAYA MOTOR;0022;RT 001 RW 005;3272010008;-6.9614917;106.93479;1.0499999523163;1;150;Batas Wilkerstat;15040;Batas SLS;2025-08-02 09:05:54;2025-08-02 09:05:56;Dede ridwan;https://wilkerstat.bps.go.id/api/landmark/90238090/photo
90240731;HPMIFJ;RUMAH ICHA;0022;RT 001 RW 005;3272010008;-6.9619549;106.9350843;2.0199999809265;1;150;Batas Wilkerstat;15040;Batas SLS;2025-08-02 09:09:08;2025-08-02 09:09:10;Dede ridwan;https://wilkerstat.bps.go.id/api/landmark/90240731/photo
90242745;HPMLEV;TAMBAL BAN MAMAN;0022;RT 001 RW 005;3272010008;-6.9622046;106.9348816;1.4830000400543;1;150;Batas Wilkerstat;15040;Batas SLS;2025-08-02 09:11:29;2025-08-02 09:11:31;Dede ridwan;https://wilkerstat.bps.go.id/api/landmark/90242745/photo
90244268;HPMNLK;RUMAH OCAY;0022;RT 001 RW 005;3272010008;-6.9624154;106.9349445;1.6599999666214;1;150;Batas Wilkerstat;15040;Batas SLS;2025-08-02 09:13:29;2025-08-02 09:13:32;Dede ridwan;https://wilkerstat.bps.go.id/api/landmark/90244268/photo
90279491;HPONOD;KONTRAKAN BU ELIS;0022;RT 001 RW 005;3272010008;-6.9629714;106.9345406;1.8600000143051;1;150;Batas Wilkerstat;15040;Batas SLS;2025-08-02 09:52:02;2025-08-02 09:52:07;Dede ridwan;https://wilkerstat.bps.go.id/api/landmark/90279491/photo
90303650;HPPXHI;TOKO SRC MAMAT;0022;RT 001 RW 005;3272010008;-6.96301;106.934165;1.4329999685287;1;150;Batas Wilkerstat;15040;Batas SLS;2025-08-02 10:15:31;2025-08-02 10:15:33;Dede ridwan;https://wilkerstat.bps.go.id/api/landmark/90303650/photo
90245633;HPMPLX;TOKO GIPSUM LIS PROVIL;0023;RT 002 RW 005;3272010008;-6.9624033;106.9349833;1.3400000333786;1;150;Batas Wilkerstat;15040;Batas SLS;2025-08-02 09:15:30;2025-08-02 09:15:32;Dede ridwan;https://wilkerstat.bps.go.id/api/landmark/90245633/photo
90252953;HPNAHL;TOKO TIARA;0023;RT 002 RW 005;3272010008;-6.9624883;106.9349993;1.9160000085831;1;150;Batas Wilkerstat;15040;Batas SLS;2025-08-02 09:23:45;2025-08-02 09:23:47;Dede ridwan;https://wilkerstat.bps.go.id/api/landmark/90252953/photo
90257028;HPNGIE;KEBUN HAJI UDIN;0023;RT 002 RW 005;3272010008;-6.9625266;106.9363016;1.25;1;150;Batas Wilkerstat;15040;Batas SLS;2025-08-02 09:28:24;2025-08-02 09:28:27;Dede ridwan;https://wilkerstat.bps.go.id/api/landmark/90257028/photo
90263076;HPNPGU;KEBUN H UDIN;0023;RT 002 RW 005;3272010008;-6.961895;106.9360162;1.4329999685287;1;150;Batas Wilkerstat;15040;Batas SLS;2025-08-02 09:34:59;2025-08-02 09:35:01;Dede ridwan;https://wilkerstat.bps.go.id/api/landmark/90263076/photo
90267327;HPNVOH;RUMAH CECE;0023;RT 002 RW 005;3272010008;-6.9633969;106.9355648;2.7330000400543;1;150;Batas Wilkerstat;15040;Batas SLS;2025-08-02 09:39:21;2025-08-02 09:39:24;Dede ridwan;https://wilkerstat.bps.go.id/api/landmark/90267327/photo
90268451;HPNXFN;JEMBATAN BAROS;0023;RT 002 RW 005;3272010008;-6.9633967;106.9355633;0.93300002813339;1;150;Batas Wilkerstat;15040;Batas SLS;2025-08-02 09:40:29;2025-08-02 09:40:32;Dede ridwan;https://wilkerstat.bps.go.id/api/landmark/90268451/photo
90273179;HPOEFJ;SUNGAI CISUDA;0023;RT 002 RW 005;3272010008;-6.9640567;106.9357116;1.5499999523163;1;150;Batas Wilkerstat;15040;Batas SLS;2025-08-02 09:45:22;2025-08-02 09:45:24;Dede ridwan;https://wilkerstat.bps.go.id/api/landmark/90273179/photo
90285399;HPOWHJ;SUNGAI CISUDA;0023;RT 002 RW 005;3272010008;-6.9645868;106.9343394;1.5499999523163;1;150;Batas Wilkerstat;15040;Batas SLS;2025-08-02 09:57:47;2025-08-02 09:57:51;Dede ridwan;https://wilkerstat.bps.go.id/api/landmark/90285399/photo
89959860;HOWISQ;SUNGAI CIMANDIRI;0024;RT 003 RW 005;3272010008;-6.9650576;106.9320861;3.2999999523163;1;150;Batas Wilkerstat;15040;Batas SLS;2025-08-01 11:12:21;2025-08-01 11:12:25;Dede ridwan;https://wilkerstat.bps.go.id/api/landmark/89959860/photo
89989909;HOYBEJ;KOLAM IKAN PAK ENGKOS;0024;RT 003 RW 005;3272010008;-6.9629626;106.9337128;1.6330000162125;1;150;Batas Wilkerstat;15040;Batas SLS;2025-08-01 12:45:36;2025-08-01 12:45:38;Dede ridwan;https://wilkerstat.bps.go.id/api/landmark/89989909/photo
90277647;HPOKVF;RUMAH UBE;0024;RT 003 RW 005;3272010008;-6.9631133;106.9345617;1.25;1;150;Batas Wilkerstat;15040;Batas SLS;2025-08-02 09:50:05;2025-08-02 09:50:07;Dede ridwan;https://wilkerstat.bps.go.id/api/landmark/90277647/photo
90284147;HPOULF;JEMBATAN CISUDA;0024;RT 003 RW 005;3272010008;-6.9645155;106.9342101;1.8500000238419;1;150;Batas Wilkerstat;15040;Batas SLS;2025-08-02 09:56:35;2025-08-02 09:56:37;Dede ridwan;https://wilkerstat.bps.go.id/api/landmark/90284147/photo
89955579;HOWCJZ;SUNGAI CIMANDIRI;0025;RT 004 RW 005;3272010008;-6.9651317;106.931025;1.4329999685287;1;150;Batas Wilkerstat;15040;Batas SLS;2025-08-01 11:05:28;2025-08-01 11:05:30;Dede ridwan;https://wilkerstat.bps.go.id/api/landmark/89955579/photo
89957802;HOWFRM;SUNGAI CIMANDIRI;0025;RT 004 RW 005;3272010008;-6.9650514251384;106.93193089217;2.1199998855591;1;150;Batas Wilkerstat;15040;Batas SLS;2025-08-01 11:08:55;2025-08-01 11:09:01;Dede ridwan;https://wilkerstat.bps.go.id/api/landmark/89957802/photo
90156224;HPHNFC;SAWAH;0025;RT 004 RW 005;3272010008;-6.9614222064804;106.93247336894;1.4160000085831;1;150;Batas Wilkerstat;15040;Batas SLS;2025-08-01 13:16:07;2025-08-01 17:29:05;Dede ridwan;https://wilkerstat.bps.go.id/api/landmark/90156224/photo
90156290;HPHNHQ;SAWAH;0025;RT 004 RW 005;3272010008;-6.96164;106.9301678;1.7000000476837;1;150;Batas Wilkerstat;15040;Batas SLS;2025-08-01 13:22:16;2025-08-01 17:29:12;Dede ridwan;https://wilkerstat.bps.go.id/api/landmark/90156290/photo
89939175;HOVEDB;RUMAH BLOK F3;0026;RT 005 RW 005;3272010008;-6.9638453495356;106.92605283111;0.94999998807907;1;150;Batas Wilkerstat;15040;Batas SLS;2025-08-01 10:40:03;2025-08-01 10:40:07;Dede ridwan;https://wilkerstat.bps.go.id/api/landmark/89939175/photo
89944982;HOVMSK;TPSS CIKEONG;0026;RT 005 RW 005;3272010008;-6.9657047147949;106.9259307906;1.6660000085831;1;150;Batas Wilkerstat;15040;Batas SLS;2025-08-01 10:48:38;2025-08-01 10:48:41;Dede ridwan;https://wilkerstat.bps.go.id/api/landmark/89944982/photo
89949985;HOVUCV;GAPURA PERUMAHAN PESONA CIKUNDUL BUKIT PROKLAMASI;0026;RT 005 RW 005;3272010008;-6.964872377687;106.93069942296;1.625;1;150;Batas Wilkerstat;15040;Batas SLS;2025-08-01 10:56:31;2025-08-01 10:56:33;Dede ridwan;https://wilkerstat.bps.go.id/api/landmark/89949985/photo
90154796;HPHLCE;SAWAH;0026;RT 005 RW 005;3272010008;-6.9627753874854;106.93074971437;1.2829999923706;1;150;Batas Wilkerstat;15040;Batas SLS;2025-08-01 13:35:13;2025-08-01 17:26:10;Dede ridwan;https://wilkerstat.bps.go.id/api/landmark/90154796/photo
91579230;HSKMGC;SAMPING RUMAH PAK RINA;0027;RT 001 RW 006;3272010008;-6.9528006;106.9320341;1.6799999475479;1;150;Batas Wilkerstat;15040;Batas SLS;2025-08-04 12:50:47;2025-08-04 12:50:49;Dede ridwan;https://wilkerstat.bps.go.id/api/landmark/91579230/photo
91581454;HSKPNQ;RUMAH PAK RINA;0027;RT 001 RW 006;3272010008;-6.9527664;106.9319953;1.3999999761581;1;150;Batas Wilkerstat;15040;Batas SLS;2025-08-04 12:54:16;2025-08-04 12:54:21;Dede ridwan;https://wilkerstat.bps.go.id/api/landmark/91581454/photo
91584434;HSKTYG;RUMAH BLOK D1;0027;RT 001 RW 006;3272010008;-6.9523368894673;106.93159393966;1.3830000162125;1;150;Batas Wilkerstat;15040;Batas SLS;2025-08-02 13:55:33;2025-08-04 12:59:03;Dede ridwan;https://wilkerstat.bps.go.id/api/landmark/91584434/photo
91584740;HSKUKA;RUMAH PENSIUNAN KEJAKSAAN;0027;RT 001 RW 006;3272010008;-6.9525076214304;106.93183667958;1.3500000238419;1;150;Batas Wilkerstat;15040;Batas SLS;2025-08-02 13:50:52;2025-08-04 12:59:33;Dede ridwan;https://wilkerstat.bps.go.id/api/landmark/91584740/photo
91595629;HSLKMV;SELOKAN BELAKANG RUMAH PAK RINA;0027;RT 001 RW 006;3272010008;-6.9527833;106.9320767;1.3999999761581;1;150;Batas Wilkerstat;15040;Batas SLS;2025-08-04 13:16:23;2025-08-04 13:16:25;Dede ridwan;https://wilkerstat.bps.go.id/api/landmark/91595629/photo
91597317;HSLMZT;SELOKAN;0027;RT 001 RW 006;3272010008;-6.9527619;106.9320667;1.6660000085831;1;150;Batas Wilkerstat;15040;Batas SLS;2025-08-04 13:18:39;2025-08-04 13:18:42;Dede ridwan;https://wilkerstat.bps.go.id/api/landmark/91597317/photo
91602332;HSLUKQ;HALAMAN DEPAN RUMAH A6;0027;RT 001 RW 006;3272010008;-6.9522033;106.932075;1.3660000562668;1;150;Batas Wilkerstat;15040;Batas SLS;2025-08-04 13:24:58;2025-08-04 13:25:00;Dede ridwan;https://wilkerstat.bps.go.id/api/landmark/91602332/photo
90432803;HPXGIT;TPSS SUDAJAYA BTN;0028;RT 002 RW 006;3272010008;-6.9517695;106.9313452;1.6200000047684;1;150;Batas Wilkerstat;15040;Batas SLS;2025-08-02 12:25:04;2025-08-02 12:25:06;Dede ridwan;https://wilkerstat.bps.go.id/api/landmark/90432803/photo
90436711;HPXMDB;POS SAT KAMLING RT 01/06;0028;RT 002 RW 006;3272010008;-6.9518805;106.9315873;1.9800000190735;1;150;Batas Wilkerstat;15040;Batas SLS;2025-08-02 12:30:32;2025-08-02 12:30:34;Dede ridwan;https://wilkerstat.bps.go.id/api/landmark/90436711/photo
90442366;HPXUMO;RUMAH BLOK C1;0028;RT 002 RW 006;3272010008;-6.9521646;106.931361;2.1329998970032;1;150;Batas Wilkerstat;15040;Batas SLS;2025-08-02 12:39:14;2025-08-02 12:39:16;Dede ridwan;https://wilkerstat.bps.go.id/api/landmark/90442366/photo
90444391;HPXXML;RUMAH BLOK C;0028;RT 002 RW 006;3272010008;-6.9529483;106.9311183;1.3500000238419;1;150;Batas Wilkerstat;15040;Batas SLS;2025-08-02 12:42:20;2025-08-02 12:42:22;Dede ridwan;https://wilkerstat.bps.go.id/api/landmark/90444391/photo
90446356;HPYAKA;TPSS BLOK B;0028;RT 002 RW 006;3272010008;-6.953049437074;106.93038124591;1.6499999761581;1;150;Batas Wilkerstat;15040;Batas SLS;2025-08-02 12:45:24;2025-08-02 12:45:26;Dede ridwan;https://wilkerstat.bps.go.id/api/landmark/90446356/photo
90447588;HPYCFK;RUMAH BLOK C9;0028;RT 002 RW 006;3272010008;-6.9527513;106.9308366;4.7049999237061;1;150;Batas Wilkerstat;15040;Batas SLS;2025-08-02 12:47:19;2025-08-02 12:47:21;Dede ridwan;https://wilkerstat.bps.go.id/api/landmark/90447588/photo
91384033;HRZJMN;RUMAH BLOK B18;0028;RT 002 RW 006;3272010008;-6.9530426;106.9306046;1.5160000324249;1;150;Batas Wilkerstat;15040;Batas SLS;2025-08-04 09:06:55;2025-08-04 09:06:57;Dede ridwan;https://wilkerstat.bps.go.id/api/landmark/91384033/photo
91512741;HSGRWV;SUNGAI CIWARINGIN;0028;RT 002 RW 006;3272010008;-6.9529933;106.93041;1.0160000324249;1;150;Batas Wilkerstat;15040;Batas SLS;2025-08-04 11:24:21;2025-08-04 11:24:23;Dede ridwan;https://wilkerstat.bps.go.id/api/landmark/91512741/photo
90532001;HQCXCB;RUMAH BLOK G7 BU ENDANG;0029;RT 003 RW 006;3272010008;-6.95367046087;106.93114366382;1.8329999446869;1;150;Batas Wilkerstat;15040;Batas SLS;2025-08-02 13:27:35;2025-08-02 14:36:21;Dede ridwan;https://wilkerstat.bps.go.id/api/landmark/90532001/photo
90532390;HQCXRA;RIMAH BLOK G12;0029;RT 003 RW 006;3272010008;-6.9533766;106.9307688;1.5;1;150;Batas Wilkerstat;15040;Batas SLS;2025-08-02 13:28:40;2025-08-02 14:36:46;Dede ridwan;https://wilkerstat.bps.go.id/api/landmark/90532390/photo
90532554;HQCXXI;GARDU LISTRIK;0029;RT 003 RW 006;3272010008;-6.9531835596461;106.9305120036;0.91600000858307;1;150;Batas Wilkerstat;15040;Batas SLS;2025-08-02 13:29:37;2025-08-02 14:36:56;Dede ridwan;https://wilkerstat.bps.go.id/api/landmark/90532554/photo
90532705;HQCYDD;MESJID JAMI AL MUHAJIRIN;0029;RT 003 RW 006;3272010008;-6.9527932;106.9309199;1.8600000143051;1;150;Batas Wilkerstat;15040;Batas SLS;2025-08-02 13:30:54;2025-08-02 14:37:06;Dede ridwan;https://wilkerstat.bps.go.id/api/landmark/90532705/photo
90532938;HQCYMC;RUMAH BLOK E8;0029;RT 003 RW 006;3272010008;-6.9530893;106.9312672;1.4329999685287;1;150;Batas Wilkerstat;15040;Batas SLS;2025-08-02 13:32:20;2025-08-02 14:37:23;Dede ridwan;https://wilkerstat.bps.go.id/api/landmark/90532938/photo
90533373;HQCZCV;TPSS BLOK F;0029;RT 003 RW 006;3272010008;-6.9532891;106.9315004;1.3500000238419;1;150;Batas Wilkerstat;15040;Batas SLS;2025-08-02 13:33:46;2025-08-02 14:37:52;Dede ridwan;https://wilkerstat.bps.go.id/api/landmark/90533373/photo
90533765;HQCZRX;RUMAH BLOK E1;0029;RT 003 RW 006;3272010008;-6.9526513;106.9316335;1.9329999685287;1;150;Batas Wilkerstat;15040;Batas SLS;2025-08-02 13:36:49;2025-08-02 14:38:24;Dede ridwan;https://wilkerstat.bps.go.id/api/landmark/90533765/photo
90534284;HQDALW;RUMAH BLOK E15;0029;RT 003 RW 006;3272010008;-6.9527555653989;106.93183131516;1.5329999923706;1;150;Batas Wilkerstat;15040;Batas SLS;2025-08-02 13:44:38;2025-08-02 14:38:53;Dede ridwan;https://wilkerstat.bps.go.id/api/landmark/90534284/photo
90534890;HQDBJE;TERAS KITA KARANG TARUNA RW06;0029;RT 003 RW 006;3272010008;-6.9528117;106.93192;1.0329999923706;1;150;Batas Wilkerstat;15040;Batas SLS;2025-08-02 13:45:48;2025-08-02 14:39:32;Dede ridwan;https://wilkerstat.bps.go.id/api/landmark/90534890/photo
91443471;HSCTKP;BELAKANG KEBUN PAK IYAN;0030;RT 001 RW 007;3272010008;-6.9540987870934;106.92968018353;0.94999998807907;1;150;Batas Wilkerstat;15040;Batas SLS;2025-08-04 10:15:00;2025-08-04 10:15:03;Dede ridwan;https://wilkerstat.bps.go.id/api/landmark/91443471/photo
91444609;HSCVCJ;CACA CAFE;0030;RT 001 RW 007;3272010008;-6.9538942;106.929446;1.1000000238419;1;150;Batas Wilkerstat;15040;Batas SLS;2025-08-04 10:16:12;2025-08-04 10:16:15;Dede ridwan;https://wilkerstat.bps.go.id/api/landmark/91444609/photo
91508774;HSGMAG;RUMAH BLOK H21;0030;RT 001 RW 007;3272010008;-6.9533883;106.9303233;1.2330000400543;1;150;Batas Wilkerstat;15040;Batas SLS;2025-08-04 11:20:28;2025-08-04 11:20:30;Dede ridwan;https://wilkerstat.bps.go.id/api/landmark/91508774/photo
91509607;HSGNGH;RUMAH BLOK K19;0030;RT 001 RW 007;3272010008;-6.9532267;106.930424;1.4199999570847;1;150;Batas Wilkerstat;15040;Batas SLS;2025-08-04 11:21:23;2025-08-04 11:21:25;Dede ridwan;https://wilkerstat.bps.go.id/api/landmark/91509607/photo
91511493;HSGQAV;SUNGAI CIWARINGIN;0030;RT 001 RW 007;3272010008;-6.953025807535;106.93031016737;1.7799999713898;1;150;Batas Wilkerstat;15040;Batas SLS;2025-08-04 11:23:10;2025-08-04 11:23:13;Dede ridwan;https://wilkerstat.bps.go.id/api/landmark/91511493/photo
91514140;HSGTYQ;TPSS BLOK B DAN K;0030;RT 001 RW 007;3272010008;-6.9531184;106.9304543;1.4160000085831;1;150;Batas Wilkerstat;15040;Batas SLS;2025-08-04 11:25:40;2025-08-04 11:25:43;Dede ridwan;https://wilkerstat.bps.go.id/api/landmark/91514140/photo
91514879;HSGVBB;RUMAH BLOK H1;0030;RT 001 RW 007;3272010008;-6.9531738;106.9305367;1.2829999923706;1;150;Batas Wilkerstat;15040;Batas SLS;2025-08-04 11:26:31;2025-08-04 11:26:33;Dede ridwan;https://wilkerstat.bps.go.id/api/landmark/91514879/photo
91516615;HSGXPV;RUMAH BLOK H10;0030;RT 001 RW 007;3272010008;-6.9537578;106.9311439;1.3999999761581;1;150;Batas Wilkerstat;15040;Batas SLS;2025-08-04 11:28:30;2025-08-04 11:28:32;Dede ridwan;https://wilkerstat.bps.go.id/api/landmark/91516615/photo
91519163;HSHBJV;SELOKANG BELAKANG KIRI GOR BULUTANGKIS BTN;0030;RT 001 RW 007;3272010008;-6.9541716724025;106.93150542676;1.3999999761581;1;150;Batas Wilkerstat;15040;Batas SLS;2025-08-04 11:31:14;2025-08-04 11:31:17;Dede ridwan;https://wilkerstat.bps.go.id/api/landmark/91519163/photo
91526884;HSHMUU;GOR BULUTANGKIS BTN;0030;RT 001 RW 007;3272010008;-6.9541439;106.9312175;2.8829998970032;1;150;Batas Wilkerstat;15040;Batas SLS;2025-08-04 11:39:51;2025-08-04 11:39:53;Dede ridwan;https://wilkerstat.bps.go.id/api/landmark/91526884/photo
91530679;HSHSKT;SELOKANG BELAKANG KANAN GOR BULUTANGKIS BTN;0030;RT 001 RW 007;3272010008;-6.9542359046519;106.9314628467;1.9750000238419;1;150;Batas Wilkerstat;15040;Batas SLS;2025-08-04 11:44:40;2025-08-04 11:44:43;Dede ridwan;https://wilkerstat.bps.go.id/api/landmark/91530679/photo
91534557;HSHYDX;TEMBOK RUMAH PAK DEDI;0030;RT 001 RW 007;3272010008;-6.9538974;106.9311094;2.8329999446869;1;150;Batas Wilkerstat;15040;Batas SLS;2025-08-04 11:49:06;2025-08-04 11:49:08;Dede ridwan;https://wilkerstat.bps.go.id/api/landmark/91534557/photo
91451875;HSDFVV;RUMAH BLOK M24;0031;RT 002 RW 007;3272010008;-6.9537652;106.9299939;1.1799999475479;1;150;Batas Wilkerstat;15040;Batas SLS;2025-08-04 10:23:43;2025-08-04 10:23:45;Dede ridwan;https://wilkerstat.bps.go.id/api/landmark/91451875/photo
91482587;HSEZHB;POS SEKTRETARIAT RT002 RW007;0031;RT 002 RW 007;3272010008;-6.9543248;106.930847;1.8660000562668;1;150;Batas Wilkerstat;15040;Batas SLS;2025-08-04 10:53:36;2025-08-04 10:53:39;Dede ridwan;https://wilkerstat.bps.go.id/api/landmark/91482587/photo
91504781;HSGGCR;WARUNG PAK ANTON;0031;RT 002 RW 007;3272010008;-6.9539803;106.9310417;1.2999999523163;1;150;Batas Wilkerstat;15040;Batas SLS;2025-08-04 11:16:27;2025-08-04 11:16:30;Dede ridwan;https://wilkerstat.bps.go.id/api/landmark/91504781/photo
91507615;HSGKHR;RUMAH BLOK L1;0031;RT 002 RW 007;3272010008;-6.9533992;106.9303458;1.2159999608994;1;150;Batas Wilkerstat;15040;Batas SLS;2025-08-04 11:19:11;2025-08-04 11:19:14;Dede ridwan;https://wilkerstat.bps.go.id/api/landmark/91507615/photo
91426885;HSBUWR;BELAKANG RUMAH PAK ASEP BLOK P11;0032;RT 003 RW 007;3272010008;-6.954955;106.9305417;1.0829999446869;1;150;Batas Wilkerstat;15040;Batas SLS;2025-08-04 09:57:56;2025-08-04 09:57:58;Dede ridwan;https://wilkerstat.bps.go.id/api/landmark/91426885/photo
91429014;HSBYAO;SELOKAN BELAKANG RUMAH BU IIS;0032;RT 003 RW 007;3272010008;-6.9548955327356;106.93031486124;0.98299998044968;1;150;Batas Wilkerstat;15040;Batas SLS;2025-08-04 10:00:09;2025-08-04 10:00:11;Dede ridwan;https://wilkerstat.bps.go.id/api/landmark/91429014/photo
91433370;HSCEMC;SAWAH;0032;RT 003 RW 007;3272010008;-6.95492;106.93092;1.1660000085831;1;150;Batas Wilkerstat;15040;Batas SLS;2025-08-04 10:04:35;2025-08-04 10:04:37;Dede ridwan;https://wilkerstat.bps.go.id/api/landmark/91433370/photo
91449001;HSDBPH;KEBUN IBU INTAN;0032;RT 003 RW 007;3272010008;-6.9541200869109;106.92969292402;1.0829999446869;1;150;Batas Wilkerstat;15040;Batas SLS;2025-08-04 10:20:42;2025-08-04 10:20:45;Dede ridwan;https://wilkerstat.bps.go.id/api/landmark/91449001/photo
91450993;HSDENX;RUMAH BLOK N1;0032;RT 003 RW 007;3272010008;-6.9537605;106.9299898;2.2330000400543;1;150;Batas Wilkerstat;15040;Batas SLS;2025-08-04 10:22:50;2025-08-04 10:22:52;Dede ridwan;https://wilkerstat.bps.go.id/api/landmark/91450993/photo
91462311;HSDVHF;KOLAM IKAN PAK JAE;0032;RT 003 RW 007;3272010008;-6.9545497;106.9300383;1.25;1;150;Batas Wilkerstat;15040;Batas SLS;2025-08-04 10:34:00;2025-08-04 10:34:02;Dede ridwan;https://wilkerstat.bps.go.id/api/landmark/91462311/photo
91486791;HSFFMT;KOLAM IKAN PAK HERMAN;0032;RT 003 RW 007;3272010008;-6.9544264;106.9307642;2;1;150;Batas Wilkerstat;15040;Batas SLS;2025-08-04 10:57:38;2025-08-04 10:57:40;Dede ridwan;https://wilkerstat.bps.go.id/api/landmark/91486791/photo
91489039;HSFIVF;SELOKAN SAMPING KOLAM PAK HERMAN;0032;RT 003 RW 007;3272010008;-6.9544558917192;106.9308405742;1.5499999523163;1;150;Batas Wilkerstat;15040;Batas SLS;2025-08-04 10:59:48;2025-08-04 10:59:51;Dede ridwan;https://wilkerstat.bps.go.id/api/landmark/91489039/photo
89937592;HOVBUE;SAWAH;1001;SAWAH;3272010008;-6.9637811186011;106.92600823939;1;1;150;Batas Wilkerstat;15040;Batas SLS;2025-08-01 10:37:38;2025-08-01 10:37:40;Dede ridwan;https://wilkerstat.bps.go.id/api/landmark/89937592/photo
90151522;HPHGGG;SAWAH;1001;SAWAH;3272010008;-6.9615589890958;106.93011268973;0.88300001621246;1;150;Batas Wilkerstat;15040;Batas SLS;2025-08-01 13:23:25;2025-08-01 17:20:07;Dede ridwan;https://wilkerstat.bps.go.id/api/landmark/90151522/photo
90339926;HPRYYO;SAWAH;1001;SAWAH;3272010008;-6.958502;106.9326799;1.2159999608994;1;150;Batas Wilkerstat;15040;Batas SLS;2025-08-02 10:48:22;2025-08-02 10:48:24;Dede ridwan;https://wilkerstat.bps.go.id/api/landmark/90339926/photo
91430899;HSCAVB;SAWAH;1001;SAWAH;3272010008;-6.9549299;106.930456;1.4329999685287;1;150;Batas Wilkerstat;15040;Batas SLS;2025-08-04 10:02:05;2025-08-04 10:02:07;Dede ridwan;https://wilkerstat.bps.go.id/api/landmark/91430899/photo
91432711;HSCDMT;SAWAH;1001;SAWAH;3272010008;-6.9549316;106.9309054;1.2999999523163;1;150;Batas Wilkerstat;15040;Batas SLS;2025-08-04 10:03:52;2025-08-04 10:03:54;Dede ridwan;https://wilkerstat.bps.go.id/api/landmark/91432711/photo
91441591;HSCQQH;SAWAH;1001;SAWAH;3272010008;-6.9540964;106.9296208;1.2660000324249;1;150;Batas Wilkerstat;15040;Batas SLS;2025-08-04 10:13:07;2025-08-04 10:13:09;Dede ridwan;https://wilkerstat.bps.go.id/api/landmark/91441591/photo
91520443;HSHDHB;SELOKAN BELAKANG GOR BULUTANGKIS BTN;1002;SAWAH;3272010008;-6.9542117;106.931505;0.93300002813339;1;150;Batas Wilkerstat;15040;Batas SLS;2025-08-04 11:32:35;2025-08-04 11:32:37;Dede ridwan;https://wilkerstat.bps.go.id/api/landmark/91520443/photo
91521933;HSHFMJ;SAWAH;1002;SAWAH;3272010008;-6.9543607;106.9318034;1.1599999666214;1;150;Batas Wilkerstat;15040;Batas SLS;2025-08-04 11:34:23;2025-08-04 11:34:25;Dede ridwan;https://wilkerstat.bps.go.id/api/landmark/91521933/photo
91522662;HSHGOK;SAWAH;1002;SAWAH;3272010008;-6.9542623;106.9319458;1.1160000562668;1;150;Batas Wilkerstat;15040;Batas SLS;2025-08-04 11:35:11;2025-08-04 11:35:13;Dede ridwan;https://wilkerstat.bps.go.id/api/landmark/91522662/photo
91524911;HSHJWX;SAWAH;1002;SAWAH;3272010008;-6.9538999;106.9312439;1.5;1;150;Batas Wilkerstat;15040;Batas SLS;2025-08-04 11:37:35;2025-08-04 11:37:37;Dede ridwan;https://wilkerstat.bps.go.id/api/landmark/91524911/photo
91525388;HSHKPG;RUMAH JOKO;1002;SAWAH;3272010008;-6.9536563;106.9312355;1.3999999761581;1;150;Batas Wilkerstat;15040;Batas SLS;2025-08-04 11:38:08;2025-08-04 11:38:09;Dede ridwan;https://wilkerstat.bps.go.id/api/landmark/91525388/photo
91587935;HSKZCX;GERBANG RUMAH PAK HENDAR;1002;SAWAH;3272010008;-6.9531754;106.9316412;1.7999999523163;1;150;Batas Wilkerstat;15040;Batas SLS;2025-08-04 13:04:26;2025-08-04 13:04:28;Dede ridwan;https://wilkerstat.bps.go.id/api/landmark/91587935/photo
91588516;HSKZZG;SAWAH;1002;SAWAH;3272010008;-6.9532517;106.9316367;1.0160000324249;1;150;Batas Wilkerstat;15040;Batas SLS;2025-08-04 13:05:19;2025-08-04 13:05:21;Dede ridwan;https://wilkerstat.bps.go.id/api/landmark/91588516/photo
91590249;HSLCNX;SELOKAN;1002;SAWAH;3272010008;-6.9534867;106.9318333;1.1000000238419;1;150;Batas Wilkerstat;15040;Batas SLS;2025-08-04 13:07:55;2025-08-04 13:07:59;Dede ridwan;https://wilkerstat.bps.go.id/api/landmark/91590249/photo
91591291;HSLEBZ;SAWAH;1002;SAWAH;3272010008;-6.9532063;106.9321553;1.3660000562668;1;150;Batas Wilkerstat;15040;Batas SLS;2025-08-04 13:09:47;2025-08-04 13:09:49;Dede ridwan;https://wilkerstat.bps.go.id/api/landmark/91591291/photo
91592605;HSLGAN;SELAOKAN SAMPING PEMANCINGAN PAK HENDAR;1002;SAWAH;3272010008;-6.9531894;106.9321649;1.4830000400543;1;150;Batas Wilkerstat;15040;Batas SLS;2025-08-04 13:11:50;2025-08-04 13:11:52;Dede ridwan;https://wilkerstat.bps.go.id/api/landmark/91592605/photo
91593481;HSLHIF;KEBUN HIDROPONIK;1002;SAWAH;3272010008;-6.9532581;106.9321499;1.1160000562668;1;150;Batas Wilkerstat;15040;Batas SLS;2025-08-04 13:13:10;2025-08-04 13:13:12;Dede ridwan;https://wilkerstat.bps.go.id/api/landmark/91593481/photo
91598681;HSLPAF;KOLAM IKA PAK HENDAR;1002;SAWAH;3272010008;-6.95322;106.9317424;1.3600000143051;1;150;Batas Wilkerstat;15040;Batas SLS;2025-08-04 13:20:21;2025-08-04 13:20:24;Dede ridwan;https://wilkerstat.bps.go.id/api/landmark/91598681/photo
90954581;HRAYFD;BATAS 03 TEMBOK HALAMAN RUMAH IBU PIAH;0015;RT 005 RW 003;3272010008;-6.9565433;106.9323871;2.039999961853;1;150;Batas Wilkerstat;15040;Batas SLS;2025-08-03 11:09:43;2025-08-03 11:10:14;DUDI SETIAWAN;https://wilkerstat.bps.go.id/api/landmark/90954581/photo
91221587;HRQDEP;BATAS 3 TEMBOK HALAMAN RUMAH IBU PIAH;0015;RT 005 RW 003;3272010008;-6.956552586282;106.93234294653;2.039999961853;1;150;Batas Wilkerstat;15040;Batas SLS;2025-08-03 11:09:43;2025-08-03 16:27:41;DUDI SETIAWAN;https://wilkerstat.bps.go.id/api/landmark/91221587/photo
91222897;HRQFCZ;BATAS 2 BELAKANG RUMAH BAPAK UTUN;0015;RT 005 RW 003;3272010008;-6.9566228087474;106.93277075887;3.8199999332428;1;150;Batas Wilkerstat;15040;Batas SLS;2025-08-03 11:21:34;2025-08-03 16:29:03;DUDI SETIAWAN;https://wilkerstat.bps.go.id/api/landmark/91222897/photo
90908491;HQYIAL;MCK RUSAK;0016;RT 006 RW 003;3272010008;-6.956585;106.9327017;2.7999999523163;1;150;Batas Wilkerstat;15040;Batas SLS;2025-08-03 10:27:52;2025-08-03 10:28:54;DUDI SETIAWAN;https://wilkerstat.bps.go.id/api/landmark/90908491/photo
90918048;HQYWEA;BATAS 6 SELOKAN BELAKANG RUMAH BU HINDUN;0016;RT 006 RW 003;3272010008;-6.9567516053747;106.93313721567;5.6570000648499;1;150;Batas Wilkerstat;15040;Batas SLS;2025-08-03 10:37:14;2025-08-03 10:37:20;DUDI SETIAWAN;https://wilkerstat.bps.go.id/api/landmark/90918048/photo
91016462;HRELTE;BATAS 6 SUNGAN CISUSA BELAKANG TPSS;0016;RT 006 RW 003;3272010008;-6.9573436;106.9336394;4.6399998664856;1;150;Batas Wilkerstat;15040;Batas SLS;2025-08-03 12:15:56;2025-08-03 12:16:10;DUDI SETIAWAN;https://wilkerstat.bps.go.id/api/landmark/91016462/photo
91211534;HRPOHY;BATAS 3 SELOKAN SAWAH BU NINA;0016;RT 006 RW 003;3272010008;-6.9574967613957;106.93213842809;2.3499999046326;1;150;Batas Wilkerstat;15040;Batas SLS;2025-08-03 11:02:03;2025-08-03 16:18:07;DUDI SETIAWAN;https://wilkerstat.bps.go.id/api/landmark/91211534/photo
91213002;HRPQMK;BATAS 5 MCK RUSAK;0016;RT 006 RW 003;3272010008;-6.9566417787955;106.93284317851;4.183000087738;1;150;Batas Wilkerstat;15040;Batas SLS;2025-08-03 11:20:15;2025-08-03 16:19:37;DUDI SETIAWAN;https://wilkerstat.bps.go.id/api/landmark/91213002/photo
91213226;HRPQVA;BATAS 4 KOLAM BAPAK NANANG;0016;RT 006 RW 003;3272010008;-6.9565592424403;106.93235199898;2.0999999046326;1;150;Batas Wilkerstat;15040;Batas SLS;2025-08-03 11:07:51;2025-08-03 16:19:50;DUDI SETIAWAN;https://wilkerstat.bps.go.id/api/landmark/91213226/photo
91557035;HSJFKL;CIMANDIRI;0001;RT 001 RW 001;3272010009;-6.965259426274;106.9330792129;4.8400001525879;1;150;Batas Wilkerstat;15040;Batas SLS;2025-08-04 12:16:46;2025-08-04 12:16:49;Philea Ezia Naura ;https://wilkerstat.bps.go.id/api/landmark/91557035/photo
91574247;HSKEWL;BELAKANG RUMAH PAK BADEN;0001;RT 001 RW 001;3272010009;-6.9637102;106.9356504;6.308000087738;1;150;Batas Wilkerstat;15040;Batas SLS;2025-08-04 12:42:46;2025-08-04 12:42:48;Philea Ezia Naura ;https://wilkerstat.bps.go.id/api/landmark/91574247/photo
91580771;HSKONJ;BELAKANG RUMAH PAK JALIL;0001;RT 001 RW 001;3272010009;-6.9628026773721;106.93654496223;7.125;1;150;Batas Wilkerstat;15040;Batas SLS;2025-08-04 12:53:13;2025-08-04 12:53:16;Philea Ezia Naura ;https://wilkerstat.bps.go.id/api/landmark/91580771/photo
91583552;HSKSQI;RUMAH PAK WAHYUDI;0001;RT 001 RW 001;3272010009;-6.9631412;106.9372611;5.7449998855591;1;150;Batas Wilkerstat;15040;Batas SLS;2025-08-04 12:57:47;2025-08-04 12:57:50;Philea Ezia Naura ;https://wilkerstat.bps.go.id/api/landmark/91583552/photo
91644549;HSOEWJ;KEBUN;0001;RT 001 RW 001;3272010009;-6.9668611;106.9375914;4.7839999198914;1;150;Batas Wilkerstat;15040;Batas SLS;2025-08-04 14:14:54;2025-08-04 14:14:56;Philea Ezia Naura ;https://wilkerstat.bps.go.id/api/landmark/91644549/photo
91704675;HSRPUX;PUSKESMAS BAROS;0001;RT 001 RW 001;3272010009;-6.9646334;106.938384;5.3629999160767;1;150;Batas Wilkerstat;15040;Batas SLS;2025-08-04 15:12:50;2025-08-04 15:12:52;Philea Ezia Naura ;https://wilkerstat.bps.go.id/api/landmark/91704675/photo
91743848;HSTVTO;BELAKANG MASJID AT TAUFIQ;0001;RT 001 RW 001;3272010009;-6.96354715818;106.93819250911;6.063000202179;1;150;Batas Wilkerstat;15040;Batas SLS;2025-08-04 15:47:52;2025-08-04 15:47:55;Philea Ezia Naura ;https://wilkerstat.bps.go.id/api/landmark/91743848/photo
91745595;HSTYIT;SEKOLAH;0001;RT 001 RW 001;3272010009;-6.9636394;106.9382693;12.737000465393;1;150;Batas Wilkerstat;15040;Batas SLS;2025-08-04 15:49:25;2025-08-04 15:49:28;Philea Ezia Naura ;https://wilkerstat.bps.go.id/api/landmark/91745595/photo
91754722;HSULVU;BELAKANG KECAMATAN BAROS;0001;RT 001 RW 001;3272010009;-6.9638001;106.9384066;4.1199998855591;1;150;Batas Wilkerstat;15040;Batas SLS;2025-08-04 15:57:08;2025-08-04 15:57:11;Philea Ezia Naura ;https://wilkerstat.bps.go.id/api/landmark/91754722/photo
91483449;HSFAOF;RUMAH PAK PEPEN;0002;RT 002 RW 001;3272010009;-6.9628178;106.9420285;7.1849999427795;1;150;Batas Wilkerstat;15040;Batas SLS;2025-08-04 10:54:23;2025-08-04 10:54:25;Philea Ezia Naura ;https://wilkerstat.bps.go.id/api/landmark/91483449/photo
91486654;HSFFHM;RUMAH PAK PEPEN;0002;RT 002 RW 001;3272010009;-6.962397;106.9417841;3.0650000572205;1;150;Batas Wilkerstat;15040;Batas SLS;2025-08-04 10:57:28;2025-08-04 10:57:31;Philea Ezia Naura ;https://wilkerstat.bps.go.id/api/landmark/91486654/photo
91490593;HSFLCZ;LPG HJ TATI;0002;RT 002 RW 001;3272010009;-6.9631773;106.9407997;8.8769998550415;1;150;Batas Wilkerstat;15040;Batas SLS;2025-08-04 11:01:14;2025-08-04 11:01:17;Philea Ezia Naura ;https://wilkerstat.bps.go.id/api/landmark/91490593/photo
91491565;HSFMOJ;PDI;0002;RT 002 RW 001;3272010009;-6.9632426;106.9407599;5.5479998588562;1;150;Batas Wilkerstat;15040;Batas SLS;2025-08-04 11:02:05;2025-08-04 11:02:07;Philea Ezia Naura ;https://wilkerstat.bps.go.id/api/landmark/91491565/photo
91493140;HSFOWY;SEKOKAH;0002;RT 002 RW 001;3272010009;-6.9635683;106.9407591;7.2550001144409;1;150;Batas Wilkerstat;15040;Batas SLS;2025-08-04 11:03:43;2025-08-04 11:03:46;Philea Ezia Naura ;https://wilkerstat.bps.go.id/api/landmark/91493140/photo
91724910;HSSTTE;KANTOR PERHUTANI;0002;RT 002 RW 001;3272010009;-6.9646045;106.9391895;3.875;1;150;Batas Wilkerstat;15040;Batas SLS;2025-08-04 15:31:09;2025-08-04 15:31:12;Philea Ezia Naura ;https://wilkerstat.bps.go.id/api/landmark/91724910/photo
91730473;HSTBZD;BATAS;0002;RT 002 RW 001;3272010009;-6.9634297;106.939153;8.6820001602173;1;150;Batas Wilkerstat;15040;Batas SLS;2025-08-04 15:36:02;2025-08-04 15:36:05;Philea Ezia Naura ;https://wilkerstat.bps.go.id/api/landmark/91730473/photo
91732024;HSTEGU;KEBUN;0002;RT 002 RW 001;3272010009;-6.9635278;106.9393084;7.0859999656677;1;150;Batas Wilkerstat;15040;Batas SLS;2025-08-04 15:37:26;2025-08-04 15:37:29;Philea Ezia Naura ;https://wilkerstat.bps.go.id/api/landmark/91732024/photo
91738696;HSTODK;KEBUN;0002;RT 002 RW 001;3272010009;-6.9639883;106.9394107;3.8369998931885;1;150;Batas Wilkerstat;15040;Batas SLS;2025-08-04 15:43:18;2025-08-04 15:43:21;Philea Ezia Naura ;https://wilkerstat.bps.go.id/api/landmark/91738696/photo
91609301;HSMESR;PERUMAHAN ALILA;0003;RT 03 RW 01;3272010009;-6.9664009348637;106.93927779794;6.5149998664856;1;150;Batas Wilkerstat;15040;Batas SLS;2025-08-04 13:33:55;2025-08-04 13:33:58;Philea Ezia Naura ;https://wilkerstat.bps.go.id/api/landmark/91609301/photo
91611635;HSMIEL;DEPAN RUMAH PAK NICKO;0003;RT 03 RW 01;3272010009;-6.9655423;106.9394881;7.8039999008179;1;150;Batas Wilkerstat;15040;Batas SLS;2025-08-04 13:36:42;2025-08-04 13:36:44;Philea Ezia Naura ;https://wilkerstat.bps.go.id/api/landmark/91611635/photo
91629062;HSNHYS;SLS;0003;RT 03 RW 01;3272010009;-6.9669539;106.937775;4.6840000152588;1;150;Batas Wilkerstat;15040;Batas SLS;2025-08-04 13:57:33;2025-08-04 13:57:36;Philea Ezia Naura ;https://wilkerstat.bps.go.id/api/landmark/91629062/photo
91632160;HSNMNW;BATAS SLS;0003;RT 03 RW 01;3272010009;-6.9668504;106.9386719;4.2449998855591;1;150;Batas Wilkerstat;15040;Batas SLS;2025-08-04 14:01:07;2025-08-04 14:01:11;Philea Ezia Naura ;https://wilkerstat.bps.go.id/api/landmark/91632160/photo
91634187;HSNPNV;BATAS SLS;0003;RT 03 RW 01;3272010009;-6.9667520397166;106.93916045129;6.7540001869202;1;150;Batas Wilkerstat;15040;Batas SLS;2025-08-04 14:03:22;2025-08-04 14:03:25;Philea Ezia Naura ;https://wilkerstat.bps.go.id/api/landmark/91634187/photo
91642691;HSOCCX;KEBUN;0003;RT 03 RW 01;3272010009;-6.9668015;106.9376111;4.2610001564026;1;150;Batas Wilkerstat;15040;Batas SLS;2025-08-04 14:12:54;2025-08-04 14:12:57;Philea Ezia Naura ;https://wilkerstat.bps.go.id/api/landmark/91642691/photo
91643943;HSODZB;KEBUN;0003;RT 03 RW 01;3272010009;-6.9668133;106.9375773;4.2239999771118;1;150;Batas Wilkerstat;15040;Batas SLS;2025-08-04 14:14:14;2025-08-04 14:14:16;Philea Ezia Naura ;https://wilkerstat.bps.go.id/api/landmark/91643943/photo
91704207;HSRPCX;PUSKESMAS BAROS;0003;RT 03 RW 01;3272010009;-6.9646513;106.9383854;3.9660000801086;1;150;Batas Wilkerstat;15040;Batas SLS;2025-08-04 15:12:22;2025-08-04 15:12:25;Philea Ezia Naura ;https://wilkerstat.bps.go.id/api/landmark/91704207/photo
91715009;HSSFCJ;KONTRAKAN BU NENAH;0003;RT 03 RW 01;3272010009;-6.965022471373;106.93953529;5.691999912262;1;150;Batas Wilkerstat;15040;Batas SLS;2025-08-04 15:22:08;2025-08-04 15:22:11;Philea Ezia Naura ;https://wilkerstat.bps.go.id/api/landmark/91715009/photo
91724460;HSSTBW;KANTOR PERHUTANI;0003;RT 03 RW 01;3272010009;-6.9646008;106.9391826;4.2160000801086;1;150;Batas Wilkerstat;15040;Batas SLS;2025-08-04 15:30:48;2025-08-04 15:30:51;Philea Ezia Naura ;https://wilkerstat.bps.go.id/api/landmark/91724460/photo
91728576;HSSZEE;BELAKANG RUMAH PAK DADANG;0003;RT 03 RW 01;3272010009;-6.9635195355336;106.93920470774;15.574000358582;1;150;Batas Wilkerstat;15040;Batas SLS;2025-08-04 15:34:20;2025-08-04 15:34:23;Philea Ezia Naura ;https://wilkerstat.bps.go.id/api/landmark/91728576/photo
91737535;HSTMKT;KEBUN BU DEWI;0003;RT 03 RW 01;3272010009;-6.964022733366;106.93938709795;6.1849999427795;1;150;Batas Wilkerstat;15040;Batas SLS;2025-08-04 15:42:20;2025-08-04 15:42:23;Philea Ezia Naura ;https://wilkerstat.bps.go.id/api/landmark/91737535/photo
91746167;HSTZET;SEKOLAH MADRASAH AL ISTIQOMAH;0003;RT 03 RW 01;3272010009;-6.9637142252352;106.93821698427;6.1279997825623;1;150;Batas Wilkerstat;15040;Batas SLS;2025-08-04 15:49:52;2025-08-04 15:49:55;Philea Ezia Naura ;https://wilkerstat.bps.go.id/api/landmark/91746167/photo
91748907;HSUDGD;MASJID MASJID AT TAUFIQ;0003;RT 03 RW 01;3272010009;-6.9635478237859;106.93820055574;4.0710000991821;1;150;Batas Wilkerstat;15040;Batas SLS;2025-08-04 15:52:12;2025-08-04 15:52:15;Philea Ezia Naura ;https://wilkerstat.bps.go.id/api/landmark/91748907/photo
91755241;HSUMPT;BELAKANG KECAMATAN BAROS;0003;RT 03 RW 01;3272010009;-6.963779;106.9383652;9.3479995727539;1;150;Batas Wilkerstat;15040;Batas SLS;2025-08-04 15:57:34;2025-08-04 15:57:37;Philea Ezia Naura ;https://wilkerstat.bps.go.id/api/landmark/91755241/photo
91584141;HSKTMZ;DEKAT RUMAH MAS TUGIMIN;0004;RT 001 RW 002;3272010009;-6.9631405;106.9372763;3.789999961853;1;150;Batas Wilkerstat;15040;Batas SLS;2025-08-04 12:58:37;2025-08-04 12:58:39;Philea Ezia Naura ;https://wilkerstat.bps.go.id/api/landmark/91584141/photo
91746947;HSUAIT;SEKOLAH;0004;RT 001 RW 002;3272010009;-6.9637307;106.9382854;7.3579998016357;1;150;Batas Wilkerstat;15040;Batas SLS;2025-08-04 15:50:31;2025-08-04 15:50:33;Philea Ezia Naura ;https://wilkerstat.bps.go.id/api/landmark/91746947/photo
91747733;HSUBMZ;MASJID;0004;RT 001 RW 002;3272010009;-6.9635094;106.9382454;7.2519998550415;1;150;Batas Wilkerstat;15040;Batas SLS;2025-08-04 15:51:07;2025-08-04 15:51:10;Philea Ezia Naura ;https://wilkerstat.bps.go.id/api/landmark/91747733/photo
91751033;HSUGJX;SLS;0004;RT 001 RW 002;3272010009;-6.9634035;106.938266;4.6290001869202;1;150;Batas Wilkerstat;15040;Batas SLS;2025-08-04 15:54:01;2025-08-04 15:54:03;Philea Ezia Naura ;https://wilkerstat.bps.go.id/api/landmark/91751033/photo
91733581;HSTGOR;KEBUN;0005;RT 002 RW 002;3272010009;-6.9634984;106.9392014;6.9580001831055;1;150;Batas Wilkerstat;15040;Batas SLS;2025-08-04 15:38:52;2025-08-04 15:38:54;Philea Ezia Naura ;https://wilkerstat.bps.go.id/api/landmark/91733581/photo
91750355;HSUFJV;SLS;0005;RT 002 RW 002;3272010009;-6.9634315;106.9382857;7.521999835968;1;150;Batas Wilkerstat;15040;Batas SLS;2025-08-04 15:53:28;2025-08-04 15:53:30;Philea Ezia Naura ;https://wilkerstat.bps.go.id/api/landmark/91750355/photo
91637518;HSNULY;SLS;0012;RT 001 RW 005;3272010009;-6.9667344;106.9389899;3.4860000610352;1;150;Batas Wilkerstat;15040;Batas SLS;2025-08-04 14:07:05;2025-08-04 14:07:09;Philea Ezia Naura ;https://wilkerstat.bps.go.id/api/landmark/91637518/photo
91637709;HSNUTH;SLS;0012;RT 001 RW 005;3272010009;-6.9667344;106.9389899;3.4860000610352;1;150;Batas Wilkerstat;15040;Batas SLS;2025-08-04 14:07:18;2025-08-04 14:07:21;Philea Ezia Naura ;https://wilkerstat.bps.go.id/api/landmark/91637709/photo
91708960;HSRWDS;ALILA;0012;RT 001 RW 005;3272010009;-6.9663979;106.9391403;13.041999816895;1;150;Batas Wilkerstat;15040;Batas SLS;2025-08-04 15:16:42;2025-08-04 15:16:45;Philea Ezia Naura ;https://wilkerstat.bps.go.id/api/landmark/91708960/photo
91715981;HSSGNT;SLS;0012;RT 001 RW 005;3272010009;-6.9649566;106.9395052;7.0780000686646;1;150;Batas Wilkerstat;15040;Batas SLS;2025-08-04 15:23:04;2025-08-04 15:23:06;Philea Ezia Naura ;https://wilkerstat.bps.go.id/api/landmark/91715981/photo
91718317;HSSJZP;RUMAH PAK NICKO;0012;RT 001 RW 005;3272010009;-6.9655485;106.9395047;6.438000202179;1;150;Batas Wilkerstat;15040;Batas SLS;2025-08-04 15:25:10;2025-08-04 15:25:13;Philea Ezia Naura ;https://wilkerstat.bps.go.id/api/landmark/91718317/photo
90588606;HQGCVE;SUNGAI CIBEUREUM DAN SELOKAN RT 02 RW 18 DAN RT 03 RW 10;0031;RT 003 RW 010;3272010009;-6.9579932;106.9463901;2.3329999446869;1;150;Batas Wilkerstat;15040;Batas SLS;2025-08-02 15:35:38;2025-08-02 15:35:40;Yana Suryana;https://wilkerstat.bps.go.id/api/landmark/90588606/photo
91476763;HSEQRB;BATAS 1 TOKO AHMAD;0060;RT 001 RW 018;3272010009;-6.9584782;106.9463949;3.9000000953674;1;150;Batas Wilkerstat;15040;Batas SLS;2025-08-04 10:47:42;2025-08-04 10:47:45;Yana Suryana;https://wilkerstat.bps.go.id/api/landmark/91476763/photo
91482835;HSEZQP;BATAS2 SELOKAN RT 01 DAN RT 04 RW 18;0060;RT 001 RW 018;3272010009;-6.9595848;106.946484;4.1970000267029;1;150;Batas Wilkerstat;15040;Batas SLS;2025-08-04 10:53:49;2025-08-04 10:53:52;Yana Suryana;https://wilkerstat.bps.go.id/api/landmark/91482835/photo
91588551;HSLAAP;BATAS 3 RUMAH PAK RONI;0060;RT 001 RW 018;3272010009;-6.9594783;106.9444667;2.2999999523163;1;150;Batas Wilkerstat;15040;Batas SLS;2025-08-04 13:05:22;2025-08-04 13:05:24;Yana Suryana;https://wilkerstat.bps.go.id/api/landmark/91588551/photo
91600729;HSLSAZ;BATAS RT 0304.01;0060;RT 001 RW 018;3272010009;-6.9595689;106.9444603;4.561999797821;1;150;Batas Wilkerstat;15040;Batas SLS;2025-08-04 13:22:55;2025-08-04 13:22:58;Yana Suryana;https://wilkerstat.bps.go.id/api/landmark/91600729/photo
91603150;HSLVQC;KEBUN JAGUNG;0060;RT 001 RW 018;3272010009;-6.9595685;106.9447777;3.1849999427795;1;150;Batas Wilkerstat;15040;Batas SLS;2025-08-04 13:26:03;2025-08-04 13:26:06;Yana Suryana;https://wilkerstat.bps.go.id/api/landmark/91603150/photo
91605285;HSLYUF;SELOKAN RT 01 DAN RT 04;0060;RT 001 RW 018;3272010009;-6.9599607;106.9447274;3.2000000476837;1;150;Batas Wilkerstat;15040;Batas SLS;2025-08-04 13:28:52;2025-08-04 13:28:55;Yana Suryana;https://wilkerstat.bps.go.id/api/landmark/91605285/photo
91613333;HSMKRT;BATAS RT 01 DAN 04;0060;RT 001 RW 018;3272010009;-6.9598521;106.9451576;4.7579998970032;1;150;Batas Wilkerstat;15040;Batas SLS;2025-08-04 13:38:40;2025-08-04 13:38:43;Yana Suryana;https://wilkerstat.bps.go.id/api/landmark/91613333/photo
91617037;HSMQEF;BATAS BAK SAMPAH RT 01 DAN RT 03;0060;RT 001 RW 018;3272010009;-6.9591145;106.9445165;4.3759999275208;1;150;Batas Wilkerstat;15040;Batas SLS;2025-08-04 13:43:10;2025-08-04 13:43:13;Yana Suryana;https://wilkerstat.bps.go.id/api/landmark/91617037/photo
90501768;HQBEJG;SUNGAI CIBEREUM;0061;RT 002 RW 018;3272010009;-6.9585217;106.9446;1.7000000476837;1;150;Batas Wilkerstat;15040;Batas SLS;2025-08-02 14:01:42;2025-08-02 14:01:44;Yana Suryana;https://wilkerstat.bps.go.id/api/landmark/90501768/photo
90503583;HQBHBB;GANG RT 02 DAN RT 03;0061;RT 002 RW 018;3272010009;-6.9590183;106.9446783;1.7999999523163;1;150;Batas Wilkerstat;15040;Batas SLS;2025-08-02 13:55:09;2025-08-02 14:03:49;Yana Suryana;https://wilkerstat.bps.go.id/api/landmark/90503583/photo
90567238;HQEXFI;JL.GARUDA RUMAH PAK SUHA;0061;RT 002 RW 018;3272010009;-6.9590603;106.9453557;4.9910001754761;1;150;Batas Wilkerstat;15040;Batas SLS;2025-08-02 15:13:41;2025-08-02 15:13:44;Yana Suryana;https://wilkerstat.bps.go.id/api/landmark/90567238/photo
90572898;HQFFPA;JL.GARUDA BENGKEL SUHERMAN;0061;RT 002 RW 018;3272010009;-6.95843;106.9464788;5.2439999580383;1;150;Batas Wilkerstat;15040;Batas SLS;2025-08-02 15:19:19;2025-08-02 15:19:22;Yana Suryana;https://wilkerstat.bps.go.id/api/landmark/90572898/photo
90583903;HQFVWH;SUNGAI CIBEREUM SELOKAN RW 10 DAN 18;0061;RT 002 RW 018;3272010009;-6.9579941;106.9463575;4.6360001564026;1;150;Batas Wilkerstat;15040;Batas SLS;2025-08-02 15:30:36;2025-08-02 15:30:39;Yana Suryana;https://wilkerstat.bps.go.id/api/landmark/90583903/photo
90595237;HQGMQF;SUNGAI CIBEUREUM RT02 RW 18 MAJLIS AL-MUKHSININ;0061;RT 002 RW 018;3272010009;-6.9578246;106.9454356;2.4000000953674;1;150;Batas Wilkerstat;15040;Batas SLS;2025-08-02 15:42:32;2025-08-02 15:42:35;Yana Suryana;https://wilkerstat.bps.go.id/api/landmark/90595237/photo
90599240;HQGSOE;SUNGAI CIBEUREUM DAN KELURAHAN SINDANG PALAY;0061;RT 002 RW 018;3272010009;-6.9578719;106.9450063;3;1;150;Batas Wilkerstat;15040;Batas SLS;2025-08-02 15:46:27;2025-08-02 15:46:30;Yana Suryana;https://wilkerstat.bps.go.id/api/landmark/90599240/photo
90601855;HQGWKT;SUNGAI CIBEREUM DAN KELURAHAN SINDANG PALAY;0061;RT 002 RW 018;3272010009;-6.9584169;106.9451326;3.1800000667572;1;150;Batas Wilkerstat;15040;Batas SLS;2025-08-02 15:49:13;2025-08-02 15:49:16;Yana Suryana;https://wilkerstat.bps.go.id/api/landmark/90601855/photo
90604680;HQHAPK;SUNGAI COBEUREUM DAN KELURAHAN SINDANG PALAY;0061;RT 002 RW 018;3272010009;-6.9583725;106.9446467;2.0999999046326;1;150;Batas Wilkerstat;15040;Batas SLS;2025-08-02 15:52:01;2025-08-02 15:52:04;Yana Suryana;https://wilkerstat.bps.go.id/api/landmark/90604680/photo
90498252;HQAZEA;BATAS SLS 3 DAN SLS 2;0062;RT 003 RW 018;3272010009;-6.9590903;106.9446118;3.8900001049042;1;150;Batas Wilkerstat;15040;Batas SLS;2025-08-02 13:57:29;2025-08-02 13:57:32;Yana Suryana;https://wilkerstat.bps.go.id/api/landmark/90498252/photo
90506642;HQBLOS;SUNGAI CIBEUREUM;0062;RT 003 RW 018;3272010009;-6.9583131;106.9446531;2.433000087738;1;150;Batas Wilkerstat;15040;Batas SLS;2025-08-02 14:07:16;2025-08-02 14:07:19;Yana Suryana;https://wilkerstat.bps.go.id/api/landmark/90506642/photo
90509540;HQBPWE;SUNGAI CIBEUREUM;0062;RT 003 RW 018;3272010009;-6.9581062;106.9441403;2.2999999523163;1;150;Batas Wilkerstat;15040;Batas SLS;2025-08-02 14:11:05;2025-08-02 14:11:08;Yana Suryana;https://wilkerstat.bps.go.id/api/landmark/90509540/photo
90513991;HQBWLJ;SUNGAI CIBEUREUM;0062;RT 003 RW 018;3272010009;-6.9587492;106.9440263;2.4500000476837;1;150;Batas Wilkerstat;15040;Batas SLS;2025-08-02 14:15:57;2025-08-02 14:16:00;Yana Suryana;https://wilkerstat.bps.go.id/api/landmark/90513991/photo
90519408;HQCELS;SUNGAI CIBEUREUM;0062;RT 003 RW 018;3272010009;-6.9588308;106.9435203;3.2000000476837;1;150;Batas Wilkerstat;15040;Batas SLS;2025-08-02 14:22:11;2025-08-02 14:22:13;Yana Suryana;https://wilkerstat.bps.go.id/api/landmark/90519408/photo
90524378;HQCLUW;SUNGAI CIBEUREUM;0062;RT 003 RW 018;3272010009;-6.959066;106.9431195;2.7000000476837;1;150;Batas Wilkerstat;15040;Batas SLS;2025-08-02 14:28:02;2025-08-02 14:28:05;Yana Suryana;https://wilkerstat.bps.go.id/api/landmark/90524378/photo
90529293;HQCTBX;SUNGAI CIBEUREUM;0062;RT 003 RW 018;3272010009;-6.9596845;106.9428388;3.1860001087189;1;150;Batas Wilkerstat;15040;Batas SLS;2025-08-02 14:33:27;2025-08-02 14:33:31;Yana Suryana;https://wilkerstat.bps.go.id/api/landmark/90529293/photo
90533419;HQCZEP;SELOKAN RT 03 RUMAH BAPAK ENGKOS;0062;RT 003 RW 018;3272010009;-6.9600883;106.94273;2.4000000953674;1;150;Batas Wilkerstat;15040;Batas SLS;2025-08-02 14:37:52;2025-08-02 14:37:55;Yana Suryana;https://wilkerstat.bps.go.id/api/landmark/90533419/photo
90538505;HQDGSF;JL.GARUDA DAN PANGKAS RAMBUT HANAFI;0062;RT 003 RW 018;3272010009;-6.9606196;106.9430169;6.8420000076294;1;150;Batas Wilkerstat;15040;Batas SLS;2025-08-02 14:43:38;2025-08-02 14:43:41;Yana Suryana;https://wilkerstat.bps.go.id/api/landmark/90538505/photo
90546017;HQDRVD;JL.GARUDA;0062;RT 003 RW 018;3272010009;-6.9595037;106.9436172;3.8589999675751;1;150;Batas Wilkerstat;15040;Batas SLS;2025-08-02 14:51:36;2025-08-02 14:51:38;Yana Suryana;https://wilkerstat.bps.go.id/api/landmark/90546017/photo
91596508;HSLLUQ;BATAS RT 04 DAN 03 BELAKANG KARIAM;0062;RT 003 RW 018;3272010009;-6.9597289;106.9436255;4.7659997940063;1;150;Batas Wilkerstat;15040;Batas SLS;2025-08-04 13:17:40;2025-08-04 13:17:43;Yana Suryana;https://wilkerstat.bps.go.id/api/landmark/91596508/photo
91602023;HSLTYT;BATAS RT 040301;0062;RT 003 RW 018;3272010009;-6.9595542;106.9444226;2.2999999523163;1;150;Batas Wilkerstat;15040;Batas SLS;2025-08-04 13:24:35;2025-08-04 13:24:38;Yana Suryana;https://wilkerstat.bps.go.id/api/landmark/91602023/photo
91617747;HSMRFN;BENGKEL LAS CIPTA KARYA MANDIRI;0062;RT 003 RW 018;3272010009;-6.9590943;106.9444802;2.0999999046326;1;150;Batas Wilkerstat;15040;Batas SLS;2025-08-04 13:44:01;2025-08-04 13:44:04;Yana Suryana;https://wilkerstat.bps.go.id/api/landmark/91617747/photo
91486830;HSFFOG;BATAS 1 GANG RT 03 RWB10 DAN KEBUN RT 04 RW 18;0065;RT 004 RW 018;3272010009;-6.959476;106.9468369;2.4000000953674;1;150;Batas Wilkerstat;15040;Batas SLS;2025-08-04 10:57:39;2025-08-04 10:57:42;Yana Suryana;https://wilkerstat.bps.go.id/api/landmark/91486830/photo
91505354;HSGGYS;BATAS 2 SELOKAN RT 04 /18 DAN RT 02/16;0065;RT 004 RW 018;3272010009;-6.9607274;106.9468208;3.2330000400543;1;150;Batas Wilkerstat;15040;Batas SLS;2025-08-04 11:17:01;2025-08-04 11:17:04;Yana Suryana;https://wilkerstat.bps.go.id/api/landmark/91505354/photo
91548809;HSITGB;BATAS 3 SELOKAN DAN RW 14;0065;RT 004 RW 018;3272010009;-6.9604756;106.943236;4.6659998893738;1;150;Batas Wilkerstat;15040;Batas SLS;2025-08-04 12:05:39;2025-08-04 12:05:42;Yana Suryana;https://wilkerstat.bps.go.id/api/landmark/91548809/photo
91554855;HSJCEP;BATAS 4 KONTRAKAN IBU IKA;0065;RT 004 RW 018;3272010009;-6.960651;106.943729;3;1;150;Batas Wilkerstat;15040;Batas SLS;2025-08-04 12:13:57;2025-08-04 12:14:00;Yana Suryana;https://wilkerstat.bps.go.id/api/landmark/91554855/photo
91581709;HSKPXL;BATAS 5 KARIAM;0065;RT 004 RW 018;3272010009;-6.95963;106.9436128;3.3870000839233;1;150;Batas Wilkerstat;15040;Batas SLS;2025-08-04 12:54:43;2025-08-04 12:54:46;Yana Suryana;https://wilkerstat.bps.go.id/api/landmark/91581709/photo
91586683;HSKXGT;BATAS 6 RUMAH PAK RONI;0065;RT 004 RW 018;3272010009;-6.9595338;106.9444526;2.5599999427795;1;150;Batas Wilkerstat;15040;Batas SLS;2025-08-04 13:02:32;2025-08-04 13:02:35;Yana Suryana;https://wilkerstat.bps.go.id/api/landmark/91586683/photo
91606443;HSMAMT;BATAS 7 SELOKAN DAN JL.KAPLING GARUDA 2;0065;RT 004 RW 018;3272010009;-6.9599518;106.944749;3.4879999160767;1;150;Batas Wilkerstat;15040;Batas SLS;2025-08-04 13:30:21;2025-08-04 13:30:24;Yana Suryana;https://wilkerstat.bps.go.id/api/landmark/91606443/photo
91614189;HSMLYR;BATAS RT 04 DAN 01;0065;RT 004 RW 018;3272010009;-6.9598447;106.945154;3;1;150;Batas Wilkerstat;15040;Batas SLS;2025-08-04 13:39:42;2025-08-04 13:39:44;Yana Suryana;https://wilkerstat.bps.go.id/api/landmark/91614189/photo
91653230;HSORSG;RUMAH MERAH SEBRANG WARUNG ARTI;0034;RT 003 RW 011;3272010009;-6.9622317;106.9435975;5.8039999008179;1;150;Batas Wilkerstat;15040;Batas SLS;2025-08-04 14:23:51;2025-08-04 14:23:53;Rayhan Nabila;https://wilkerstat.bps.go.id/api/landmark/91653230/photo
91658818;HSOZZE;TURUNAN DEPAN GROSIR;0034;RT 003 RW 011;3272010009;-6.9606868;106.9430596;6.228000164032;1;150;Batas Wilkerstat;15040;Batas SLS;2025-08-04 14:29:44;2025-08-04 14:29:45;Rayhan Nabila;https://wilkerstat.bps.go.id/api/landmark/91658818/photo
91660427;HSPCJB;TOWE LISTRIK;0034;RT 003 RW 011;3272010009;-6.9608601;106.9426951;4.8070001602173;1;150;Batas Wilkerstat;15040;Batas SLS;2025-08-04 14:31:17;2025-08-04 14:31:19;Rayhan Nabila;https://wilkerstat.bps.go.id/api/landmark/91660427/photo
91676558;HSQAFM;JALAN BUNTU RUMAH PAK FAISAL;0034;RT 003 RW 011;3272010009;-6.9614604;106.9429437;4.643000125885;1;150;Batas Wilkerstat;15040;Batas SLS;2025-08-04 14:46:52;2025-08-04 14:46:54;Rayhan Nabila;https://wilkerstat.bps.go.id/api/landmark/91676558/photo
91682771;HSQJKL;JALAN BUNTU DEKET LAPANG POSYANDU;0034;RT 003 RW 011;3272010009;-6.9619067;106.94282;3.7929999828339;1;150;Batas Wilkerstat;15040;Batas SLS;2025-08-04 14:52:45;2025-08-04 14:52:47;Rayhan Nabila;https://wilkerstat.bps.go.id/api/landmark/91682771/photo
91688404;HSQRTC;RUMAH TINGKAT CV. TJSM;0034;RT 003 RW 011;3272010009;-6.9622299;106.9429488;4.6950001716614;1;150;Batas Wilkerstat;15040;Batas SLS;2025-08-04 14:58:01;2025-08-04 14:58:03;Rayhan Nabila;https://wilkerstat.bps.go.id/api/landmark/91688404/photo
91698637;HSRGWR;RUMAH DEPAN MASJID AL HIKMAH;0035;RT 004 RW 011;3272010009;-6.9621792;106.9426909;3.7860000133514;1;150;Batas Wilkerstat;15040;Batas SLS;2025-08-04 15:07:14;2025-08-04 15:07:16;Rayhan Nabila;https://wilkerstat.bps.go.id/api/landmark/91698637/photo
91709054;HSRWHI;JALAN BUNTU RUMAH PAK BARNAS;0035;RT 004 RW 011;3272010009;-6.9612974;106.942226;1.5499999523163;1;150;Batas Wilkerstat;15040;Batas SLS;2025-08-04 15:16:48;2025-08-04 15:16:50;Rayhan Nabila;https://wilkerstat.bps.go.id/api/landmark/91709054/photo
91712550;HSSBLU;TANAH KOSONG SEBRANG TOWER;0035;RT 004 RW 011;3272010009;-6.9608448;106.9426695;4.4010000228882;1;150;Batas Wilkerstat;15040;Batas SLS;2025-08-04 15:19:57;2025-08-04 15:20:00;Rayhan Nabila;https://wilkerstat.bps.go.id/api/landmark/91712550/photo
91715467;HSSFTZ;RUMAH SEBRANG KELURAHAN BAROS;0035;RT 004 RW 011;3272010009;-6.9608093;106.9421171;3.3210000991821;1;150;Batas Wilkerstat;15040;Batas SLS;2025-08-04 15:22:35;2025-08-04 15:22:37;Rayhan Nabila;https://wilkerstat.bps.go.id/api/landmark/91715467/photo
91730044;HSTBIQ;JALAN BUNTU NOTARIS JOSHIEDA;0035;RT 004 RW 011;3272010009;-6.9615362;106.9415577;7.2189998626709;1;150;Batas Wilkerstat;15040;Batas SLS;2025-08-04 15:35:39;2025-08-04 15:35:41;Rayhan Nabila;https://wilkerstat.bps.go.id/api/landmark/91730044/photo
91737031;HSTLRJ;JALAN BUNTU BELAKANG ABA;0035;RT 004 RW 011;3272010009;-6.9614933;106.9410183;3.7999999523163;1;150;Batas Wilkerstat;15040;Batas SLS;2025-08-04 15:41:54;2025-08-04 15:41:56;Rayhan Nabila;https://wilkerstat.bps.go.id/api/landmark/91737031/photo
91739499;HSTPIH;PINTU KECIL PERBATASAN PERUM DGN KAVLING BELAKANG ABA;0035;RT 004 RW 011;3272010009;-6.961896;106.9409833;4.8880000114441;1;150;Batas Wilkerstat;15040;Batas SLS;2025-08-04 15:44:02;2025-08-04 15:44:03;Rayhan Nabila;https://wilkerstat.bps.go.id/api/landmark/91739499/photo
91744055;HSTWBN;RUMAH DEPAJ LAPAN SEKRETARIAT RW 11;0035;RT 004 RW 011;3272010009;-6.961938;106.9420147;3.970999956131;1;150;Batas Wilkerstat;15040;Batas SLS;2025-08-04 15:48:05;2025-08-04 15:48:07;Rayhan Nabila;https://wilkerstat.bps.go.id/api/landmark/91744055/photo
90562390;HQEQAW;DEPAN PRIMA;0037;RT 002 RW 012;3272010009;-6.9631977;106.9430163;4.8829998970032;1;150;Batas Wilkerstat;15040;Batas SLS;2025-08-02 15:08:39;2025-08-02 15:08:40;Rayhan Nabila;https://wilkerstat.bps.go.id/api/landmark/90562390/photo
90565861;HQEVEJ;GAPURA RW 012;0037;RT 002 RW 012;3272010009;-6.9631729;106.94215;4.2160000801086;1;150;Batas Wilkerstat;15040;Batas SLS;2025-08-02 15:12:18;2025-08-02 15:12:20;Rayhan Nabila;https://wilkerstat.bps.go.id/api/landmark/90565861/photo
90586081;HQFZCB;PEREMPATAN JL. ZAMRUD 5;0037;RT 002 RW 012;3272010009;-6.963435;106.9421267;1.6000000238419;1;150;Batas Wilkerstat;15070;Batas Segmen;2025-08-02 15:32:55;2025-08-02 15:32:56;Rayhan Nabila;https://wilkerstat.bps.go.id/api/landmark/90586081/photo
90593386;HQGJXA;DEPAN HYDRANT BOX TIANG LISTRIK;0037;RT 002 RW 012;3272010009;-6.963517;106.943028;1.7999999523163;1;150;Batas Wilkerstat;15070;Batas Segmen;2025-08-02 15:40:42;2025-08-02 15:40:43;Rayhan Nabila;https://wilkerstat.bps.go.id/api/landmark/90593386/photo
90598554;HQGRNU;RUMAH HULK CAT ORANGE;0037;RT 002 RW 012;3272010009;-6.9638319;106.9421445;1.7000000476837;1;150;Batas Wilkerstat;15040;Batas SLS;2025-08-02 15:45:50;2025-08-02 15:45:51;Rayhan Nabila;https://wilkerstat.bps.go.id/api/landmark/90598554/photo
90600391;HQGUGL;DEPAN GARDU PLN;0037;RT 002 RW 012;3272010009;-6.9638448;106.9424025;3.691999912262;1;150;Batas Wilkerstat;15040;Batas SLS;2025-08-02 15:47:39;2025-08-02 15:47:40;Rayhan Nabila;https://wilkerstat.bps.go.id/api/landmark/90600391/photo
90601633;HQGWCF;DEPAN GARDU PLN;0037;RT 002 RW 012;3272010009;-6.96377;106.942435;4.061999797821;1;150;Batas Wilkerstat;15040;Batas SLS;2025-08-02 15:49:03;2025-08-02 15:49:04;Rayhan Nabila;https://wilkerstat.bps.go.id/api/landmark/90601633/photo
90604554;HQHAKO;AKBAR KHAN LAW FIRM;0037;RT 002 RW 012;3272010009;-6.963766;106.9430507;3.760999917984;1;150;Batas Wilkerstat;15040;Batas SLS;2025-08-02 15:51:54;2025-08-02 15:51:56;Rayhan Nabila;https://wilkerstat.bps.go.id/api/landmark/90604554/photo
90533090;HQCYRY;JALAN BUNTU DEKET RUMAH PAK ADE;0041;RT 001 RW 013;3272010009;-6.9635429;106.9443662;5.7550001144409;1;150;Batas Wilkerstat;15040;Batas SLS;2025-08-02 14:37:30;2025-08-02 14:37:34;Rayhan Nabila;https://wilkerstat.bps.go.id/api/landmark/90533090/photo
90542302;HQDMIG;DEPAN POSYANDU;0041;RT 001 RW 013;3272010009;-6.9635026;106.943858;4.5279998779297;1;150;Batas Wilkerstat;15040;Batas SLS;2025-08-02 14:47:21;2025-08-02 14:47:22;Rayhan Nabila;https://wilkerstat.bps.go.id/api/landmark/90542302/photo
90551243;HQDZOD;RUMAH PAK ABDUL PERTIGAAN;0041;RT 001 RW 013;3272010009;-6.9641351;106.9435368;4.0809998512268;1;150;Batas Wilkerstat;15040;Batas SLS;2025-08-02 14:56:51;2025-08-02 14:56:52;Rayhan Nabila;https://wilkerstat.bps.go.id/api/landmark/90551243/photo
90552845;HQEBXT;TUKANG SATE TAMAN BALAREA;0041;RT 001 RW 013;3272010009;-6.9632404;106.9436182;4.9730000495911;1;150;Batas Wilkerstat;15040;Batas SLS;2025-08-02 14:58:35;2025-08-02 14:58:37;Rayhan Nabila;https://wilkerstat.bps.go.id/api/landmark/90552845/photo
90284820;HPOVLC;DEPAN WARUNG BU HAJI SLAMET;0042;RT 002 RW 013;3272010009;-6.9632747;106.9439146;2.2999999523163;1;150;Batas Wilkerstat;15040;Batas SLS;2025-08-02 09:57:16;2025-08-02 09:57:18;Rayhan Nabila;https://wilkerstat.bps.go.id/api/landmark/90284820/photo
90298307;HPPPJV;RUMAH PAK SAHRUL;0042;RT 002 RW 013;3272010009;-6.9626975;106.9439016;1.7000000476837;1;150;Batas Wilkerstat;15040;Batas SLS;2025-08-02 10:10:19;2025-08-02 10:10:47;Rayhan Nabila;https://wilkerstat.bps.go.id/api/landmark/90298307/photo
90303234;HPPWRI;JALAN BUNTU RUMAH BU ELA;0042;RT 002 RW 013;3272010009;-6.962956;106.945012;6.085000038147;1;150;Batas Wilkerstat;15040;Batas SLS;2025-08-02 10:15:03;2025-08-02 10:15:04;Rayhan Nabila;https://wilkerstat.bps.go.id/api/landmark/90303234/photo
90304060;HPPXXC;LAPANG MASJID ALMUHAJIRIN;0042;RT 002 RW 013;3272010009;-6.9627532;106.944983;5.8689999580383;1;150;Batas Wilkerstat;15040;Batas SLS;2025-08-02 10:14:06;2025-08-02 10:15:58;Rayhan Nabila;https://wilkerstat.bps.go.id/api/landmark/90304060/photo
90505887;HQBKLR;RUMAH PAK H. DASEP DEKET TUKANG SATE;0043;RT 002 RW 013;3272010009;-6.9632114;106.9435967;4.2829999923706;1;150;Batas Wilkerstat;15040;Batas SLS;2025-08-02 14:06:26;2025-08-02 14:06:28;Rayhan Nabila;https://wilkerstat.bps.go.id/api/landmark/90505887/photo
90508719;HQBOQP;PANGKALAN OJEK;0043;RT 002 RW 013;3272010009;-6.9624076;106.9436045;4.5190000534058;1;150;Batas Wilkerstat;15040;Batas SLS;2025-08-02 14:10:07;2025-08-02 14:10:10;Rayhan Nabila;https://wilkerstat.bps.go.id/api/landmark/90508719/photo
90510223;HQBQWL;PEREMPATAN RUMAH BU AEP;0043;RT 002 RW 013;3272010009;-6.9623941;106.9438962;4.1149997711182;1;150;Batas Wilkerstat;15070;Batas Segmen;2025-08-02 14:11:54;2025-08-02 14:11:55;Rayhan Nabila;https://wilkerstat.bps.go.id/api/landmark/90510223/photo
90520070;HQCFLE;PERTIGAAN RUMAH PAK MUGI;0043;RT 002 RW 013;3272010009;-6.9624587;106.9447116;4.8990001678467;1;150;Batas Wilkerstat;15040;Batas SLS;2025-08-02 14:22:54;2025-08-02 14:22:56;Rayhan Nabila;https://wilkerstat.bps.go.id/api/landmark/90520070/photo
90522801;HQCJMF;RUMAH BU TAMTAM;0043;RT 002 RW 013;3272010009;-6.9627085;106.9446562;3.3420000076294;1;150;Batas Wilkerstat;15040;Batas SLS;2025-08-02 14:26:04;2025-08-02 14:26:06;Rayhan Nabila;https://wilkerstat.bps.go.id/api/landmark/90522801/photo
90440430;HPXRQC;BATAS SLS;0018;RT 001 RW 007;3272010009;-6.9650201;106.9465168;5.228000164032;1;150;Batas Wilkerstat;15040;Batas SLS;2025-08-02 12:36:02;2025-08-02 12:36:04;Philea Ezia Naura ;https://wilkerstat.bps.go.id/api/landmark/90440430/photo
90442085;HPXUBT;BATAS SLS;0018;RT 001 RW 007;3272010009;-6.9651051;106.9450007;7.6110000610352;1;150;Batas Wilkerstat;15040;Batas SLS;2025-08-02 12:38:52;2025-08-02 12:38:54;Philea Ezia Naura ;https://wilkerstat.bps.go.id/api/landmark/90442085/photo
90444324;HPXXJW;BATAS SLS;0018;RT 001 RW 007;3272010009;-6.9662979;106.9459238;6.7249999046326;1;150;Batas Wilkerstat;15040;Batas SLS;2025-08-02 12:42:12;2025-08-02 12:42:16;Philea Ezia Naura ;https://wilkerstat.bps.go.id/api/landmark/90444324/photo
90478448;HPZVWI;BATAS SLS;0018;RT 001 RW 007;3272010009;-6.9669229;106.9448847;4.8289999961853;1;150;Batas Wilkerstat;15040;Batas SLS;2025-08-02 13:31:44;2025-08-02 13:31:47;Philea Ezia Naura ;https://wilkerstat.bps.go.id/api/landmark/90478448/photo
90375563;HPTZRF;BATAS SLS KEBUN PAK UJANG;0019;RT 002 RW 007;3272010009;-6.9666874763795;106.94893676788;5.2470002174377;1;150;Batas Wilkerstat;15040;Batas SLS;2025-08-02 11:21:05;2025-08-02 11:21:09;Philea Ezia Naura ;https://wilkerstat.bps.go.id/api/landmark/90375563/photo
90384069;HPUMGJ;KEBUN BU TITI;0019;RT 002 RW 007;3272010009;-6.9663076;106.9477901;3.9830000400543;1;150;Batas Wilkerstat;15040;Batas SLS;2025-08-02 11:29:13;2025-08-02 11:29:15;Philea Ezia Naura ;https://wilkerstat.bps.go.id/api/landmark/90384069/photo
90436388;HPXLQQ;BATAS SLS;0019;RT 002 RW 007;3272010009;-6.9661547;106.9479043;5.7649998664856;1;150;Batas Wilkerstat;15040;Batas SLS;2025-08-02 12:30:04;2025-08-02 12:30:06;Philea Ezia Naura ;https://wilkerstat.bps.go.id/api/landmark/90436388/photo
90440259;HPXRJN;PEMAKAMAN;0019;RT 002 RW 007;3272010009;-6.9650002;106.9465248;3.789999961853;1;150;Batas Wilkerstat;15040;Batas SLS;2025-08-02 12:35:39;2025-08-02 12:35:42;Philea Ezia Naura ;https://wilkerstat.bps.go.id/api/landmark/90440259/photo
90444626;HPXXVM;BATAS SLS;0019;RT 002 RW 007;3272010009;-6.9662938;106.9458792;10.147000312805;1;150;Batas Wilkerstat;15040;Batas SLS;2025-08-02 12:42:43;2025-08-02 12:42:46;Philea Ezia Naura ;https://wilkerstat.bps.go.id/api/landmark/90444626/photo
90468332;HPZGXG;BATAS SLS;0019;RT 002 RW 007;3272010009;-6.9688763;106.9465445;3.9379999637604;1;150;Batas Wilkerstat;15040;Batas SLS;2025-08-02 13:17:03;2025-08-02 13:17:06;Philea Ezia Naura ;https://wilkerstat.bps.go.id/api/landmark/90468332/photo
90477887;HPZVAT;BATAS SLS;0019;RT 002 RW 007;3272010009;-6.9668894;106.944899;5.4879999160767;1;150;Batas Wilkerstat;15040;Batas SLS;2025-08-02 13:30:48;2025-08-02 13:30:50;Philea Ezia Naura ;https://wilkerstat.bps.go.id/api/landmark/90477887/photo
90485307;HQAGAD;BENGKEL MOTOR M SALPAN;0019;RT 002 RW 007;3272010009;-6.9651389;106.947546;3.789999961853;1;150;Batas Wilkerstat;15040;Batas SLS;2025-08-02 13:41:12;2025-08-02 13:41:15;Philea Ezia Naura ;https://wilkerstat.bps.go.id/api/landmark/90485307/photo
91311364;HRVFZO;BATAS SLS;0019;RT 002 RW 007;3272010009;-6.9653056;106.9477809;3.789999961853;1;150;Batas Wilkerstat;15040;Batas SLS;2025-08-02 13:44:16;2025-08-03 19:23:55;Philea Ezia Naura ;https://wilkerstat.bps.go.id/api/landmark/91311364/photo
90308485;HPQELH;BATAS SLS SLBN 1;0020;RT 003 RW 007;3272010009;-6.9632719300529;106.94997411221;3.9570000171661;1;150;Batas Wilkerstat;15040;Batas SLS;2025-08-02 10:20:00;2025-08-02 10:20:03;Philea Ezia Naura ;https://wilkerstat.bps.go.id/api/landmark/90308485/photo
90316088;HPQPRS;BATAS SLS;0020;RT 003 RW 007;3272010009;-6.9643661855447;106.95029899478;3.6119999885559;1;150;Batas Wilkerstat;15040;Batas SLS;2025-08-02 10:27:13;2025-08-02 10:27:15;Philea Ezia Naura ;https://wilkerstat.bps.go.id/api/landmark/90316088/photo
90322863;HPQZSH;BATAS SLS;0020;RT 003 RW 007;3272010009;-6.9647043126379;106.95084214211;6.3819999694824;1;150;Batas Wilkerstat;15040;Batas SLS;2025-08-02 10:33:02;2025-08-02 10:33:08;Philea Ezia Naura ;https://wilkerstat.bps.go.id/api/landmark/90322863/photo
90328424;HPRHYE;BATAS SLS;0020;RT 003 RW 007;3272010009;-6.9643974689671;106.95091489702;3.1259999275208;1;150;Batas Wilkerstat;15040;Batas SLS;2025-08-02 10:37:43;2025-08-02 10:37:54;Philea Ezia Naura ;https://wilkerstat.bps.go.id/api/landmark/90328424/photo
90374518;HPTYDA;BATAS SLS KEBUN PAK UJANG;0020;RT 003 RW 007;3272010009;-6.966703783615;106.94894615561;5.1009998321533;1;150;Batas Wilkerstat;15040;Batas SLS;2025-08-02 11:20:09;2025-08-02 11:20:11;Philea Ezia Naura ;https://wilkerstat.bps.go.id/api/landmark/90374518/photo
90383103;HPUKVF;BATAS SLS KEBUN IBU TITI;0020;RT 003 RW 007;3272010009;-6.9662974337621;106.94778744131;3.558000087738;1;150;Batas Wilkerstat;15040;Batas SLS;2025-08-02 11:28:16;2025-08-02 11:28:18;Philea Ezia Naura ;https://wilkerstat.bps.go.id/api/landmark/90383103/photo
90437064;HPXMQQ;BATAS SLS;0020;RT 003 RW 007;3272010009;-6.9661224;106.9479024;10.390000343323;1;150;Batas Wilkerstat;15040;Batas SLS;2025-08-02 12:31:06;2025-08-02 12:31:09;Philea Ezia Naura ;https://wilkerstat.bps.go.id/api/landmark/90437064/photo
90486900;HQAIJK;BATAS SLS;0020;RT 003 RW 007;3272010009;-6.965315;106.947779;4.2839999198914;1;150;Batas Wilkerstat;15040;Batas SLS;2025-08-02 13:43:22;2025-08-02 13:43:25;Philea Ezia Naura ;https://wilkerstat.bps.go.id/api/landmark/90486900/photo
90540832;HQDKDS;BATAS SLS;0020;RT 003 RW 007;3272010009;-6.9651381;106.9475515;5.518000125885;1;150;Batas Wilkerstat;15040;Batas SLS;2025-08-02 13:42:12;2025-08-02 14:45:58;Philea Ezia Naura ;https://wilkerstat.bps.go.id/api/landmark/90540832/photo
90326978;HPRFUO;JEMBATAN PERUM TAMAN GENTING PURI;0053;RT 001 RW 016;3272010009;-6.9609739186515;106.94806270301;1.4500000476837;1;150;Batas Wilkerstat;15040;Batas SLS;2025-08-02 10:36:37;2025-08-02 10:36:39;Febri Ramdhani;https://wilkerstat.bps.go.id/api/landmark/90326978/photo
90332799;HPROKL;TPS TAMPOMAS BAROS;0053;RT 001 RW 016;3272010009;-6.9608504480606;106.94686308503;4.875;1;150;Batas Wilkerstat;15040;Batas SLS;2025-08-02 10:41:50;2025-08-02 10:41:54;Febri Ramdhani;https://wilkerstat.bps.go.id/api/landmark/90332799/photo
90353070;HPSSKC;LAPANGAN;0053;RT 001 RW 016;3272010009;-6.9596719845333;106.94758761674;1.7999999523163;1;150;Batas Wilkerstat;15040;Batas SLS;2025-08-02 11:00:36;2025-08-02 11:00:37;Febri Ramdhani;https://wilkerstat.bps.go.id/api/landmark/90353070/photo
90364738;HPTJQW;POS KAMLING;0053;RT 001 RW 016;3272010009;-6.9606590852209;106.94809421897;2.5999999046326;1;150;Batas Wilkerstat;15040;Batas SLS;2025-08-02 11:10:49;2025-08-02 11:10:51;Febri Ramdhani;https://wilkerstat.bps.go.id/api/landmark/90364738/photo
90472636;HPZNGU;RUMAH PAK;0054;RT 002 RW 016;3272010009;-6.9605438;106.9478444;5.8070001602173;1;150;Batas Wilkerstat;15040;Batas SLS;2025-08-02 13:23:22;2025-08-02 13:23:23;Febri Ramdhani;https://wilkerstat.bps.go.id/api/landmark/90472636/photo
90477873;HPZVAF;RUMAH PAK;0054;RT 002 RW 016;3272010009;-6.9597804;106.9478952;4;1;150;Batas Wilkerstat;15040;Batas SLS;2025-08-02 13:30:47;2025-08-02 13:30:49;Febri Ramdhani;https://wilkerstat.bps.go.id/api/landmark/90477873/photo
90481755;HQAATN;RUMAH PAK;0054;RT 002 RW 016;3272010009;-6.9597734;106.9485168;2.4000000953674;1;150;Batas Wilkerstat;15040;Batas SLS;2025-08-02 13:36:16;2025-08-02 13:36:22;Febri Ramdhani;https://wilkerstat.bps.go.id/api/landmark/90481755/photo
90488915;HQALIX;MASJID;0054;RT 002 RW 016;3272010009;-6.9602995;106.948411;2.0999999046326;1;150;Batas Wilkerstat;15040;Batas SLS;2025-08-02 13:45:52;2025-08-02 13:45:54;Febri Ramdhani;https://wilkerstat.bps.go.id/api/landmark/90488915/photo
90493172;HQARQQ;KANTOR PERTEMUAN;0054;RT 002 RW 016;3272010009;-6.9607868;106.9479867;4.6009998321533;1;150;Batas Wilkerstat;15040;Batas SLS;2025-08-02 13:51:09;2025-08-02 13:51:12;Febri Ramdhani;https://wilkerstat.bps.go.id/api/landmark/90493172/photo
90494751;HQATZJ;RUMAH PERTEMUAN;0054;RT 002 RW 016;3272010009;-6.9606533;106.94807;1.5;1;150;Batas Wilkerstat;15040;Batas SLS;2025-08-02 13:53:14;2025-08-02 13:53:16;Febri Ramdhani;https://wilkerstat.bps.go.id/api/landmark/90494751/photo
90495431;HQAUZN;RUMAH PERTEMUAN;0054;RT 002 RW 016;3272010009;-6.9606533;106.94807;1.5;1;150;Batas Wilkerstat;15040;Batas SLS;2025-08-02 13:54:04;2025-08-02 13:54:05;Febri Ramdhani;https://wilkerstat.bps.go.id/api/landmark/90495431/photo
90501851;HQBEML;SUNGAI;0055;RT 003 RW 016;3272010009;-6.9604034909062;106.94856896996;4.7059998512268;1;150;Batas Wilkerstat;15040;Batas SLS;2025-08-02 14:01:47;2025-08-02 14:01:50;Febri Ramdhani;https://wilkerstat.bps.go.id/api/landmark/90501851/photo
90505750;HQBKGK;RUMAH PAK;0055;RT 003 RW 016;3272010009;-6.9597169;106.9485399;12.140000343323;1;150;Batas Wilkerstat;15040;Batas SLS;2025-08-02 14:06:17;2025-08-02 14:06:18;Febri Ramdhani;https://wilkerstat.bps.go.id/api/landmark/90505750/photo
90507833;HQBNIN;RUMAH PAK;0055;RT 003 RW 016;3272010009;-6.9596432;106.9490763;2.2000000476837;1;150;Batas Wilkerstat;15040;Batas SLS;2025-08-02 14:08:57;2025-08-02 14:08:59;Febri Ramdhani;https://wilkerstat.bps.go.id/api/landmark/90507833/photo
90514987;HQBXXR;SUNGAI;0055;RT 003 RW 016;3272010009;-6.9604424291116;106.94902963936;1.75;1;150;Batas Wilkerstat;15040;Batas SLS;2025-08-02 14:17:03;2025-08-02 14:17:04;Febri Ramdhani;https://wilkerstat.bps.go.id/api/landmark/90514987/photo
90521750;HQCHXU;SUNGAI;0056;RT 001 RW 017;3272010009;-6.9610481341123;106.94805834442;2.2999999523163;1;150;Batas Wilkerstat;15040;Batas SLS;2025-08-02 14:24:53;2025-08-02 14:24:56;Febri Ramdhani;https://wilkerstat.bps.go.id/api/landmark/90521750/photo
90529519;HQCTKP;JALAN PIRUS 2;0056;RT 001 RW 017;3272010009;-6.9609326508565;106.94735292345;1.8999999761581;1;150;Batas Wilkerstat;15040;Batas SLS;2025-08-02 14:33:46;2025-08-02 14:33:48;Febri Ramdhani;https://wilkerstat.bps.go.id/api/landmark/90529519/photo
90535838;HQDCTQ;JALAN PIRUS 2;0056;RT 001 RW 017;3272010009;-6.9615839494227;106.94709006697;1.6000000238419;1;150;Batas Wilkerstat;15040;Batas SLS;2025-08-02 14:40:36;2025-08-02 14:40:38;Febri Ramdhani;https://wilkerstat.bps.go.id/api/landmark/90535838/photo
90538934;HQDHIS;SUNGAI;0056;RT 001 RW 017;3272010009;-6.961696770084;106.9479477033;2;1;150;Batas Wilkerstat;15040;Batas SLS;2025-08-02 14:44:05;2025-08-02 14:44:07;Febri Ramdhani;https://wilkerstat.bps.go.id/api/landmark/90538934/photo
90543753;HQDOMB;SUNGAI;0057;RT 002 RW 017;3272010009;-6.9617922849;106.94793764502;2.0999999046326;1;150;Batas Wilkerstat;15040;Batas SLS;2025-08-02 14:48:48;2025-08-02 14:48:50;Febri Ramdhani;https://wilkerstat.bps.go.id/api/landmark/90543753/photo
90547202;HQDTOS;JALAN PIRUS 2;0057;RT 002 RW 017;3272010009;-6.9616594960042;106.9470756501;1.9500000476837;1;150;Batas Wilkerstat;15040;Batas SLS;2025-08-02 14:52:58;2025-08-02 14:52:59;Febri Ramdhani;https://wilkerstat.bps.go.id/api/landmark/90547202/photo
90549122;HQDWKO;JALAN PIRUS 2;0057;RT 002 RW 017;3272010009;-6.9621054535504;106.94700289518;3.7339999675751;1;150;Batas Wilkerstat;15040;Batas SLS;2025-08-02 14:54:39;2025-08-02 14:54:40;Febri Ramdhani;https://wilkerstat.bps.go.id/api/landmark/90549122/photo
90552908;HQECAE;SUNGAI;0057;RT 002 RW 017;3272010009;-6.9622026323027;106.94787126034;4.8759999275208;1;150;Batas Wilkerstat;15040;Batas SLS;2025-08-02 14:58:40;2025-08-02 14:58:42;Febri Ramdhani;https://wilkerstat.bps.go.id/api/landmark/90552908/photo
90612986;HQHMWW;SUNGAI;0058;RT 003 RW 017;3272010009;-6.9623064671117;106.94785013795;4.5789999961853;1;150;Batas Wilkerstat;15040;Batas SLS;2025-08-02 16:00:04;2025-08-02 16:00:06;Febri Ramdhani;https://wilkerstat.bps.go.id/api/landmark/90612986/photo
90617321;HQHTHP;JALAN PIRUS 2;0058;RT 003 RW 017;3272010009;-6.9621606990079;106.94699116051;3.6319999694824;1;150;Batas Wilkerstat;15040;Batas SLS;2025-08-02 16:04:00;2025-08-02 16:04:01;Febri Ramdhani;https://wilkerstat.bps.go.id/api/landmark/90617321/photo
90622622;HQIBDM;SUNGAI;0058;RT 003 RW 017;3272010009;-6.9627254669569;106.9477455318;2;1;150;Batas Wilkerstat;15040;Batas SLS;2025-08-02 16:09:06;2025-08-02 16:09:09;Febri Ramdhani;https://wilkerstat.bps.go.id/api/landmark/90622622/photo
90649714;HQJPFM;JALAN GANG;0058;RT 003 RW 017;3272010009;-6.9627457679725;106.94684900343;1.6000000238419;1;150;Batas Wilkerstat;15040;Batas SLS;2025-08-02 16:32:56;2025-08-02 16:32:57;Febri Ramdhani;https://wilkerstat.bps.go.id/api/landmark/90649714/photo
90651654;HQJSCC;DINDING RUMAH;0059;RT 004 RW 017;3272010009;-6.9628143254939;106.94673299789;2.7300000190735;1;150;Batas Wilkerstat;15040;Batas SLS;2025-08-02 16:34:47;2025-08-02 16:34:48;Febri Ramdhani;https://wilkerstat.bps.go.id/api/landmark/90651654/photo
90654732;HQJWQM;KEBUN;0059;RT 004 RW 017;3272010009;-6.9620588609908;106.94663979113;3.4360001087189;1;150;Batas Wilkerstat;15040;Batas SLS;2025-08-02 16:37:37;2025-08-02 16:37:39;Febri Ramdhani;https://wilkerstat.bps.go.id/api/landmark/90654732/photo
90659472;HQKDQU;JALAN PIRUS 2;0059;RT 004 RW 017;3272010009;-6.9611975634125;106.94725636393;4.0469999313354;1;150;Batas Wilkerstat;15040;Batas SLS;2025-08-02 16:41:44;2025-08-02 16:41:46;Febri Ramdhani;https://wilkerstat.bps.go.id/api/landmark/90659472/photo
90668758;HQKRJY;PEREMPATAN JALAN;0059;RT 004 RW 017;3272010009;-6.960933649271;106.94730833173;4.3579998016357;1;150;Batas Wilkerstat;15040;Batas SLS;2025-08-02 16:49:35;2025-08-02 16:49:36;Febri Ramdhani;https://wilkerstat.bps.go.id/api/landmark/90668758/photo
90513138;HQBVEO;BATAS 6 (TANAH PAK HERU);0035;RT 001 RW 012;3272011001;-6.9660368;106.88885;3;1;150;Batas Wilkerstat;15040;Batas SLS;2025-08-02 14:16:25;2025-08-02 14:15:02;Dewi karnia novianti;https://wilkerstat.bps.go.id/api/landmark/90513138/photo
90518669;HQCDJH;BATAS 5  (SELOKAN);0035;RT 001 RW 012;3272011001;-6.9660215416465;106.88939742744;3;1;150;Batas Wilkerstat;15040;Batas SLS;2025-08-02 14:22:45;2025-08-02 14:21:21;Dewi karnia novianti;https://wilkerstat.bps.go.id/api/landmark/90518669/photo
90528628;HQCSCI;BATAS 4 (SELOKAN SAWAH );0035;RT 001 RW 012;3272011001;-6.964831443037;106.88907857984;3;1;150;Batas Wilkerstat;15040;Batas SLS;2025-08-02 14:34:06;2025-08-02 14:32:44;Dewi karnia novianti;https://wilkerstat.bps.go.id/api/landmark/90528628/photo
90531261;HQCVZP;BATAS 3  (SAWAH);0035;RT 001 RW 012;3272011001;-6.9648271166104;106.88890323043;2.2799999713898;1;150;Batas Wilkerstat;15040;Batas SLS;2025-08-02 14:37:01;2025-08-02 14:35:37;Dewi karnia novianti;https://wilkerstat.bps.go.id/api/landmark/90531261/photo
90597882;HQGQNY;BATAS 1 (RUMAH BU YAYAT);0035;RT 001 RW 012;3272011001;-6.9672678;106.8877893;3;1;150;Batas Wilkerstat;15040;Batas SLS;2025-08-02 15:46:36;2025-08-02 15:45:12;Dewi karnia novianti;https://wilkerstat.bps.go.id/api/landmark/90597882/photo
90607758;HQHFDU;BATAS 7(RUMAH YATI);0035;RT 001 RW 012;3272011001;-6.967245;106.8886383;1.8200000524521;1;150;Batas Wilkerstat;15040;Batas SLS;2025-08-02 15:56:27;2025-08-02 15:55:03;Dewi karnia novianti;https://wilkerstat.bps.go.id/api/landmark/90607758/photo
91416704;HSBFVC;BATAS2 SELOKAN;0035;RT 001 RW 012;3272011001;-6.9656051;106.8877575;3;1;150;Batas Wilkerstat;15040;Batas SLS;2025-08-04 09:48:18;2025-08-04 09:46:53;Dewi karnia novianti;https://wilkerstat.bps.go.id/api/landmark/91416704/photo
90503812;HQBHJW;BATAS 3  (SOLOKAN);0036;RT 002 RW 012;3272011001;-6.9668053;106.8888462;2.4000000953674;1;150;Batas Wilkerstat;15040;Batas SLS;2025-08-02 14:05:23;2025-08-02 14:04:00;Dewi karnia novianti;https://wilkerstat.bps.go.id/api/landmark/90503812/photo
90599382;HQGSTQ;BATAS 2 (POSYANDU);0036;RT 002 RW 012;3272011001;-6.9672372;106.8878052;2.9000000953674;1;150;Batas Wilkerstat;15040;Batas SLS;2025-08-02 15:48:01;2025-08-02 15:46:37;Dewi karnia novianti;https://wilkerstat.bps.go.id/api/landmark/90599382/photo
90983179;HRCONB;BATAS 1 (KEBUN BAMBU);0036;RT 002 RW 012;3272011001;-6.9687681419246;106.88729591668;1.9160000085831;1;150;Batas Wilkerstat;15040;Batas SLS;2025-08-03 11:37:12;2025-08-03 11:37:02;Dewi karnia novianti;https://wilkerstat.bps.go.id/api/landmark/90983179/photo
91074765;HRHTZP;BATAS 5 ( SUNGAI CIMANDIRI );0036;RT 002 RW 012;3272011001;-6.9701043290196;106.89035598189;2.0999999046326;1;150;Batas Wilkerstat;15040;Batas SLS;2025-08-03 13:42:47;2025-08-03 13:41:23;Dewi karnia novianti;https://wilkerstat.bps.go.id/api/landmark/91074765/photo
91078818;HRHZZM;BATAS 4 (SELOKAN);0036;RT 002 RW 012;3272011001;-6.9688327049752;106.89079720527;3;1;150;Batas Wilkerstat;15040;Batas SLS;2025-08-03 13:48:41;2025-08-03 13:47:16;Dewi karnia novianti;https://wilkerstat.bps.go.id/api/landmark/91078818/photo
91720348;HSSMZS;KEBUN PINGIR JALAN;0036;RT 002 RW 012;3272011001;-6.967698;106.887471;6.7769999504089;1;150;Batas Wilkerstat;15040;Batas SLS;2025-08-04 15:28:28;2025-08-04 15:27:04;Dewi karnia novianti;https://wilkerstat.bps.go.id/api/landmark/91720348/photo
91119530;HRKIFI;BATAS 5 (SUNGAI CIMANDIRI);0037;RT 003 RW 012;3272011001;-6.969961225727;106.88828866929;4.3000001907349;1;150;Batas Wilkerstat;15040;Batas SLS;2025-08-03 14:40:14;2025-08-03 14:38:49;Dewi karnia novianti;https://wilkerstat.bps.go.id/api/landmark/91119530/photo
91145464;HRLUOU;BATAS 4 (JALAN PETERNAKAN);0037;RT 003 RW 012;3272011001;-6.968729870009;106.88698310405;1.8500000238419;1;150;Batas Wilkerstat;15040;Batas SLS;2025-08-03 15:10:25;2025-08-03 15:09:01;Dewi karnia novianti;https://wilkerstat.bps.go.id/api/landmark/91145464/photo
91156079;HRMKHB;BATAS 1 (SUNGAI CIMANDIRI);0037;RT 003 RW 012;3272011001;-6.9736992025089;106.88456643373;3;1;150;Batas Wilkerstat;15040;Batas SLS;2025-08-03 15:21:56;2025-08-03 15:20:32;Dewi karnia novianti;https://wilkerstat.bps.go.id/api/landmark/91156079/photo
91186459;HRODFN;BATAS 2 (JALAN SETAPAK TEMBOK SILGA);0037;RT 003 RW 012;3272011001;-6.9720288;106.8838352;2.2999999523163;1;150;Batas Wilkerstat;15040;Batas SLS;2025-08-03 15:54:40;2025-08-03 15:53:15;Dewi karnia novianti;https://wilkerstat.bps.go.id/api/landmark/91186459/photo
91197997;HROUHH;BATAS 3 (TEMBOK SILGA AREA PEMAKAMAN);0037;RT 003 RW 012;3272011001;-6.9704217;106.8839167;1.8300000429153;1;150;Batas Wilkerstat;15040;Batas SLS;2025-08-03 16:06:02;2025-08-03 16:04:38;Dewi karnia novianti;https://wilkerstat.bps.go.id/api/landmark/91197997/photo
91515550;HSGWAW;SELOKAN;0062;RT 001 RW 020;3272011001;-6.962281;106.8787774;6.5359997749329;1;150;Batas Wilkerstat;15040;Batas SLS;2025-08-04 11:27:15;2025-08-04 11:27:18;RIFKI SULAEMAN;https://wilkerstat.bps.go.id/api/landmark/91515550/photo
91525073;HSHKDD;SUNGAI CIPELANG;0062;RT 001 RW 020;3272011001;-6.9619896;106.8778475;3.6019999980927;1;150;Batas Wilkerstat;15040;Batas SLS;2025-08-04 11:37:44;2025-08-04 11:37:46;RIFKI SULAEMAN;https://wilkerstat.bps.go.id/api/landmark/91525073/photo
91513618;HSGTEO;BATAS ( SELOKAN );0063;RT 002 RW 020;3272011001;-6.9622828380386;106.8787721917;3.7909998893738;1;150;Batas Wilkerstat;15040;Batas SLS;2025-08-04 11:25:10;2025-08-04 11:25:12;RIFKI SULAEMAN;https://wilkerstat.bps.go.id/api/landmark/91513618/photo
91657332;HSOXUA;BATAS 3 ( SUNGAI & GANG  DEPAN MCK RW 20 );0063;RT 002 RW 020;3272011001;-6.9620834884871;106.8795446679;4.2410001754761;1;150;Batas Wilkerstat;15040;Batas SLS;2025-08-01 10:20:08;2025-08-04 14:28:11;RIFKI SULAEMAN;https://wilkerstat.bps.go.id/api/landmark/91657332/photo
89967217;HOWTPP;BATAS 3 ( SELOKAN BELAKANG MUSHOLA );0064;RT 003 RW 020;3272011001;-6.9618498600236;106.8804757297;5.5380001068115;1;150;Batas Wilkerstat;15040;Batas SLS;2025-08-01 11:25:58;2025-08-01 11:26:01;RIFKI SULAEMAN;https://wilkerstat.bps.go.id/api/landmark/89967217/photo
89971220;HOWZNO;BATAS 4 (SELOKAN);0064;RT 003 RW 020;3272011001;-6.9623720294633;106.88200492412;3.8540000915527;1;150;Batas Wilkerstat;15040;Batas SLS;2025-08-01 11:34:40;2025-08-01 11:34:44;RIFKI SULAEMAN;https://wilkerstat.bps.go.id/api/landmark/89971220/photo
90749266;HQPGMK;BATAS 1 ( UJUNG RUMAH BPK DIMAN );0064;RT 003 RW 020;3272011001;-6.9629699;106.8797776;3.789999961853;1;150;Batas Wilkerstat;15040;Batas SLS;2025-08-01 10:00:09;2025-08-02 20:12:17;RIFKI SULAEMAN;https://wilkerstat.bps.go.id/api/landmark/90749266/photo
90749390;HQPGRE;BATAS 2 ( SELOKAN & GANG DEPAN MCK RW 20 );0064;RT 003 RW 020;3272011001;-6.9620834884871;106.87954097986;4.8400001525879;1;150;Batas Wilkerstat;15040;Batas SLS;2025-08-01 10:12:47;2025-08-02 20:13:42;RIFKI SULAEMAN;https://wilkerstat.bps.go.id/api/landmark/90749390/photo
91626047;HSNDMT;BATAS 1 ( KEBUN );0022;RT 004 RW 007;3272011001;-6.9595258828054;106.88413895667;2.8829998970032;1;150;Batas Wilkerstat;15040;Batas SLS;2025-08-04 13:54:03;2025-08-04 13:54:06;Asep Rahmat;https://wilkerstat.bps.go.id/api/landmark/91626047/photo
91629598;HSNITI;BATAS 2 ( SUNGAI CIPELANG );0022;RT 004 RW 007;3272011001;-6.9570854114562;106.88476826996;5.811999797821;1;150;Batas Wilkerstat;15040;Batas SLS;2025-08-04 13:58:13;2025-08-04 13:58:15;Asep Rahmat;https://wilkerstat.bps.go.id/api/landmark/91629598/photo
90238377;HPMESV;BATAS 1 RT 001 RW 001 (SAMPING JUWITA JAYA MOTOR);0001;RT 001 RW 001;3272011001;-6.9589151837466;106.89919821918;4.2659997940063;1;150;Batas Wilkerstat;15040;Batas SLS;2025-08-02 09:06:18;2025-08-02 09:06:21;ILI AGUS SUMANTRI ;https://wilkerstat.bps.go.id/api/landmark/90238377/photo
90245754;HPMPQO;BATAS 2 RT 001 RW 001 (SUNGAII CIPELANG);0001;RT 001 RW 001;3272011001;-6.9583763701298;106.89917106181;2.2999999523163;1;150;Batas Wilkerstat;15040;Batas SLS;2025-08-02 09:15:36;2025-08-02 09:15:39;ILI AGUS SUMANTRI ;https://wilkerstat.bps.go.id/api/landmark/90245754/photo
90265087;HPNSGD;BATAS 5 RT 001 RW 01 ( WARUNG PAK RW 001);0001;RT 001 RW 001;3272011001;-6.9588982106279;106.89816758037;2.0999999046326;1;150;Batas Wilkerstat;15040;Batas SLS;2025-08-02 09:37:09;2025-08-02 09:37:13;ILI AGUS SUMANTRI ;https://wilkerstat.bps.go.id/api/landmark/90265087/photo
90285024;HPOVSY;BATAS 3 RT 001 RW 001 SUNGAI CIPELANG;0001;RT 001 RW 001;3272011001;-6.9584163069231;106.89879823476;2.3329999446869;1;150;Batas Wilkerstat;15040;Batas SLS;2025-08-02 09:52:08;2025-08-02 09:57:30;ILI AGUS SUMANTRI ;https://wilkerstat.bps.go.id/api/landmark/90285024/photo
90286610;HPOYBY;BATAS 4 RT 001 RW 001 SUNGAI CIPELANG;0001;RT 001 RW 001;3272011001;-6.9574145579981;106.89854308963;2.3329999446869;1;150;Batas Wilkerstat;15040;Batas SLS;2025-08-02 09:29:22;2025-08-02 09:59:15;ILI AGUS SUMANTRI ;https://wilkerstat.bps.go.id/api/landmark/90286610/photo
90373402;HPTWMC;BATAS 3 RT 002 RW 001 SUNGAI CIPELANG;0002;RT 002 RW 001;3272011001;-6.9570734303846;106.89650259912;1.7829999923706;1;150;Batas Wilkerstat;15040;Batas SLS;2025-08-02 11:19:07;2025-08-02 11:19:09;ILI AGUS SUMANTRI ;https://wilkerstat.bps.go.id/api/landmark/90373402/photo
90386548;HPUPXS;BATAS 4 RT 002 RW 001 ( SAMPING SMPN 13 );0002;RT 002 RW 001;3272011001;-6.9589438050826;106.89661055803;1.5659999847412;1;150;Batas Wilkerstat;15040;Batas SLS;2025-08-02 11:31:33;2025-08-02 11:31:34;ILI AGUS SUMANTRI ;https://wilkerstat.bps.go.id/api/landmark/90386548/photo
90457697;HPYREF;BATAS 1 RT 002 RW 01 (GG. PONPES AL MUNAWARIYAH);0002;RT 002 RW 001;3272011001;-6.9588938841466;106.89816758037;1.4830000400543;1;150;Batas Wilkerstat;15040;Batas SLS;2025-08-02 10:47:44;2025-08-02 13:01:42;ILI AGUS SUMANTRI ;https://wilkerstat.bps.go.id/api/landmark/90457697/photo
90458335;HPYSCT;BATAS 2 RT 002 RW 01 SUNGAI CIPELANG;0002;RT 002 RW 001;3272011001;-6.9563542327211;106.89796406776;2.2000000476837;1;150;Batas Wilkerstat;15040;Batas SLS;2025-08-02 11:03:26;2025-08-02 13:02:35;ILI AGUS SUMANTRI ;https://wilkerstat.bps.go.id/api/landmark/90458335/photo
90468415;HPZHAL;BATAS 1 RT 003 RW 001 TANAH KOSONG;0003;RT 003 RW 001;3272011001;-6.9589481315635;106.89646303654;1.7330000400543;1;150;Batas Wilkerstat;15040;Batas SLS;2025-08-02 13:17:11;2025-08-02 13:17:11;ILI AGUS SUMANTRI ;https://wilkerstat.bps.go.id/api/landmark/90468415/photo
90473250;HPZOEK;BATAS 2 RT 003 RW 001 SAWAH;0003;RT 003 RW 001;3272011001;-6.9598546948306;106.89647208899;1.7000000476837;1;150;Batas Wilkerstat;15040;Batas SLS;2025-08-02 13:24:14;2025-08-02 13:24:17;ILI AGUS SUMANTRI ;https://wilkerstat.bps.go.id/api/landmark/90473250/photo
90476790;HPZTKO;BATAS 3 RT 003 RW 001 SAWAH;0003;RT 003 RW 001;3272011001;-6.9598330624676;106.89717214555;1.4659999608994;1;150;Batas Wilkerstat;15040;Batas SLS;2025-08-02 13:29:08;2025-08-02 13:29:12;ILI AGUS SUMANTRI ;https://wilkerstat.bps.go.id/api/landmark/90476790/photo
90490987;HQAOKP;BATAS 4 RT 003 RW 01 TANAH PAK JOHAN;0003;RT 003 RW 001;3272011001;-6.9609492910969;106.89728312194;1.7159999608994;1;150;Batas Wilkerstat;15040;Batas SLS;2025-08-02 13:48:32;2025-08-02 13:48:35;ILI AGUS SUMANTRI ;https://wilkerstat.bps.go.id/api/landmark/90490987/photo
90501043;HQBDHJ;BATAS 5 RT 003 RW 001 SELOKAN SAWAH;0003;RT 003 RW 001;3272011001;-6.9606457730204;106.89845960587;1.4659999608994;1;150;Batas Wilkerstat;15040;Batas SLS;2025-08-02 14:00:54;2025-08-02 14:00:56;ILI AGUS SUMANTRI ;https://wilkerstat.bps.go.id/api/landmark/90501043/photo
90506578;HQBLMG;BATAS 6 RT 003 RW 001 TANAH IBU MELA;0003;RT 003 RW 001;3272011001;-6.9593937588802;106.89841032028;1.7000000476837;1;150;Batas Wilkerstat;15040;Batas SLS;2025-08-02 14:07:09;2025-08-02 14:07:13;ILI AGUS SUMANTRI ;https://wilkerstat.bps.go.id/api/landmark/90506578/photo
90510387;HQBRCT;BATAS 7 RT 003 RW 001 TANA BPK. ENCEP;0003;RT 003 RW 001;3272011001;-6.9594103991751;106.89922939986;1.8329999446869;1;150;Batas Wilkerstat;15040;Batas SLS;2025-08-02 14:12:04;2025-08-02 14:12:06;ILI AGUS SUMANTRI ;https://wilkerstat.bps.go.id/api/landmark/90510387/photo
90514923;HQBXVF;BATAS 7 RT 003 RW 001 ( NOTARIS IMELDA );0003;RT 003 RW 001;3272011001;-6.9589178461965;106.89919989556;1.6829999685287;1;150;Batas Wilkerstat;15040;Batas SLS;2025-08-02 14:16:58;2025-08-02 14:16:59;ILI AGUS SUMANTRI ;https://wilkerstat.bps.go.id/api/landmark/90514923/photo
90944016;HRAIOU;BATAS 1  RT 001 RW 002 GERBANG SITU ENDAH;0004;RT 001 RW 002;3272011001;-6.9589754216727;106.89566407353;1.3999999761581;1;150;Batas Wilkerstat;15040;Batas SLS;2025-08-03 11:00:20;2025-08-03 11:00:24;ILI AGUS SUMANTRI ;https://wilkerstat.bps.go.id/api/landmark/90944016/photo
90969346;HRBUBA;BATAS 2 RT 001 RW 002 RUMQH PAK HENDRIK;0004;RT 001 RW 002;3272011001;-6.9600378;106.8956652;1.6160000562668;1;150;Batas Wilkerstat;15040;Batas SLS;2025-08-03 11:24:00;2025-08-03 11:24:02;ILI AGUS SUMANTRI ;https://wilkerstat.bps.go.id/api/landmark/90969346/photo
90977990;HRCGVM;BATAS 7 RT 001 RW 002 TANAH KOSONG DAN SAWAH;0004;RT 001 RW 002;3272011001;-6.9589434722764;106.89646001905;1.6660000085831;1;150;Batas Wilkerstat;15040;Batas SLS;2025-08-03 11:32:10;2025-08-03 11:32:15;ILI AGUS SUMANTRI ;https://wilkerstat.bps.go.id/api/landmark/90977990/photo
90982997;HRCOGB;BATAS 6 RT 001 RW 002 SAWAH DAN RUMAH PA ABAS;0004;RT 001 RW 002;3272011001;-6.9598556932474;106.89647041261;1.7999999523163;1;150;Batas Wilkerstat;15040;Batas SLS;2025-08-03 11:36:48;2025-08-03 11:36:51;ILI AGUS SUMANTRI ;https://wilkerstat.bps.go.id/api/landmark/90982997/photo
90985607;HRCSCL;BATAS 5 RT 01 RW 002 RUMAH BU WIWIN DAN SAWAH;0004;RT 001 RW 002;3272011001;-6.9598350593012;106.89717315137;1.6000000238419;1;150;Batas Wilkerstat;15040;Batas SLS;2025-08-03 11:39:34;2025-08-03 11:39:36;ILI AGUS SUMANTRI ;https://wilkerstat.bps.go.id/api/landmark/90985607/photo
90989429;HRCXTL;BATAS 3 RT 001 RW 002 TANAH KOSONG;0004;RT 001 RW 002;3272011001;-6.9602856778549;106.89622834325;1.6330000162125;1;150;Batas Wilkerstat;15040;Batas SLS;2025-08-03 11:43:31;2025-08-03 11:43:39;ILI AGUS SUMANTRI ;https://wilkerstat.bps.go.id/api/landmark/90989429/photo
91000089;HRDNNL;BATAS 4 RT 001 RW 002 RUMAH IBU LINA DAN SAWAH;0004;RT 001 RW 002;3272011001;-6.9602540613531;106.89720265567;1.5659999847412;1;150;Batas Wilkerstat;15040;Batas SLS;2025-08-03 11:55:02;2025-08-03 11:55:03;ILI AGUS SUMANTRI ;https://wilkerstat.bps.go.id/api/landmark/91000089/photo
90836326;HQUFGW;BATAS 1 ( SELOKAN );0065;RT 001 RW 021;3272011001;-6.9619588;106.8778387;1.8999999761581;1;150;Batas Wilkerstat;15040;Batas SLS;2025-08-03 09:19:26;2025-08-03 09:19:30;Asep Rahmat;https://wilkerstat.bps.go.id/api/landmark/90836326/photo
90850396;HQVACA;BATAS 2 (SUNGAI CIPELANG );0065;RT 001 RW 021;3272011001;-6.9613882604237;106.87770567834;2.0539999008179;1;150;Batas Wilkerstat;15040;Batas SLS;2025-08-03 09:34:18;2025-08-03 09:34:21;Asep Rahmat;https://wilkerstat.bps.go.id/api/landmark/90850396/photo
90916472;HQYTVK;BATAS 5 ( SELOKAN );0065;RT 001 RW 021;3272011001;-6.9618828076344;106.88042476773;3.2860000133514;1;150;Batas Wilkerstat;15040;Batas SLS;2025-08-03 10:35:49;2025-08-03 10:35:52;Asep Rahmat;https://wilkerstat.bps.go.id/api/landmark/90916472/photo
90938648;HRAAQI;BATAS 3 ( SUNGAI CIPELANG );0065;RT 001 RW 021;3272011001;-6.9603845210101;106.87985815108;2.805999994278;1;150;Batas Wilkerstat;15040;Batas SLS;2025-08-03 10:55:36;2025-08-03 10:55:40;Asep Rahmat;https://wilkerstat.bps.go.id/api/landmark/90938648/photo
91002920;HRDRSI;BATAS 4 ( MAKAM );0065;RT 001 RW 021;3272011001;-6.9616315404425;106.88009418547;3.8320000171661;1;150;Batas Wilkerstat;15040;Batas SLS;2025-08-03 11:58:27;2025-08-03 11:58:30;Asep Rahmat;https://wilkerstat.bps.go.id/api/landmark/91002920/photo
91521351;HSHEPZ;BATAS 6 ( SELOKAN );0065;RT 001 RW 021;3272011001;-6.9622256;106.878859;1.7400000095367;1;150;Batas Wilkerstat;15040;Batas SLS;2025-08-04 11:33:39;2025-08-04 11:33:42;Asep Rahmat;https://wilkerstat.bps.go.id/api/landmark/91521351/photo
90924468;HQZFQY;BATAS 1 ( RUMAH SUPRIATNA );0066;RT 002 RW 021;3272011001;-6.9618185;106.8804615;2.2980000972748;1;150;Batas Wilkerstat;15040;Batas SLS;2025-08-03 10:43:09;2025-08-03 10:43:12;Asep Rahmat;https://wilkerstat.bps.go.id/api/landmark/90924468/photo
90941777;HRAFGR;BATAS 3 ( SUNGAI CIPELANG );0066;RT 002 RW 021;3272011001;-6.9604254;106.8798759;1.8509999513626;1;150;Batas Wilkerstat;15040;Batas SLS;2025-08-03 10:58:25;2025-08-03 10:58:30;Asep Rahmat;https://wilkerstat.bps.go.id/api/landmark/90941777/photo
91001070;HRDOZE;BATAS 2 ( TANAH AHMAD );0066;RT 002 RW 021;3272011001;-6.961512;106.88004;2.2149999141693;1;150;Batas Wilkerstat;15040;Batas SLS;2025-08-03 11:56:06;2025-08-03 11:56:09;Asep Rahmat;https://wilkerstat.bps.go.id/api/landmark/91001070/photo
91542816;HSIKJO;BATAS;0066;RT 002 RW 021;3272011001;-6.9621557;106.8812438;3.2929999828339;1;150;Batas Wilkerstat;15040;Batas SLS;2025-08-04 11:58:20;2025-08-04 11:58:22;Asep Rahmat;https://wilkerstat.bps.go.id/api/landmark/91542816/photo
91550035;HSIVBF;BATAS ( SELOKAN );0066;RT 002 RW 021;3272011001;-6.9623836;106.8825672;2.8369998931885;1;150;Batas Wilkerstat;15040;Batas SLS;2025-08-04 12:07:18;2025-08-04 12:07:20;Asep Rahmat;https://wilkerstat.bps.go.id/api/landmark/91550035/photo
91558394;HSJHKS;BATAS ( SAWAH );0066;RT 002 RW 021;3272011001;-6.9615908;106.8828873;2.9830000400543;1;150;Batas Wilkerstat;15040;Batas SLS;2025-08-04 12:18:55;2025-08-04 12:18:57;Asep Rahmat;https://wilkerstat.bps.go.id/api/landmark/91558394/photo
91609871;HSMFOP;BATAS ( SUNGAI CIPELANG );0066;RT 002 RW 021;3272011001;-6.9597689;106.8823762;2.3310000896454;1;150;Batas Wilkerstat;15040;Batas SLS;2025-08-04 13:34:35;2025-08-04 13:34:36;Asep Rahmat;https://wilkerstat.bps.go.id/api/landmark/91609871/photo
90855639;HQVHVR;BATAS 1 RT 002 RW 02 SAWAH;0005;RT 002 RW 002;3272011001;-6.9622598745721;106.89539048821;3;1;150;Batas Wilkerstat;15040;Batas SLS;2025-08-03 09:39:19;2025-08-03 09:39:27;ILI AGUS SUMANTRI ;https://wilkerstat.bps.go.id/api/landmark/90855639/photo
90861842;HQVRAG;BATAS 2 RT 002 RW 002 SELOKAN;0005;RT 002 RW 002;3272011001;-6.9622745179422;106.89638089389;2.2330000400543;1;150;Batas Wilkerstat;15040;Batas SLS;2025-08-03 09:45:52;2025-08-03 09:45:54;ILI AGUS SUMANTRI ;https://wilkerstat.bps.go.id/api/landmark/90861842/photo
90928485;HQZLPL;BATAS 3 RT 002 RW 002;0005;RT 002 RW 002;3272011001;-6.9600044573164;106.89620621502;1.7829999923706;1;150;Batas Wilkerstat;15040;Batas SLS;2025-08-03 10:46:37;2025-08-03 10:46:41;ILI AGUS SUMANTRI ;https://wilkerstat.bps.go.id/api/landmark/90928485/photo
90934808;HQZUYQ;BATAS 4 RT 002 RW 002 RUMAH PAK HENDRIK;0005;RT 002 RW 002;3272011001;-6.9600317473642;106.89566876739;1.6829999685287;1;150;Batas Wilkerstat;15040;Batas SLS;2025-08-03 10:52:11;2025-08-03 10:52:15;ILI AGUS SUMANTRI ;https://wilkerstat.bps.go.id/api/landmark/90934808/photo
90942042;HRAFQW;BATAS 5 RT 002 RW 002 GERBANG PERUM SITU ENDAH;0005;RT 002 RW 002;3272011001;-6.9589730920293;106.89566239715;1.5;1;150;Batas Wilkerstat;15040;Batas SLS;2025-08-03 10:58:41;2025-08-03 10:58:44;ILI AGUS SUMANTRI ;https://wilkerstat.bps.go.id/api/landmark/90942042/photo
90948972;HRAPXK;BATAS 6 RT 002 RW 002 WARUNG BU AMIR;0005;RT 002 RW 002;3272011001;-6.9589774185099;106.89514439553;1.4160000085831;1;150;Batas Wilkerstat;15040;Batas SLS;2025-08-03 11:05:19;2025-08-03 11:05:21;ILI AGUS SUMANTRI ;https://wilkerstat.bps.go.id/api/landmark/90948972/photo
90963553;HRBLMF;BATAS 7 RT 002 RW 002 JALAN NILEM;0005;RT 002 RW 002;3272011001;-6.960295662013;106.89507700503;1.7829999923706;1;150;Batas Wilkerstat;15040;Batas SLS;2025-08-03 11:18:26;2025-08-03 11:18:28;ILI AGUS SUMANTRI ;https://wilkerstat.bps.go.id/api/landmark/90963553/photo
91586966;HSKXRQ;BATAS 2 ( SAWAH );0067;RT 003 RW 021;3272011001;-6.9615494;106.8828914;2.2939999103546;1;150;Batas Wilkerstat;15040;Batas SLS;2025-08-04 13:03:00;2025-08-04 13:03:03;Asep Rahmat;https://wilkerstat.bps.go.id/api/landmark/91586966/photo
91590445;HSLCVL;BATAS 1 ( GUDANG SEMEN;0067;RT 003 RW 021;3272011001;-6.9623977;106.8826702;2.5199999809265;1;150;Batas Wilkerstat;15040;Batas SLS;2025-08-04 13:08:12;2025-08-04 13:08:14;Asep Rahmat;https://wilkerstat.bps.go.id/api/landmark/91590445/photo
91606626;HSMATU;BATAS 3 ( KEBUN;0067;RT 003 RW 021;3272011001;-6.9597762;106.8823081;3;1;150;Batas Wilkerstat;15040;Batas SLS;2025-08-04 13:30:35;2025-08-04 13:30:37;Asep Rahmat;https://wilkerstat.bps.go.id/api/landmark/91606626/photo
91622716;HSMYOQ;BATAS 4 ( SUNGAI CIPELANG );0067;RT 003 RW 021;3272011001;-6.9595488464058;106.88385229558;2.5360000133514;1;150;Batas Wilkerstat;15040;Batas SLS;2025-08-04 13:50:05;2025-08-04 13:50:08;Asep Rahmat;https://wilkerstat.bps.go.id/api/landmark/91622716/photo
90863598;HQVTPU;BATAS 1 RT 003 RW 002 SELOKAN CIWALUNGAN;0006;RT 003 RW 002;3272011001;-6.9622322518499;106.89638692886;2.1159999370575;1;150;Batas Wilkerstat;15040;Batas SLS;2025-08-03 09:47:28;2025-08-03 09:47:32;ILI AGUS SUMANTRI ;https://wilkerstat.bps.go.id/api/landmark/90863598/photo
90872683;HQWHBF;BATAS 2 RT 003 RW 002 SELOKAN KECI DI SAWAH;0006;RT 003 RW 002;3272011001;-6.9623919976903;106.89709234983;1.7159999608994;1;150;Batas Wilkerstat;15040;Batas SLS;2025-08-03 09:56:12;2025-08-03 09:56:14;ILI AGUS SUMANTRI ;https://wilkerstat.bps.go.id/api/landmark/90872683/photo
90887256;HQXCPS;BATAS 3 RT 003 RW 001 RUMAH PAK BAGUS;0006;RT 003 RW 002;3272011001;-6.9608117;106.897055;2.0160000324249;1;150;Batas Wilkerstat;15040;Batas SLS;2025-08-03 10:09:29;2025-08-03 10:09:30;ILI AGUS SUMANTRI ;https://wilkerstat.bps.go.id/api/landmark/90887256/photo
90893246;HQXLMC;BATAS 4 RT 003 RW 02 RUMAH KOSONG GARASI ENTIK;0006;RT 003 RW 002;3272011001;-6.9608717;106.8972783;2.0160000324249;1;150;Batas Wilkerstat;15040;Batas SLS;2025-08-03 10:14:49;2025-08-03 10:14:50;ILI AGUS SUMANTRI ;https://wilkerstat.bps.go.id/api/landmark/90893246/photo
90912986;HQYORI;BATAS 5 RT 003 RW 002 SAWAH DAN PEMNCINGAN;0006;RT 003 RW 002;3272011001;-6.9602570566007;106.89720198512;2.0659999847412;1;150;Batas Wilkerstat;15040;Batas SLS;2025-08-03 10:32:35;2025-08-03 10:32:38;ILI AGUS SUMANTRI ;https://wilkerstat.bps.go.id/api/landmark/90912986/photo
90920786;HQZAFI;BATAS 6 RT 003 RW 002 TANAH KOSONG;0006;RT 003 RW 002;3272011001;-6.960283348218;106.89622733742;1.8329999446869;1;150;Batas Wilkerstat;15040;Batas SLS;2025-08-03 10:39:57;2025-08-03 10:39:59;ILI AGUS SUMANTRI ;https://wilkerstat.bps.go.id/api/landmark/90920786/photo
90860704;HQVPIM;BATAS 2 ( JEMBATAN KIBITAY );0032;RT 001 RW 011;3272011001;-6.9685618;106.8923649;2.7699999809265;1;150;Batas Wilkerstat;15040;Batas SLS;2025-08-03 09:44:47;2025-08-03 09:44:51;Respiana Witnasari;https://wilkerstat.bps.go.id/api/landmark/90860704/photo
90894694;HQXNPU;BATAS 3 ( GG. MESJID AL MAMUN );0032;RT 001 RW 011;3272011001;-6.9671865;106.8918736;1.5499999523163;1;150;Batas Wilkerstat;15040;Batas SLS;2025-08-03 10:16:11;2025-08-03 10:16:14;Respiana Witnasari;https://wilkerstat.bps.go.id/api/landmark/90894694/photo
90925507;HQZHEX;BATAS 4 ( RUMAH PA UYUK );0032;RT 001 RW 011;3272011001;-6.96716;106.8909317;1.8430000543594;1;150;Batas Wilkerstat;15040;Batas SLS;2025-08-03 10:44:03;2025-08-03 10:44:06;Respiana Witnasari;https://wilkerstat.bps.go.id/api/landmark/90925507/photo
91084770;HRIIUK;BATAS 1 ( JEMBATAN CIADUNG );0032;RT 001 RW 011;3272011001;-6.9682832531627;106.8913051486;17.403999328613;1;150;Batas Wilkerstat;15040;Batas SLS;2025-08-03 13:55:09;2025-08-03 13:55:13;Respiana Witnasari;https://wilkerstat.bps.go.id/api/landmark/91084770/photo
90634930;HQITIW;BATAS 3 ( WARUNG BIDU );0033;RT 002 RW 011;3272011001;-6.966405;106.8919383;1.75;1;150;Batas Wilkerstat;15040;Batas SLS;2025-08-02 16:19:24;2025-08-02 16:20:06;Respiana Witnasari;https://wilkerstat.bps.go.id/api/landmark/90634930/photo
90941412;HRAESQ;BATAS 2 ( WARUNG NASUTION );0033;RT 002 RW 011;3272011001;-6.9663067;106.8910833;1.3999999761581;1;150;Batas Wilkerstat;15040;Batas SLS;2025-08-03 10:58:08;2025-08-03 10:58:12;Respiana Witnasari;https://wilkerstat.bps.go.id/api/landmark/90941412/photo
90977880;HRCGRG;BATAS 1 ( RUMAH IRMAN );0033;RT 002 RW 011;3272011001;-6.9671683;106.890925;4.0560002326965;1;150;Batas Wilkerstat;15040;Batas SLS;2025-08-03 11:32:05;2025-08-03 11:32:08;Respiana Witnasari;https://wilkerstat.bps.go.id/api/landmark/90977880/photo
90981974;HRCMSS;BATAS 4 (GG. MESJID AL MAMUN);0033;RT 002 RW 011;3272011001;-6.9671754;106.8918681;3.4869999885559;1;150;Batas Wilkerstat;15040;Batas SLS;2025-08-03 11:35:53;2025-08-03 11:35:56;Respiana Witnasari;https://wilkerstat.bps.go.id/api/landmark/90981974/photo
90939460;HRABVO;BATAS 1 ( RUMAH H. CAYON );0034;RT 003 RW 011;3272011001;-6.966325;106.8910533;1.3999999761581;1;150;Batas Wilkerstat;15040;Batas SLS;2025-08-03 10:56:20;2025-08-03 10:56:23;Respiana Witnasari;https://wilkerstat.bps.go.id/api/landmark/90939460/photo
90965485;HRBOIN;BATAS 2 ( KONTRAKAN HADI );0034;RT 003 RW 011;3272011001;-6.96602;106.8889039;3.0639998912811;1;150;Batas Wilkerstat;15040;Batas SLS;2025-08-03 11:20:13;2025-08-03 11:20:16;Respiana Witnasari;https://wilkerstat.bps.go.id/api/landmark/90965485/photo
90972336;HRBYMA;BATAS 3 ( SOLOKAN );0034;RT 003 RW 011;3272011001;-6.96729;106.8895183;1.5499999523163;1;150;Batas Wilkerstat;15040;Batas SLS;2025-08-03 11:26:40;2025-08-03 11:26:44;Respiana Witnasari;https://wilkerstat.bps.go.id/api/landmark/90972336/photo
91086322;HRILCC;BATAS 4 ( JEMBATAN CIADUNG );0034;RT 003 RW 011;3272011001;-6.9683178643195;106.89129710197;1.7000000476837;1;150;Batas Wilkerstat;15040;Batas SLS;2025-08-03 13:57:22;2025-08-03 13:57:26;Respiana Witnasari;https://wilkerstat.bps.go.id/api/landmark/91086322/photo
91091900;HRITIQ;BATAS 5 ( SELOKAN );0034;RT 003 RW 011;3272011001;-6.9688024202464;106.89079888165;2.6989998817444;1;150;Batas Wilkerstat;15040;Batas SLS;2025-08-03 14:04:47;2025-08-03 14:04:50;Respiana Witnasari;https://wilkerstat.bps.go.id/api/landmark/91091900/photo
90592383;HQGIKL;BATAS 2 (RUMAH PAK BAMBANG);0038;RT 001 RW 013;3272011001;-6.9677534;106.8877779;1.9370000362396;1;150;Batas Wilkerstat;15040;Batas SLS;2025-08-02 15:41:09;2025-08-02 15:39:45;Dewi karnia novianti;https://wilkerstat.bps.go.id/api/landmark/90592383/photo
90867441;HQVZHP;BATAS 3 (SELOKAN);0038;RT 001 RW 013;3272011001;-6.9647212855466;106.88679736108;2.039999961853;1;150;Batas Wilkerstat;15040;Batas SLS;2025-08-03 09:52:25;2025-08-03 09:51:01;Dewi karnia novianti;https://wilkerstat.bps.go.id/api/landmark/90867441/photo
90994889;HRDFVL;BATAS 4 (SAWAH);0038;RT 001 RW 013;3272011001;-6.96471;106.8877417;1.2999999523163;1;150;Batas Wilkerstat;15040;Batas SLS;2025-08-03 10:02:39;2025-08-03 11:49:17;Dewi karnia novianti;https://wilkerstat.bps.go.id/api/landmark/90994889/photo
91644636;HSOEZS;BATAS 1 KEBUN;0038;RT 001 RW 013;3272011001;-6.9678196630949;106.88695326447;3;1;150;Batas Wilkerstat;15040;Batas SLS;2025-08-04 14:16:27;2025-08-04 14:15:02;Dewi karnia novianti;https://wilkerstat.bps.go.id/api/landmark/91644636/photo
91002885;HRDRQZ;BATAS 1 ( SAWAH );0029;RT 001 RW 010;3272011001;-6.9668333;106.893315;1.2000000476837;1;150;Batas Wilkerstat;15040;Batas SLS;2025-08-03 11:58:24;2025-08-03 11:58:27;Respiana Witnasari;https://wilkerstat.bps.go.id/api/landmark/91002885/photo
91011893;HREEZL;BATAS 2 ( SOLOKAN );0029;RT 001 RW 010;3272011001;-6.9662938;106.8932204;4.5120000839233;1;150;Batas Wilkerstat;15040;Batas SLS;2025-08-03 12:09:30;2025-08-03 12:09:35;Respiana Witnasari;https://wilkerstat.bps.go.id/api/landmark/91011893/photo
91017343;HRENBB;BATAS 3 ( RUKO BELOKAN );0029;RT 001 RW 010;3272011001;-6.9664289;106.891926;4.1300001144409;1;150;Batas Wilkerstat;15040;Batas SLS;2025-08-03 12:17:14;2025-08-03 12:17:18;Respiana Witnasari;https://wilkerstat.bps.go.id/api/landmark/91017343/photo
91064160;HRHEHS;BATAS 4 ( RUMAH BU ENTIN );0029;RT 001 RW 010;3272011001;-6.967024270597;106.89188014716;4.933000087738;1;150;Batas Wilkerstat;15040;Batas SLS;2025-08-03 13:26:37;2025-08-03 13:26:40;Respiana Witnasari;https://wilkerstat.bps.go.id/api/landmark/91064160/photo
90869404;HQWCFC;BATAS 1 (SUSUKAN KECIL);0039;RT 002 RW 013;3272011001;-6.96466;106.8867917;1.9329999685287;1;150;Batas Wilkerstat;15040;Batas SLS;2025-08-03 09:54:23;2025-08-03 09:52:58;Dewi karnia novianti;https://wilkerstat.bps.go.id/api/landmark/90869404/photo
90903936;HQYBHG;BATAS 2 (KEBUN);0039;RT 002 RW 013;3272011001;-6.9678769;106.8869134;3;1;150;Batas Wilkerstat;15040;Batas SLS;2025-08-03 10:26:04;2025-08-03 10:24:40;Dewi karnia novianti;https://wilkerstat.bps.go.id/api/landmark/90903936/photo
91624892;HSNBUI;BATAS SELOKAN;0039;RT 002 RW 013;3272011001;-6.96504;106.8863583;1.5;1;150;Batas Wilkerstat;15040;Batas SLS;2025-08-04 13:54:10;2025-08-04 13:52:45;Dewi karnia novianti;https://wilkerstat.bps.go.id/api/landmark/91624892/photo
91682504;HSQJAE;BATAS KEBUN BAMBU;0039;RT 002 RW 013;3272011001;-6.9677387;106.8861245;2.0799999237061;1;150;Batas Wilkerstat;15040;Batas SLS;2025-08-04 14:53:56;2025-08-04 14:52:30;Dewi karnia novianti;https://wilkerstat.bps.go.id/api/landmark/91682504/photo
90994432;HRDFDW;BATAS 1 (SAWAH);0030;RT 002 RW 010;3272011001;-6.9681481365068;106.89343247563;3.1110000610352;1;150;Batas Wilkerstat;15040;Batas SLS;2025-08-03 11:48:48;2025-08-03 11:48:51;Respiana Witnasari;https://wilkerstat.bps.go.id/api/landmark/90994432/photo
91001015;HRDOXB;BATAS 2 (SOLOKAN);0030;RT 002 RW 010;3272011001;-6.9668331;106.893315;3.4670000076294;1;150;Batas Wilkerstat;15040;Batas SLS;2025-08-03 11:56:03;2025-08-03 11:56:06;Respiana Witnasari;https://wilkerstat.bps.go.id/api/landmark/91001015/photo
91066969;HRHILT;BATAS 4 ( RUMAH BU SINTA );0030;RT 002 RW 010;3272011001;-6.9679071894673;106.89180504531;4.4670000076294;1;150;Batas Wilkerstat;15040;Batas SLS;2025-08-03 13:30:16;2025-08-03 13:30:19;Respiana Witnasari;https://wilkerstat.bps.go.id/api/landmark/91066969/photo
91736838;HSTLJY;BATAS ( GG. DPN RUMAH BU CUCUN );0030;RT 002 RW 010;3272011001;-6.9675956886912;106.89256343991;1.7000000476837;1;150;Batas Wilkerstat;15040;Batas SLS;2025-08-04 15:41:43;2025-08-04 15:41:46;Respiana Witnasari;https://wilkerstat.bps.go.id/api/landmark/91736838/photo
91755993;HSUNSR;BATAS ( RUMAH GOCENG );0030;RT 002 RW 010;3272011001;-6.9677604;106.8921566;4.2639999389648;1;150;Batas Wilkerstat;15040;Batas SLS;2025-08-04 15:58:13;2025-08-04 15:58:16;Respiana Witnasari;https://wilkerstat.bps.go.id/api/landmark/91755993/photo
91757361;HSUPTH;BATAS ( RUMAH AISYAH );0030;RT 002 RW 010;3272011001;-6.9679273;106.8921322;4.3540000915527;1;150;Batas Wilkerstat;15040;Batas SLS;2025-08-04 15:59:21;2025-08-04 15:59:24;Respiana Witnasari;https://wilkerstat.bps.go.id/api/landmark/91757361/photo
91785873;HSWFXX;BATAS ( KANDANG BEBEK );0030;RT 002 RW 010;3272011001;-6.9682812563651;106.89262982458;3.8280000686646;1;150;Batas Wilkerstat;15040;Batas SLS;2025-08-04 16:22:36;2025-08-04 16:22:39;Respiana Witnasari;https://wilkerstat.bps.go.id/api/landmark/91785873/photo
91800241;HSXBEN;BATAS ( WRG TEDI & RMH BU ENTIN );0030;RT 002 RW 010;3272011001;-6.966985;106.89188;1.6000000238419;1;150;Batas Wilkerstat;15040;Batas SLS;2025-08-04 16:33:56;2025-08-04 16:33:59;Respiana Witnasari;https://wilkerstat.bps.go.id/api/landmark/91800241/photo
91940133;HTFACZ;BATAS ( RUMAH PA OMA );0030;RT 002 RW 010;3272011001;-6.9668701839445;106.8924722448;2.4000000953674;1;150;Batas Wilkerstat;15040;Batas SLS;2025-08-05 08:29:19;2025-08-05 08:29:23;Respiana Witnasari;https://wilkerstat.bps.go.id/api/landmark/91940133/photo
91623727;HSNABN;BATAS SELOKAN;0040;RT 003 RW 013;3272011001;-6.9650367;106.8863432;3;1;150;Batas Wilkerstat;15040;Batas SLS;2025-08-04 13:52:44;2025-08-04 13:51:19;Dewi karnia novianti;https://wilkerstat.bps.go.id/api/landmark/91623727/photo
91660893;HSPDAZ;BATAS SAWAH;0040;RT 003 RW 013;3272011001;-6.9651366;106.8854926;1.5659999847412;1;150;Batas Wilkerstat;15040;Batas SLS;2025-08-04 14:33:13;2025-08-04 14:31:48;Dewi karnia novianti;https://wilkerstat.bps.go.id/api/landmark/91660893/photo
91717483;HSSITN;BATAS TEMBOK SILGA;0040;RT 003 RW 013;3272011001;-6.9677217;106.8874967;3.5360000133514;1;150;Batas Wilkerstat;15040;Batas SLS;2025-08-04 15:25:50;2025-08-04 15:24:26;Dewi karnia novianti;https://wilkerstat.bps.go.id/api/landmark/91717483/photo
91724766;HSSTNQ;TEMBOK SILGA PINGGIR JALAN;0040;RT 003 RW 013;3272011001;-6.969385;106.8867333;1.75;1;150;Batas Wilkerstat;15040;Batas SLS;2025-08-04 15:32:30;2025-08-04 15:31:05;Dewi karnia novianti;https://wilkerstat.bps.go.id/api/landmark/91724766/photo
91729286;HSTAFM;JALAN TIKUNGAN SILGA;0040;RT 003 RW 013;3272011001;-6.9699317;106.8844083;1.7159999608994;1;150;Batas Wilkerstat;15040;Batas SLS;2025-08-04 15:36:25;2025-08-04 15:35:00;Dewi karnia novianti;https://wilkerstat.bps.go.id/api/landmark/91729286/photo
91737761;HSTMTL;BELOKAN PANGGILINGAN;0040;RT 003 RW 013;3272011001;-6.9679683;106.8845333;1.75;1;150;Batas Wilkerstat;15040;Batas SLS;2025-08-04 15:43:58;2025-08-04 15:42:35;Dewi karnia novianti;https://wilkerstat.bps.go.id/api/landmark/91737761/photo
90870526;HQWDWG;BATAS 1 ( JEMBATAN KIBITAY );0031;RT 003 RW 010;3272011001;-6.9686001;106.8923349;1.5;1;150;Batas Wilkerstat;15040;Batas SLS;2025-08-03 09:54:00;2025-08-03 09:54:03;Respiana Witnasari;https://wilkerstat.bps.go.id/api/landmark/90870526/photo
91707339;HSRTTJ;BATAS 3 ( RUMAH EVI );0031;RT 003 RW 010;3272011001;-6.9676322966991;106.89292185009;4.2529997825623;1;150;Batas Wilkerstat;15040;Batas SLS;2025-08-04 15:15:14;2025-08-04 15:15:17;Respiana Witnasari;https://wilkerstat.bps.go.id/api/landmark/91707339/photo
91713844;HSSDJO;BATAS  ( SAWAH );0031;RT 003 RW 010;3272011001;-6.9689024;106.8936802;3.3819999694824;1;150;Batas Wilkerstat;15040;Batas SLS;2025-08-04 15:21:06;2025-08-04 15:21:09;Respiana Witnasari;https://wilkerstat.bps.go.id/api/landmark/91713844/photo
91719891;HSSMID;BATAS  4 ( SAWAH );0031;RT 003 RW 010;3272011001;-6.9682070420488;106.89342174679;3.0889999866486;1;150;Batas Wilkerstat;15040;Batas SLS;2025-08-04 15:26:37;2025-08-04 15:26:40;Respiana Witnasari;https://wilkerstat.bps.go.id/api/landmark/91719891/photo
91726649;HSSWIB;BATAS 5 ( KANDANG BEBEK );0031;RT 003 RW 010;3272011001;-6.9682166932386;106.89261373132;3.5;1;150;Batas Wilkerstat;15040;Batas SLS;2025-08-04 15:32:41;2025-08-04 15:32:44;Respiana Witnasari;https://wilkerstat.bps.go.id/api/landmark/91726649/photo
91729982;HSTBGG;BATAS ( RUMAH EVI );0031;RT 003 RW 010;3272011001;-6.9677187;106.8929273;4.4279999732971;1;150;Batas Wilkerstat;15040;Batas SLS;2025-08-04 15:35:33;2025-08-04 15:35:36;Respiana Witnasari;https://wilkerstat.bps.go.id/api/landmark/91729982/photo
91738277;HSTNNH;BATAS ( GG. DPN RUMAG BU ENGKAR );0031;RT 003 RW 010;3272011001;-6.9676099990946;106.89256176353;15.13300037384;1;150;Batas Wilkerstat;15040;Batas SLS;2025-08-04 15:42:57;2025-08-04 15:43:00;Respiana Witnasari;https://wilkerstat.bps.go.id/api/landmark/91738277/photo
91743543;HSTVHV;BATAS ( GG. DPN RMH BU NIA );0031;RT 003 RW 010;3272011001;-6.9677357975061;106.89256377518;4.6240000724792;1;150;Batas Wilkerstat;15040;Batas SLS;2025-08-04 15:47:37;2025-08-04 15:47:40;Respiana Witnasari;https://wilkerstat.bps.go.id/api/landmark/91743543/photo
91748662;HSUCWS;BATAS ( RUMAH BU AISYAH );0031;RT 003 RW 010;3272011001;-6.9679437974509;106.89214233309;1.7000000476837;1;150;Batas Wilkerstat;15040;Batas SLS;2025-08-04 15:51:58;2025-08-04 15:52:01;Respiana Witnasari;https://wilkerstat.bps.go.id/api/landmark/91748662/photo
91750443;HSUFNF;BATAS ( RMH GOCENG );0031;RT 003 RW 010;3272011001;-6.9677177;106.8921568;4.8229999542236;1;150;Batas Wilkerstat;15040;Batas SLS;2025-08-04 15:53:32;2025-08-04 15:53:35;Respiana Witnasari;https://wilkerstat.bps.go.id/api/landmark/91750443/photo
91752953;HSUJFT;BATAS ( RUMAH SINTA & KONTRAKAN YUYUNG );0031;RT 003 RW 010;3272011001;-6.9679507862474;106.891810745;1.7000000476837;1;150;Batas Wilkerstat;15040;Batas SLS;2025-08-04 15:55:36;2025-08-04 15:55:40;Respiana Witnasari;https://wilkerstat.bps.go.id/api/landmark/91752953/photo
91792682;HSWPZU;BATAS ( RUMAH BU WIDA );0031;RT 003 RW 010;3272011001;-6.9688563337183;106.89245145768;4.2670001983643;1;150;Batas Wilkerstat;15040;Batas SLS;2025-08-04 16:28:00;2025-08-04 16:28:03;Respiana Witnasari;https://wilkerstat.bps.go.id/api/landmark/91792682/photo
91477852;HSESGY;BATAS SELOKAN;0041;RT 001 RW 014;3272011001;-6.965255;106.8847717;1.7829999923706;1;150;Batas Wilkerstat;15040;Batas SLS;2025-08-04 10:50:13;2025-08-04 10:48:48;Dewi karnia novianti;https://wilkerstat.bps.go.id/api/landmark/91477852/photo
91661440;HSPDWA;BATAS SAWAH;0041;RT 001 RW 014;3272011001;-6.96514;106.885495;1.7159999608994;1;150;Batas Wilkerstat;15040;Batas SLS;2025-08-04 14:33:44;2025-08-04 14:32:19;Dewi karnia novianti;https://wilkerstat.bps.go.id/api/landmark/91661440/photo
91736054;HSTKFU;GANG SEMANGKA;0041;RT 001 RW 014;3272011001;-6.9679467;106.8845;1.6200000047684;1;150;Batas Wilkerstat;15040;Batas SLS;2025-08-04 15:42:29;2025-08-04 15:41:05;Dewi karnia novianti;https://wilkerstat.bps.go.id/api/landmark/91736054/photo
91346705;HRXGGV;BATAS 1 ( TK. LISTRIK );0026;RT 001 RW 009;3272011001;-6.9664212357202;106.8918992579;2.2999999523163;1;150;Batas Wilkerstat;15040;Batas SLS;2025-08-04 07:49:59;2025-08-04 07:50:03;Respiana Witnasari;https://wilkerstat.bps.go.id/api/landmark/91346705/photo
91348570;HRXJAO;BATAS 2 ( RUMAH PA ECE );0026;RT 001 RW 009;3272011001;-6.9662225535297;106.89355183393;1.6499999761581;1;150;Batas Wilkerstat;15040;Batas SLS;2025-08-04 07:56:06;2025-08-04 07:56:09;Respiana Witnasari;https://wilkerstat.bps.go.id/api/landmark/91348570/photo
91350961;HRXMON;BATAS 2 ( RUMAH KOSONG );0026;RT 001 RW 009;3272011001;-6.9664189061137;106.89188551158;1.6000000238419;1;150;Batas Wilkerstat;15040;Batas SLS;2025-08-04 08:03:27;2025-08-04 08:03:30;Respiana Witnasari;https://wilkerstat.bps.go.id/api/landmark/91350961/photo
91356410;HRXUQC;BATAS 3 ( SOLOKAN );0026;RT 001 RW 009;3272011001;-6.9638929403259;106.89190026373;3.9260001182556;1;150;Batas Wilkerstat;15040;Batas SLS;2025-08-04 08:18:09;2025-08-04 08:18:13;Respiana Witnasari;https://wilkerstat.bps.go.id/api/landmark/91356410/photo
91359268;HRXYWA;BATAS 4 ( SAWAH );0026;RT 001 RW 009;3272011001;-6.964465;106.8902717;1.9279999732971;1;150;Batas Wilkerstat;15040;Batas SLS;2025-08-04 08:24:37;2025-08-04 08:24:40;Respiana Witnasari;https://wilkerstat.bps.go.id/api/landmark/91359268/photo
91602053;HSLTZX;BATAS 1 ( RUMAH PA TIO );0026;RT 001 RW 009;3272011001;-6.9662664832675;106.89093433321;5.7109999656677;1;150;Batas Wilkerstat;15040;Batas SLS;2025-08-04 13:24:36;2025-08-04 13:24:40;Respiana Witnasari;https://wilkerstat.bps.go.id/api/landmark/91602053/photo
91200511;HROXZZ;TEMBOK SILGA;0042;RT 002 RW 014;3272011001;-6.9704103;106.8838991;3;1;150;Batas Wilkerstat;15040;Batas SLS;2025-08-03 16:08:42;2025-08-03 16:07:17;Dewi karnia novianti;https://wilkerstat.bps.go.id/api/landmark/91200511/photo
91477034;HSERBM;BATAS SELOKAN;0042;RT 002 RW 014;3272011001;-6.9652514;106.8847563;3;1;150;Batas Wilkerstat;15040;Batas SLS;2025-08-04 10:49:26;2025-08-04 10:48:01;Dewi karnia novianti;https://wilkerstat.bps.go.id/api/landmark/91477034/photo
91481743;HSEYAP;BATAS SOLOKAN;0042;RT 002 RW 014;3272011001;-6.9651957;106.8835731;3;1;150;Batas Wilkerstat;15040;Batas SLS;2025-08-04 10:54:05;2025-08-04 10:52:40;Dewi karnia novianti;https://wilkerstat.bps.go.id/api/landmark/91481743/photo
91743059;HSTUPF;JALAN PETERNAKAN SILGA;0042;RT 002 RW 014;3272011001;-6.9678901;106.8834981;3;1;150;Batas Wilkerstat;15040;Batas SLS;2025-08-04 15:48:40;2025-08-04 15:47:15;Dewi karnia novianti;https://wilkerstat.bps.go.id/api/landmark/91743059/photo
91754131;HSUKZB;BELOKAN TEMBOK SILGA;0042;RT 002 RW 014;3272011001;-6.9678238;106.8815938;1.7660000324249;1;150;Batas Wilkerstat;15040;Batas SLS;2025-08-04 15:58:05;2025-08-04 15:56:40;Dewi karnia novianti;https://wilkerstat.bps.go.id/api/landmark/91754131/photo
91758779;HSURVV;JALAN SETAPAK PETERNAKAN;0042;RT 002 RW 014;3272011001;-6.969502;106.8814017;2.1659998893738;1;150;Batas Wilkerstat;15040;Batas SLS;2025-08-04 16:02:01;2025-08-04 16:00:36;Dewi karnia novianti;https://wilkerstat.bps.go.id/api/landmark/91758779/photo
91014169;HREIIZ;BATAS 1 ( RUMAH PA ECE );0027;RT 002 RW 009;3272011001;-6.9661686;106.8935159;4.4320001602173;1;150;Batas Wilkerstat;15040;Batas SLS;2025-08-03 12:12:43;2025-08-03 12:12:46;Respiana Witnasari;https://wilkerstat.bps.go.id/api/landmark/91014169/photo
91017983;HRENZR;BATAS 2 ( TK. LISTRIK );0027;RT 002 RW 009;3272011001;-6.966376;106.8919237;4.3400001525879;1;150;Batas Wilkerstat;15070;Batas Segmen;2025-08-03 12:18:08;2025-08-03 12:18:11;Respiana Witnasari;https://wilkerstat.bps.go.id/api/landmark/91017983/photo
91964826;HTGKQS;BATAS ( RMH KOSONG & RMH BU ERNA );0027;RT 002 RW 009;3272011001;-6.9639516;106.8919721;2.1610000133514;1;150;Batas Wilkerstat;15040;Batas SLS;2025-08-05 09:06:08;2025-08-05 09:06:12;Respiana Witnasari;https://wilkerstat.bps.go.id/api/landmark/91964826/photo
91967769;HTGOZX;BATAS ( SAWAH );0027;RT 002 RW 009;3272011001;-6.9636553191289;106.89304992557;3.6089999675751;1;150;Batas Wilkerstat;15040;Batas SLS;2025-08-05 09:09:51;2025-08-05 09:09:54;Respiana Witnasari;https://wilkerstat.bps.go.id/api/landmark/91967769/photo
91969523;HTGRPJ;BATAS ( SAWAH );0027;RT 002 RW 009;3272011001;-6.9640526856009;106.89340498298;1.625;1;150;Batas Wilkerstat;15040;Batas SLS;2025-08-05 09:11:58;2025-08-05 09:12:02;Respiana Witnasari;https://wilkerstat.bps.go.id/api/landmark/91969523/photo
91482336;HSEYXK;BATAS RUMAH BAPAK GALUH;0043;RT 003 RW 014;3272011001;-6.9651983;106.8835767;1.8999999761581;1;150;Batas Wilkerstat;15040;Batas SLS;2025-08-04 10:54:41;2025-08-04 10:53:16;Dewi karnia novianti;https://wilkerstat.bps.go.id/api/landmark/91482336/photo
91743890;HSTVVE;JALAN PETRNAKAN;0043;RT 003 RW 014;3272011001;-6.9679068;106.883495;2.0999999046326;1;150;Batas Wilkerstat;15040;Batas SLS;2025-08-04 15:49:22;2025-08-04 15:47:58;Dewi karnia novianti;https://wilkerstat.bps.go.id/api/landmark/91743890/photo
91749587;HSUEGH;RUMAH PAK WARDI;0043;RT 003 RW 014;3272011001;-6.9678566;106.8829066;3;1;150;Batas Wilkerstat;15040;Batas SLS;2025-08-04 15:54:14;2025-08-04 15:52:51;Dewi karnia novianti;https://wilkerstat.bps.go.id/api/landmark/91749587/photo
91361811;HRYCPV;BATAS 4 ( SAWAH );0028;RT 003 RW 009;3272011001;-6.9644502;106.8902618;3.8780000209808;1;150;Batas Wilkerstat;15040;Batas SLS;2025-08-04 08:29:46;2025-08-04 08:29:49;Respiana Witnasari;https://wilkerstat.bps.go.id/api/landmark/91361811/photo
91602980;HSLVJO;BATAS 1 ( RUMAH PA DUDUN );0028;RT 003 RW 009;3272011001;-6.9662704768798;106.89093198627;5.1110000610352;1;150;Batas Wilkerstat;15040;Batas SLS;2025-08-04 13:25:49;2025-08-04 13:25:52;Respiana Witnasari;https://wilkerstat.bps.go.id/api/landmark/91602980/photo
91618831;HSMSVF;BATAS 2 ( WARUNG LOTEK );0028;RT 003 RW 009;3272011001;-6.9660387;106.8894136;4.4959998130798;1;150;Batas Wilkerstat;15040;Batas SLS;2025-08-04 13:45:18;2025-08-04 13:45:21;Respiana Witnasari;https://wilkerstat.bps.go.id/api/landmark/91618831/photo
91623973;HSNAKZ;BATAS  3 ( SAWAH );0028;RT 003 RW 009;3272011001;-6.9647885;106.8890996;1.4500000476837;1;150;Batas Wilkerstat;15040;Batas SLS;2025-08-04 13:51:32;2025-08-04 13:51:36;Respiana Witnasari;https://wilkerstat.bps.go.id/api/landmark/91623973/photo
91750872;HSUGDS;KEBUN;0044;RT 001 RW 015;3272011001;-6.9678567;106.8829067;1.7159999608994;1;150;Batas Wilkerstat;15040;Batas SLS;2025-08-04 15:55:21;2025-08-04 15:53:56;Dewi karnia novianti;https://wilkerstat.bps.go.id/api/landmark/91750872/photo
91766207;HSVCVN;JALAN GANG SETAPAK;0044;RT 001 RW 015;3272011001;-6.96783;106.882525;1.6000000238419;1;150;Batas Wilkerstat;15040;Batas SLS;2025-08-04 16:08:07;2025-08-04 16:06:43;Dewi karnia novianti;https://wilkerstat.bps.go.id/api/landmark/91766207/photo
91763934;HSUZMC;JALAN;0045;RT 002 RW 015;3272011001;-6.9677933;106.8818267;1.5199999809265;1;150;Batas Wilkerstat;15040;Batas SLS;2025-08-04 16:06:15;2025-08-04 16:04:50;Dewi karnia novianti;https://wilkerstat.bps.go.id/api/landmark/91763934/photo
91767050;HSVEBY;KEBUN;0045;RT 002 RW 015;3272011001;-6.96784;106.8825378;1.6499999761581;1;150;Batas Wilkerstat;15040;Batas SLS;2025-08-04 16:08:45;2025-08-04 16:07:20;Dewi karnia novianti;https://wilkerstat.bps.go.id/api/landmark/91767050/photo
91386548;HRZNFG;BATAS SELOKAN;0047;RT 001 RW 016;3272011001;-6.963554;106.8810313;3;1;150;Batas Wilkerstat;15040;Batas SLS;2025-08-04 09:11:34;2025-08-04 09:10:09;Dewi karnia novianti;https://wilkerstat.bps.go.id/api/landmark/91386548/photo
91187048;HROECE;JALAN SETPAK SUDUT TEMBOK SILGA;0049;RT 003 RW 016;3272011001;-6.9720083;106.883845;1.8500000238419;1;150;Batas Wilkerstat;15040;Batas SLS;2025-08-03 15:55:17;2025-08-03 15:53:52;Dewi karnia novianti;https://wilkerstat.bps.go.id/api/landmark/91187048/photo
91760104;HSUTUU;JALAN KUBANG;0049;RT 003 RW 016;3272011001;-6.969495;106.8813833;1.8999999761581;1;150;Batas Wilkerstat;15040;Batas SLS;2025-08-04 16:03:04;2025-08-04 16:01:39;Dewi karnia novianti;https://wilkerstat.bps.go.id/api/landmark/91760104/photo
91369648;HRYOFG;BATAS 1 ( SAWAH );0023;RT 001 RW 008;3272011001;-6.9641559;106.8912396;4.436999797821;1;150;Batas Wilkerstat;15040;Batas SLS;2025-08-04 08:44:11;2025-08-04 08:44:15;Respiana Witnasari;https://wilkerstat.bps.go.id/api/landmark/91369648/photo
91372271;HRYSCD;BATAS 2 ( GG. SAWAH );0023;RT 001 RW 008;3272011001;-6.9638889466934;106.89190395176;1.7000000476837;1;150;Batas Wilkerstat;15040;Batas SLS;2025-08-04 08:48:44;2025-08-04 08:48:49;Respiana Witnasari;https://wilkerstat.bps.go.id/api/landmark/91372271/photo
91365132;HRYHNO;BATAS 4 ( SAWAH );0024;RT 002 RW 008;3272011001;-6.9641738257314;106.89122971147;3.1189999580383;1;150;Batas Wilkerstat;15040;Batas SLS;2025-08-04 08:36:05;2025-08-04 08:36:08;Respiana Witnasari;https://wilkerstat.bps.go.id/api/landmark/91365132/photo
91963699;HTGIZJ;BATAS ( ANTARA RMH KOSONG & RMH BU ERNA);0024;RT 002 RW 008;3272011001;-6.9639478;106.8919791;3.6050000190735;1;150;Batas Wilkerstat;15040;Batas SLS;2025-08-05 09:04:41;2025-08-05 09:04:44;Respiana Witnasari;https://wilkerstat.bps.go.id/api/landmark/91963699/photo
91975585;HTHAON;BATAS ( ( SAWAH );0024;RT 002 RW 008;3272011001;-6.9637611;106.8926284;1.2999999523163;1;150;Batas Wilkerstat;15040;Batas SLS;2025-08-05 09:19:04;2025-08-05 09:19:07;Respiana Witnasari;https://wilkerstat.bps.go.id/api/landmark/91975585/photo
91982419;HTHKRJ;BATAS ( SAWAH );0025;RT 003 RW 008;3272011001;-6.9638077428238;106.89257584512;1.3999999761581;1;150;Batas Wilkerstat;15040;Batas SLS;2025-08-05 09:26:33;2025-08-05 09:26:37;Respiana Witnasari;https://wilkerstat.bps.go.id/api/landmark/91982419/photo
90478952;HPZWPS;BATAS 1 DINDING RUMAH PAK NGGUN GUNAWAN;0001;RT 001 RW 001;3272011002;-6.9557175704738;106.90501727164;3.5999999046326;1;150;Batas Wilkerstat;15040;Batas SLS;2025-08-02 13:32:33;2025-08-02 13:32:35;Hendri Priyandi;https://wilkerstat.bps.go.id/api/landmark/90478952/photo
90548045;HQDUVD;BATAS 4 SUNGAI CIPELANG;0001;RT 001 RW 001;3272011002;-6.9562001425648;106.90207455307;1.3999999761581;1;150;Batas Wilkerstat;15040;Batas SLS;2025-08-02 14:53:39;2025-08-02 14:53:40;Hendri Priyandi;https://wilkerstat.bps.go.id/api/landmark/90548045/photo
90560718;HQENOO;BATAS 3 DINDING BARAT KANTOR KELURAHAN SITUMEKAR;0001;RT 001 RW 001;3272011002;-6.9575979;106.9027129;2;1;150;Batas Wilkerstat;15040;Batas SLS;2025-08-02 15:07:07;2025-08-02 15:07:08;Hendri Priyandi;https://wilkerstat.bps.go.id/api/landmark/90560718/photo
90827653;HQTSLH;BATAS 2 ALIRAN SUNGAI DINDING RUMAH JATAYU;0001;RT 001 RW 001;3272011002;-6.9565169;106.9049923;4.9299998283386;1;150;Batas Wilkerstat;15040;Batas SLS;2025-08-03 09:09:23;2025-08-03 09:09:26;Hendri Priyandi;https://wilkerstat.bps.go.id/api/landmark/90827653/photo
90834261;HQUCFL;BATAS 1 DINDING WARUNG GUMILAR;0002;RT 002 RW 001;3272011002;-6.9566151541664;106.90502800047;1.5;1;150;Batas Wilkerstat;15040;Batas SLS;2025-08-03 09:16:59;2025-08-03 09:17:01;Hendri Priyandi;https://wilkerstat.bps.go.id/api/landmark/90834261/photo
90851561;HQVBUV;BATAS 2 BELAKANG RUMAH PAK DEDI;0002;RT 002 RW 001;3272011002;-6.9576701539402;106.90465349704;1.25;1;150;Batas Wilkerstat;15040;Batas SLS;2025-08-03 09:35:25;2025-08-03 09:35:27;Hendri Priyandi;https://wilkerstat.bps.go.id/api/landmark/90851561/photo
90888575;HQXEOL;BATAS 4 SALURAN AIR SAMPING TAMBAL BAN;0002;RT 002 RW 001;3272011002;-6.9576555104264;106.90276119858;1.25;1;150;Batas Wilkerstat;15040;Batas SLS;2025-08-03 10:10:36;2025-08-03 10:10:37;Hendri Priyandi;https://wilkerstat.bps.go.id/api/landmark/90888575/photo
90987827;HRCVJV;BATAS 3 ALIRAN AIR TENGAH PERSAWAHAN;0002;RT 002 RW 001;3272011002;-6.958258223763;106.90306462348;1.2999999523163;1;150;Batas Wilkerstat;15040;Batas SLS;2025-08-03 11:41:58;2025-08-03 11:42:00;Hendri Priyandi;https://wilkerstat.bps.go.id/api/landmark/90987827/photo
90315631;HPQPAD;SUNGAI CISURU BELAKANG RUMAH FAISAL;0004;RT 001 RW 002;3272011002;-6.9602374210881;106.90264116973;4.1230001449585;1;150;Batas Wilkerstat;15040;Batas SLS;2025-08-02 10:26:47;2025-08-02 10:26:49;LULI MUNTAHAR;https://wilkerstat.bps.go.id/api/landmark/90315631/photo
90325532;HPRDQY;IRIGASI SAMPING KOLAM BPK TOMY;0004;RT 001 RW 002;3272011002;-6.9599181;106.9015383;3.789999961853;1;150;Batas Wilkerstat;15040;Batas SLS;2025-08-02 10:35:28;2025-08-02 10:35:30;LULI MUNTAHAR;https://wilkerstat.bps.go.id/api/landmark/90325532/photo
90336811;HPRUIT;SUNGAI DISAMPING LABAIK KOI;0004;RT 001 RW 002;3272011002;-6.9609905588903;106.90154280514;3.789999961853;1;150;Batas Wilkerstat;15040;Batas SLS;2025-08-02 10:45:23;2025-08-02 10:45:26;LULI MUNTAHAR;https://wilkerstat.bps.go.id/api/landmark/90336811/photo
91029251;HRFERB;IRIGASI SAWAH;0004;RT 001 RW 002;3272011002;-6.9606467;106.8984939;3.8450000286102;1;150;Batas Wilkerstat;15040;Batas SLS;2025-08-03 12:34:17;2025-08-03 12:34:19;LULI MUNTAHAR;https://wilkerstat.bps.go.id/api/landmark/91029251/photo
91031416;HRFHWI;SALURAN IRIGASI;0004;RT 001 RW 002;3272011002;-6.9600359;106.8984727;3.789999961853;1;150;Batas Wilkerstat;15040;Batas SLS;2025-08-03 12:37:25;2025-08-03 12:37:27;LULI MUNTAHAR;https://wilkerstat.bps.go.id/api/landmark/91031416/photo
91080028;HRIBUA;SALURAN IRIGASI;0004;RT 001 RW 002;3272011002;-6.9593713;106.8984201;3.789999961853;1;150;Batas Wilkerstat;15040;Batas SLS;2025-08-03 13:48:48;2025-08-03 13:48:50;LULI MUNTAHAR;https://wilkerstat.bps.go.id/api/landmark/91080028/photo
91102329;HRJITT;TEMBOK PAGAR SAWAH BPK BABAN;0004;RT 001 RW 002;3272011002;-6.9610848;106.9008122;3.8410000801086;1;150;Batas Wilkerstat;15040;Batas SLS;2025-08-03 14:17:43;2025-08-03 14:17:49;LULI MUNTAHAR;https://wilkerstat.bps.go.id/api/landmark/91102329/photo
91103469;HRJKLP;KOLAM BPK YAYAT;0004;RT 001 RW 002;3272011002;-6.9610776;106.9006027;3.6789999008179;1;150;Batas Wilkerstat;15040;Batas SLS;2025-08-03 14:19:11;2025-08-03 14:19:15;LULI MUNTAHAR;https://wilkerstat.bps.go.id/api/landmark/91103469/photo
91105541;HRJNNH;SALURAN IRIGASI DEKAT KOLAM BPK YAYAT;0004;RT 001 RW 002;3272011002;-6.9606513;106.9007187;3.9319999217987;1;150;Batas Wilkerstat;15040;Batas SLS;2025-08-03 14:22:03;2025-08-03 14:22:05;LULI MUNTAHAR;https://wilkerstat.bps.go.id/api/landmark/91105541/photo
91115285;HRKBYB;TEMBOK PAGAR DEKAT PESANTREN PRIA ALBAROKAH;0004;RT 001 RW 002;3272011002;-6.9614629;106.9006958;3.9869999885559;1;150;Batas Wilkerstat;15040;Batas SLS;2025-08-03 14:33:56;2025-08-03 14:33:59;LULI MUNTAHAR;https://wilkerstat.bps.go.id/api/landmark/91115285/photo
90387847;HPURVR;IRIGASI DEKAT RUMAH BPK MAMAT;0005;RT 002 RW 002;3272011002;-6.9619327282526;106.9037874788;3.7269999980927;1;150;Batas Wilkerstat;15040;Batas SLS;2025-08-02 11:32:40;2025-08-02 11:32:42;LULI MUNTAHAR;https://wilkerstat.bps.go.id/api/landmark/90387847/photo
90395305;HPVCWN;NTARA RUMAH BPK RUMANA DAN RUMAH IBU YUYUN;0005;RT 002 RW 002;3272011002;-6.9617001;106.9022502;3.789999961853;1;150;Batas Wilkerstat;15040;Batas SLS;2025-08-02 11:39:54;2025-08-02 11:39:55;LULI MUNTAHAR;https://wilkerstat.bps.go.id/api/landmark/90395305/photo
90399422;HPVIYW;SUNGAI DI BELAKANG RUMAH BPK SUPARDI;0005;RT 002 RW 002;3272011002;-6.9609739186515;106.9021556899;4.3629999160767;1;150;Batas Wilkerstat;15040;Batas SLS;2025-08-02 11:44:29;2025-08-02 11:44:30;LULI MUNTAHAR;https://wilkerstat.bps.go.id/api/landmark/90399422/photo
90409930;HPVYNA;RUMAH IBU IJAT HODIJAH;0005;RT 002 RW 002;3272011002;-6.9614784504317;106.90170709044;5.1529998779297;1;150;Batas Wilkerstat;15040;Batas SLS;2025-08-02 11:55:50;2025-08-02 11:55:51;LULI MUNTAHAR;https://wilkerstat.bps.go.id/api/landmark/90409930/photo
90412990;HPWDAS;LABAIK KOI BPK EFRANS;0005;RT 002 RW 002;3272011002;-6.9609885620617;106.90153744072;3.789999961853;1;150;Batas Wilkerstat;15040;Batas SLS;2025-08-02 11:59:12;2025-08-02 11:59:13;LULI MUNTAHAR;https://wilkerstat.bps.go.id/api/landmark/90412990/photo
90524770;HQCMJY;GANG SAMPING RUMAH IBU DESI;0006;RT 003 RW 002;3272011002;-6.9620778;106.9012979;4.9079999923706;1;150;Batas Wilkerstat;15040;Batas SLS;2025-08-02 14:28:32;2025-08-02 14:28:34;LULI MUNTAHAR;https://wilkerstat.bps.go.id/api/landmark/90524770/photo
90539621;HQDIJD;IRIGASI DI BELAKANG RUMAH PA EMAN;0006;RT 003 RW 002;3272011002;-6.9624019818036;106.90171111375;4.2550001144409;1;150;Batas Wilkerstat;15040;Batas SLS;2025-08-02 14:44:45;2025-08-02 14:44:47;LULI MUNTAHAR;https://wilkerstat.bps.go.id/api/landmark/90539621/photo
90545515;HQDRBV;SAWAH MILIK BPK;0006;RT 003 RW 002;3272011002;-6.962561;106.9023714;4.7960000038147;1;150;Batas Wilkerstat;15040;Batas SLS;2025-08-02 14:50:57;2025-08-02 14:50:59;LULI MUNTAHAR;https://wilkerstat.bps.go.id/api/landmark/90545515/photo
90550909;HQDZBH;BELAKANG RUMAH BPK RUKMANA;0006;RT 003 RW 002;3272011002;-6.9616881171729;106.90221168101;4.8010001182556;1;150;Batas Wilkerstat;15040;Batas SLS;2025-08-02 14:56:30;2025-08-02 14:56:32;LULI MUNTAHAR;https://wilkerstat.bps.go.id/api/landmark/90550909/photo
90562459;HQEQDN;GANG DISAMPING RUMAH BPK NANA;0006;RT 003 RW 002;3272011002;-6.961477119214;106.90144557506;4.061999797821;1;150;Batas Wilkerstat;15040;Batas SLS;2025-08-02 15:08:43;2025-08-02 15:08:44;LULI MUNTAHAR;https://wilkerstat.bps.go.id/api/landmark/90562459/photo
90541123;HQDKOX;IRIGASI DIBELAKANG RUMAH PA EMAN;0007;RT 004 RW 002;3272011002;-6.9622717;106.9017333;3.789999961853;1;150;Batas Wilkerstat;15040;Batas SLS;2025-08-02 14:46:13;2025-08-02 14:46:15;LULI MUNTAHAR;https://wilkerstat.bps.go.id/api/landmark/90541123/photo
90543417;HQDNZD;SAWAH MILIK BPK;0007;RT 004 RW 002;3272011002;-6.9625519;106.90238;3.789999961853;1;150;Batas Wilkerstat;15040;Batas SLS;2025-08-02 14:48:29;2025-08-02 14:48:31;LULI MUNTAHAR;https://wilkerstat.bps.go.id/api/landmark/90543417/photo
90579460;HQFPHK;SUNGAI DISAMPING RUMAH IBU YAYAH;0008;RT 005 RW 002;3272011002;-6.9615519;106.9011652;4;1;150;Batas Wilkerstat;15040;Batas SLS;2025-08-02 15:26:11;2025-08-02 15:26:13;LULI MUNTAHAR;https://wilkerstat.bps.go.id/api/landmark/90579460/photo
90584832;HQFXGA;IRIGASI DISAMPING PESANTREN AL BAROKAH;0008;RT 005 RW 002;3272011002;-6.9614215408715;106.90045785159;3.789999961853;1;150;Batas Wilkerstat;15040;Batas SLS;2025-08-02 15:31:36;2025-08-02 15:31:38;LULI MUNTAHAR;https://wilkerstat.bps.go.id/api/landmark/90584832/photo
90591384;HQGGYA;MASJID AL BAROKAH;0008;RT 005 RW 002;3272011002;-6.9618245;106.9003465;4.4409999847412;1;150;Batas Wilkerstat;15040;Batas SLS;2025-08-02 15:38:46;2025-08-02 15:38:48;LULI MUNTAHAR;https://wilkerstat.bps.go.id/api/landmark/90591384/photo
90593709;HQGKJL;SUNGAI DASAMPING RUMAH USTAD ABDUL MUHAEMIN;0008;RT 005 RW 002;3272011002;-6.9619650102495;106.90085615963;4.1059999465942;1;150;Batas Wilkerstat;15040;Batas SLS;2025-08-02 15:41:00;2025-08-02 15:41:02;LULI MUNTAHAR;https://wilkerstat.bps.go.id/api/landmark/90593709/photo
90603534;HQGYXI;GANG SAMPING KONTER GAGAN;0008;RT 005 RW 002;3272011002;-6.9620738371712;106.90129168332;3.010999917984;1;150;Batas Wilkerstat;15040;Batas SLS;2025-08-02 15:50:50;2025-08-02 15:50:51;LULI MUNTAHAR;https://wilkerstat.bps.go.id/api/landmark/90603534/photo
90607892;HQHFIY;GANG SAMPING WARUNG AMIH KEKEY;0008;RT 005 RW 002;3272011002;-6.9622615385914;106.90120585263;4.1960000991821;1;150;Batas Wilkerstat;15040;Batas SLS;2025-08-02 15:55:10;2025-08-02 15:55:12;LULI MUNTAHAR;https://wilkerstat.bps.go.id/api/landmark/90607892/photo
90609959;HQHIKL;GANG DIBELAKANG RUMAH BPK CEPI;0008;RT 005 RW 002;3272011002;-6.9623107935616;106.90143182874;3.789999961853;1;150;Batas Wilkerstat;15040;Batas SLS;2025-08-02 15:57:17;2025-08-02 15:57:19;LULI MUNTAHAR;https://wilkerstat.bps.go.id/api/landmark/90609959/photo
90694452;HQMDKE;SUNGAI SAMPING LAPANG JERUK NYELAP;0008;RT 005 RW 002;3272011002;-6.9627490960077;106.90071970224;3.808000087738;1;150;Batas Wilkerstat;15040;Batas SLS;2025-08-02 17:12:53;2025-08-02 17:12:56;LULI MUNTAHAR;https://wilkerstat.bps.go.id/api/landmark/90694452/photo
91118996;HRKHKU;SUNGAI DIBELAKANG RUMAH BPK DEDI;0008;RT 005 RW 002;3272011002;-6.9610366;106.9014789;3.789999961853;1;150;Batas Wilkerstat;15040;Batas SLS;2025-08-03 14:38:13;2025-08-03 14:38:15;LULI MUNTAHAR;https://wilkerstat.bps.go.id/api/landmark/91118996/photo
90862411;HQVRWD;GANG DEPAN RUMAH BPK BUBUN;0009;RT 001 RW 003;3272011002;-6.9628441;106.8996854;4.076000213623;1;150;Batas Wilkerstat;15040;Batas SLS;2025-08-03 09:46:22;2025-08-03 09:46:24;LULI MUNTAHAR;https://wilkerstat.bps.go.id/api/landmark/90862411/photo
90928249;HQZLGJ;WARUNG H ARIF MUNAWAR;0009;RT 001 RW 003;3272011002;-6.9636508;106.9006897;3.8299999237061;1;150;Batas Wilkerstat;15040;Batas SLS;2025-08-03 10:46:26;2025-08-03 10:46:29;LULI MUNTAHAR;https://wilkerstat.bps.go.id/api/landmark/90928249/photo
90942959;HRAHAD;POSYANDU ALAMANDA 3;0009;RT 001 RW 003;3272011002;-6.9631484;106.9007123;4.3730001449585;1;150;Batas Wilkerstat;15040;Batas SLS;2025-08-03 10:59:29;2025-08-03 10:59:31;LULI MUNTAHAR;https://wilkerstat.bps.go.id/api/landmark/90942959/photo
90986021;HRCSSJ;RUMAH DIDI RASIDI;0009;RT 001 RW 003;3272011002;-6.9621715;106.8995835;3.4210000038147;1;150;Batas Wilkerstat;15040;Batas SLS;2025-08-03 11:39:56;2025-08-03 11:39:59;LULI MUNTAHAR;https://wilkerstat.bps.go.id/api/landmark/90986021/photo
91085544;HRIJYE;IRIGASI SAWAH;0009;RT 001 RW 003;3272011002;-6.9603398;106.9000335;3.789999961853;1;150;Batas Wilkerstat;15040;Batas SLS;2025-08-03 13:56:18;2025-08-03 13:56:20;LULI MUNTAHAR;https://wilkerstat.bps.go.id/api/landmark/91085544/photo
91107377;HRJQFX;SALURAN IRIGASI DEKET KOLAM BPK YAYAT;0009;RT 001 RW 003;3272011002;-6.9606552;106.9007159;3.510999917984;1;150;Batas Wilkerstat;15040;Batas SLS;2025-08-03 14:24:24;2025-08-03 14:24:26;LULI MUNTAHAR;https://wilkerstat.bps.go.id/api/landmark/91107377/photo
91111512;HRJWIY;SALURAN IRIGASI DEKAT RUMAH GEDONG;0009;RT 001 RW 003;3272011002;-6.9615199;106.9009969;3.5350000858307;1;150;Batas Wilkerstat;15040;Batas SLS;2025-08-03 14:29:37;2025-08-03 14:29:38;LULI MUNTAHAR;https://wilkerstat.bps.go.id/api/landmark/91111512/photo
91113798;HRJZSW;TEMBOK PAGAR DEKAT PESANTREN PRIA ALBAROKAH;0009;RT 001 RW 003;3272011002;-6.961461;106.9006908;3.789999961853;1;150;Batas Wilkerstat;15040;Batas SLS;2025-08-03 14:32:14;2025-08-03 14:32:16;LULI MUNTAHAR;https://wilkerstat.bps.go.id/api/landmark/91113798/photo
91122945;HRKNGR;SALURAN IRIGASI DI BELAKANG RUMAH BPK HAJI;0009;RT 001 RW 003;3272011002;-6.9628045;106.9012337;4.0139999389648;1;150;Batas Wilkerstat;15040;Batas SLS;2025-08-03 14:42:52;2025-08-03 14:42:54;LULI MUNTAHAR;https://wilkerstat.bps.go.id/api/landmark/91122945/photo
90935662;HQZWFM;RUMAH BPK ADAM;0010;RT 002 RW 002;3272011002;-6.9639884;106.900661;4.3600001335144;1;150;Batas Wilkerstat;15040;Batas SLS;2025-08-03 10:52:54;2025-08-03 10:52:56;LULI MUNTAHAR;https://wilkerstat.bps.go.id/api/landmark/90935662/photo
90940797;HRADUZ;GANG SAMPING RUMAH BPK IYUS;0010;RT 002 RW 002;3272011002;-6.9631675;106.9007223;3;1;150;Batas Wilkerstat;15040;Batas SLS;2025-08-03 10:57:39;2025-08-03 10:57:41;LULI MUNTAHAR;https://wilkerstat.bps.go.id/api/landmark/90940797/photo
91022210;HREUGG;GANG KE ARAH PERUM SITUENDAH;0010;RT 002 RW 002;3272011002;-6.9614693;106.8970806;3.789999961853;1;150;Batas Wilkerstat;15040;Batas SLS;2025-08-03 12:24:22;2025-08-03 12:24:27;LULI MUNTAHAR;https://wilkerstat.bps.go.id/api/landmark/91022210/photo
91025072;HREYMI;SALURAN AIR DEKAR RUMAH BPK BAGUS;0010;RT 002 RW 002;3272011002;-6.960836;106.8971213;3.789999961853;1;150;Batas Wilkerstat;15040;Batas SLS;2025-08-03 12:28:29;2025-08-03 12:28:32;LULI MUNTAHAR;https://wilkerstat.bps.go.id/api/landmark/91025072/photo
91028003;HRFCVB;IRIGASI SAWAH;0010;RT 002 RW 002;3272011002;-6.9606336;106.8984872;3.6319999694824;1;150;Batas Wilkerstat;15040;Batas SLS;2025-08-03 12:32:22;2025-08-03 12:32:24;LULI MUNTAHAR;https://wilkerstat.bps.go.id/api/landmark/91028003/photo
91086227;HRIKYL;IRIGASI SAWAH;0010;RT 002 RW 002;3272011002;-6.9603569;106.9000194;3.789999961853;1;150;Batas Wilkerstat;15040;Batas SLS;2025-08-03 13:57:16;2025-08-03 13:57:18;LULI MUNTAHAR;https://wilkerstat.bps.go.id/api/landmark/91086227/photo
91140769;HRLNQF;GANG PINGGIR PANGKALAN GAS LPG IBU SUCI LESTARI;0011;RT 001 RW 004;3272011002;-6.9646668;106.9001913;3.789999961853;1;150;Batas Wilkerstat;15040;Batas SLS;2025-08-03 15:03:54;2025-08-03 15:03:57;LULI MUNTAHAR;https://wilkerstat.bps.go.id/api/landmark/91140769/photo
91179152;HRNSKM;SALURAN IRIGASI;0011;RT 001 RW 004;3272011002;-6.9635783;106.9017876;3.0729999542236;1;150;Batas Wilkerstat;15040;Batas SLS;2025-08-03 15:45:33;2025-08-03 15:45:35;LULI MUNTAHAR;https://wilkerstat.bps.go.id/api/landmark/91179152/photo
91187630;HROEYO;SELOKAN DI BELAKANG RUMAH BPK RUSTAMAN;0011;RT 001 RW 004;3272011002;-6.9648319;106.9010048;3.885999917984;1;150;Batas Wilkerstat;15040;Batas SLS;2025-08-03 15:54:21;2025-08-03 15:54:24;LULI MUNTAHAR;https://wilkerstat.bps.go.id/api/landmark/91187630/photo
91190558;HROJHE;RUMAH BPK AJUK;0011;RT 001 RW 004;3272011002;-6.9646781;106.9001597;3.789999961853;1;150;Batas Wilkerstat;15040;Batas SLS;2025-08-03 15:57:16;2025-08-03 15:57:17;LULI MUNTAHAR;https://wilkerstat.bps.go.id/api/landmark/91190558/photo
91198192;HROUOU;SALURAN AIR DEKAT RUMAH BPK UDIN;0011;RT 001 RW 004;3272011002;-6.9636167;106.9006848;3.789999961853;1;150;Batas Wilkerstat;15040;Batas SLS;2025-08-03 16:04:46;2025-08-03 16:04:49;LULI MUNTAHAR;https://wilkerstat.bps.go.id/api/landmark/91198192/photo
91141878;HRLPGW;RUMAH IBU TITI;0012;RT 002 RW 004;3272011002;-6.9646513970951;106.90006557852;3.3989999294281;1;150;Batas Wilkerstat;15040;Batas SLS;2025-08-03 15:05:06;2025-08-03 15:05:07;LULI MUNTAHAR;https://wilkerstat.bps.go.id/api/landmark/91141878/photo
91936876;HTEVHS;GANG DEPAN RUMAK KOSONG;0012;RT 002 RW 004;3272011002;-6.9650837069207;106.89957607538;3.789999961853;1;150;Batas Wilkerstat;15040;Batas SLS;2025-08-05 08:23:16;2025-08-05 08:23:19;LULI MUNTAHAR;https://wilkerstat.bps.go.id/api/landmark/91936876/photo
91956805;HTFYUF;SALURAN AIR SAMPING RUMAH IBU OOM;0012;RT 002 RW 004;3272011002;-6.9653712;106.9008664;3.789999961853;1;150;Batas Wilkerstat;15040;Batas SLS;2025-08-05 08:55:32;2025-08-05 08:55:35;LULI MUNTAHAR;https://wilkerstat.bps.go.id/api/landmark/91956805/photo
91961935;HTGGJN;DRAINASE SAMPING RUMAH IBU RATNA;0012;RT 002 RW 004;3272011002;-6.9648903489956;106.90096646547;3.789999961853;1;150;Batas Wilkerstat;15040;Batas SLS;2025-08-05 09:02:20;2025-08-05 09:02:23;LULI MUNTAHAR;https://wilkerstat.bps.go.id/api/landmark/91961935/photo
91957813;HTGAGZ;DRAINASE SAMPING RUMAH IBU JULAEHA;0013;RT 003 RW 004;3272011002;-6.9653711;106.9008711;3.8399999141693;1;150;Batas Wilkerstat;15040;Batas SLS;2025-08-05 08:56:56;2025-08-05 08:56:58;LULI MUNTAHAR;https://wilkerstat.bps.go.id/api/landmark/91957813/photo
91938068;HTEXBO;GANG DEKAT RUMAH BU IBAD;0014;RT 004 RW 004;3272011002;-6.9652305;106.8998401;3.789999961853;1;150;Batas Wilkerstat;15040;Batas SLS;2025-08-05 08:25:31;2025-08-05 08:25:34;LULI MUNTAHAR;https://wilkerstat.bps.go.id/api/landmark/91938068/photo
90871241;HQWEXT;BATAS 3 RT 4 RW 4 RUMAH PA MARYANTO;0016;RT 004 RW 004;3272011003;-6.96302;106.90937;1.2999999523163;1;150;Batas Wilkerstat;15040;Batas SLS;2025-08-03 09:54:46;2025-08-03 09:54:48;Yani Rachmayani;https://wilkerstat.bps.go.id/api/landmark/90871241/photo
90878413;HQWPNP;BATAS 4 RT 4 RW 4 RUMAH PA CECEP;0016;RT 004 RW 004;3272011003;-6.9628459418233;106.91049568355;1.3999999761581;1;150;Batas Wilkerstat;15040;Batas SLS;2025-08-03 10:01:48;2025-08-03 10:01:50;Yani Rachmayani;https://wilkerstat.bps.go.id/api/landmark/90878413/photo
90882257;HQWVFL;BATAS 5 SAWAH;0016;RT 004 RW 004;3272011003;-6.962115;106.9104284;3;1;150;Batas Wilkerstat;15040;Batas SLS;2025-08-03 10:04:59;2025-08-03 10:05:02;Yani Rachmayani;https://wilkerstat.bps.go.id/api/landmark/90882257/photo
90895444;HQXOSQ;BATAS 4 RT 4 RW 4 RUMAH PAK MUHAEMIN;0016;RT 004 RW 004;3272011003;-6.9615749637052;106.910360232;3;1;150;Batas Wilkerstat;15040;Batas SLS;2025-08-03 10:16:59;2025-08-03 10:17:02;Yani Rachmayani;https://wilkerstat.bps.go.id/api/landmark/90895444/photo
90912804;HQYOKI;BATAS SAWAH;0016;RT 004 RW 004;3272011003;-6.9609210026879;106.91048260778;2.7420001029968;1;150;Batas Wilkerstat;15040;Batas SLS;2025-08-03 10:32:27;2025-08-03 10:32:29;Yani Rachmayani;https://wilkerstat.bps.go.id/api/landmark/90912804/photo
90938804;HRAAWI;BATAS SAWAH;0016;RT 004 RW 004;3272011003;-6.959655;106.9068983;1.3999999761581;1;150;Batas Wilkerstat;15040;Batas SLS;2025-08-03 10:55:48;2025-08-03 10:55:50;Yani Rachmayani;https://wilkerstat.bps.go.id/api/landmark/90938804/photo
90952453;HRAVBH;BATAS POHON PISANG DAN SAWAH;0016;RT 004 RW 004;3272011003;-6.961016184857;106.90571397543;3;1;150;Batas Wilkerstat;15040;Batas SLS;2025-08-03 11:08:20;2025-08-03 11:08:22;Yani Rachmayani;https://wilkerstat.bps.go.id/api/landmark/90952453/photo
91971913;HTGVDH;DEPAN JL CEMPAKA;0018;RT 002 RW 005;3272011003;-6.9639979;106.9087793;5.4299998283386;1;150;Batas Wilkerstat;15040;Batas SLS;2025-08-05 09:14:51;2025-08-05 09:14:53;Ari Balina S.Si;https://wilkerstat.bps.go.id/api/landmark/91971913/photo
91973987;HTGYFB;PINGGIR SUNGAI;0018;RT 002 RW 005;3272011003;-6.9644383;106.9094848;6.6680002212524;1;150;Batas Wilkerstat;15040;Batas SLS;2025-08-05 09:17:18;2025-08-05 09:17:20;Ari Balina S.Si;https://wilkerstat.bps.go.id/api/landmark/91973987/photo
91979687;HTHGQH;DEPAN SUNGAI;0018;RT 002 RW 005;3272011003;-6.9651991;106.9092036;6.576000213623;1;150;Batas Wilkerstat;15040;Batas SLS;2025-08-05 09:23:39;2025-08-05 09:23:41;Ari Balina S.Si;https://wilkerstat.bps.go.id/api/landmark/91979687/photo
91952550;HTFSMO;BELOKAN TEH ANI;0021;RT 005 RW 005;3272011003;-6.9651103;106.9074255;10.352000236511;1;150;Batas Wilkerstat;15040;Batas SLS;2025-08-05 08:49:37;2025-08-05 08:49:39;Ari Balina S.Si;https://wilkerstat.bps.go.id/api/landmark/91952550/photo
91953518;HTFTXU;DEPAN RUMAH WA YUYU;0021;RT 005 RW 005;3272011003;-6.965029;106.9073689;4.6999998092651;1;150;Batas Wilkerstat;15040;Batas SLS;2025-08-05 08:50:57;2025-08-05 08:50:59;Ari Balina S.Si;https://wilkerstat.bps.go.id/api/landmark/91953518/photo
91954766;HTFVTU;PERUM;0021;RT 005 RW 005;3272011003;-6.9648553;106.9075561;4.7979998588562;1;150;Batas Wilkerstat;15040;Batas SLS;2025-08-05 08:52:42;2025-08-05 08:52:44;Ari Balina S.Si;https://wilkerstat.bps.go.id/api/landmark/91954766/photo
91957495;HTFZUT;WARUNG PA AYI;0021;RT 005 RW 005;3272011003;-6.9641416;106.9078742;8.043999671936;1;150;Batas Wilkerstat;15040;Batas SLS;2025-08-05 08:56:29;2025-08-05 08:56:31;Ari Balina S.Si;https://wilkerstat.bps.go.id/api/landmark/91957495/photo
91958754;HTGBRE;JL FLAMBOYAN;0021;RT 005 RW 005;3272011003;-6.9642334;106.9080189;5.2480001449585;1;150;Batas Wilkerstat;15040;Batas SLS;2025-08-05 08:58:13;2025-08-05 08:58:15;Ari Balina S.Si;https://wilkerstat.bps.go.id/api/landmark/91958754/photo
91965454;HTGLOW;WARUNG JAWA;0021;RT 005 RW 005;3272011003;-6.9650529;106.9081003;5.8579998016357;1;150;Batas Wilkerstat;15040;Batas SLS;2025-08-05 09:06:58;2025-08-05 09:07:00;Ari Balina S.Si;https://wilkerstat.bps.go.id/api/landmark/91965454/photo
91968195;HTGPQH;JL KEMUNING;0021;RT 005 RW 005;3272011003;-6.9644997;106.9085223;8.3690004348755;1;150;Batas Wilkerstat;15040;Batas SLS;2025-08-05 09:10:24;2025-08-05 09:10:25;Ari Balina S.Si;https://wilkerstat.bps.go.id/api/landmark/91968195/photo
91943345;HTFEWN;DEPAN RUMAH PA AGUS;0022;RT 006 RW 005;3272011003;-6.9652043;106.9091673;4.1640000343323;1;150;Batas Wilkerstat;15040;Batas SLS;2025-08-05 08:34:56;2025-08-05 08:34:58;Ari Balina S.Si;https://wilkerstat.bps.go.id/api/landmark/91943345/photo
91943763;HTFFMP;RUMAH PA AGUS;0022;RT 006 RW 005;3272011003;-6.965192;106.9091633;4.5739998817444;1;150;Batas Wilkerstat;15040;Batas SLS;2025-08-05 08:35:41;2025-08-05 08:35:43;Ari Balina S.Si;https://wilkerstat.bps.go.id/api/landmark/91943763/photo
91945521;HTFICF;BELOKAN JL MELATI;0022;RT 006 RW 005;3272011003;-6.9647406;106.9083433;4.7119998931885;1;150;Batas Wilkerstat;15040;Batas SLS;2025-08-05 08:38:42;2025-08-05 08:38:44;Ari Balina S.Si;https://wilkerstat.bps.go.id/api/landmark/91945521/photo
91947216;HTFKPK;BELOKAN DEPAN BENGKEL PA JUANDA;0022;RT 006 RW 005;3272011003;-6.9653337;106.9086996;8.0200004577637;1;150;Batas Wilkerstat;15040;Batas SLS;2025-08-05 08:41:29;2025-08-05 08:41:30;Ari Balina S.Si;https://wilkerstat.bps.go.id/api/landmark/91947216/photo
91949853;HTFOMV;RUMAH BU DEDAH;0022;RT 006 RW 005;3272011003;-6.9648226;106.9076114;6.981999874115;1;150;Batas Wilkerstat;15040;Batas SLS;2025-08-05 08:45:37;2025-08-05 08:45:39;Ari Balina S.Si;https://wilkerstat.bps.go.id/api/landmark/91949853/photo
91951461;HTFQWR;BELOKAN PA USTAD TEDI;0022;RT 006 RW 005;3272011003;-6.9651423;106.9074658;5.2090001106262;1;150;Batas Wilkerstat;15040;Batas SLS;2025-08-05 08:48:01;2025-08-05 08:48:03;Ari Balina S.Si;https://wilkerstat.bps.go.id/api/landmark/91951461/photo
90232169;HPLVOB;SOLOKAN BATAS PERUM DAN SITUGEDE 1/6;0023;RT 001 RW 006;3272011003;-6.9649968456251;106.90732933581;4.0799999237061;1;150;Batas Wilkerstat;15040;Batas SLS;2025-08-02 08:57:37;2025-08-02 08:57:39;Ari Balina S.Si;https://wilkerstat.bps.go.id/api/landmark/90232169/photo
90235364;HPMAGY;GANG ABAN;0023;RT 001 RW 006;3272011003;-6.9656963947592;106.90688643605;4.5419998168945;1;150;Batas Wilkerstat;15040;Batas SLS;2025-08-02 09:02:17;2025-08-02 09:02:19;Ari Balina S.Si;https://wilkerstat.bps.go.id/api/landmark/90235364/photo
90239240;HPMGAA;GANG DEPAN ABAN;0023;RT 001 RW 006;3272011003;-6.9658741;106.9061853;4.1579999923706;1;150;Batas Wilkerstat;15040;Batas SLS;2025-08-02 09:07:25;2025-08-02 09:07:26;Ari Balina S.Si;https://wilkerstat.bps.go.id/api/landmark/90239240/photo
90258682;HPNITU;GANG BANCET;0023;RT 001 RW 006;3272011003;-6.9653992029853;106.90577499568;4.8790001869202;1;150;Batas Wilkerstat;15040;Batas SLS;2025-08-02 09:30:21;2025-08-02 09:30:22;Ari Balina S.Si;https://wilkerstat.bps.go.id/api/landmark/90258682/photo
90268106;HPNWSG;GANG BANCET DALAM;0023;RT 001 RW 006;3272011003;-6.9661200507921;106.90366476774;3.654000043869;1;150;Batas Wilkerstat;15040;Batas SLS;2025-08-02 09:40:06;2025-08-02 09:40:08;Ari Balina S.Si;https://wilkerstat.bps.go.id/api/landmark/90268106/photo
90276895;HPOJSH;DEPAN RUMAH BU HERA;0023;RT 001 RW 006;3272011003;-6.9658438257708;106.90364062786;6.8629999160767;1;150;Batas Wilkerstat;15040;Batas SLS;2025-08-02 09:49:20;2025-08-02 09:49:29;Ari Balina S.Si;https://wilkerstat.bps.go.id/api/landmark/90276895/photo
90429447;HPXBJR;SELOKAN DEPAN RUMAH BU ELA;0023;RT 001 RW 006;3272011003;-6.9659536501964;106.90354507416;5.6550002098083;1;150;Batas Wilkerstat;15040;Batas SLS;2025-08-02 09:52:21;2025-08-02 12:20:11;Ari Balina S.Si;https://wilkerstat.bps.go.id/api/landmark/90429447/photo
91327153;HRWDIV;PINGGIR KANAN SATE AYAM ADEM AYEM;0023;RT 001 RW 006;3272011003;-6.9627035019227;106.90830532461;3.8010001182556;1;150;Batas Wilkerstat;15040;Batas SLS;2025-08-02 10:50:54;2025-08-03 23:21:28;Ari Balina S.Si;https://wilkerstat.bps.go.id/api/landmark/91327153/photo
91436759;HSCJML;BELAKANG WARUNG PA AYI PINGGIR KIRI KELURAHAN CPN;0023;RT 001 RW 006;3272011003;-6.9641089292368;106.90782118589;4.2729997634888;1;150;Batas Wilkerstat;15040;Batas SLS;2025-08-04 10:08:08;2025-08-04 10:08:11;Ari Balina S.Si;https://wilkerstat.bps.go.id/api/landmark/91436759/photo
91442454;HSCRXM;GANG JL CEMPAKA JL MASUK PERUM;0023;RT 001 RW 006;3272011003;-6.9635315164407;106.90802101046;6.0339999198914;1;150;Batas Wilkerstat;15040;Batas SLS;2025-08-04 10:13:56;2025-08-04 10:13:59;Ari Balina S.Si;https://wilkerstat.bps.go.id/api/landmark/91442454/photo
91445753;HSCWUJ;GG KELUARGA RUMAH PA YANTO;0023;RT 001 RW 006;3272011003;-6.9633058759733;106.90819267184;4.7470002174377;1;150;Batas Wilkerstat;15040;Batas SLS;2025-08-04 10:17:26;2025-08-04 10:17:28;Ari Balina S.Si;https://wilkerstat.bps.go.id/api/landmark/91445753/photo
91450148;HSDDHK;UJUNG RUMAH PA AAN;0023;RT 001 RW 006;3272011003;-6.9635182043217;106.90854102373;6.7020001411438;1;150;Batas Wilkerstat;15040;Batas SLS;2025-08-04 10:21:50;2025-08-04 10:21:52;Ari Balina S.Si;https://wilkerstat.bps.go.id/api/landmark/91450148/photo
91454608;HSDJWY;TK CUKUR AGED;0023;RT 001 RW 006;3272011003;-6.9631055284467;106.90809175372;4.353000164032;1;150;Batas Wilkerstat;15040;Batas SLS;2025-08-04 10:26:26;2025-08-04 10:26:28;Ari Balina S.Si;https://wilkerstat.bps.go.id/api/landmark/91454608/photo
89990929;HOYCRP;GANG BELAKANG RMH BI MASKAH;0024;RT 002 RW 006;3272011003;-6.9652284757108;106.90888769925;9.9350004196167;1;150;Batas Wilkerstat;15040;Batas SLS;2025-08-01 12:49:50;2025-08-01 12:49:53;Ari Balina S.Si;https://wilkerstat.bps.go.id/api/landmark/89990929/photo
89991521;HOYDOJ;BATAS SUNGAI;0024;RT 002 RW 006;3272011003;-6.965372578853;106.90914452076;3.789999961853;1;150;Batas Wilkerstat;15040;Batas SLS;2025-08-01 12:52:37;2025-08-01 12:52:39;Ari Balina S.Si;https://wilkerstat.bps.go.id/api/landmark/89991521/photo
89992867;HOYFOD;SUNGAI KANANNYA KOLAM;0024;RT 002 RW 006;3272011003;-6.9657027;106.9090291;9.9350004196167;1;150;Batas Wilkerstat;15040;Batas SLS;2025-08-01 12:57:43;2025-08-01 12:57:46;Ari Balina S.Si;https://wilkerstat.bps.go.id/api/landmark/89992867/photo
89995924;HOYKBS;GANG ABAN;0024;RT 002 RW 006;3272011003;-6.9656975;106.9068956;3.789999961853;1;150;Batas Wilkerstat;15040;Batas SLS;2025-08-01 13:07:55;2025-08-01 13:07:58;Ari Balina S.Si;https://wilkerstat.bps.go.id/api/landmark/89995924/photo
90082215;HPDHSP;GORONG² PINGGIR WARUNG PA AAM;0024;RT 002 RW 006;3272011003;-6.9652953688609;106.9084038958;3.789999961853;1;150;Batas Wilkerstat;15040;Batas SLS;2025-08-01 15:36:00;2025-08-01 15:36:02;Ari Balina S.Si;https://wilkerstat.bps.go.id/api/landmark/90082215/photo
90096450;HPECUC;BELOKAN LAPANG;0024;RT 002 RW 006;3272011003;-6.9650547531573;106.90766192973;9.9350004196167;1;150;Batas Wilkerstat;15040;Batas SLS;2025-08-01 15:57:52;2025-08-01 15:57:55;Ari Balina S.Si;https://wilkerstat.bps.go.id/api/landmark/90096450/photo
91471017;HSEIEB;GG BANCET;0025;RT 003 RW 006;3272011003;-6.9654095198361;106.90576057881;4.4479999542236;1;150;Batas Wilkerstat;15040;Batas SLS;2025-08-04 10:42:15;2025-08-04 10:42:17;Ari Balina S.Si;https://wilkerstat.bps.go.id/api/landmark/91471017/photo
91477006;HSERAK;GG BANCET DALAM;0025;RT 003 RW 006;3272011003;-6.9661673085505;106.90368857235;4.2249999046326;1;150;Batas Wilkerstat;15040;Batas SLS;2025-08-04 10:47:56;2025-08-04 10:47:58;Ari Balina S.Si;https://wilkerstat.bps.go.id/api/landmark/91477006/photo
91478158;HSESSS;GG BANCET DALAM;0025;RT 003 RW 006;3272011003;-6.9661163899796;106.90366141498;4.4000000953674;1;150;Batas Wilkerstat;15040;Batas SLS;2025-08-04 10:49:02;2025-08-04 10:49:04;Ari Balina S.Si;https://wilkerstat.bps.go.id/api/landmark/91478158/photo
91480815;HSEWQX;GG BANCET;0025;RT 003 RW 006;3272011003;-6.9662338687655;106.90349645913;6.1459999084473;1;150;Batas Wilkerstat;15040;Batas SLS;2025-08-04 10:51:42;2025-08-04 10:51:45;Ari Balina S.Si;https://wilkerstat.bps.go.id/api/landmark/91480815/photo
91512624;HSGRSI;RUMAH PA CUCUN;0025;RT 003 RW 006;3272011003;-6.9669893;106.9046102;6.9120001792908;1;150;Batas Wilkerstat;15040;Batas SLS;2025-08-04 11:24:14;2025-08-04 11:24:16;Ari Balina S.Si;https://wilkerstat.bps.go.id/api/landmark/91512624/photo
91637223;HSNUAP;GONGGO;0025;RT 003 RW 006;3272011003;-6.9668508815093;106.90601941198;5.9270000457764;1;150;Batas Wilkerstat;15040;Batas SLS;2025-08-04 14:06:49;2025-08-04 14:06:51;Ari Balina S.Si;https://wilkerstat.bps.go.id/api/landmark/91637223/photo
91639754;HSNXTY;FROQUA;0025;RT 003 RW 006;3272011003;-6.9658654578567;106.90611664206;4.9549999237061;1;150;Batas Wilkerstat;15040;Batas SLS;2025-08-04 14:09:42;2025-08-04 14:09:44;Ari Balina S.Si;https://wilkerstat.bps.go.id/api/landmark/91639754/photo
91466305;HSEBEV;GG BANCET;0026;RT 004 RW 006;3272011003;-6.9654051934148;106.90576124936;9.9350004196167;1;150;Batas Wilkerstat;15040;Batas SLS;2025-08-04 10:37:55;2025-08-04 10:37:57;Ari Balina S.Si;https://wilkerstat.bps.go.id/api/landmark/91466305/photo
91617371;HSMQRB;DEPAN RUMAH PA CUCUN;0026;RT 004 RW 006;3272011003;-6.9670043025671;106.9046035409;6.3150000572205;1;150;Batas Wilkerstat;15040;Batas SLS;2025-08-04 13:43:37;2025-08-04 13:43:39;Ari Balina S.Si;https://wilkerstat.bps.go.id/api/landmark/91617371/photo
91625012;HSNBYY;MI PANGKALAN;0026;RT 004 RW 006;3272011003;-6.9667750029633;106.90582729876;7.0529999732971;1;150;Batas Wilkerstat;15040;Batas SLS;2025-08-04 13:52:50;2025-08-04 13:52:52;Ari Balina S.Si;https://wilkerstat.bps.go.id/api/landmark/91625012/photo
91626460;HSNECQ;GONGGO;0026;RT 004 RW 006;3272011003;-6.9668535439142;106.90602008253;6.6659998893738;1;150;Batas Wilkerstat;15040;Batas SLS;2025-08-04 13:54:33;2025-08-04 13:54:35;Ari Balina S.Si;https://wilkerstat.bps.go.id/api/landmark/91626460/photo
91627130;HSNFCK;GONGGO POS;0026;RT 004 RW 006;3272011003;-6.9668655247361;106.9060697034;4.9019999504089;1;150;Batas Wilkerstat;15040;Batas SLS;2025-08-04 13:55:20;2025-08-04 13:55:22;Ari Balina S.Si;https://wilkerstat.bps.go.id/api/landmark/91627130/photo
91635111;HSNQXJ;GANG ABAN;0026;RT 004 RW 006;3272011003;-6.9659010675958;106.90610859543;6.4660000801086;1;150;Batas Wilkerstat;15040;Batas SLS;2025-08-04 14:04:24;2025-08-04 14:04:26;Ari Balina S.Si;https://wilkerstat.bps.go.id/api/landmark/91635111/photo
91641672;HSOAPS;GANG ABAN;0026;RT 004 RW 006;3272011003;-6.9657020523835;106.90687235445;4.4670000076294;1;150;Batas Wilkerstat;15040;Batas SLS;2025-08-04 14:11:48;2025-08-04 14:11:50;Ari Balina S.Si;https://wilkerstat.bps.go.id/api/landmark/91641672/photo
91642656;HSOCBO;DEPAN RUMAH BU ELIS;0026;RT 004 RW 006;3272011003;-6.9658058864179;106.9069853425;4.3579998016357;1;150;Batas Wilkerstat;15040;Batas SLS;2025-08-04 14:12:52;2025-08-04 14:12:54;Ari Balina S.Si;https://wilkerstat.bps.go.id/api/landmark/91642656/photo
89951630;HOVWOC;RUKO PA SASMITA;0033;RT 002 RW 008;3272011003;-6.9582306008054;106.90905366093;4.8499999046326;1;150;Batas Wilkerstat;15040;Batas SLS;2025-08-01 10:59:00;2025-08-01 10:59:02;Erna Martini;https://wilkerstat.bps.go.id/api/landmark/89951630/photo
89957835;HOWFST;SHOWROOM MG;0033;RT 002 RW 008;3272011003;-6.9560429;106.9091926;4.5999999046326;1;150;Batas Wilkerstat;15040;Batas SLS;2025-08-01 11:09:01;2025-08-01 11:09:03;Erna Martini;https://wilkerstat.bps.go.id/api/landmark/89957835/photo
90601891;HQGWMD;BATAS 3 ( KOLAM BP HASAN );0013;RT 001 RW 004;3272011003;-6.9579733;106.9089183;1.5859999656677;1;150;Batas Wilkerstat;15040;Batas SLS;2025-08-02 12:02:13;2025-08-02 15:49:17;Asep Rahmat;https://wilkerstat.bps.go.id/api/landmark/90601891/photo
90602900;HQGXYY;BATAS 4 ( SAWAH BP UJANG );0013;RT 001 RW 004;3272011003;-6.9585582;106.9076097;3.0999999046326;1;150;Batas Wilkerstat;15040;Batas SLS;2025-08-02 12:08:36;2025-08-02 15:50:16;Asep Rahmat;https://wilkerstat.bps.go.id/api/landmark/90602900/photo
90016594;HOZOQS;BERBATASAN DENGAN SELOKAN;0016;RT 002 RW 005;3272011004;-6.9759483;106.9118286;5.3420000076294;1;150;Batas Wilkerstat;15040;Batas SLS;2025-08-01 13:53:41;2025-08-01 13:53:42;asep saepul alam;https://wilkerstat.bps.go.id/api/landmark/90016594/photo
90026368;HPADCQ;BERBATASAN DENGAN RUMAH H. YUDI/LAPANG BOLA;0016;RT 002 RW 005;3272011004;-6.976250740578;106.90966587514;5.2170000076294;1;150;Batas Wilkerstat;15040;Batas SLS;2025-08-01 14:10:05;2025-08-01 14:10:07;asep saepul alam;https://wilkerstat.bps.go.id/api/landmark/90026368/photo
90029809;HPAIEZ;BERBATASAN DENGAN GANG/RUMAH IBU LISNA;0016;RT 002 RW 005;3272011004;-6.9752606775676;106.91006653011;7.2170000076294;1;150;Batas Wilkerstat;15040;Batas SLS;2025-08-01 14:15:27;2025-08-01 14:15:28;asep saepul alam;https://wilkerstat.bps.go.id/api/landmark/90029809/photo
90032845;HPAMRT;BERBATASAN DENGAN SELOKAN/RUMAH DARSIH;0016;RT 002 RW 005;3272011004;-6.9751636;106.9096996;2.1600000858307;1;150;Batas Wilkerstat;15040;Batas SLS;2025-08-01 14:20:11;2025-08-01 14:20:13;asep saepul alam;https://wilkerstat.bps.go.id/api/landmark/90032845/photo
90042716;HPBBHK;BERBATASAN DENGAN RUMAH USTAD AZIS;0016;RT 002 RW 005;3272011004;-6.9747955;106.9122214;3;1;150;Batas Wilkerstat;15040;Batas SLS;2025-08-01 14:35:26;2025-08-01 14:35:27;asep saepul alam;https://wilkerstat.bps.go.id/api/landmark/90042716/photo
90004827;HOYXGD;BERBATASAN DENGAN POHON BAMBU/KALI CIMANDIRI;0015;RT 001 RW 005;3272011004;-6.9776275070728;106.91006686538;2.7000000476837;1;150;Batas Wilkerstat;15040;Batas SLS;2025-08-01 13:30:29;2025-08-01 13:30:31;asep saepul alam;https://wilkerstat.bps.go.id/api/landmark/90004827/photo
90007884;HOZBTS;BERBATASAN DENGAN SELOKAN;0015;RT 001 RW 005;3272011004;-6.9772621002615;106.91097009927;2.2999999523163;1;150;Batas Wilkerstat;15040;Batas SLS;2025-08-01 13:37:19;2025-08-01 13:37:20;asep saepul alam;https://wilkerstat.bps.go.id/api/landmark/90007884/photo
90013824;HOZKOE;BERBATASAN DENGAN SELOKAN/WARUNG BAYU;0015;RT 001 RW 005;3272011004;-6.9760471;106.911759;3.9249999523163;1;150;Batas Wilkerstat;15040;Batas SLS;2025-08-01 13:48:49;2025-08-01 13:48:50;asep saepul alam;https://wilkerstat.bps.go.id/api/landmark/90013824/photo
90022119;HOZWVF;BERBATASAN DENGAN TIANG LISTRIK;0015;RT 001 RW 005;3272011004;-6.9762233;106.9101433;2.8650000095367;1;150;Batas Wilkerstat;15040;Batas SLS;2025-08-01 14:03:11;2025-08-01 14:03:12;asep saepul alam;https://wilkerstat.bps.go.id/api/landmark/90022119/photo
90043997;HPBDER;BERBATASAN DENGAN GANG/RUMAH USTAD AZIS;0017;RT 003 RW 005 KEL. CIKUNDUL;3272011004;-6.9748335;106.9122379;2.0299999713898;1;150;Batas Wilkerstat;15040;Batas SLS;2025-08-01 14:37:25;2025-08-01 14:37:26;asep saepul alam;https://wilkerstat.bps.go.id/api/landmark/90043997/photo
91031302;HRFHRY;BERBATASAN DENGAN PENGGILINGAN PADI/RT.01/05;0017;RT 003 RW 005 KEL. CIKUNDUL;3272011004;-6.9756645;106.9076898;3;1;150;Batas Wilkerstat;15040;Batas SLS;2025-08-03 12:37:14;2025-08-03 12:37:18;asep saepul alam;https://wilkerstat.bps.go.id/api/landmark/91031302/photo
91151439;HRMDKP;BERBATASAN DENGAN POHON KELAPA;0017;RT 003 RW 005 KEL. CIKUNDUL;3272011004;-6.9700892;106.9122464;2;1;150;Batas Wilkerstat;15040;Batas SLS;2025-08-03 15:15:20;2025-08-03 15:15:23;asep saepul alam;https://wilkerstat.bps.go.id/api/landmark/91151439/photo
91158705;HRMOEB;BERBATASAN DENGAN GERBANG PERKEMAHAN CIKUNDUL;0017;RT 003 RW 005 KEL. CIKUNDUL;3272011004;-6.9685796;106.9103299;1.6000000238419;1;150;Batas Wilkerstat;15040;Batas SLS;2025-08-03 15:23:29;2025-08-03 15:23:31;asep saepul alam;https://wilkerstat.bps.go.id/api/landmark/91158705/photo
90930134;HQZOAW;BERBATASAN DENGAN SELOKAN;0013;RT 002 RW 004 KEL. CIKUNDUL;3272011004;-6.9758714;106.9073065;1.8999999761581;1;150;Batas Wilkerstat;15040;Batas SLS;2025-08-03 10:48:04;2025-08-03 10:48:07;asep saepul alam;https://wilkerstat.bps.go.id/api/landmark/90930134/photo
90934982;HQZVFI;BERBATASAN DENGAN SELOKAN/JEMBATAN GONGGO;0013;RT 002 RW 004 KEL. CIKUNDUL;3272011004;-6.9756617;106.905055;1.4270000457764;1;150;Batas Wilkerstat;15040;Batas SLS;2025-08-03 10:52:20;2025-08-03 10:52:23;asep saepul alam;https://wilkerstat.bps.go.id/api/landmark/90934982/photo
90947796;HRAOEE;BERBATASAN DENGAN SELOKAN/KALI CIMANDIRI;0013;RT 002 RW 004 KEL. CIKUNDUL;3272011004;-6.9779046;106.9047283;3;1;150;Batas Wilkerstat;15040;Batas SLS;2025-08-03 11:04:03;2025-08-03 11:04:12;asep saepul alam;https://wilkerstat.bps.go.id/api/landmark/90947796/photo
90961485;HRBIKR;BERBATASAN DENGAN SELOKAN/RT.03;0013;RT 002 RW 004 KEL. CIKUNDUL;3272011004;-6.9770917;106.905915;7.0130000114441;1;150;Batas Wilkerstat;15040;Batas SLS;2025-08-03 11:16:24;2025-08-03 11:16:30;asep saepul alam;https://wilkerstat.bps.go.id/api/landmark/90961485/photo
90005835;HOYYSX;BERBATASAN DENGAN POHON BAMBU/KALI CIMANDIRI;0014;RT 003 RW 004 KEL. CIKUNDUL;3272011004;-6.9775373201723;106.91018052399;3;1;150;Batas Wilkerstat;15040;Batas SLS;2025-08-01 13:32:46;2025-08-01 13:32:47;asep saepul alam;https://wilkerstat.bps.go.id/api/landmark/90005835/photo
90024081;HOZZSR;TIANG LISTRIK/WARUNG KUPAT TAHU MANG OOM;0014;RT 003 RW 004 KEL. CIKUNDUL;3272011004;-6.9762347;106.910105;1.5800000429153;1;150;Batas Wilkerstat;15040;Batas SLS;2025-08-01 14:06:28;2025-08-01 14:06:28;asep saepul alam;https://wilkerstat.bps.go.id/api/landmark/90024081/photo
90025693;HPACCR;BERBATASAN DENGAN RUMAH H. YUDI/LAPANG SEPAK BOLA;0014;RT 003 RW 004 KEL. CIKUNDUL;3272011004;-6.9763039;106.9096686;3.1159999370575;1;150;Batas Wilkerstat;15040;Batas SLS;2025-08-01 14:08:56;2025-08-01 14:08:57;asep saepul alam;https://wilkerstat.bps.go.id/api/landmark/90025693/photo
90031044;HPAKAM;BERBATASAN DENGAN BELAKANG TEMBOK RUMAH NOVIE PERUM;0014;RT 003 RW 004 KEL. CIKUNDUL;3272011004;-6.97526;106.9100717;2.595999956131;1;150;Batas Wilkerstat;15040;Batas SLS;2025-08-01 14:17:20;2025-08-01 14:17:21;asep saepul alam;https://wilkerstat.bps.go.id/api/landmark/90031044/photo
90950077;HRARNX;BERBATASAN DENGAN SELOKAN/RT.02/04;0014;RT 003 RW 004 KEL. CIKUNDUL;3272011004;-6.9778467;106.9047533;2.3210000991821;1;150;Batas Wilkerstat;15040;Batas SLS;2025-08-03 11:06:15;2025-08-03 11:06:20;asep saepul alam;https://wilkerstat.bps.go.id/api/landmark/90950077/photo
90970071;HRBVCX;BERBATASAN DENGAN SELOKAN/RT.02/04;0014;RT 003 RW 004 KEL. CIKUNDUL;3272011004;-6.9759109;106.9072999;3.0940001010895;1;150;Batas Wilkerstat;15040;Batas SLS;2025-08-03 11:24:36;2025-08-03 11:24:39;asep saepul alam;https://wilkerstat.bps.go.id/api/landmark/90970071/photo
90973617;HRCAJH;BERBATASAN DENGAN SELOKAN;0014;RT 003 RW 004 KEL. CIKUNDUL;3272011004;-6.97586;106.9078333;1.7239999771118;1;150;Batas Wilkerstat;15040;Batas SLS;2025-08-03 11:27:57;2025-08-03 11:28:00;asep saepul alam;https://wilkerstat.bps.go.id/api/landmark/90973617/photo
90010095;HOZFAT;BERBATASAN DENGAN GORONG GORONG/KALI CIMANDIRI;0018;RT 001 RW 006 KEL. CIKUNDUL;3272011004;-6.9772710856783;106.91085912287;4.728000164032;1;150;Batas Wilkerstat;15040;Batas SLS;2025-08-01 13:41:46;2025-08-01 13:41:47;asep saepul alam;https://wilkerstat.bps.go.id/api/landmark/90010095/photo
90014719;HOZLWP;BERBATASAN DENGAN SELOKAN//WARUNG BAYU;0018;RT 001 RW 006 KEL. CIKUNDUL;3272011004;-6.9760483;106.91178;1.4500000476837;1;150;Batas Wilkerstat;15040;Batas SLS;2025-08-01 13:50:22;2025-08-01 13:50:23;asep saepul alam;https://wilkerstat.bps.go.id/api/landmark/90014719/photo
90017255;HOZPQD;BERBATASAN DENGAN SELOKAN;0019;RT 002 RW 006 KEL. CIKUNDUL;3272011004;-6.9759089610796;106.91184382886;4.0819997787476;1;150;Batas Wilkerstat;15040;Batas SLS;2025-08-01 13:54:53;2025-08-01 13:54:55;asep saepul alam;https://wilkerstat.bps.go.id/api/landmark/90017255/photo
90045045;HPBESZ;BERBATASAN DENGAN JALAN GANG/RUMAH USTAD AZIS;0019;RT 002 RW 006 KEL. CIKUNDUL;3272011004;-6.9747733;106.9122333;2.0160000324249;1;150;Batas Wilkerstat;15040;Batas SLS;2025-08-01 14:38:57;2025-08-01 14:38:58;asep saepul alam;https://wilkerstat.bps.go.id/api/landmark/90045045/photo
90045722;HPBFTA;BATAS 1;0020;RT 001 RW 007 KEL. CIKUNDUL;3272011004;-6.9748033;106.912255;1.9019999504089;1;150;Batas Wilkerstat;15040;Batas SLS;2025-08-01 14:40:04;2025-08-01 14:40:05;asep saepul alam;https://wilkerstat.bps.go.id/api/landmark/90045722/photo
91780762;HSVYJI;BEKAS PONDASI/RT. 03/07;0020;RT 001 RW 007 KEL. CIKUNDUL;3272011004;-6.9716771;106.9120363;3;1;150;Batas Wilkerstat;15040;Batas SLS;2025-08-04 16:18:38;2025-08-04 16:18:37;asep saepul alam;https://wilkerstat.bps.go.id/api/landmark/91780762/photo
91153793;HRMGXD;BERBATASAN DENGAN POHON KELAPA/RT.03 RW.05;0021;RT 002 RW 007 KEL. CIKUNDUL;3272011004;-6.9701;106.9122467;1.2200000286102;1;150;Batas Wilkerstat;15040;Batas SLS;2025-08-03 15:18:02;2025-08-03 15:18:04;asep saepul alam;https://wilkerstat.bps.go.id/api/landmark/91153793/photo
91778829;HSVVMZ;BERBATASAN DENGAN ILALANG/BEKAS PONDASI;0021;RT 002 RW 007 KEL. CIKUNDUL;3272011004;-6.9716344;106.9120851;2;1;150;Batas Wilkerstat;15040;Batas SLS;2025-08-04 16:17:04;2025-08-04 16:17:03;asep saepul alam;https://wilkerstat.bps.go.id/api/landmark/91778829/photo
91160123;HRMQGP;BERBATASAN DENGAN GERBANG PERKEMAHAN CIKUNDUL/RT.03/05;2001;BUKIT CIGEDUD KEL. CIKUNDUL;3272011004;-6.9685767;106.9103267;1.6000000238419;1;150;Batas Wilkerstat;15040;Batas SLS;2025-08-03 15:24:57;2025-08-03 15:25:00;asep saepul alam;https://wilkerstat.bps.go.id/api/landmark/91160123/photo
91166037;HRMZAB;BERBATASAN DENGAN POHON BAMBU;2001;BUKIT CIGEDUD KEL. CIKUNDUL;3272011004;-6.9679145110642;106.90757039934;1.5499999523163;1;150;Batas Wilkerstat;15040;Batas SLS;2025-08-03 15:31:11;2025-08-03 15:31:14;asep saepul alam;https://wilkerstat.bps.go.id/api/landmark/91166037/photo
91178255;HRNRBZ;BERBATASAN DENGAN TEBING/SANTIONG;2001;BUKIT CIGEDUD KEL. CIKUNDUL;3272011004;-6.96839773621;106.90551549196;1.8669999837875;1;150;Batas Wilkerstat;15040;Batas SLS;2025-08-03 15:44:44;2025-08-03 15:44:48;asep saepul alam;https://wilkerstat.bps.go.id/api/landmark/91178255/photo
91199290;HROWFA;BERBATASAN DENGANPOHON KELAPA/KUBURAN CINA;2001;BUKIT CIGEDUD KEL. CIKUNDUL;3272011004;-6.9707090231477;106.9045529142;3;1;150;Batas Wilkerstat;15040;Batas SLS;2025-08-03 16:05:53;2025-08-03 16:05:57;asep saepul alam;https://wilkerstat.bps.go.id/api/landmark/91199290/photo
91623498;HSMZSS;PENAMPUNGAN AIR PERTANIAN;0003;RT 003 RW 001;3272011004;-6.9654555;106.9158593;3.2000000476837;1;150;Batas Wilkerstat;15040;Batas SLS;2025-08-04 13:51:00;2025-08-04 13:51:02;Yani Rachmayani;https://wilkerstat.bps.go.id/api/landmark/91623498/photo
91626037;HSNDMJ;KEBUN PISANG;0003;RT 003 RW 001;3272011004;-6.9651567;106.9154683;1.2999999523163;1;150;Batas Wilkerstat;15040;Batas SLS;2025-08-04 13:54:03;2025-08-04 13:54:05;Yani Rachmayani;https://wilkerstat.bps.go.id/api/landmark/91626037/photo
91640985;HSNZPH;SELOKAN BATAS DENGAN RW 8;0003;RT 003 RW 001;3272011004;-6.9639351;106.9176384;1.2000000476837;1;150;Batas Wilkerstat;15040;Batas SLS;2025-08-04 14:11:02;2025-08-04 14:11:05;Yani Rachmayani;https://wilkerstat.bps.go.id/api/landmark/91640985/photo
91642896;HSOCKU;WARUNG NASI TEH ENIH;0003;RT 003 RW 001;3272011004;-6.9637353;106.9170683;1.1000000238419;1;150;Batas Wilkerstat;15040;Batas SLS;2025-08-04 14:13:07;2025-08-04 14:13:09;Yani Rachmayani;https://wilkerstat.bps.go.id/api/landmark/91642896/photo
91644809;HSOFGJ;POM BENSIN BAH OMAN;0003;RT 003 RW 001;3272011004;-6.96323;106.9172618;5.3249998092651;1;150;Batas Wilkerstat;15040;Batas SLS;2025-08-04 14:15:10;2025-08-04 14:15:12;Yani Rachmayani;https://wilkerstat.bps.go.id/api/landmark/91644809/photo
91646065;HSOHCR;GANG BERBATASAN DENGAN RT 2;0003;RT 003 RW 001;3272011004;-6.9630138;106.9168372;5.2230000495911;1;150;Batas Wilkerstat;15040;Batas SLS;2025-08-04 14:16:26;2025-08-04 14:16:28;Yani Rachmayani;https://wilkerstat.bps.go.id/api/landmark/91646065/photo
91649981;HSOMXH;BATAS SELOKAN DENGAN RT 2;0003;RT 003 RW 001;3272011004;-6.9638256;106.9156582;4.3420000076294;1;150;Batas Wilkerstat;15040;Batas SLS;2025-08-04 14:20:32;2025-08-04 14:20:34;Yani Rachmayani;https://wilkerstat.bps.go.id/api/landmark/91649981/photo
91653838;HSOSPQ;BATAS SELOKAN RT 2;0003;RT 003 RW 001;3272011004;-6.9649362;106.9148993;4.1710000038147;1;150;Batas Wilkerstat;15040;Batas SLS;2025-08-04 14:24:26;2025-08-04 14:24:28;Yani Rachmayani;https://wilkerstat.bps.go.id/api/landmark/91653838/photo
91074262;HRHTGG;KEBUN BAH KAMAS;0005;RT 001 RW 002;3272011004;-6.9630109;106.9129767;3.0030000209808;1;150;Batas Wilkerstat;15040;Batas SLS;2025-08-03 13:40:33;2025-08-03 13:40:39;Yani Rachmayani;https://wilkerstat.bps.go.id/api/landmark/91074262/photo
91080159;HRIBZB;BATAS 2 SAWAH;0005;RT 001 RW 002;3272011004;-6.9618277;106.9129041;3;1;150;Batas Wilkerstat;15040;Batas SLS;2025-08-03 13:48:56;2025-08-03 13:48:58;Yani Rachmayani;https://wilkerstat.bps.go.id/api/landmark/91080159/photo
91082754;HRIFUW;BATAS 3 SAWAH;0005;RT 001 RW 002;3272011004;-6.9617467;106.9125583;1.2999999523163;1;150;Batas Wilkerstat;15040;Batas SLS;2025-08-03 13:52:24;2025-08-03 13:52:26;Yani Rachmayani;https://wilkerstat.bps.go.id/api/landmark/91082754/photo
91097064;HRJAZG;BATAS 4 SAWAH ADA TUNGGUL;0005;RT 001 RW 002;3272011004;-6.964203;106.9136281;3;1;150;Batas Wilkerstat;15040;Batas SLS;2025-08-03 14:11:20;2025-08-03 14:11:23;Yani Rachmayani;https://wilkerstat.bps.go.id/api/landmark/91097064/photo
91101507;HRJHOD;BATAS 5 SELOKAN;0005;RT 001 RW 002;3272011004;-6.9648861;106.9138955;3;1;150;Batas Wilkerstat;15040;Batas SLS;2025-08-03 14:16:44;2025-08-03 14:16:46;Yani Rachmayani;https://wilkerstat.bps.go.id/api/landmark/91101507/photo
91120016;HRKIYA;BATAS RUMAH PA DEDE;0005;RT 001 RW 002;3272011004;-6.96579;106.9114017;2.5539999008179;1;150;Batas Wilkerstat;15040;Batas SLS;2025-08-03 14:39:24;2025-08-03 14:39:26;Yani Rachmayani;https://wilkerstat.bps.go.id/api/landmark/91120016/photo
91127328;HRKTTG;BATAS KANDANG DOMBA;0005;RT 001 RW 002;3272011004;-6.964565;106.9110245;3.0969998836517;1;150;Batas Wilkerstat;15040;Batas SLS;2025-08-03 14:48:00;2025-08-03 14:48:03;Yani Rachmayani;https://wilkerstat.bps.go.id/api/landmark/91127328/photo
90246123;HPMQET;GUDANG PALET PA YANTO;0010;RT 003 RW 003;3272011004;-6.9625866;106.9083989;1.3500000238419;1;150;Batas Wilkerstat;15040;Batas SLS;2025-08-02 09:16:03;2025-08-02 09:16:05;Yani Rachmayani;https://wilkerstat.bps.go.id/api/landmark/90246123/photo
90281053;HPOPWF;RUMAH PAK MUHAEMIN;0010;RT 003 RW 003;3272011004;-6.9617042;106.910368;4.1149997711182;1;150;Batas Wilkerstat;15040;Batas SLS;2025-08-02 09:53:38;2025-08-02 09:53:40;Yani Rachmayani;https://wilkerstat.bps.go.id/api/landmark/90281053/photo
90304150;HPPYAO;KEBUN JAGUNG;0010;RT 003 RW 003;3272011004;-6.9630315;106.9098177;2.4110000133514;1;150;Batas Wilkerstat;15040;Batas SLS;2025-08-02 10:16:00;2025-08-02 10:16:03;Yani Rachmayani;https://wilkerstat.bps.go.id/api/landmark/90304150/photo
90344880;HPSGHC;RUMAH BPK PEPEN EFENDI;0019;RT 001 RW 006;3272011005;-6.9602542;106.9124704;3.789999961853;1;150;Batas Wilkerstat;15040;Batas SLS;2025-08-02 10:52:55;2025-08-02 10:52:56;PUTRI SUSILAWATI;https://wilkerstat.bps.go.id/api/landmark/90344880/photo
90464575;HPZBIT;SUNGAI LEMBURCUKANG;0019;RT 001 RW 006;3272011005;-6.9586265;106.9132852;4.0370001792908;1;150;Batas Wilkerstat;15040;Batas SLS;2025-08-02 13:11:37;2025-08-02 13:11:38;PUTRI SUSILAWATI;https://wilkerstat.bps.go.id/api/landmark/90464575/photo
90540205;HQDJFP;SUNGAI CILAME;0019;RT 001 RW 006;3272011005;-6.9556849552387;106.9148304686;3.8550000190735;1;150;Batas Wilkerstat;15040;Batas SLS;2025-08-02 13:23:14;2025-08-02 14:45:20;PUTRI SUSILAWATI;https://wilkerstat.bps.go.id/api/landmark/90540205/photo
90719198;HQNNZY;PERUM TAMAN RESIK;0019;RT 001 RW 006;3272011005;-6.9609546159736;106.91377267241;3.789999961853;1;150;Batas Wilkerstat;15040;Batas SLS;2025-08-02 17:39:58;2025-08-02 17:39:59;PUTRI SUSILAWATI;https://wilkerstat.bps.go.id/api/landmark/90719198/photo
90477337;HPZUFP;SUNGAI CILAME 3;0020;RT 002 RW 006;3272011005;-6.9550376421965;106.91601667553;3.2650001049042;1;150;Batas Wilkerstat;15040;Batas SLS;2025-08-02 13:30:01;2025-08-02 13:30:03;PUTRI SUSILAWATI;https://wilkerstat.bps.go.id/api/landmark/90477337/photo
90540620;HQDJVO;SUNGAI CILAME2;0020;RT 002 RW 006;3272011005;-6.9556962707287;106.91513288766;3.3810000419617;1;150;Batas Wilkerstat;15040;Batas SLS;2025-08-02 13:25:58;2025-08-02 14:45:45;PUTRI SUSILAWATI;https://wilkerstat.bps.go.id/api/landmark/90540620/photo
90719986;HQNPEG;RUMAH BPK H JUNA;0020;RT 002 RW 006;3272011005;-6.9609386413431;106.91381257027;3.789999961853;1;150;Batas Wilkerstat;15040;Batas SLS;2025-08-02 17:41:02;2025-08-02 17:41:04;PUTRI SUSILAWATI;https://wilkerstat.bps.go.id/api/landmark/90719986/photo
90722606;HQNTBA;PERUM HUMANIS;0020;RT 002 RW 006;3272011005;-6.9611945681709;106.91453911364;5.1230001449585;1;150;Batas Wilkerstat;15040;Batas SLS;2025-08-02 17:44:41;2025-08-02 17:44:43;PUTRI SUSILAWATI;https://wilkerstat.bps.go.id/api/landmark/90722606/photo
90676143;HQLCHZ;RUMAH BAPAK BAGUS;0021;RT 003 RW 006;3272011005;-6.9625346;106.915367;4.7150001525879;1;150;Batas Wilkerstat;15040;Batas SLS;2025-08-02 16:56:12;2025-08-02 16:56:13;PUTRI SUSILAWATI;https://wilkerstat.bps.go.id/api/landmark/90676143/photo
90699927;HQMLMT;PERUMAHAN GOLDEN;0021;RT 003 RW 006;3272011005;-6.9569313215398;106.91622756422;3.3810000419617;1;150;Batas Wilkerstat;15040;Batas SLS;2025-08-02 17:18:03;2025-08-02 17:18:05;PUTRI SUSILAWATI;https://wilkerstat.bps.go.id/api/landmark/90699927/photo
90706036;HQMUNS;TIANG LISTRIK PERUM GOLDEN;0021;RT 003 RW 006;3272011005;-6.9572085502299;106.91698428243;4.6939997673035;1;150;Batas Wilkerstat;15040;Batas SLS;2025-08-02 17:24:17;2025-08-02 17:24:18;PUTRI SUSILAWATI;https://wilkerstat.bps.go.id/api/landmark/90706036/photo
90723457;HQNUHT;CLUSTER QIANDRA;0021;RT 003 RW 006;3272011005;-6.9612315;106.9145625;7.356999874115;1;150;Batas Wilkerstat;15040;Batas SLS;2025-08-02 17:46:07;2025-08-02 17:46:09;PUTRI SUSILAWATI;https://wilkerstat.bps.go.id/api/landmark/90723457/photo
91778815;HSVVML;RUMAH ALM. PAK KARJI;0020;RT 004 RW 005;3272012001;-6.9572923;106.9440049;5.9169998168945;1;150;Batas Wilkerstat;15040;Batas SLS;2025-08-04 16:17:00;2025-08-04 16:17:02;Atikah;https://wilkerstat.bps.go.id/api/landmark/91778815/photo
91794577;HSWSUR;RUMAH YOSE IWAYAN;0020;RT 004 RW 005;3272012001;-6.9569176;106.9446675;7.0120000839233;1;150;Batas Wilkerstat;15040;Batas SLS;2025-08-04 16:29:34;2025-08-04 16:29:36;Atikah;https://wilkerstat.bps.go.id/api/landmark/91794577/photo
91795817;HSWUQJ;RUMAH PAK ASEP KOBOY;0020;RT 004 RW 005;3272012001;-6.9569519;106.9448278;5.2750000953674;1;150;Batas Wilkerstat;15040;Batas SLS;2025-08-04 16:30:33;2025-08-04 16:30:35;Atikah;https://wilkerstat.bps.go.id/api/landmark/91795817/photo
91799865;HSXAQB;RUMAH NUGI;0020;RT 004 RW 005;3272012001;-6.9567306;106.9449396;6.3000001907349;1;150;Batas Wilkerstat;15040;Batas SLS;2025-08-04 16:33:39;2025-08-04 16:33:40;Atikah;https://wilkerstat.bps.go.id/api/landmark/91799865/photo
91804633;HSXHRL;RUMAH BU YULI;0020;RT 004 RW 005;3272012001;-6.9569283;106.9437688;6.6579999923706;1;150;Batas Wilkerstat;15040;Batas SLS;2025-08-04 16:37:22;2025-08-04 16:37:24;Atikah;https://wilkerstat.bps.go.id/api/landmark/91804633/photo
91760953;HSUVBL;RUMAH PAK DODY;0021;RT 005 RW 005;3272012001;-6.9579048;106.9441771;7.7750000953674;1;150;Batas Wilkerstat;15040;Batas SLS;2025-08-04 16:02:22;2025-08-04 16:02:24;Atikah;https://wilkerstat.bps.go.id/api/landmark/91760953/photo
91763459;HSUYTV;KEBUN PAK EDI;0021;RT 005 RW 005;3272012001;-6.9580164;106.9444674;8.2360000610352;1;150;Batas Wilkerstat;15040;Batas SLS;2025-08-04 16:04:27;2025-08-04 16:04:28;Atikah;https://wilkerstat.bps.go.id/api/landmark/91763459/photo
91777850;HSVUBI;RUMAH BU NENENG;0021;RT 005 RW 005;3272012001;-6.957329;106.9440999;6.8660001754761;1;150;Batas Wilkerstat;15040;Batas SLS;2025-08-04 16:16:11;2025-08-04 16:16:13;Atikah;https://wilkerstat.bps.go.id/api/landmark/91777850/photo
91785366;HSWFEK;RUMAH TEH ITEUNG;0021;RT 005 RW 005;3272012001;-6.9569136;106.9446927;7.3140001296997;1;150;Batas Wilkerstat;15040;Batas SLS;2025-08-04 16:22:14;2025-08-04 16:22:16;Atikah;https://wilkerstat.bps.go.id/api/landmark/91785366/photo
91798117;HSWYAV;RUMAH PAK ERWAN;0022;RT 006 RW 005;3272012001;-6.9569521;106.9448458;5.7170000076294;1;150;Batas Wilkerstat;15040;Batas SLS;2025-08-04 16:32:20;2025-08-04 16:32:22;Atikah;https://wilkerstat.bps.go.id/api/landmark/91798117/photo
90528443;HQCRVF;RUMAH NENEK FATIMAH;0027;RT 001 RW 007;3272012001;-6.9577729;106.9416242;8.5559997558594;1;150;Batas Wilkerstat;15040;Batas SLS;2025-08-02 14:32:27;2025-08-02 14:32:34;Atikah;https://wilkerstat.bps.go.id/api/landmark/90528443/photo
90538796;HQDHDK;RUMAH PAK ASEP SAEPUDIN;0027;RT 001 RW 007;3272012001;-6.9583024870532;106.94180645049;4.5549998283386;1;150;Batas Wilkerstat;15040;Batas SLS;2025-08-02 14:43:57;2025-08-02 14:43:59;Atikah;https://wilkerstat.bps.go.id/api/landmark/90538796/photo
90544632;HQDPTW;WARUNG BENI;0027;RT 001 RW 007;3272012001;-6.9579813;106.9422265;7.3689999580383;1;150;Batas Wilkerstat;15040;Batas SLS;2025-08-02 14:49:52;2025-08-02 14:49:54;Atikah;https://wilkerstat.bps.go.id/api/landmark/90544632/photo
90549516;HQDWZS;RUMAH PAK KORENTUS ORE;0027;RT 001 RW 007;3272012001;-6.9574538;106.9425465;7.5510001182556;1;150;Batas Wilkerstat;15040;Batas SLS;2025-08-02 14:55:02;2025-08-02 14:55:04;Atikah;https://wilkerstat.bps.go.id/api/landmark/90549516/photo
90551833;HQEAKV;RUMAH PAK ENJEN ISMAIL;0027;RT 001 RW 007;3272012001;-6.9572504;106.9424324;5.2670001983643;1;150;Batas Wilkerstat;15040;Batas SLS;2025-08-02 14:57:27;2025-08-02 14:57:29;Atikah;https://wilkerstat.bps.go.id/api/landmark/90551833/photo
90557676;HQEJBO;RUMAH AMIH JUBAEDAH;0028;RT 002 RW 007;3272012001;-6.957150308922;106.94244582206;5.8270001411438;1;150;Batas Wilkerstat;15040;Batas SLS;2025-08-02 15:03:35;2025-08-02 15:03:37;Atikah;https://wilkerstat.bps.go.id/api/landmark/90557676/photo
90559988;HQEMMM;KEBUN PAK ENJEN ISMAIL;0028;RT 002 RW 007;3272012001;-6.9573999144763;106.94261681288;3.9210000038147;1;150;Batas Wilkerstat;15040;Batas SLS;2025-08-02 15:06:15;2025-08-02 15:06:17;Atikah;https://wilkerstat.bps.go.id/api/landmark/90559988/photo
90614136;HQHOPC;RUMAH JONER MARBUN;0028;RT 002 RW 007;3272012001;-6.9579648;106.9422871;6.0320000648499;1;150;Batas Wilkerstat;15040;Batas SLS;2025-08-02 16:01:08;2025-08-02 16:01:10;Atikah;https://wilkerstat.bps.go.id/api/landmark/90614136/photo
90617215;HQHTDN;RUMAH JONER MARBUN;0028;RT 002 RW 007;3272012001;-6.957789;106.9421882;4.7589998245239;1;150;Batas Wilkerstat;15040;Batas SLS;2025-08-02 16:03:53;2025-08-02 16:03:55;Atikah;https://wilkerstat.bps.go.id/api/landmark/90617215/photo
90627524;HQIIKA;RUMAH PAK CANDRA;0028;RT 002 RW 007;3272012001;-6.9568233;106.9429918;6.1420001983643;1;150;Batas Wilkerstat;15040;Batas SLS;2025-08-02 16:13:41;2025-08-02 16:13:43;Atikah;https://wilkerstat.bps.go.id/api/landmark/90627524/photo
90640284;HQJBGU;RUMAH BU LILIS ( WARUNG ANNISA );0028;RT 002 RW 007;3272012001;-6.9572741132935;106.94320254028;5.6409997940063;1;150;Batas Wilkerstat;15040;Batas SLS;2025-08-02 16:24:58;2025-08-02 16:24:59;Atikah;https://wilkerstat.bps.go.id/api/landmark/90640284/photo
90628471;HQIJUL;RUMAH PAK LUKAS;0029;RT 003 RW 007;3272012001;-6.9568108451552;106.94304764271;4.7909998893738;1;150;Batas Wilkerstat;15040;Batas SLS;2025-08-02 16:14:38;2025-08-02 16:14:40;Atikah;https://wilkerstat.bps.go.id/api/landmark/90628471/photo
90644430;HQJHKG;RUMAH SIHOMBING;0029;RT 003 RW 007;3272012001;-6.9572426;106.9432916;5.9279999732971;1;150;Batas Wilkerstat;15040;Batas SLS;2025-08-02 16:28:27;2025-08-02 16:28:29;Atikah;https://wilkerstat.bps.go.id/api/landmark/90644430/photo
90651289;HQJROB;RUMAH PAK ASEP NURJAMAN;0029;RT 003 RW 007;3272012001;-6.9568141732326;106.94378525019;4.9970002174377;1;150;Batas Wilkerstat;15040;Batas SLS;2025-08-02 16:34:30;2025-08-02 16:34:32;Atikah;https://wilkerstat.bps.go.id/api/landmark/90651289/photo
90653708;HQJVDC;RUMAH PAK RISWANDI;0029;RT 003 RW 007;3272012001;-6.9563801917489;106.94353178144;4.7540001869202;1;150;Batas Wilkerstat;15040;Batas SLS;2025-08-02 16:36:33;2025-08-02 16:36:35;Atikah;https://wilkerstat.bps.go.id/api/landmark/90653708/photo
90650460;HQJQIE;BANGUNAN PAK RISWANDI;0030;RT 004 RW 007;3272012001;-6.9567832;106.9438372;5.8680000305176;1;150;Batas Wilkerstat;15040;Batas SLS;2025-08-02 16:33:35;2025-08-02 16:33:36;Atikah;https://wilkerstat.bps.go.id/api/landmark/90650460/photo
90654505;HQJWHT;RUMAH PAK RISWANDI;0030;RT 004 RW 007;3272012001;-6.9562893;106.9434973;5.5390000343323;1;150;Batas Wilkerstat;15040;Batas SLS;2025-08-02 16:37:20;2025-08-02 16:37:22;Atikah;https://wilkerstat.bps.go.id/api/landmark/90654505/photo
90686385;HQLRLX;LAW OFFICE;0030;RT 004 RW 007;3272012001;-6.9566716;106.944903;6.5260000228882;1;150;Batas Wilkerstat;15040;Batas SLS;2025-08-02 17:05:28;2025-08-02 17:05:31;Atikah;https://wilkerstat.bps.go.id/api/landmark/90686385/photo
90697219;HQMHMP;RUMAH  BU LASMAWATI / PAK EDI;0030;RT 004 RW 007;3272012001;-6.9560791;106.9448827;4.183000087738;1;150;Batas Wilkerstat;15040;Batas SLS;2025-08-02 17:15:31;2025-08-02 17:15:34;Atikah;https://wilkerstat.bps.go.id/api/landmark/90697219/photo
90977600;HRCGGM;RUMAH PAK AGUS;0030;RT 004 RW 007;3272012001;-6.9559724;106.9444093;5.6160001754761;1;150;Batas Wilkerstat;15040;Batas SLS;2025-08-03 11:31:52;2025-08-03 11:31:53;Atikah;https://wilkerstat.bps.go.id/api/landmark/90977600/photo
91598082;HSLODE;KEBUN PAK AHYADIN;0030;RT 004 RW 007;3272012001;-6.9553082158285;106.94513406605;5.451000213623;1;150;Batas Wilkerstat;15040;Batas SLS;2025-08-05 13:19:39;2025-08-04 13:19:42;Atikah;https://wilkerstat.bps.go.id/api/landmark/91598082/photo
91601000;HSLSLK;KOLAM PAK SADI SUTIADI;0030;RT 004 RW 007;3272012001;-6.9554811;106.9450231;9.3140001296997;1;150;Batas Wilkerstat;15040;Batas SLS;2025-08-05 13:23:15;2025-08-04 13:23:17;Atikah;https://wilkerstat.bps.go.id/api/landmark/91601000/photo
91604413;HSLXMR;KEBUN PAK H. DEDEN;0030;RT 004 RW 007;3272012001;-6.9560437;106.9440435;5.2769999504089;1;150;Batas Wilkerstat;15040;Batas SLS;2025-08-05 13:27:44;2025-08-04 13:27:46;Atikah;https://wilkerstat.bps.go.id/api/landmark/91604413/photo
90947760;HRAOCU;MESJID AL IKHLAS;0031;RT 005 RW 007;3272012001;-6.9567589;106.9450233;6.1519999504089;1;150;Batas Wilkerstat;15040;Batas SLS;2025-08-03 11:04:05;2025-08-03 11:04:10;Atikah;https://wilkerstat.bps.go.id/api/landmark/90947760/photo
90954746;HRAYLM;RUMAH YATI ROHAYATI;0031;RT 005 RW 007;3272012001;-6.9561523;106.9449537;5.3509998321533;1;150;Batas Wilkerstat;15040;Batas SLS;2025-08-03 11:10:22;2025-08-03 11:10:24;Atikah;https://wilkerstat.bps.go.id/api/landmark/90954746/photo
90958267;HRBDQX;RUMAH PAK AGUS;0031;RT 005 RW 007;3272012001;-6.9559798235061;106.94504924119;5.6479997634888;1;150;Batas Wilkerstat;15040;Batas SLS;2025-08-03 11:13:43;2025-08-03 11:13:45;Atikah;https://wilkerstat.bps.go.id/api/landmark/90958267/photo
90966248;HRBPLW;RUMAH PAK PAULUS HARI KRISTANTO;0031;RT 005 RW 007;3272012001;-6.956658419188;106.94545090199;9.0640001296997;1;150;Batas Wilkerstat;15040;Batas SLS;2025-08-03 11:21:06;2025-08-03 11:21:09;Atikah;https://wilkerstat.bps.go.id/api/landmark/90966248/photo
90968988;HRBTNG;RUMAH BU ENDRA NURLAELA;0031;RT 005 RW 007;3272012001;-6.956135910584;106.94558534771;7.4869999885559;1;150;Batas Wilkerstat;15040;Batas SLS;2025-08-03 11:23:42;2025-08-03 11:23:44;Atikah;https://wilkerstat.bps.go.id/api/landmark/90968988/photo
91592654;HSLGCK;KEBUN PAK AHYADIN;0031;RT 005 RW 007;3272012001;-6.955673972557;106.94550219923;6.3429999351501;1;150;Batas Wilkerstat;15040;Batas SLS;2025-08-05 13:11:53;2025-08-04 13:11:57;Atikah;https://wilkerstat.bps.go.id/api/landmark/91592654/photo
91596513;HSLLUV;KEBUN PAK AHYADIN;0031;RT 005 RW 007;3272012001;-6.955241321255;106.94538015872;5.0060000419617;1;150;Batas Wilkerstat;15040;Batas SLS;2025-08-05 13:17:41;2025-08-04 13:17:43;Atikah;https://wilkerstat.bps.go.id/api/landmark/91596513/photo
91184851;HROAVR;RUMAH PAK SADI SUTIADI;0032;RT 006 RW 007;3272012001;-6.956757;106.9452642;4.9359998703003;1;150;Batas Wilkerstat;15040;Batas SLS;2025-08-03 15:51:34;2025-08-03 15:51:36;Atikah;https://wilkerstat.bps.go.id/api/landmark/91184851/photo
91188190;HROFUC;RUMAH BU KINANG;0032;RT 006 RW 007;3272012001;-6.9565756;106.9453047;5.4949998855591;1;150;Batas Wilkerstat;15040;Batas SLS;2025-08-03 15:54:54;2025-08-03 15:54:57;Atikah;https://wilkerstat.bps.go.id/api/landmark/91188190/photo
91191595;HROKVB;RUMAH PAK ANTONIUS;0032;RT 006 RW 007;3272012001;-6.9569407;106.9458633;4.9730000495911;1;150;Batas Wilkerstat;15040;Batas SLS;2025-08-03 15:58:12;2025-08-03 15:58:15;Atikah;https://wilkerstat.bps.go.id/api/landmark/91191595/photo
91208302;HRPJNQ;RUMAH BU RIKO;0032;RT 006 RW 007;3272012001;-6.9560017;106.9454565;8.0869998931885;1;150;Batas Wilkerstat;15040;Batas SLS;2025-08-03 16:14:48;2025-08-03 16:14:50;Atikah;https://wilkerstat.bps.go.id/api/landmark/91208302/photo
91257048;HRSDQM;RUMAH PAK MIKY PRIHADI;0032;RT 006 RW 007;3272012001;-6.9559968;106.9461736;4.6570000648499;1;150;Batas Wilkerstat;15040;Batas SLS;2025-08-03 17:01:53;2025-08-03 17:01:55;Atikah;https://wilkerstat.bps.go.id/api/landmark/91257048/photo
91193254;HRONGW;RUMAH PAK WINDY;0033;RT 007 RW 007;3272012001;-6.9569695;106.9459561;4.6350002288818;1;150;Batas Wilkerstat;15040;Batas SLS;2025-08-03 15:59:42;2025-08-03 15:59:44;Atikah;https://wilkerstat.bps.go.id/api/landmark/91193254/photo
91254741;HRSAFT;RUMAH DR. SULETI;0033;RT 007 RW 007;3272012001;-6.9559125962199;106.94627132267;7.4869999885559;1;150;Batas Wilkerstat;15040;Batas SLS;2025-08-03 16:59:46;2025-08-03 16:59:48;Atikah;https://wilkerstat.bps.go.id/api/landmark/91254741/photo
91263572;HRSNHK;RUMAH PAK DENI NURZADAENI;0033;RT 007 RW 007;3272012001;-6.9570154;106.9461881;6.308000087738;1;150;Batas Wilkerstat;15040;Batas SLS;2025-08-03 17:08:44;2025-08-03 17:08:47;Atikah;https://wilkerstat.bps.go.id/api/landmark/91263572/photo
91268134;HRSUAW;RUMAH DR. SULETI;0033;RT 007 RW 007;3272012001;-6.9560107746792;106.94644868374;5.9229998588562;1;150;Batas Wilkerstat;15040;Batas SLS;2025-08-03 17:13:49;2025-08-03 17:13:51;Atikah;https://wilkerstat.bps.go.id/api/landmark/91268134/photo
90124040;HPFRPG;RUMAH BU IDA;0034;RT 008 RW 007;3272012001;-6.9555873;106.9447935;11.546999931335;1;150;Batas Wilkerstat;15040;Batas SLS;2025-08-01 16:37:32;2025-08-01 16:37:33;Atikah;https://wilkerstat.bps.go.id/api/landmark/90124040/photo
90127556;HPFWUM;RUMAH PAK DENI MUHARROM;0034;RT 008 RW 007;3272012001;-6.9560024;106.9456105;5.4010000228882;1;150;Batas Wilkerstat;15040;Batas SLS;2025-08-01 16:42:51;2025-08-01 16:42:53;Atikah;https://wilkerstat.bps.go.id/api/landmark/90127556/photo
90141675;HPGRRN;GUDANG RONGSOK TARIGAN;0034;RT 008 RW 007;3272012001;-6.9549640914036;106.94587871432;8.5100002288818;1;150;Batas Wilkerstat;15040;Batas SLS;2025-08-01 17:03:41;2025-08-01 17:03:43;Atikah;https://wilkerstat.bps.go.id/api/landmark/90141675/photo
90164988;HPIAEE;RUMAH BU DRA. EUIS ROSITA;0034;RT 008 RW 007;3272012001;-6.9560097762543;106.94611206651;7.1579999923706;1;150;Batas Wilkerstat;15040;Batas SLS;2025-08-01 17:52:23;2025-08-01 17:52:28;Atikah;https://wilkerstat.bps.go.id/api/landmark/90164988/photo
90389456;HPUUFO;POLSEK CIBEUREUM;0034;RT 008 RW 007;3272012001;-6.9554556501037;106.94844558835;8.0080003738403;1;150;Batas Wilkerstat;15040;Batas SLS;2025-08-02 11:34:16;2025-08-02 11:34:17;Atikah;https://wilkerstat.bps.go.id/api/landmark/90389456/photo
91271976;HRSZSQ;RUMAH PAK ANDRI;0034;RT 008 RW 007;3272012001;-6.9558643390036;106.94648087025;6.3759999275208;1;150;Batas Wilkerstat;15040;Batas SLS;2025-08-03 17:17:59;2025-08-03 17:18:01;Atikah;https://wilkerstat.bps.go.id/api/landmark/91271976/photo
89930127;HOUQTB;LAHAN KOSONG MILIK IBU NIA;0004;RT 001 RW 002;3272012001;-6.9555492;106.9498617;17.023000717163;1;150;Batas Wilkerstat;15040;Batas SLS;2025-08-01 10:00:30;2025-08-01 10:01:38;Reni novianti;https://wilkerstat.bps.go.id/api/landmark/89930127/photo
90215616;HPKXBK;RUMAH PAK NANA/IBU CUCU;0004;RT 001 RW 002;3272012001;-6.9560713;106.9501359;16.420000076294;1;150;Batas Wilkerstat;15040;Batas SLS;2025-08-02 08:31:39;2025-08-02 08:31:41;Reni novianti;https://wilkerstat.bps.go.id/api/landmark/90215616/photo
90881623;HQWUHB;LAHAN KOSONG MILIK IBU NIA;0004;RT 001 RW 002;3272012001;-6.9555492;106.9498617;17.023000717163;1;150;Batas Wilkerstat;15040;Batas SLS;2025-08-01 10:01:29;2025-08-03 10:04:29;Reni novianti;https://wilkerstat.bps.go.id/api/landmark/90881623/photo
90216773;HPKYTX;RUMAH BU NINA;0005;RT 002 RW 002;3272012001;-6.9557447;106.9498793;14.34700012207;1;150;Batas Wilkerstat;15040;Batas SLS;2025-08-02 08:33:40;2025-08-02 08:33:42;Reni novianti;https://wilkerstat.bps.go.id/api/landmark/90216773/photo
90217803;HPLAHN;RUMAH PAK IHSAN;0005;RT 002 RW 002;3272012001;-6.9560476;106.9501227;17.822999954224;1;150;Batas Wilkerstat;15040;Batas SLS;2025-08-02 08:35:30;2025-08-02 08:35:32;Reni novianti;https://wilkerstat.bps.go.id/api/landmark/90217803/photo
90223838;HPLJFQ;PERUMAHAN BODDINGTON PARK;0005;RT 002 RW 002;3272012001;-6.9547137;106.9493584;12.484000205994;1;150;Batas Wilkerstat;15040;Batas SLS;2025-08-02 08:45:21;2025-08-02 08:45:23;Reni novianti;https://wilkerstat.bps.go.id/api/landmark/90223838/photo
90322809;HPQZQF;INDOMART BODDING TOWN RT 02/02;0005;RT 002 RW 002;3272012001;-6.9551588;106.949257;10.293999671936;1;150;Batas Wilkerstat;15070;Batas Segmen;2025-08-02 10:33:03;2025-08-02 10:33:05;Reni novianti;https://wilkerstat.bps.go.id/api/landmark/90322809/photo
90332821;HPROLH;TAMBAL BAN YUSUF RT002/02;0005;RT 002 RW 002;3272012001;-6.9550242;106.9493123;7.558000087738;1;150;Batas Wilkerstat;15070;Batas Segmen;2025-08-02 10:41:53;2025-08-02 10:41:55;Reni novianti;https://wilkerstat.bps.go.id/api/landmark/90332821/photo
90356429;HPSXJH;SAWAH DPN VILLA ISOPANEL;0005;RT 002 RW 002;3272012001;-6.953581;106.9491556;15.704000473022;1;150;Batas Wilkerstat;15040;Batas SLS;2025-08-02 11:03:25;2025-08-02 11:03:27;Reni novianti;https://wilkerstat.bps.go.id/api/landmark/90356429/photo
90773269;HQQPZP;MASJID ALHIDAYAH RT 02/02;0005;RT 002 RW 002;3272012001;-6.9553341749142;106.95054911077;17.028999328613;1;150;Batas Wilkerstat;15040;Batas SLS;2025-08-03 07:18:14;2025-08-03 07:18:15;Reni novianti;https://wilkerstat.bps.go.id/api/landmark/90773269/photo
90335225;HPRRZT;BATAS RT 003/02;0006;RT 003 RW 002;3272012001;-6.9550427;106.9493112;8.5430002212524;1;150;Batas Wilkerstat;15040;Batas SLS;2025-08-02 10:44:02;2025-08-02 10:44:05;Reni novianti;https://wilkerstat.bps.go.id/api/landmark/90335225/photo
90353095;HPSSLB;VILLA ISOPANEL RT 002/002;0006;RT 003 RW 002;3272012001;-6.9535788;106.9490547;13.310000419617;1;150;Batas Wilkerstat;15040;Batas SLS;2025-08-02 11:00:36;2025-08-02 11:00:39;Reni novianti;https://wilkerstat.bps.go.id/api/landmark/90353095/photo
91588298;HSKZQW;RUMAH PAK AJUN;0011;RT 005 RW 003;3272012001;-6.9552688;106.9460246;11.607999801636;1;150;Batas Wilkerstat;15040;Batas SLS;2025-08-04 13:05:00;2025-08-04 13:05:02;Reni novianti;https://wilkerstat.bps.go.id/api/landmark/91588298/photo
89986389;HOXVYZ;SAWAH RT 01 RW 03;0005;RT 001 RW 003;3272012002;-6.949435;106.9427;1.9659999608994;1;150;Batas Wilkerstat;15040;Batas SLS;2025-08-01 12:29:33;2025-08-01 12:29:35;Rini Rostini;https://wilkerstat.bps.go.id/api/landmark/89986389/photo
89987564;HOXXSE;RUMAH BPK ASEP;0005;RT 001 RW 003;3272012002;-6.9501743;106.9439173;1.8200000524521;1;150;Batas Wilkerstat;15040;Batas SLS;2025-08-01 12:35:02;2025-08-01 12:35:04;Rini Rostini;https://wilkerstat.bps.go.id/api/landmark/89987564/photo
89989832;HOYBBK;RUMAH BPK H. DIDIN;0005;RT 001 RW 003;3272012002;-6.9480283;106.9439466;1.9400000572205;1;150;Batas Wilkerstat;15040;Batas SLS;2025-08-01 12:45:19;2025-08-01 12:45:20;Rini Rostini;https://wilkerstat.bps.go.id/api/landmark/89989832/photo
89990499;HOYCBB;TOKO MATERIAL;0006;RT 002 RW 003;3272012002;-6.9484558;106.9435752;1.9160000085831;1;150;Batas Wilkerstat;15040;Batas SLS;2025-08-01 12:48:04;2025-08-01 12:48:05;Rini Rostini;https://wilkerstat.bps.go.id/api/landmark/89990499/photo
89999336;HOYPCY;KELURAHAN LIMUSNUNGGAL;0006;RT 002 RW 003;3272012002;-6.9477776;106.9427286;2.3599998950958;1;150;Batas Wilkerstat;15040;Batas SLS;2025-08-01 13:17:27;2025-08-01 13:17:28;Rini Rostini;https://wilkerstat.bps.go.id/api/landmark/89999336/photo
90000255;HOYQMH;RUMAH BPK DIDI;0006;RT 002 RW 003;3272012002;-6.9474522;106.9420885;3.4849998950958;1;150;Batas Wilkerstat;15040;Batas SLS;2025-08-01 13:19:41;2025-08-01 13:19:43;Rini Rostini;https://wilkerstat.bps.go.id/api/landmark/90000255/photo
89927750;HOUNFQ;RUMAH QURAN MAZA;0007;RT 003 RW 003;3272012002;-6.9472038;106.9408394;3.3399999141693;1;150;Batas Wilkerstat;15040;Batas SLS;2025-08-01 09:40:15;2025-08-01 09:41:29;Rini Rostini;https://wilkerstat.bps.go.id/api/landmark/89927750/photo
89984928;HOXTUU;RUMAH BP A. SAYUTI;0007;RT 003 RW 003;3272012002;-6.9482079;106.9430754;2.3800001144409;1;150;Batas Wilkerstat;15040;Batas SLS;2025-08-01 12:21:57;2025-08-01 12:21:59;Rini Rostini;https://wilkerstat.bps.go.id/api/landmark/89984928/photo
89985789;HOXVBX;KEBUN RT3 RW 3;0007;RT 003 RW 003;3272012002;-6.949375;106.9426967;2.0499999523163;1;150;Batas Wilkerstat;15040;Batas SLS;2025-08-01 12:26:27;2025-08-01 12:26:29;Rini Rostini;https://wilkerstat.bps.go.id/api/landmark/89985789/photo
90013734;HOZKKS;RUMAH;0007;RT 003 RW 003;3272012002;-6.9483423;106.9403386;1.8830000162125;1;150;Batas Wilkerstat;15040;Batas SLS;2025-08-01 13:48:35;2025-08-01 13:48:40;Rini Rostini;https://wilkerstat.bps.go.id/api/landmark/90013734/photo
90014952;HOZMFO;SAWAH BPK RONI;0007;RT 003 RW 003;3272012002;-6.9486233;106.9402333;1.75;1;150;Batas Wilkerstat;15040;Batas SLS;2025-08-01 13:50:45;2025-08-01 13:50:49;Rini Rostini;https://wilkerstat.bps.go.id/api/landmark/90014952/photo
90015930;HOZNRE;RUMAH QURAN MAZA;0007;RT 003 RW 003;3272012002;-6.9470880993795;106.94087337703;1.7999999523163;1;150;Batas Wilkerstat;15040;Batas SLS;2025-08-01 09:41:13;2025-08-01 13:52:33;Rini Rostini;https://wilkerstat.bps.go.id/api/landmark/90015930/photo
90358493;HPTAKR;TPU;0028;RT 001 RW 010;3272012002;-6.9475882;106.9357467;1.75;1;150;Batas Wilkerstat;15040;Batas SLS;2025-08-02 11:05:00;2025-08-02 11:05:09;Rini Rostini;https://wilkerstat.bps.go.id/api/landmark/90358493/photo
90399825;HPVJOJ;POSYANDU CEMPAKA 10 A;0028;RT 001 RW 010;3272012002;-6.9489668;106.9356932;1.6499999761581;1;150;Batas Wilkerstat;15040;Batas SLS;2025-08-02 11:44:50;2025-08-02 11:44:53;Rini Rostini;https://wilkerstat.bps.go.id/api/landmark/90399825/photo
90962222;HRBJNA;KEBUN BATAS RT 01 DAN RT 04 RW 10;0028;RT 001 RW 010;3272012002;-6.9480632;106.936415;2.1159999370575;1;150;Batas Wilkerstat;15040;Batas SLS;2025-08-03 11:17:10;2025-08-03 11:17:13;Rini Rostini;https://wilkerstat.bps.go.id/api/landmark/90962222/photo
91096410;HRJAAC;POHON SAWO;0028;RT 001 RW 010;3272012002;-6.9486067;106.9361333;2.0999999046326;1;150;Batas Wilkerstat;15040;Batas SLS;2025-08-03 14:10:33;2025-08-03 14:10:36;Rini Rostini;https://wilkerstat.bps.go.id/api/landmark/91096410/photo
91108926;HRJSNM;RUMAH PENSIUNAN;0028;RT 001 RW 010;3272012002;-6.9485535;106.9358721;2.039999961853;1;150;Batas Wilkerstat;15040;Batas SLS;2025-08-03 14:26:10;2025-08-03 14:26:12;Rini Rostini;https://wilkerstat.bps.go.id/api/landmark/91108926/photo
91112667;HRJYBJ;SELOKAN ANTARA RT 03 DAN RT 01 RW 010;0028;RT 001 RW 010;3272012002;-6.9485846;106.935552;2.1659998893738;1;150;Batas Wilkerstat;15040;Batas SLS;2025-08-03 14:31:02;2025-08-03 14:31:05;Rini Rostini;https://wilkerstat.bps.go.id/api/landmark/91112667/photo
90309769;HPQGIR;SELOKAN;0030;RT 003 RW 010;3272012002;-6.9494567;106.9356383;1.4500000476837;1;150;Batas Wilkerstat;15040;Batas SLS;2025-08-02 10:21:13;2025-08-02 10:21:16;Rini Rostini;https://wilkerstat.bps.go.id/api/landmark/90309769/photo
90321027;HPQWZR;BATAS 2 RT003 RW010 (SUNGAI CISUDA);0030;RT 003 RW 010;3272012002;-6.949825;106.9346517;1.5499999523163;1;150;Batas Wilkerstat;15040;Batas SLS;2025-08-02 10:31:31;2025-08-02 10:31:34;Rini Rostini;https://wilkerstat.bps.go.id/api/landmark/90321027/photo
90329827;HPRKAD;BATAS 4 POS RONDA;0030;RT 003 RW 010;3272012002;-6.9488354;106.9347313;1.4500000476837;1;150;Batas Wilkerstat;15040;Batas SLS;2025-08-02 10:38:56;2025-08-02 10:39:09;Rini Rostini;https://wilkerstat.bps.go.id/api/landmark/90329827/photo
90362998;HPTHBY;SAWAH;0030;RT 003 RW 010;3272012002;-6.9476517;106.9357033;1.3999999761581;1;150;Batas Wilkerstat;15040;Batas SLS;2025-08-02 11:09:16;2025-08-02 11:09:24;Rini Rostini;https://wilkerstat.bps.go.id/api/landmark/90362998/photo
90381539;HPUINB;SUNGAI;0030;RT 003 RW 010;3272012002;-6.9481068;106.9350412;1.5499999523163;1;150;Batas Wilkerstat;15040;Batas SLS;2025-08-02 11:26:42;2025-08-02 11:26:45;Rini Rostini;https://wilkerstat.bps.go.id/api/landmark/90381539/photo
90857121;HQVKAR;RUMAH PAKSUHANDI;0030;RT 003 RW 010;3272012002;-6.9490395;106.9356671;1.7999999523163;1;150;Batas Wilkerstat;15040;Batas SLS;2025-08-03 09:40:49;2025-08-03 09:40:52;Rini Rostini;https://wilkerstat.bps.go.id/api/landmark/90857121/photo
90975090;HRCCNY;SAWAH BATAS RT 03 RW 010;0030;RT 003 RW 010;3272012002;-6.9467066;106.9360667;2.2000000476837;1;150;Batas Wilkerstat;15040;Batas SLS;2025-08-03 11:29:23;2025-08-03 11:29:26;Rini Rostini;https://wilkerstat.bps.go.id/api/landmark/90975090/photo
90822189;HQTKJD;BATAS RT04 RW010 SAUNG KOSONG;0031;RT 004 RW 010;3272012002;-6.9488467;106.937395;2.2000000476837;1;150;Batas Wilkerstat;15040;Batas SLS;2025-08-03 09:02:06;2025-08-03 09:02:10;Rini Rostini;https://wilkerstat.bps.go.id/api/landmark/90822189/photo
90824427;HQTNRF;SAWAH;0031;RT 004 RW 010;3272012002;-6.9486433;106.9374399;1.8999999761581;1;150;Batas Wilkerstat;15040;Batas SLS;2025-08-03 09:05:13;2025-08-03 09:05:16;Rini Rostini;https://wilkerstat.bps.go.id/api/landmark/90824427/photo
90845928;HQUTME;RUMAH IBU NYAI;0031;RT 004 RW 010;3272012002;-6.9490116;106.9357182;1.7999999523163;1;150;Batas Wilkerstat;15040;Batas SLS;2025-08-03 09:29:47;2025-08-03 09:29:50;Rini Rostini;https://wilkerstat.bps.go.id/api/landmark/90845928/photo
90849535;HQUYUX;GANG BATAS RT 04 RW 010;0031;RT 004 RW 010;3272012002;-6.9490017;106.9357817;1.5829999446869;1;150;Batas Wilkerstat;15040;Batas SLS;2025-08-03 09:33:32;2025-08-03 09:33:34;Rini Rostini;https://wilkerstat.bps.go.id/api/landmark/90849535/photo
90863276;HQVTDK;GANG BATAS RT 04 DAN RT 01;0031;RT 004 RW 010;3272012002;-6.9485721;106.9359045;2.4830000400543;1;150;Batas Wilkerstat;15040;Batas SLS;2025-08-03 09:47:13;2025-08-03 09:47:16;Rini Rostini;https://wilkerstat.bps.go.id/api/landmark/90863276/photo
90880899;HQWTFF;PENGGILINGAN PADI;0031;RT 004 RW 010;3272012002;-6.9482667;106.9371367;1.5160000324249;1;150;Batas Wilkerstat;15040;Batas SLS;2025-08-03 10:03:47;2025-08-03 10:03:49;Rini Rostini;https://wilkerstat.bps.go.id/api/landmark/90880899/photo
90964570;HRBMZI;DINDING BATAS RESIDANCE;0031;RT 004 RW 010;3272012002;-6.9480504;106.9364158;1.9830000400543;1;150;Batas Wilkerstat;15040;Batas SLS;2025-08-03 11:19:20;2025-08-03 11:19:23;Rini Rostini;https://wilkerstat.bps.go.id/api/landmark/90964570/photo
91120902;HRKKGC;RUKO KOSONG;0031;RT 004 RW 010;3272012002;-6.9494967;106.93587;1.2999999523163;1;150;Batas Wilkerstat;15040;Batas SLS;2025-08-03 14:40:24;2025-08-03 14:40:27;Rini Rostini;https://wilkerstat.bps.go.id/api/landmark/91120902/photo
91968149;HTGPON;PERBATASAN HUMA DNGAN RT 01 RW 011;1001;GUNUNG KARANG HUMA;3272012002;-6.9504617;106.9381733;4.9000000953674;1;150;Batas Wilkerstat;15040;Batas SLS;2025-08-05 09:10:18;2025-08-05 09:10:23;Rini Rostini;https://wilkerstat.bps.go.id/api/landmark/91968149/photo
91980787;HTHIGP;SAWAH HUMA BATAS DENGANRT 02 RW 011;1001;GUNUNG KARANG HUMA;3272012002;-6.9520034;106.9381225;1.7999999523163;1;150;Batas Wilkerstat;15040;Batas SLS;2025-08-05 09:24:50;2025-08-05 09:24:54;Rini Rostini;https://wilkerstat.bps.go.id/api/landmark/91980787/photo
89926583;HOULMT;GUDANG GAS;0025;RW001 RW009;3272012002;-6.947118;106.9405512;5.3289999961853;1;150;Batas Wilkerstat;15040;Batas SLS;2025-08-01 09:31:40;2025-08-01 09:32:34;Evi Nur Apriani ;https://wilkerstat.bps.go.id/api/landmark/89926583/photo
89928950;HOUOZU;GUDANG GAS;0025;RW001 RW009;3272012002;-6.947118;106.9405512;5.3289999961853;1;150;Batas Wilkerstat;15040;Batas SLS;2025-08-01 09:32:30;2025-08-01 09:52:19;Evi Nur Apriani ;https://wilkerstat.bps.go.id/api/landmark/89928950/photo
90012143;HOZIBN;BATAS 2 RT001 RW009 (SAWAH);0025;RW001 RW009;3272012002;-6.9483381494347;106.94028798491;6.8790001869202;1;150;Batas Wilkerstat;15040;Batas SLS;2025-08-01 13:45:37;2025-08-01 13:45:39;Evi Nur Apriani ;https://wilkerstat.bps.go.id/api/landmark/90012143/photo
90013142;HOZJNY;BATAS 3 RT001 RW009(KEBUN);0025;RW001 RW009;3272012002;-6.9487115662985;106.94007307291;4.3289999961853;1;150;Batas Wilkerstat;15040;Batas SLS;2025-08-01 13:47:30;2025-08-01 13:47:32;Evi Nur Apriani ;https://wilkerstat.bps.go.id/api/landmark/90013142/photo
90017907;HOZQPF;BATAS 4 RT001 RW009 (STEAM MOTOR BERKAH);0025;RW001 RW009;3272012002;-6.948167;106.9391562;4.5830001831055;1;150;Batas Wilkerstat;15040;Batas SLS;2025-08-01 13:56:02;2025-08-01 13:56:04;Evi Nur Apriani ;https://wilkerstat.bps.go.id/api/landmark/90017907/photo
90041797;HPAZYB;BATAS 5 RT001 RW009 (KIOS BUNGA);0025;RW001 RW009;3272012002;-6.9488110775161;106.93735700101;4.7550001144409;1;150;Batas Wilkerstat;15040;Batas SLS;2025-08-01 14:33:56;2025-08-01 14:34:02;Evi Nur Apriani ;https://wilkerstat.bps.go.id/api/landmark/90041797/photo
90070700;HPCQRS;BATAS 6 RT001 RW009 (GANG TANPA MANA);0025;RW001 RW009;3272012002;-6.947018;106.9390733;4.5900001525879;1;150;Batas Wilkerstat;15040;Batas SLS;2025-08-01 15:18:31;2025-08-01 15:18:33;Evi Nur Apriani ;https://wilkerstat.bps.go.id/api/landmark/90070700/photo
90076870;HPCZVA;BATAS 7 RT001 RW009 (SELOKAN);0025;RW001 RW009;3272012002;-6.9461262641408;106.93961240351;4.9939999580383;1;150;Batas Wilkerstat;15040;Batas SLS;2025-08-01 15:27:37;2025-08-01 15:27:40;Evi Nur Apriani ;https://wilkerstat.bps.go.id/api/landmark/90076870/photo
90169174;HPIGJE;BATAS 1  RT001 RW009 (GUDANG GAS);0025;RW001 RW009;3272012002;-6.9471446778617;106.94065008312;4.1209998130798;1;150;Batas Wilkerstat;15040;Batas SLS;2025-08-01 09:33:50;2025-08-01 18:22:30;Evi Nur Apriani ;https://wilkerstat.bps.go.id/api/landmark/90169174/photo
90392486;HPUYSC;BATAS 1 RT002 RW009 ( SUNGAI BELAKANG PERUM VILLA ALAM ASRI);0026;RT002 RW009;3272012002;-6.9474658438227;106.93584021181;4.2670001983643;1;150;Batas Wilkerstat;15040;Batas SLS;2025-08-02 10:57:00;2025-08-02 11:37:04;Evi Nur Apriani ;https://wilkerstat.bps.go.id/api/landmark/90392486/photo
90880593;HQWSTL;BATAS 2 RT002 RW009 (KEBUN DEPAN VILLA ALAM ASRI);0026;RT002 RW009;3272012002;-6.9482313162132;106.93712901324;4.0720000267029;1;150;Batas Wilkerstat;15040;Batas SLS;2025-08-03 10:03:34;2025-08-03 10:03:36;Evi Nur Apriani ;https://wilkerstat.bps.go.id/api/landmark/90880593/photo
90976489;HRCEPT;BATA 3 RT002 RW009 (TPU SEBELAH VILLA ALAM ASRI);0026;RT002 RW009;3272012002;-6.9467146812263;106.93603433669;4.3210000991821;1;150;Batas Wilkerstat;15040;Batas SLS;2025-08-03 11:30:48;2025-08-03 11:30:50;Evi Nur Apriani ;https://wilkerstat.bps.go.id/api/landmark/90976489/photo
90980747;HRCKXN;BATAS 4 RT002 RW009 (PABRIK KERUPUK);0026;RT002 RW009;3272012002;-6.9455764529408;106.93666834384;5.5190000534058;1;150;Batas Wilkerstat;15040;Batas SLS;2025-08-03 11:34:53;2025-08-03 11:34:55;Evi Nur Apriani ;https://wilkerstat.bps.go.id/api/landmark/90980747/photo
90987091;HRCUHN;BATAS 5 RT002 RW009 (KEBUN);0026;RT002 RW009;3272012002;-6.9451308125196;106.93703044206;5.396999835968;1;150;Batas Wilkerstat;15040;Batas SLS;2025-08-03 11:41:06;2025-08-03 11:41:08;Evi Nur Apriani ;https://wilkerstat.bps.go.id/api/landmark/90987091/photo
91012077;HREFGN;BATAS 6 RT002 RW009 (KEBUN);0026;RT002 RW009;3272012002;-6.9461852;106.9381236;4.201000213623;1;150;Batas Wilkerstat;15040;Batas SLS;2025-08-03 12:09:49;2025-08-03 12:09:51;Evi Nur Apriani ;https://wilkerstat.bps.go.id/api/landmark/91012077/photo
91041818;HRFXGK;BATAS 7 RT002 RW009 (BELAKANG RUMAH);0026;RT002 RW009;3272012002;-6.9460667;106.9378734;7.8720002174377;1;150;Batas Wilkerstat;15040;Batas SLS;2025-08-03 12:53:40;2025-08-03 12:53:42;Evi Nur Apriani ;https://wilkerstat.bps.go.id/api/landmark/91041818/photo
91051220;HRGLEA;BATAS 8 RT002 RW009 (SUHU BORDIR);0026;RT002 RW009;3272012002;-6.9470737883505;106.93793635815;6.0440001487732;1;150;Batas Wilkerstat;15040;Batas SLS;2025-08-03 13:07:55;2025-08-03 13:07:58;Evi Nur Apriani ;https://wilkerstat.bps.go.id/api/landmark/91051220/photo
90890118;HQXGVU;BATAS 1 RT003 RW009 (KEBUN);0027;RT003 RW009;3272012002;-6.9482855648614;106.93718500435;3.6189999580383;1;150;Batas Wilkerstat;15040;Batas SLS;2025-08-03 10:11:54;2025-08-03 10:11:59;Evi Nur Apriani ;https://wilkerstat.bps.go.id/api/landmark/90890118/photo
90892438;HQXKHA;BATAS 2 RT003 RW009 (SAWAH SEBELAH SUNGAI);0027;RT003 RW009;3272012002;-6.9484579623645;106.93746227771;4.5339999198914;1;150;Batas Wilkerstat;15040;Batas SLS;2025-08-03 10:14:08;2025-08-03 10:14:11;Evi Nur Apriani ;https://wilkerstat.bps.go.id/api/landmark/90892438/photo
90903069;HQXZZX;BATAS 3 RT003 RW009 (SAWAH&SUNGAI BELAKANG GRANDRIUNG);0027;RT003 RW009;3272012002;-6.9478608942946;106.9379273057;8.5240001678467;1;150;Batas Wilkerstat;15040;Batas SLS;2025-08-03 10:23:52;2025-08-03 10:23:53;Evi Nur Apriani ;https://wilkerstat.bps.go.id/api/landmark/90903069/photo
91011454;HREEIO;BATAS 4 RT003 RW009 (SAWAH);0027;RT003 RW009;3272012002;-6.9462570605362;106.93816870451;4.5980000495911;1;150;Batas Wilkerstat;15040;Batas SLS;2025-08-03 12:09:06;2025-08-03 12:09:08;Evi Nur Apriani ;https://wilkerstat.bps.go.id/api/landmark/91011454/photo
91020011;HREQZR;BATAS 5 RT003 RW009 (KEBUN);0027;RT003 RW009;3272012002;-6.9455594793402;106.93810265511;3.8510000705719;1;150;Batas Wilkerstat;15040;Batas SLS;2025-08-03 12:21:17;2025-08-03 12:21:19;Evi Nur Apriani ;https://wilkerstat.bps.go.id/api/landmark/91020011/photo
91029021;HRFEIF;BATAS 6 RT003 RW009 (POHON KELAPA);0027;RT003 RW009;3272012002;-6.9460131069246;106.93785455078;4.2119998931885;1;150;Batas Wilkerstat;15040;Batas SLS;2025-08-03 12:33:54;2025-08-03 12:33:57;Evi Nur Apriani ;https://wilkerstat.bps.go.id/api/landmark/91029021/photo
91050668;HRGKIU;BATAS 7 RT003 RW009 (RUMAH IBU NYAI);0027;RT003 RW009;3272012002;-6.9470162114158;106.93802185357;6.8319997787476;1;150;Batas Wilkerstat;15040;Batas SLS;2025-08-03 13:07:08;2025-08-03 13:07:10;Evi Nur Apriani ;https://wilkerstat.bps.go.id/api/landmark/91050668/photo
90447761;HPYCMB;BATAS 1 RT001 RW011 (AGEN TELOR KANDANG SEJATI);0032;RT001 RW011;3272012002;-6.9491214;106.9372431;4.7030000686646;1;150;Batas Wilkerstat;15040;Batas SLS;2025-08-02 12:47:34;2025-08-02 12:47:36;Evi Nur Apriani ;https://wilkerstat.bps.go.id/api/landmark/90447761/photo
90515789;HQBZCN;BATAS 2 RT001 RW011 (RUMAH PAK YAYA);0032;RT001 RW011;3272012002;-6.9494147;106.9371268;4.8509998321533;1;150;Batas Wilkerstat;15040;Batas SLS;2025-08-02 14:17:55;2025-08-02 14:17:57;Evi Nur Apriani ;https://wilkerstat.bps.go.id/api/landmark/90515789/photo
90538530;HQDGTE;BATAS 4 RT001 RW011 (KONTRAKAN PAK IYAW);0032;RT001 RW011;3272012002;-6.9503796244603;106.93753369153;6.7870001792908;1;150;Batas Wilkerstat;15040;Batas SLS;2025-08-02 14:43:40;2025-08-02 14:43:42;Evi Nur Apriani ;https://wilkerstat.bps.go.id/api/landmark/90538530/photo
90579377;HQFPEF;BATAS 5 RT001 RW011 (RUMAH PAK TOMI);0032;RT001 RW011;3272012002;-6.9505896;106.9368353;4.2020001411438;1;150;Batas Wilkerstat;15040;Batas SLS;2025-08-02 15:23:50;2025-08-02 15:26:09;Evi Nur Apriani ;https://wilkerstat.bps.go.id/api/landmark/90579377/photo
90588603;HQGCVB;BATAS 3 RT001 RW011 (LAPANG RENYAH DAN POSYANDU);0032;RT001 RW011;3272012002;-6.9502165464094;106.93636056036;4.5679998397827;1;150;Batas Wilkerstat;15040;Batas SLS;2025-08-02 14:28:04;2025-08-02 15:35:40;Evi Nur Apriani ;https://wilkerstat.bps.go.id/api/landmark/90588603/photo
91940050;HTEZZU;RUMAH RT001 RW011;0032;RT001 RW011;3272012002;-6.9504076;106.9363445;4.5609998703003;1;150;Batas Wilkerstat;15040;Batas SLS;2025-08-05 08:29:11;2025-08-05 08:29:13;Evi Nur Apriani ;https://wilkerstat.bps.go.id/api/landmark/91940050/photo
91966946;HTGNUG;TPU GUNUNG KARANG RT01 RW011;0032;RT001 RW011;3272012002;-6.9504521;106.9381294;4.9569997787476;1;150;Batas Wilkerstat;15040;Batas SLS;2025-08-05 09:08:51;2025-08-05 09:08:54;Evi Nur Apriani ;https://wilkerstat.bps.go.id/api/landmark/91966946/photo
89924512;HOUILC;RUKO;0024;RT 003 - RW 008;3272012002;-6.9470791133846;106.94073088467;3;1;150;Batas Wilkerstat;15040;Batas SLS;2025-08-01 09:26:07;2025-08-01 09:26:39;Ayuni ranggawangi ;https://wilkerstat.bps.go.id/api/landmark/89924512/photo
89935798;HOUZDE;RUMAH HJ.TATANG;0024;RT 003 - RW 008;3272012002;-6.945642350443;106.94301947951;3.1960000991821;1;150;Batas Wilkerstat;15040;Batas SLS;2025-08-01 10:35:07;2025-08-01 10:35:09;Ayuni ranggawangi ;https://wilkerstat.bps.go.id/api/landmark/89935798/photo
90741776;HQOVKI;WARUNG IBU MADINAH;0024;RT 003 - RW 008;3272012002;-6.9473460306401;106.94195397198;1.6000000238419;1;150;Batas Wilkerstat;15040;Batas SLS;2025-08-01 09:48:21;2025-08-02 19:05:02;Ayuni ranggawangi ;https://wilkerstat.bps.go.id/api/landmark/90741776/photo
90000390;HOYQRM;BIG FAMILY MOTOR;0023;RT 002 - RW 008;3272012002;-6.9468714370112;106.94045864046;4.2800002098083;1;150;Batas Wilkerstat;15040;Batas SLS;2025-08-01 13:20:00;2025-08-01 13:20:03;Ayuni ranggawangi ;https://wilkerstat.bps.go.id/api/landmark/90000390/photo
90004462;HOYWSC;BATAS RT 002/008;0023;RT 002 - RW 008;3272012002;-6.9456219;106.9412617;3;1;150;Batas Wilkerstat;15040;Batas SLS;2025-08-01 13:29:46;2025-08-01 13:29:48;Ayuni ranggawangi ;https://wilkerstat.bps.go.id/api/landmark/90004462/photo
90441086;HPXSPI;BATAS RT 002-008 ( SELOKAN);0023;RT 002 - RW 008;3272012002;-6.9441822;106.9398221;3.2999999523163;1;150;Batas Wilkerstat;15040;Batas SLS;2025-08-02 12:37:08;2025-08-02 12:37:11;Ayuni ranggawangi ;https://wilkerstat.bps.go.id/api/landmark/90441086/photo
90448365;HPYDJH;BATAS RT 002-008 ( RUMAH );0023;RT 002 - RW 008;3272012002;-6.9448631;106.9403709;3;1;150;Batas Wilkerstat;15040;Batas SLS;2025-08-02 12:48:29;2025-08-02 12:48:32;Ayuni ranggawangi ;https://wilkerstat.bps.go.id/api/landmark/90448365/photo
90449811;HPYFMX;BATAS RT 002-008 (FOTOCOPY);0023;RT 002 - RW 008;3272012002;-6.9453802;106.9401746;3;1;150;Batas Wilkerstat;15040;Batas SLS;2025-08-02 12:50:41;2025-08-02 12:50:43;Ayuni ranggawangi ;https://wilkerstat.bps.go.id/api/landmark/90449811/photo
90452881;HPYKAZ;BATAS RT 002 -008 ( BELOKAN KARANG NIKMAT);0023;RT 002 - RW 008;3272012002;-6.9460968;106.9396275;3.2850000858307;1;150;Batas Wilkerstat;15040;Batas SLS;2025-08-02 12:55:04;2025-08-02 12:55:06;Ayuni ranggawangi ;https://wilkerstat.bps.go.id/api/landmark/90452881/photo
90455518;HPYNYK;BATAS RT 002-008 ( BELAKANG SD IT RUSMANI);0023;RT 002 - RW 008;3272012002;-6.9457821;106.9386911;3;1;150;Batas Wilkerstat;15040;Batas SLS;2025-08-02 12:58:43;2025-08-02 12:58:46;Ayuni ranggawangi ;https://wilkerstat.bps.go.id/api/landmark/90455518/photo
90003835;HOYVTZ;BATAS RT 01/08;0022;RT 001 - RW 008;3272012002;-6.9454959115367;106.94127369672;3;1;150;Batas Wilkerstat;15040;Batas SLS;2025-08-01 13:28:21;2025-08-01 13:28:24;Ayuni ranggawangi ;https://wilkerstat.bps.go.id/api/landmark/90003835/photo
90007952;HOZBWI;RUMAH PAK DADIN;0022;RT 001 - RW 008;3272012002;-6.9453734353255;106.94017499685;3;1;150;Batas Wilkerstat;15040;Batas SLS;2025-08-01 13:37:28;2025-08-01 13:37:30;Ayuni ranggawangi ;https://wilkerstat.bps.go.id/api/landmark/90007952/photo
90915412;HQYSGQ;BATAS RT 01/06 ( POHON PISANG);0014;RT 001 - RW 006;3272012002;-6.9386975;106.9385834;3;1;150;Batas Wilkerstat;15040;Batas SLS;2025-08-03 10:34:45;2025-08-03 10:34:47;Ayuni ranggawangi ;https://wilkerstat.bps.go.id/api/landmark/90915412/photo
90921808;HQZBSQ;BATAS RT 01/06 ( SAWAH);0014;RT 001 - RW 006;3272012002;-6.9389384;106.9390321;3;1;150;Batas Wilkerstat;15040;Batas SLS;2025-08-03 10:40:53;2025-08-03 10:40:55;Ayuni ranggawangi ;https://wilkerstat.bps.go.id/api/landmark/90921808/photo
91171039;HRNGKL;BATAS RT 01/06 ( RUNGKUN SAWAH);0014;RT 001 - RW 006;3272012002;-6.93893;106.939535;1.0199999809265;1;150;Batas Wilkerstat;15040;Batas SLS;2025-08-03 15:36:44;2025-08-03 15:36:45;Ayuni ranggawangi ;https://wilkerstat.bps.go.id/api/landmark/91171039/photo
91961784;HTGGDS;BATAS RT 01/06 ( KONTRAKAN BU HJ IDA);0014;RT 001 - RW 006;3272012002;-6.9370996;106.9406517;2;1;150;Batas Wilkerstat;15040;Batas SLS;2025-08-05 09:02:13;2025-08-05 09:02:11;Ayuni ranggawangi ;https://wilkerstat.bps.go.id/api/landmark/91961784/photo
91977530;HTHDLI;BATAS RT 01/06 ( BLAKANG RUMAH BU CINDRA);0014;RT 001 - RW 006;3272012002;-6.9359371;106.9379348;3;1;150;Batas Wilkerstat;15040;Batas SLS;2025-08-05 09:21:13;2025-08-05 09:21:16;Ayuni ranggawangi ;https://wilkerstat.bps.go.id/api/landmark/91977530/photo
91982755;HTHLEH;BATAS RT 01/06 ( BELAKANG KOLAM TIRTA);0014;RT 001 - RW 006;3272012002;-6.9367883;106.9388117;2.3299999237061;1;150;Batas Wilkerstat;15040;Batas SLS;2025-08-05 09:27:03;2025-08-05 09:27:01;Ayuni ranggawangi ;https://wilkerstat.bps.go.id/api/landmark/91982755/photo
91949188;HTFNNG;BATAS RT 02/06 ( RUMAH BU RISMA);0015;RT 002 - RW 006;3272012002;-6.9410564;106.9413185;3;1;150;Batas Wilkerstat;15040;Batas SLS;2025-08-05 08:44:39;2025-08-05 08:44:37;Ayuni ranggawangi ;https://wilkerstat.bps.go.id/api/landmark/91949188/photo
91953138;HTFTJE;BATAS RT 02/06 ( RUMAH BU ENGKAR);0015;RT 002 - RW 006;3272012002;-6.9400222;106.9418908;3;1;150;Batas Wilkerstat;15040;Batas SLS;2025-08-05 08:50:28;2025-08-05 08:50:26;Ayuni ranggawangi ;https://wilkerstat.bps.go.id/api/landmark/91953138/photo
90847100;HQUVFG;BATA RT 03/06 ( TEMBOK BLAKANG RUMAH HJ.NENG);0016;RT 003 - RW 006;3272012002;-6.9409203383833;106.94130320102;3.7999999523163;1;150;Batas Wilkerstat;15040;Batas SLS;2025-08-03 09:31:09;2025-08-03 09:31:11;Ayuni ranggawangi ;https://wilkerstat.bps.go.id/api/landmark/90847100/photo
90855906;HQVIFY;BATAS RT 03/06 ( RUMAH BPK TAOPIK);0016;RT 003 - RW 006;3272012002;-6.9401383;106.9417108;3;1;150;Batas Wilkerstat;15040;Batas SLS;2025-08-03 09:39:43;2025-08-03 09:39:45;Ayuni ranggawangi ;https://wilkerstat.bps.go.id/api/landmark/90855906/photo
90864132;HQVUKI;BATAS RT 03/06 ( RUMAH IBU DELIS);0016;RT 003 - RW 006;3272012002;-6.9396132;106.9414218;2.039999961853;1;150;Batas Wilkerstat;15040;Batas SLS;2025-08-03 09:47:55;2025-08-03 09:47:56;Ayuni ranggawangi ;https://wilkerstat.bps.go.id/api/landmark/90864132/photo
90871059;HQWEQT;BATAS RT 03/06 ( RUMAH BU HENI );0016;RT 003 - RW 006;3272012002;-6.9401008;106.9411362;4.1199998855591;1;150;Batas Wilkerstat;15040;Batas SLS;2025-08-03 09:54:36;2025-08-03 09:54:37;Ayuni ranggawangi ;https://wilkerstat.bps.go.id/api/landmark/90871059/photo
91167657;HRNBKJ;BATAS RT 03/06(RUMAH IBU NENG);0016;RT 003 - RW 006;3272012002;-6.9394883;106.9406783;1.5;1;150;Batas Wilkerstat;15040;Batas SLS;2025-08-03 15:33:05;2025-08-03 15:33:06;Ayuni ranggawangi ;https://wilkerstat.bps.go.id/api/landmark/91167657/photo
91174743;HRNLWX;BATAS RT 03/06(WARUNG EYANG BERKAH);0016;RT 003 - RW 006;3272012002;-6.9407017;106.940885;1.4199999570847;1;150;Batas Wilkerstat;15040;Batas SLS;2025-08-03 15:40:56;2025-08-03 15:40:57;Ayuni ranggawangi ;https://wilkerstat.bps.go.id/api/landmark/91174743/photo
90909125;HQYIYV;BATAS RT 05/06 (SAWAH);0018;RT 005 - RT 006;3272012002;-6.9389634;106.939063;3;1;150;Batas Wilkerstat;15040;Batas SLS;2025-08-03 10:29:28;2025-08-03 10:29:29;Ayuni ranggawangi ;https://wilkerstat.bps.go.id/api/landmark/90909125/photo
90912632;HQYODS;BATAS RT 05/06( SAWAH POHON PISANG );0018;RT 005 - RT 006;3272012002;-6.9388233;106.9385056;3;1;150;Batas Wilkerstat;15040;Batas SLS;2025-08-03 10:32:21;2025-08-03 10:32:22;Ayuni ranggawangi ;https://wilkerstat.bps.go.id/api/landmark/90912632/photo
90935383;HQZVUT;BATAS RT 05/06 ( SAWAH);0018;RT 005 - RT 006;3272012002;-6.9401571;106.9375424;3;1;150;Batas Wilkerstat;15040;Batas SLS;2025-08-03 10:52:40;2025-08-03 10:52:41;Ayuni ranggawangi ;https://wilkerstat.bps.go.id/api/landmark/90935383/photo
90942666;HRAGOW;BATAS RT 05/06 ( JEMBATAN);0018;RT 005 - RT 006;3272012002;-6.9406267;106.9366233;1.7000000476837;1;150;Batas Wilkerstat;15040;Batas SLS;2025-08-03 10:59:13;2025-08-03 10:59:14;Ayuni ranggawangi ;https://wilkerstat.bps.go.id/api/landmark/90942666/photo
90951218;HRATFU;BATAS RT 05/06 ( POHON PISANG);0018;RT 005 - RT 006;3272012002;-6.9417751;106.9367838;3;1;150;Batas Wilkerstat;15040;Batas SLS;2025-08-03 11:07:16;2025-08-03 11:07:17;Ayuni ranggawangi ;https://wilkerstat.bps.go.id/api/landmark/90951218/photo
90961615;HRBIPR;BATAS RT 05/06 TANGKAL AWI;0018;RT 005 - RT 006;3272012002;-6.9418539;106.9371805;3;1;150;Batas Wilkerstat;15040;Batas SLS;2025-08-03 11:16:35;2025-08-03 11:16:36;Ayuni ranggawangi ;https://wilkerstat.bps.go.id/api/landmark/90961615/photo
91164227;HRMWIL;BATAS RT 05/06 ( RUMAH IBU YULI);0018;RT 005 - RT 006;3272012002;-6.9400546;106.9412422;2.3499999046326;1;150;Batas Wilkerstat;15040;Batas SLS;2025-08-03 15:29:18;2025-08-03 15:29:19;Ayuni ranggawangi ;https://wilkerstat.bps.go.id/api/landmark/91164227/photo
91166590;HRMZVI;BATAS RT 05/06 ( RUMH IBU IKA);0018;RT 005 - RT 006;3272012002;-6.9394921;106.9406762;1.6330000162125;1;150;Batas Wilkerstat;15040;Batas SLS;2025-08-03 15:31:55;2025-08-03 15:31:55;Ayuni ranggawangi ;https://wilkerstat.bps.go.id/api/landmark/91166590/photo
91169867;HRNERJ;BATAS RT 05/06 (WARUNG BENSIN PAK AYI);0018;RT 005 - RT 006;3272012002;-6.9389293;106.9395342;3;1;150;Batas Wilkerstat;15040;Batas SLS;2025-08-03 15:35:28;2025-08-03 15:35:29;Ayuni ranggawangi ;https://wilkerstat.bps.go.id/api/landmark/91169867/photo
91181308;HRNVPK;BATAS RT 05/06 ( SAWAH PAK HJ DADUN );0018;RT 005 - RT 006;3272012002;-6.9418633;106.9396433;1.5;1;150;Batas Wilkerstat;15040;Batas SLS;2025-08-03 15:47:54;2025-08-03 15:47:55;Ayuni ranggawangi ;https://wilkerstat.bps.go.id/api/landmark/91181308/photo
90272504;HPODFK;BATAS 1 RT 001-007 ( RUMAH BU AI LISDA);0019;RT 001 - RW 007;3272012002;-6.9407158;106.9408795;2.5329999923706;1;150;Batas Wilkerstat;15040;Batas SLS;2025-08-02 09:44:40;2025-08-02 09:44:43;Ayuni ranggawangi ;https://wilkerstat.bps.go.id/api/landmark/90272504/photo
90330440;HPRKXS;BATAS RT 001-007. (POHON KELAPA);0019;RT 001 - RW 007;3272012002;-6.9434785;106.9372223;1.8660000562668;1;150;Batas Wilkerstat;15040;Batas SLS;2025-08-02 10:39:30;2025-08-02 10:39:42;Ayuni ranggawangi ;https://wilkerstat.bps.go.id/api/landmark/90330440/photo
90347674;HPSKKO;BATAS RT 001-007 ( POHON PISANG);0019;RT 001 - RW 007;3272012002;-6.9431718534279;106.93961977959;3;1;150;Batas Wilkerstat;15040;Batas SLS;2025-08-02 10:55:41;2025-08-02 10:55:43;Ayuni ranggawangi ;https://wilkerstat.bps.go.id/api/landmark/90347674/photo
90357119;HPSYJV;BATAS RT 001-007 ( POHON KELAPA );0019;RT 001 - RW 007;3272012002;-6.9436079;106.938662;3;1;150;Batas Wilkerstat;15040;Batas SLS;2025-08-02 11:03:54;2025-08-02 11:03:59;Ayuni ranggawangi ;https://wilkerstat.bps.go.id/api/landmark/90357119/photo
90953067;HRAVYX;BATAS RT 01/07 SAUNG ABAH;0019;RT 001 - RW 007;3272012002;-6.9417803;106.9367574;3;1;150;Batas Wilkerstat;15040;Batas SLS;2025-08-03 11:08:55;2025-08-03 11:08:57;Ayuni ranggawangi ;https://wilkerstat.bps.go.id/api/landmark/90953067/photo
90956755;HRBBKT;BAYAS RT 01/07 ( RUNGKUN);0019;RT 001 - RW 007;3272012002;-6.9408261506013;106.9364638254;3;1;150;Batas Wilkerstat;15040;Batas SLS;2025-08-03 11:12:23;2025-08-03 11:12:24;Ayuni ranggawangi ;https://wilkerstat.bps.go.id/api/landmark/90956755/photo
91180218;HRNTZM;BATAS RT 01/07 ( RUMAH IBU AI);0019;RT 001 - RW 007;3272012002;-6.9418656;106.9396428;3;1;150;Batas Wilkerstat;15040;Batas SLS;2025-08-03 15:46:44;2025-08-03 15:46:45;Ayuni ranggawangi ;https://wilkerstat.bps.go.id/api/landmark/91180218/photo
90358792;HPTAWE;BATAS RT 002-007 ( POHON PISANG );0020;RT 002 - RW 007;3272012002;-6.9436117;106.9386567;1.6000000238419;1;150;Batas Wilkerstat;15040;Batas SLS;2025-08-02 11:05:21;2025-08-02 11:05:24;Ayuni ranggawangi ;https://wilkerstat.bps.go.id/api/landmark/90358792/photo
90392674;HPUYZI;BATAS 1 RT 002-007 ( RUMAH AMIH PAK DIDI);0020;RT 002 - RW 007;3272012002;-6.9416464;106.9405557;3;1;150;Batas Wilkerstat;15040;Batas SLS;2025-08-02 11:37:14;2025-08-02 11:37:16;Ayuni ranggawangi ;https://wilkerstat.bps.go.id/api/landmark/90392674/photo
90403804;HPVPLK;BATAS RT 002-007 ( RUMAH HJ LILIS);0020;RT 002 - RW 007;3272012002;-6.9429834;106.940471;3;1;150;Batas Wilkerstat;15040;Batas SLS;2025-08-02 11:49:00;2025-08-02 11:49:03;Ayuni ranggawangi ;https://wilkerstat.bps.go.id/api/landmark/90403804/photo
90441881;HPXTTX;BATAS RT 002-007 ( TIANG LISTRIK);0020;RT 002 - RW 007;3272012002;-6.9442996;106.9397869;3;1;150;Batas Wilkerstat;15040;Batas SLS;2025-08-02 12:38:32;2025-08-02 12:38:36;Ayuni ranggawangi ;https://wilkerstat.bps.go.id/api/landmark/90441881/photo
90456884;HPYPYY;BATAS RT 002-007 ( PEMBATAS TEMBOK);0020;RT 002 - RW 007;3272012002;-6.9458839;106.9385903;3.0650000572205;1;150;Batas Wilkerstat;15040;Batas SLS;2025-08-02 13:00:38;2025-08-02 13:00:42;Ayuni ranggawangi ;https://wilkerstat.bps.go.id/api/landmark/90456884/photo
90462609;HPYYLD;BATAS RT 002-007;0020;RT 002 - RW 007;3272012002;-6.9451755;106.9371586;3;1;150;Batas Wilkerstat;15040;Batas SLS;2025-08-02 13:08:54;2025-08-02 13:08:57;Ayuni ranggawangi ;https://wilkerstat.bps.go.id/api/landmark/90462609/photo
90524884;HQCMOI;BATAS RT 2/7 TEMBOK RUMAH HJ LILIS;0020;RT 002 - RW 007;3272012002;-6.9429438;106.9408709;2.0999999046326;1;150;Batas Wilkerstat;15040;Batas SLS;2025-08-02 14:28:39;2025-08-02 14:28:41;Ayuni ranggawangi ;https://wilkerstat.bps.go.id/api/landmark/90524884/photo
90486386;HQAHPQ;BATAS RT 003- 007 (KONTRAKAN BU HJ LILIS );0021;RT 003 - RW 007;3272012002;-6.9430473797068;106.94050624967;1.5;1;150;Batas Wilkerstat;15040;Batas SLS;2025-08-02 13:42:41;2025-08-02 13:42:44;Ayuni ranggawangi ;https://wilkerstat.bps.go.id/api/landmark/90486386/photo
90496775;HQAWZF;BATAS RT 003-007 ( AKSA SPESIALIS LAPTOP);0021;RT 003 - RW 007;3272012002;-6.9443011014842;106.93988967687;3.9609999656677;1;150;Batas Wilkerstat;15040;Batas SLS;2025-08-02 13:55:41;2025-08-02 13:55:43;Ayuni ranggawangi ;https://wilkerstat.bps.go.id/api/landmark/90496775/photo
90514882;HQBXTQ;BATAS RT 003/07  BP MUMU;0021;RT 003 - RW 007;3272012002;-6.9434480917823;106.9409763068;2.2999999523163;1;150;Batas Wilkerstat;15040;Batas SLS;2025-08-02 14:16:54;2025-08-02 14:16:57;Ayuni ranggawangi ;https://wilkerstat.bps.go.id/api/landmark/90514882/photo
90520657;HQCGHT;BATAS 3/7 MAKAM;0021;RT 003 - RW 007;3272012002;-6.9432261;106.9413326;3;1;150;Batas Wilkerstat;15040;Batas SLS;2025-08-02 14:23:35;2025-08-02 14:23:38;Ayuni ranggawangi ;https://wilkerstat.bps.go.id/api/landmark/90520657/photo
90527067;HQCPUH;BATAS 3/7 MAKAM;0021;RT 003 - RW 007;3272012002;-6.942961512789;106.94093104452;1.75;1;150;Batas Wilkerstat;15040;Batas SLS;2025-08-02 14:31:03;2025-08-02 14:31:06;Ayuni ranggawangi ;https://wilkerstat.bps.go.id/api/landmark/90527067/photo
90516829;HQCAQN;BATAS RT 4/7 IBU DEWI;0044;RT 004 - RW 007;3272012002;-6.9435103;106.9409461;3;1;150;Batas Wilkerstat;15040;Batas SLS;2025-08-02 14:19:04;2025-08-02 14:19:09;Ayuni ranggawangi ;https://wilkerstat.bps.go.id/api/landmark/90516829/photo
90521309;HQCHGV;BATAS 4/7 MAKAM;0044;RT 004 - RW 007;3272012002;-6.9432336;106.9413207;3;1;150;Batas Wilkerstat;15040;Batas SLS;2025-08-02 14:24:23;2025-08-02 14:24:25;Ayuni ranggawangi ;https://wilkerstat.bps.go.id/api/landmark/90521309/photo
90427026;HPWXUO;TOKO MATERIAL BINTANG JAYA;0029;RT 002 RW 010;3272012002;-6.9500034;106.9347604;4.0999999046326;1;150;Batas Wilkerstat;15040;Batas SLS;2025-08-02 12:17:01;2025-08-02 12:17:04;Rini Rostini;https://wilkerstat.bps.go.id/api/landmark/90427026/photo
90439820;HPXQSQ;JEMBATAN BATAS KECAMATAN CIBEUREUM BAROS;0029;RT 002 RW 010;3272012002;-6.9505569;106.9338865;2;1;150;Batas Wilkerstat;15040;Batas SLS;2025-08-02 12:34:55;2025-08-02 12:34:58;Rini Rostini;https://wilkerstat.bps.go.id/api/landmark/90439820/photo
90447668;HPYCIM;BATAS RT 002/RW 10;0029;RT 002 RW 010;3272012002;-6.949107;106.9372962;1.4500000476837;1;150;Batas Wilkerstat;15040;Batas SLS;2025-08-02 12:47:25;2025-08-02 12:47:27;Rini Rostini;https://wilkerstat.bps.go.id/api/landmark/90447668/photo
91178608;HRNRPO;SELOKAN BELAKANG MAJELIS;0029;RT 002 RW 010;3272012002;-6.949992;106.9360442;1.8999999761581;1;150;Batas Wilkerstat;15040;Batas SLS;2025-08-03 15:45:03;2025-08-03 15:45:06;Rini Rostini;https://wilkerstat.bps.go.id/api/landmark/91178608/photo
91189445;HROHQJ;RUMAH TERAHIR RT 02 RW 010;0029;RT 002 RW 010;3272012002;-6.950825;106.9357517;1.6499999761581;1;150;Batas Wilkerstat;15040;Batas SLS;2025-08-03 15:56:11;2025-08-03 15:56:14;Rini Rostini;https://wilkerstat.bps.go.id/api/landmark/91189445/photo
91188391;HROGBV;BATAS 2 RT003 RW011 (SAWAH BELAKANG RUMAH);0034;RT003 RW011;3272012002;-6.9508142;106.9357422;5.3639998435974;1;150;Batas Wilkerstat;15040;Batas SLS;2025-08-03 15:55:07;2025-08-03 15:55:09;Evi Nur Apriani ;https://wilkerstat.bps.go.id/api/landmark/91188391/photo
91189266;HROHJM;BATAS 1 RT003 RW011 (MAJELIS DZIKIR WATALIM);0034;RT003 RW011;3272012002;-6.9501806026682;106.93607155234;4.3179998397827;1;150;Batas Wilkerstat;15040;Batas SLS;2025-08-02 16:55:16;2025-08-03 15:56:03;Evi Nur Apriani ;https://wilkerstat.bps.go.id/api/landmark/91189266/photo
91939724;HTEZNG;MESJID AL- HUDA RT003 RW011;0034;RT003 RW011;3272012002;-6.9503753;106.9363609;8.1549997329712;1;150;Batas Wilkerstat;15040;Batas SLS;2025-08-05 08:28:37;2025-08-05 08:28:40;Evi Nur Apriani ;https://wilkerstat.bps.go.id/api/landmark/91939724/photo
91942255;HTFDGP;PAK ALI RUKMANA RT03;0034;RT003 RW011;3272012002;-6.9505799;106.9367449;5.3249998092651;1;150;Batas Wilkerstat;15040;Batas SLS;2025-08-05 08:33:05;2025-08-05 08:33:07;Evi Nur Apriani ;https://wilkerstat.bps.go.id/api/landmark/91942255/photo
91944266;HTFGFY;PAK WAWAN RT03 RW011;0034;RT003 RW011;3272012002;-6.9506809;106.9372303;6.8060002326965;1;150;Batas Wilkerstat;15040;Batas SLS;2025-08-05 08:36:31;2025-08-05 08:36:33;Evi Nur Apriani ;https://wilkerstat.bps.go.id/api/landmark/91944266/photo
91960160;HTGDTG;PAK MAMI RT02 RW11;0033;RT002 RW011;3272012002;-6.9506771;106.9372408;5.9720001220703;1;150;Batas Wilkerstat;15040;Batas SLS;2025-08-05 09:00:01;2025-08-05 09:00:05;Evi Nur Apriani ;https://wilkerstat.bps.go.id/api/landmark/91960160/photo
91971458;HTGULU;TEMPAT PEMBUANGAN SAMPAH RT02 RW011;0033;RT002 RW011;3272012002;-6.9505663;106.9379008;3.9389998912811;1;150;Batas Wilkerstat;15040;Batas SLS;2025-08-05 09:14:18;2025-08-05 09:14:21;Evi Nur Apriani ;https://wilkerstat.bps.go.id/api/landmark/91971458/photo
91978757;HTHFGN;SAWAH RT02 RW011;0033;RT002 RW011;3272012002;-6.9519713;106.9380467;3.8659999370575;1;150;Batas Wilkerstat;15040;Batas SLS;2025-08-05 09:22:39;2025-08-05 09:22:41;Evi Nur Apriani ;https://wilkerstat.bps.go.id/api/landmark/91978757/photo
91480078;HSEVOO;BATAS KOTA;0001;RT 001 RW 001;3272012003;-6.9187136;106.9597326;1.3660000562668;1;150;Batas Wilkerstat;15040;Batas SLS;2025-08-04 10:51:00;2025-08-04 10:51:04;Cicih sukaesih;https://wilkerstat.bps.go.id/api/landmark/91480078/photo
91484858;HSFCQK;KOSAN SAKINAH;0001;RT 001 RW 001;3272012003;-6.9190915667931;106.95948187262;1.9500000476837;1;150;Batas Wilkerstat;15040;Batas SLS;2025-08-04 10:55:42;2025-08-04 10:55:46;Cicih sukaesih;https://wilkerstat.bps.go.id/api/landmark/91484858/photo
91491008;HSFLSY;SUNGAI;0001;RT 001 RW 001;3272012003;-6.9191367;106.9589033;1.6000000238419;1;150;Batas Wilkerstat;15040;Batas SLS;2025-08-04 11:01:31;2025-08-04 11:01:39;Cicih sukaesih;https://wilkerstat.bps.go.id/api/landmark/91491008/photo
91502159;HSGCFV;JALAN;0001;RT 001 RW 001;3272012003;-6.9208392769749;106.95870872587;1.6660000085831;1;150;Batas Wilkerstat;15040;Batas SLS;2025-08-04 11:13:24;2025-08-04 11:13:28;Cicih sukaesih;https://wilkerstat.bps.go.id/api/landmark/91502159/photo
91508384;HSGLLG;JEMBATAN;0001;RT 001 RW 001;3272012003;-6.9223509;106.9579858;1.3660000562668;1;150;Batas Wilkerstat;15040;Batas SLS;2025-08-04 11:19:57;2025-08-04 11:20:00;Cicih sukaesih;https://wilkerstat.bps.go.id/api/landmark/91508384/photo
91535422;HSHZLE;KEBUN;0001;RT 001 RW 001;3272012003;-6.9206911661934;106.95759426802;1.3999999761581;1;150;Batas Wilkerstat;15040;Batas SLS;2025-08-04 11:50:03;2025-08-04 11:50:06;Cicih sukaesih;https://wilkerstat.bps.go.id/api/landmark/91535422/photo
91742626;HSTTYO;TOKO BAJARINGAN;0001;RT 001 RW 001;3272012003;-6.9190917;106.9574267;1.4160000085831;1;150;Batas Wilkerstat;15040;Batas SLS;2025-08-04 15:46:48;2025-08-04 15:46:51;Cicih sukaesih;https://wilkerstat.bps.go.id/api/landmark/91742626/photo
91451869;HSDFVP;GANG;0002;RT 002 RW 001;3272012003;-6.9193083;106.9565633;1.2200000286102;1;150;Batas Wilkerstat;15040;Batas SLS;2025-08-04 10:23:42;2025-08-04 10:23:45;Cicih sukaesih;https://wilkerstat.bps.go.id/api/landmark/91451869/photo
91463989;HSDXTT;TOKO TERPAL;0002;RT 002 RW 001;3272012003;-6.9191574;106.9574303;1.2999999523163;1;150;Batas Wilkerstat;15040;Batas SLS;2025-08-04 10:35:48;2025-08-04 10:35:52;Cicih sukaesih;https://wilkerstat.bps.go.id/api/landmark/91463989/photo
91533383;HSHWKT;KEBUN;0002;RT 002 RW 001;3272012003;-6.9206833;106.9577367;1.2829999923706;1;150;Batas Wilkerstat;15040;Batas SLS;2025-08-04 11:47:52;2025-08-04 11:47:56;Cicih sukaesih;https://wilkerstat.bps.go.id/api/landmark/91533383/photo
91430761;HSCAPT;GAPURA MAKAM;0003;RT 003 RW 001;3272012003;-6.9192767;106.9558983;1.5329999923706;1;150;Batas Wilkerstat;15040;Batas SLS;2025-08-04 10:01:56;2025-08-04 10:02:00;Cicih sukaesih;https://wilkerstat.bps.go.id/api/landmark/91430761/photo
91436580;HSCJFO;SAWAH;0003;RT 003 RW 001;3272012003;-6.9207268;106.9555642;1.7000000476837;1;150;Batas Wilkerstat;15040;Batas SLS;2025-08-04 10:07:56;2025-08-04 10:07:59;Cicih sukaesih;https://wilkerstat.bps.go.id/api/landmark/91436580/photo
91438794;HSCMMS;TEMBOK GENTING PURI;0003;RT 003 RW 001;3272012003;-6.9208567;106.956315;1.3660000562668;1;150;Batas Wilkerstat;15040;Batas SLS;2025-08-04 10:10:12;2025-08-04 10:10:17;Cicih sukaesih;https://wilkerstat.bps.go.id/api/landmark/91438794/photo
91450881;HSDEJP;SUNGAI;0003;RT 003 RW 001;3272012003;-6.9193613;106.9565958;1.7999999523163;1;150;Batas Wilkerstat;15040;Batas SLS;2025-08-04 10:22:37;2025-08-04 10:22:43;Cicih sukaesih;https://wilkerstat.bps.go.id/api/landmark/91450881/photo
91569331;HSJXPJ;KEBUN;0003;RT 003 RW 001;3272012003;-6.9211869;106.9571474;1.4329999685287;1;150;Batas Wilkerstat;15040;Batas SLS;2025-08-04 12:35:14;2025-08-04 12:35:17;Cicih sukaesih;https://wilkerstat.bps.go.id/api/landmark/91569331/photo
91502504;HSGCTC;GUDANG SAMPOERNA;0004;RT 004 RW 001;3272012003;-6.9208767;106.9587017;1.5599999427795;1;150;Batas Wilkerstat;15040;Batas SLS;2025-08-04 11:13:53;2025-08-04 11:13:57;Cicih sukaesih;https://wilkerstat.bps.go.id/api/landmark/91502504/photo
91532649;HSHVIN;KEBUN;0004;RT 004 RW 001;3272012003;-6.9206917;106.957745;1.3329999446869;1;150;Batas Wilkerstat;15040;Batas SLS;2025-08-04 11:46:59;2025-08-04 11:47:02;Cicih sukaesih;https://wilkerstat.bps.go.id/api/landmark/91532649/photo
91545847;HSIOWD;JALAN;0004;RT 004 RW 001;3272012003;-6.924455;106.9573417;1.3159999847412;1;150;Batas Wilkerstat;15040;Batas SLS;2025-08-04 12:01:55;2025-08-04 12:01:58;Cicih sukaesih;https://wilkerstat.bps.go.id/api/landmark/91545847/photo
91557928;HSJGSU;RUMAH YUSUP;0004;RT 004 RW 001;3272012003;-6.9239838;106.9557459;1.3500000238419;1;150;Batas Wilkerstat;15040;Batas SLS;2025-08-04 12:18:12;2025-08-04 12:18:15;Cicih sukaesih;https://wilkerstat.bps.go.id/api/landmark/91557928/photo
91568461;HSJWHX;KEBUN;0004;RT 004 RW 001;3272012003;-6.9215637;106.9570622;1.75;1;150;Batas Wilkerstat;15040;Batas SLS;2025-08-04 12:33:47;2025-08-04 12:33:50;Cicih sukaesih;https://wilkerstat.bps.go.id/api/landmark/91568461/photo
90516083;HQBZNV;BATAS 1 ( SUNGAI );0005;RT 001 RW 002;3272012003;-6.9275468160651;106.95564631373;1.6829999685287;1;150;Batas Wilkerstat;15040;Batas SLS;2025-08-02 14:18:14;2025-08-02 14:18:16;Cicih sukaesih;https://wilkerstat.bps.go.id/api/landmark/90516083/photo
90517348;HQCBKM;BATAS 2 ( RUMAH PAK RISA );0005;RT 001 RW 002;3272012003;-6.9274389;106.9551932;1.9199999570847;1;150;Batas Wilkerstat;15040;Batas SLS;2025-08-02 14:19:50;2025-08-02 14:19:51;Cicih sukaesih;https://wilkerstat.bps.go.id/api/landmark/90517348/photo
90518664;HQCDJC;BATAS 3 ( RUMAH BU YAYAH );0005;RT 001 RW 002;3272012003;-6.9273427921918;106.95484768599;2.1659998893738;1;150;Batas Wilkerstat;15040;Batas SLS;2025-08-02 14:21:19;2025-08-02 14:21:20;Cicih sukaesih;https://wilkerstat.bps.go.id/api/landmark/90518664/photo
90456372;HPYPFG;BATAS 1 ( RUMAH PAK ASEP );0006;RT 002 RW 002;3272012003;-6.9277801287387;106.95579148829;1.5160000324249;1;150;Batas Wilkerstat;15040;Batas SLS;2025-08-02 12:59:55;2025-08-02 12:59:56;Cicih sukaesih;https://wilkerstat.bps.go.id/api/landmark/90456372/photo
90457637;HPYRBX;BATAS 2 ( RUMAH PAK ASEP );0006;RT 002 RW 002;3272012003;-6.9278074206558;106.95588938892;1.3999999761581;1;150;Batas Wilkerstat;15040;Batas SLS;2025-08-02 13:01:36;2025-08-02 13:01:37;Cicih sukaesih;https://wilkerstat.bps.go.id/api/landmark/90457637/photo
90458591;HPYSMP;BATAS 3;0006;RT 002 RW 002;3272012003;-6.9279492054685;106.95583105087;1.5329999923706;1;150;Batas Wilkerstat;15040;Batas SLS;2025-08-02 13:02:56;2025-08-02 13:02:58;Cicih sukaesih;https://wilkerstat.bps.go.id/api/landmark/90458591/photo
90462371;HPYYBZ;BATAS 4 ( SAWAH );0006;RT 002 RW 002;3272012003;-6.9279888120165;106.95594906807;1.5;1;150;Batas Wilkerstat;15040;Batas SLS;2025-08-02 13:08:34;2025-08-02 13:08:37;Cicih sukaesih;https://wilkerstat.bps.go.id/api/landmark/90462371/photo
90514439;HQBXCP;BATAS 5 ( RUMAH BAPAK ASEP );0006;RT 002 RW 002;3272012003;-6.9277395236882;106.9555484131;1.7999999523163;1;150;Batas Wilkerstat;15040;Batas SLS;2025-08-02 14:16:26;2025-08-02 14:16:28;Cicih sukaesih;https://wilkerstat.bps.go.id/api/landmark/90514439/photo
90515111;HQBYCL;BATAS 6 ( POS RONDA );0006;RT 002 RW 002;3272012003;-6.9275647888001;106.95561747998;1.5829999446869;1;150;Batas Wilkerstat;15040;Batas SLS;2025-08-02 14:17:11;2025-08-02 14:17:12;Cicih sukaesih;https://wilkerstat.bps.go.id/api/landmark/90515111/photo
90543767;HQDOMP;BATAS 7 ( RUMAH PAK ADEN );0006;RT 002 RW 002;3272012003;-6.9273231553054;106.95481449366;1.6829999685287;1;150;Batas Wilkerstat;15040;Batas SLS;2025-08-02 14:48:50;2025-08-02 14:48:51;Cicih sukaesih;https://wilkerstat.bps.go.id/api/landmark/90543767/photo
90546076;HQDRXK;BATAS 8 ( MAJLIS );0006;RT 002 RW 002;3272012003;-6.9273184957051;106.95496670902;1.6599999666214;1;150;Batas Wilkerstat;15040;Batas SLS;2025-08-02 14:51:41;2025-08-02 14:51:42;Cicih sukaesih;https://wilkerstat.bps.go.id/api/landmark/90546076/photo
90550375;HQDYGT;BATAS 9 ( RUMAH PAK DENI );0006;RT 002 RW 002;3272012003;-6.9274622776357;106.95468910038;2.2000000476837;1;150;Batas Wilkerstat;15040;Batas SLS;2025-08-02 14:55:52;2025-08-02 14:55:57;Cicih sukaesih;https://wilkerstat.bps.go.id/api/landmark/90550375/photo
90898320;HQXSZG;SAWAH;0006;RT 002 RW 002;3272012003;-6.9319930501306;106.95590380579;1.1660000085831;1;150;Batas Wilkerstat;15040;Batas SLS;2025-08-03 10:19:32;2025-08-03 10:19:33;Cicih sukaesih;https://wilkerstat.bps.go.id/api/landmark/90898320/photo
90904778;HQYCNQ;SAWAH;0006;RT 002 RW 002;3272012003;-6.9314242513608;106.95372585207;1.2159999608994;1;150;Batas Wilkerstat;15040;Batas SLS;2025-08-03 10:25:26;2025-08-03 10:25:27;Cicih sukaesih;https://wilkerstat.bps.go.id/api/landmark/90904778/photo
91946542;HTFJPM;JEMBATAN;0006;RT 002 RW 002;3272012003;-6.9283833;106.9543167;1.3660000562668;1;150;Batas Wilkerstat;15040;Batas SLS;2025-08-05 08:40:22;2025-08-05 08:40:24;Cicih sukaesih;https://wilkerstat.bps.go.id/api/landmark/91946542/photo
91950420;HTFPIQ;SAWAH;0006;RT 002 RW 002;3272012003;-6.9296583;106.9540217;1.2999999523163;1;150;Batas Wilkerstat;15040;Batas SLS;2025-08-05 08:46:27;2025-08-05 08:46:31;Cicih sukaesih;https://wilkerstat.bps.go.id/api/landmark/91950420/photo
91951900;HTFRNO;SUNGAI;0006;RT 002 RW 002;3272012003;-6.929475;106.9538;1.3159999847412;1;150;Batas Wilkerstat;15040;Batas SLS;2025-08-05 08:48:38;2025-08-05 08:48:44;Cicih sukaesih;https://wilkerstat.bps.go.id/api/landmark/91951900/photo
90906658;HQYFHY;SAWAH;0007;RT 003 RW 002;3272012003;-6.9314275796177;106.95371545851;1.2829999923706;1;150;Batas Wilkerstat;15040;Batas SLS;2025-08-03 10:27:10;2025-08-03 10:27:12;Cicih sukaesih;https://wilkerstat.bps.go.id/api/landmark/90906658/photo
90935076;HQZVIY;GAPURA RW 04;0007;RT 003 RW 002;3272012003;-6.9307892195066;106.95316527039;1.4160000085831;1;150;Batas Wilkerstat;15040;Batas SLS;2025-08-03 10:52:26;2025-08-03 10:52:28;Cicih sukaesih;https://wilkerstat.bps.go.id/api/landmark/90935076/photo
90940669;HRADQB;SAWAH;0007;RT 003 RW 002;3272012003;-6.930828825816;106.95336274803;1.3200000524521;1;150;Batas Wilkerstat;15040;Batas SLS;2025-08-03 10:57:31;2025-08-03 10:57:35;Cicih sukaesih;https://wilkerstat.bps.go.id/api/landmark/90940669/photo
90959080;HRBEWE;KEBUN;0007;RT 003 RW 002;3272012003;-6.9308907314695;106.95286922157;1.6499999761581;1;150;Batas Wilkerstat;15040;Batas SLS;2025-08-03 11:14:25;2025-08-03 11:14:27;Cicih sukaesih;https://wilkerstat.bps.go.id/api/landmark/90959080/photo
90963652;HRBLQA;SAWAH;0007;RT 003 RW 002;3272012003;-6.9312132398228;106.95274885744;1.6829999685287;1;150;Batas Wilkerstat;15040;Batas SLS;2025-08-03 11:18:31;2025-08-03 11:18:34;Cicih sukaesih;https://wilkerstat.bps.go.id/api/landmark/90963652/photo
90970813;HRBWFL;SAWAH;0007;RT 003 RW 002;3272012003;-6.931014542752;106.95221610367;1.4160000085831;1;150;Batas Wilkerstat;15040;Batas SLS;2025-08-03 11:25:10;2025-08-03 11:25:17;Cicih sukaesih;https://wilkerstat.bps.go.id/api/landmark/90970813/photo
91297805;HRULYB;SAWAH;0007;RT 003 RW 002;3272012003;-6.9310647994729;106.95333994925;1.25;1;150;Batas Wilkerstat;15040;Batas SLS;2025-08-03 11:05:10;2025-08-03 18:02:08;Cicih sukaesih;https://wilkerstat.bps.go.id/api/landmark/91297805/photo
91297955;HRUMDV;SAWAH;0007;RT 003 RW 002;3272012003;-6.9313493655734;106.95316124707;2.2000000476837;1;150;Batas Wilkerstat;15040;Batas SLS;2025-08-03 10:39:56;2025-08-03 18:02:50;Cicih sukaesih;https://wilkerstat.bps.go.id/api/landmark/91297955/photo
91943608;HTFFGQ;SAWAH;0007;RT 003 RW 002;3272012003;-6.9287877;106.953697;1.7799999713898;1;150;Batas Wilkerstat;15040;Batas SLS;2025-08-05 08:35:19;2025-08-05 08:35:25;Cicih sukaesih;https://wilkerstat.bps.go.id/api/landmark/91943608/photo
91978989;HTHFPL;SUNGAI;0007;RT 003 RW 002;3272012003;-6.9280569;106.9533632;2.4000000953674;1;150;Batas Wilkerstat;15040;Batas SLS;2025-08-05 09:22:51;2025-08-05 09:22:57;Cicih sukaesih;https://wilkerstat.bps.go.id/api/landmark/91978989/photo
90384728;HPUNFS;BATAS 1 ( KEBUN );0008;RT 001 RW 003;3272012003;-6.927815;106.9573317;1.7159999608994;1;150;Batas Wilkerstat;15040;Batas SLS;2025-08-02 11:29:51;2025-08-02 11:29:52;Cicih sukaesih;https://wilkerstat.bps.go.id/api/landmark/90384728/photo
90444167;HPXXDV;BATAS 2 ( TEMBOK RUMAH PAK SOMA );0008;RT 001 RW 003;3272012003;-6.927924909013;106.95653244853;1.25;1;150;Batas Wilkerstat;15040;Batas SLS;2025-08-02 12:41:58;2025-08-02 12:42:02;Cicih sukaesih;https://wilkerstat.bps.go.id/api/landmark/90444167/photo
90448584;HPYDRS;BATAS 3 ( SAWAH );0008;RT 001 RW 003;3272012003;-6.9284943776607;106.95699512959;1.2829999923706;1;150;Batas Wilkerstat;15040;Batas SLS;2025-08-02 12:48:53;2025-08-02 12:48:55;Cicih sukaesih;https://wilkerstat.bps.go.id/api/landmark/90448584/photo
90455422;HPYNUS;BATAS 4 ( KEBUN );0008;RT 001 RW 003;3272012003;-6.9278100832818;106.95589140058;1.4500000476837;1;150;Batas Wilkerstat;15040;Batas SLS;2025-08-02 12:58:36;2025-08-02 12:58:38;Cicih sukaesih;https://wilkerstat.bps.go.id/api/landmark/90455422/photo
90459983;HPYUOD;BATAS 5 ( GUDANG BELAKANG PAK ASEP );0008;RT 001 RW 003;3272012003;-6.9279492054685;106.95582736284;1.6799999475479;1;150;Batas Wilkerstat;15040;Batas SLS;2025-08-02 13:04:57;2025-08-02 13:05:00;Cicih sukaesih;https://wilkerstat.bps.go.id/api/landmark/90459983/photo
90461657;HPYXAN;BATAS 6 ( SAWAH );0008;RT 001 RW 003;3272012003;-6.9279911418133;106.95594772696;1.5329999923706;1;150;Batas Wilkerstat;15040;Batas SLS;2025-08-02 13:07:33;2025-08-02 13:07:36;Cicih sukaesih;https://wilkerstat.bps.go.id/api/landmark/90461657/photo
90477813;HPZUXX;BATAS 7 ( GANG );0008;RT 001 RW 003;3272012003;-6.927224970861;106.95724792778;1.5800000429153;1;150;Batas Wilkerstat;15040;Batas SLS;2025-08-02 13:30:41;2025-08-02 13:30:44;Cicih sukaesih;https://wilkerstat.bps.go.id/api/landmark/90477813/photo
90478810;HPZWKG;BATAS 8 ( RUMAH KOSONG );0008;RT 001 RW 003;3272012003;-6.9271986773961;106.95672757924;1.7660000324249;1;150;Batas Wilkerstat;15040;Batas SLS;2025-08-02 13:32:20;2025-08-02 13:32:22;Cicih sukaesih;https://wilkerstat.bps.go.id/api/landmark/90478810/photo
90480965;HPZZPD;BATAS 9 ( KEBUN );0008;RT 001 RW 003;3272012003;-6.9268289045896;106.95656832308;2.0160000324249;1;150;Batas Wilkerstat;15040;Batas SLS;2025-08-02 13:35:16;2025-08-02 13:35:18;Cicih sukaesih;https://wilkerstat.bps.go.id/api/landmark/90480965/photo
90482468;HQABUY;BATAS 10 ( KEBUN );0008;RT 001 RW 003;3272012003;-6.9269254249721;106.9567772001;1.6000000238419;1;150;Batas Wilkerstat;15040;Batas SLS;2025-08-02 13:37:19;2025-08-02 13:37:21;Cicih sukaesih;https://wilkerstat.bps.go.id/api/landmark/90482468/photo
90492138;HQAQCW;BATAS 11 ( TEMBOK PCP 2 );0008;RT 001 RW 003;3272012003;-6.9270239423076;106.95644225925;1.7000000476837;1;150;Batas Wilkerstat;15040;Batas SLS;2025-08-02 13:49:57;2025-08-02 13:49:58;Cicih sukaesih;https://wilkerstat.bps.go.id/api/landmark/90492138/photo
90493396;HQARZG;BATAS 12 ( RUMAH PAK AGUS );0008;RT 001 RW 003;3272012003;-6.9269896609398;106.95630580187;1.7999999523163;1;150;Batas Wilkerstat;15040;Batas SLS;2025-08-02 13:51:29;2025-08-02 13:51:32;Cicih sukaesih;https://wilkerstat.bps.go.id/api/landmark/90493396/photo
90512669;HQBUMN;BATAS 13 ( SUNGAI );0008;RT 001 RW 003;3272012003;-6.9275383;106.9556214;1.6000000238419;1;150;Batas Wilkerstat;15040;Batas SLS;2025-08-02 14:14:31;2025-08-02 14:14:32;Cicih sukaesih;https://wilkerstat.bps.go.id/api/landmark/90512669/photo
90513434;HQBVPY;BATAS 14 ( RUMAH H GOJALI );0008;RT 001 RW 003;3272012003;-6.9277225494448;106.95555880666;1.6499999761581;1;150;Batas Wilkerstat;15040;Batas SLS;2025-08-02 14:15:21;2025-08-02 14:15:22;Cicih sukaesih;https://wilkerstat.bps.go.id/api/landmark/90513434/photo
90273775;HPOFCH;BATAS 1 ( RUMAH BAPAK EPUL );0009;RT 002 RW 003;3272012003;-6.9281958310621;106.9583375752;2.4000000953674;1;150;Batas Wilkerstat;15040;Batas SLS;2025-08-02 09:45:57;2025-08-02 09:46:04;Cicih sukaesih;https://wilkerstat.bps.go.id/api/landmark/90273775/photo
90294735;HPPKCL;BATAS 2 ( SUNGAI );0009;RT 002 RW 003;3272012003;-6.9244624848951;106.95737566799;1.2799999713898;1;150;Batas Wilkerstat;15040;Batas SLS;2025-08-02 10:07:37;2025-08-02 10:07:41;Cicih sukaesih;https://wilkerstat.bps.go.id/api/landmark/90294735/photo
90301019;HPPTKD;BATAS 4 ( SUNGAI );0009;RT 002 RW 003;3272012003;-6.9243826055421;106.95742059499;1.2999999523163;1;150;Batas Wilkerstat;15040;Batas SLS;2025-08-02 10:12:59;2025-08-02 10:13:08;Cicih sukaesih;https://wilkerstat.bps.go.id/api/landmark/90301019/photo
90311714;HPQJFM;BATAS 3 ( SUNGAI );0009;RT 002 RW 003;3272012003;-6.9245297166733;106.95775084198;1.5800000429153;1;150;Batas Wilkerstat;15040;Batas SLS;2025-08-02 10:22:56;2025-08-02 10:23:03;Cicih sukaesih;https://wilkerstat.bps.go.id/api/landmark/90311714/photo
90314106;HPQMTM;BATAS 5 ( JUAL PASIR );0009;RT 002 RW 003;3272012003;-6.9247537115881;106.95754196495;1.7159999608994;1;150;Batas Wilkerstat;15040;Batas SLS;2025-08-02 10:25:26;2025-08-02 10:25:30;Cicih sukaesih;https://wilkerstat.bps.go.id/api/landmark/90314106/photo
90318058;HPQSPM;BATAS 6 ( SUNGAI );0009;RT 002 RW 003;3272012003;-6.9256027611835;106.95796307176;1.5599999427795;1;150;Batas Wilkerstat;15040;Batas SLS;2025-08-02 10:28:57;2025-08-02 10:29:00;Cicih sukaesih;https://wilkerstat.bps.go.id/api/landmark/90318058/photo
90319581;HPQUWB;BATAS 7 ( SUNGAI );0009;RT 002 RW 003;3272012003;-6.9255495084118;106.95775453001;1.3999999761581;1;150;Batas Wilkerstat;15040;Batas SLS;2025-08-02 10:30:19;2025-08-02 10:30:21;Cicih sukaesih;https://wilkerstat.bps.go.id/api/landmark/90319581/photo
90334116;HPRQJC;BATAS 10 ( RUMAH BU NYAI );0009;RT 002 RW 003;3272012003;-6.9266541693641;106.9572013244;2.0999999046326;1;150;Batas Wilkerstat;15040;Batas SLS;2025-08-02 10:43:01;2025-08-02 10:43:12;Cicih sukaesih;https://wilkerstat.bps.go.id/api/landmark/90334116/photo
90349014;HPSMKC;BATAS 11 ( TEMBOK PCP 2 );0009;RT 002 RW 003;3272012003;-6.926638859227;106.95693746209;1.5800000429153;1;150;Batas Wilkerstat;15040;Batas SLS;2025-08-02 10:56:52;2025-08-02 10:56:55;Cicih sukaesih;https://wilkerstat.bps.go.id/api/landmark/90349014/photo
90351474;HPSQAS;BATAS 12 ( TEMBOK PCP 2 );0009;RT 002 RW 003;3272012003;-6.9268105989975;106.95681709796;1.5;1;150;Batas Wilkerstat;15040;Batas SLS;2025-08-02 10:58:56;2025-08-02 10:58:59;Cicih sukaesih;https://wilkerstat.bps.go.id/api/landmark/90351474/photo
90375797;HPUAAF;BATAS 12 ( RUMAH BU TITIN );0009;RT 002 RW 003;3272012003;-6.9272416122937;106.95724088699;4.5;1;150;Batas Wilkerstat;15040;Batas SLS;2025-08-02 11:21:19;2025-08-02 11:21:21;Cicih sukaesih;https://wilkerstat.bps.go.id/api/landmark/90375797/photo
90379298;HPUFEW;BATAS 13 ( SDN SELAKASO );0009;RT 002 RW 003;3272012003;-6.9282091441808;106.95736359805;3.683000087738;1;150;Batas Wilkerstat;15040;Batas SLS;2025-08-02 11:24:27;2025-08-02 11:24:29;Cicih sukaesih;https://wilkerstat.bps.go.id/api/landmark/90379298/photo
90475497;HPZRMV;BATAS 14 ( KONTRAKAN HETI );0009;RT 002 RW 003;3272012003;-6.9271920208225;106.95672087371;1.6330000162125;1;150;Batas Wilkerstat;15040;Batas SLS;2025-08-02 13:27:29;2025-08-02 13:27:32;Cicih sukaesih;https://wilkerstat.bps.go.id/api/landmark/90475497/photo
90759393;HQPVLX;BATAS 8 ( ALFAMART );0009;RT 002 RW 003;3272012003;-6.9264890861201;106.95763517171;1.5199999809265;1;150;Batas Wilkerstat;15040;Batas SLS;2025-08-02 10:33:11;2025-08-03 04:38:52;Cicih sukaesih;https://wilkerstat.bps.go.id/api/landmark/90759393/photo
90759394;HQPVLY;BATAS 9 ( RUMAH BAPAK RIZKI );0009;RT 002 RW 003;3272012003;-6.9265193735745;106.95721507072;1.9249999523163;1;150;Batas Wilkerstat;15040;Batas SLS;2025-08-02 10:36:36;2025-08-03 04:38:52;Cicih sukaesih;https://wilkerstat.bps.go.id/api/landmark/90759394/photo
90860825;HQVPND;SAWAH;0011;RT 001 RW 004;3272012003;-6.9323548310857;106.95362962782;2;1;150;Batas Wilkerstat;15040;Batas SLS;2025-08-03 09:44:57;2025-08-03 09:44:59;Cicih sukaesih;https://wilkerstat.bps.go.id/api/landmark/90860825/photo
90864666;HQVVEW;SAWAH;0011;RT 001 RW 004;3272012003;-6.9323095668784;106.95393975824;1.5499999523163;1;150;Batas Wilkerstat;15040;Batas SLS;2025-08-03 09:48:25;2025-08-03 09:48:28;Cicih sukaesih;https://wilkerstat.bps.go.id/api/landmark/90864666/photo
90868650;HQWBCC;SAWAH;0011;RT 001 RW 004;3272012003;-6.9321498108177;106.9540162012;1.5160000324249;1;150;Batas Wilkerstat;15040;Batas SLS;2025-08-03 09:52:17;2025-08-03 09:52:20;Cicih sukaesih;https://wilkerstat.bps.go.id/api/landmark/90868650/photo
90881772;HQWUMU;SAWAH;0011;RT 001 RW 004;3272012003;-6.9326117;106.9554917;1.1829999685287;1;150;Batas Wilkerstat;15040;Batas SLS;2025-08-03 10:04:35;2025-08-03 10:04:37;Cicih sukaesih;https://wilkerstat.bps.go.id/api/landmark/90881772/photo
90888144;HQXDXW;SAWAH;0011;RT 001 RW 004;3272012003;-6.931994714257;106.9556453079;2.0999999046326;1;150;Batas Wilkerstat;15040;Batas SLS;2025-08-03 10:10:14;2025-08-03 10:10:15;Cicih sukaesih;https://wilkerstat.bps.go.id/api/landmark/90888144/photo
90890396;HQXHGM;REL MERETA;0011;RT 001 RW 004;3272012003;-6.9320942;106.9560195;1.4160000085831;1;150;Batas Wilkerstat;15040;Batas SLS;2025-08-03 10:12:13;2025-08-03 10:12:15;Cicih sukaesih;https://wilkerstat.bps.go.id/api/landmark/90890396/photo
90891352;HQXIRG;REL KERETA;0011;RT 001 RW 004;3272012003;-6.9320180120269;106.95601444691;1.1499999761581;1;150;Batas Wilkerstat;15040;Batas SLS;2025-08-03 10:13:07;2025-08-03 10:13:08;Cicih sukaesih;https://wilkerstat.bps.go.id/api/landmark/90891352/photo
90931627;HQZQGH;REL KERETA;0011;RT 001 RW 004;3272012003;-6.9313353868918;106.95316527039;1.2330000400543;1;150;Batas Wilkerstat;15040;Batas SLS;2025-08-03 10:49:27;2025-08-03 10:49:29;Cicih sukaesih;https://wilkerstat.bps.go.id/api/landmark/90931627/photo
90942974;HRAHAS;KOLAM;0011;RT 001 RW 004;3272012003;-6.9308364808166;106.95336475968;1.2829999923706;1;150;Batas Wilkerstat;15040;Batas SLS;2025-08-03 10:59:29;2025-08-03 10:59:31;Cicih sukaesih;https://wilkerstat.bps.go.id/api/landmark/90942974/photo
90956002;HRBAHU;GAPURA RW 04;0011;RT 001 RW 004;3272012003;-6.9307932134203;106.95317599922;2.2999999523163;1;150;Batas Wilkerstat;15040;Batas SLS;2025-08-03 11:11:36;2025-08-03 11:11:37;Cicih sukaesih;https://wilkerstat.bps.go.id/api/landmark/90956002/photo
90959663;HRBFSP;RUMAH PAK ASEP;0011;RT 001 RW 004;3272012003;-6.9308890673391;106.95286788046;1.5;1;150;Batas Wilkerstat;15040;Batas SLS;2025-08-03 11:14:52;2025-08-03 11:14:54;Cicih sukaesih;https://wilkerstat.bps.go.id/api/landmark/90959663/photo
90962744;HRBKHC;REL KERETA;0011;RT 001 RW 004;3272012003;-6.9312172337329;106.95274785161;1.3999999761581;1;150;Batas Wilkerstat;15040;Batas SLS;2025-08-03 11:17:41;2025-08-03 11:17:43;Cicih sukaesih;https://wilkerstat.bps.go.id/api/landmark/90962744/photo
90968039;HRBSCT;RUMAH BU AI;0011;RT 001 RW 004;3272012003;-6.9311653128988;106.95231299847;1.3600000143051;1;150;Batas Wilkerstat;15040;Batas SLS;2025-08-03 11:22:56;2025-08-03 11:22:58;Cicih sukaesih;https://wilkerstat.bps.go.id/api/landmark/90968039/photo
90970114;HRBVEO;REL KERETA;0011;RT 001 RW 004;3272012003;-6.9310515;106.952183;1.5659999847412;1;150;Batas Wilkerstat;15040;Batas SLS;2025-08-03 11:24:37;2025-08-03 11:24:41;Cicih sukaesih;https://wilkerstat.bps.go.id/api/landmark/90970114/photo
90991136;HRDAHC;SUNGAI;0011;RT 001 RW 004;3272012003;-6.9314285780948;106.95221409202;1.3500000238419;1;150;Batas Wilkerstat;15040;Batas SLS;2025-08-03 11:45:23;2025-08-03 11:45:26;Cicih sukaesih;https://wilkerstat.bps.go.id/api/landmark/90991136/photo
90993704;HRDEBW;SUNGAI;0011;RT 001 RW 004;3272012003;-6.9316033115508;106.95279948413;1.4659999608994;1;150;Batas Wilkerstat;15040;Batas SLS;2025-08-03 11:48:06;2025-08-03 11:48:09;Cicih sukaesih;https://wilkerstat.bps.go.id/api/landmark/90993704/photo
90996562;HRDIHU;JEMBATAN;0011;RT 001 RW 004;3272012003;-6.9318186496445;106.95303115994;1.3500000238419;1;150;Batas Wilkerstat;15040;Batas SLS;2025-08-03 11:51:18;2025-08-03 11:51:20;Cicih sukaesih;https://wilkerstat.bps.go.id/api/landmark/90996562/photo
90861554;HQVQPE;SAWAH;0012;RT 002 RW 004;3272012003;-6.9324267;106.9536683;1.4830000400543;1;150;Batas Wilkerstat;15040;Batas SLS;2025-08-03 09:45:39;2025-08-03 09:45:40;Cicih sukaesih;https://wilkerstat.bps.go.id/api/landmark/90861554/photo
90864042;HQVUGW;SAWAH;0012;RT 002 RW 004;3272012003;-6.9322756;106.9539342;1.4160000085831;1;150;Batas Wilkerstat;15040;Batas SLS;2025-08-03 09:47:50;2025-08-03 09:47:52;Cicih sukaesih;https://wilkerstat.bps.go.id/api/landmark/90864042/photo
90870030;HQWDDE;SAWAH;0012;RT 002 RW 004;3272012003;-6.932137829111;106.95401486009;1.5;1;150;Batas Wilkerstat;15040;Batas SLS;2025-08-03 09:53:34;2025-08-03 09:53:35;Cicih sukaesih;https://wilkerstat.bps.go.id/api/landmark/90870030/photo
90880327;HQWSJF;SAWAH;0012;RT 002 RW 004;3272012003;-6.9325887;106.9553852;1.3329999446869;1;150;Batas Wilkerstat;15040;Batas SLS;2025-08-03 10:03:22;2025-08-03 10:03:25;Cicih sukaesih;https://wilkerstat.bps.go.id/api/landmark/90880327/photo
90999095;HRDMBF;MAKAM GEBANG;0012;RT 002 RW 004;3272012003;-6.932328537907;106.9533912465;1.5;1;150;Batas Wilkerstat;15040;Batas SLS;2025-08-03 11:53:56;2025-08-03 11:53:58;Cicih sukaesih;https://wilkerstat.bps.go.id/api/landmark/90999095/photo
90998215;HRDKTJ;SUNGAI;0013;RT 003 RW 004;3272012003;-6.9320717;106.953149;1.2660000324249;1;150;Batas Wilkerstat;15040;Batas SLS;2025-08-03 11:52:56;2025-08-03 11:52:58;Cicih sukaesih;https://wilkerstat.bps.go.id/api/landmark/90998215/photo
90999701;HRDMYN;SUNGAI;0013;RT 003 RW 004;3272012003;-6.9323032;106.9533969;1.3660000562668;1;150;Batas Wilkerstat;15040;Batas SLS;2025-08-03 11:54:34;2025-08-03 11:54:36;Cicih sukaesih;https://wilkerstat.bps.go.id/api/landmark/90999701/photo
91005786;HRDVYO;SUNGAI;0013;RT 003 RW 004;3272012003;-6.9329857;106.952717;1.3830000162125;1;150;Batas Wilkerstat;15040;Batas SLS;2025-08-03 12:02:10;2025-08-03 12:02:12;Cicih sukaesih;https://wilkerstat.bps.go.id/api/landmark/91005786/photo
91007199;HRDYAX;SUNGAI;0013;RT 003 RW 004;3272012003;-6.9334355;106.9526895;1.4329999685287;1;150;Batas Wilkerstat;15040;Batas SLS;2025-08-03 12:03:43;2025-08-03 12:03:44;Cicih sukaesih;https://wilkerstat.bps.go.id/api/landmark/91007199/photo
91007558;HRDYOS;MCK;0013;RT 003 RW 004;3272012003;-6.9334221997735;106.95257049054;1.5659999847412;1;150;Batas Wilkerstat;15040;Batas SLS;2025-08-03 12:04:08;2025-08-03 12:04:10;Cicih sukaesih;https://wilkerstat.bps.go.id/api/landmark/91007558/photo
91964424;HTGKBG;TEMBOK BELAKANG. JL TANJUNG;0036;RT 006 RW 009;3272012003;-6.9278211;106.9546284;4.9879999160767;1;150;Batas Wilkerstat;15040;Batas SLS;2025-08-05 09:05:41;2025-08-05 09:05:43;Erna Wati;https://wilkerstat.bps.go.id/api/landmark/91964424/photo
91957956;HTGAMM;BELAKANG TEMBOK JL KRISAN;0037;RT 007 RW 009;3272012003;-6.9288741;106.9536331;6.0939998626709;1;150;Batas Wilkerstat;15040;Batas SLS;2025-08-05 08:57:07;2025-08-05 08:57:10;Erna Wati;https://wilkerstat.bps.go.id/api/landmark/91957956/photo
91961827;HTGGFJ;TEMBOK BELAKANG RT 07 RW 09;0037;RT 007 RW 009;3272012003;-6.9280336;106.9545446;6.2940001487732;1;150;Batas Wilkerstat;15040;Batas SLS;2025-08-05 09:02:12;2025-08-05 09:02:15;Erna Wati;https://wilkerstat.bps.go.id/api/landmark/91961827/photo
91978333;HTHEQF;RUMAH PAK MULYONO;0037;RT 007 RW 009;3272012003;-6.9280275;106.9532926;6.4860000610352;1;150;Batas Wilkerstat;15040;Batas SLS;2025-08-05 09:22:10;2025-08-05 09:22:13;Erna Wati;https://wilkerstat.bps.go.id/api/landmark/91978333/photo
91980578;HTHHYO;RUMAH PAK ANDRI;0037;RT 007 RW 009;3272012003;-6.9277617;106.953388;5.2839999198914;1;150;Batas Wilkerstat;15040;Batas SLS;2025-08-05 09:24:35;2025-08-05 09:24:39;Erna Wati;https://wilkerstat.bps.go.id/api/landmark/91980578/photo
91946684;HTFJUY;TEMBOK JL. ASOKA;0038;RT 008 RW 009;3272012003;-6.9284257;106.954324;4.4759998321533;1;150;Batas Wilkerstat;15040;Batas SLS;2025-08-05 08:40:36;2025-08-05 08:40:39;Erna Wati;https://wilkerstat.bps.go.id/api/landmark/91946684/photo
91950585;HTFPOZ;BELAKANG RUMAH KOSONG JL ASOKA;0038;RT 008 RW 009;3272012003;-6.9296282;106.9539981;5.3619999885559;1;150;Batas Wilkerstat;15040;Batas SLS;2025-08-05 08:46:40;2025-08-05 08:46:45;Erna Wati;https://wilkerstat.bps.go.id/api/landmark/91950585/photo
91952172;HTFRYA;RUMAH KOSONG JL ASOKA BLOK 00;0038;RT 008 RW 009;3272012003;-6.9293961;106.9537512;8.3879995346069;1;150;Batas Wilkerstat;15040;Batas SLS;2025-08-05 08:49:04;2025-08-05 08:49:07;Erna Wati;https://wilkerstat.bps.go.id/api/landmark/91952172/photo
91954703;HTFVRJ;RUMAH BU NITA JL ASOKA;0038;RT 008 RW 009;3272012003;-6.9287067;106.9537804;4.8639998435974;1;150;Batas Wilkerstat;15040;Batas SLS;2025-08-05 08:52:36;2025-08-05 08:52:39;Erna Wati;https://wilkerstat.bps.go.id/api/landmark/91954703/photo
89955924;HOWCXG;RUMAH PAK GILANG;0019;RT 003 RW 006;3272012003;-6.9347272;106.9583528;8.7250003814697;1;150;Batas Wilkerstat;15040;Batas SLS;2025-08-01 11:05:58;2025-08-01 11:06:01;Adamsyah Maulana;https://wilkerstat.bps.go.id/api/landmark/89955924/photo
89963572;HOWOFK;RUMAH BU HJ. LILIH;0019;RT 003 RW 006;3272012003;-6.9349196;106.957288;7.438000202179;1;150;Batas Wilkerstat;15040;Batas SLS;2025-08-01 11:18:56;2025-08-01 11:18:59;Adamsyah Maulana;https://wilkerstat.bps.go.id/api/landmark/89963572/photo
90393907;HPVAUT;JALAN RAYA;0019;RT 003 RW 006;3272012003;-6.9344201;106.9575086;7.9050002098083;1;150;Batas Wilkerstat;15040;Batas SLS;2025-08-02 11:38:36;2025-08-02 11:38:37;Adamsyah Maulana;https://wilkerstat.bps.go.id/api/landmark/90393907/photo
90422884;HPWRRG;SUNGAI;0019;RT 003 RW 006;3272012003;-6.9359375;106.9582318;5.548999786377;1;150;Batas Wilkerstat;15040;Batas SLS;2025-08-02 12:11:31;2025-08-02 12:11:33;Adamsyah Maulana;https://wilkerstat.bps.go.id/api/landmark/90422884/photo
90482454;HQABUK;SAWAH;0019;RT 003 RW 006;3272012003;-6.9355597;106.9572791;7.5650000572205;1;150;Batas Wilkerstat;15040;Batas SLS;2025-08-02 13:37:18;2025-08-02 13:37:20;Adamsyah Maulana;https://wilkerstat.bps.go.id/api/landmark/90482454/photo
90485072;HQAFRC;SAWAH;0019;RT 003 RW 006;3272012003;-6.9351565;106.9573854;7.8579998016357;1;150;Batas Wilkerstat;15040;Batas SLS;2025-08-02 13:40:53;2025-08-02 13:40:56;Adamsyah Maulana;https://wilkerstat.bps.go.id/api/landmark/90485072/photo
90495767;HQAVML;SAWAH;0019;RT 003 RW 006;3272012003;-6.9342051;106.9553867;4.6859998703003;1;150;Batas Wilkerstat;15040;Batas SLS;2025-08-02 13:54:27;2025-08-02 13:54:29;Adamsyah Maulana;https://wilkerstat.bps.go.id/api/landmark/90495767/photo
90498424;HQAZKQ;SAWAH;0019;RT 003 RW 006;3272012003;-6.934428;106.9556057;3.2920000553131;1;150;Batas Wilkerstat;15040;Batas SLS;2025-08-02 13:57:42;2025-08-02 13:57:44;Adamsyah Maulana;https://wilkerstat.bps.go.id/api/landmark/90498424/photo
90500374;HQBCHQ;PINGGIR JALAN JALUR LINGKAR SELATAN;0019;RT 003 RW 006;3272012003;-6.9342145;106.9558276;7.643000125885;1;150;Batas Wilkerstat;15040;Batas SLS;2025-08-02 14:00:06;2025-08-02 14:00:08;Adamsyah Maulana;https://wilkerstat.bps.go.id/api/landmark/90500374/photo
90505742;HQBKGC;SAWAH;0019;RT 003 RW 006;3272012003;-6.9339256;106.9554028;7.9720001220703;1;150;Batas Wilkerstat;15040;Batas SLS;2025-08-02 14:06:14;2025-08-02 14:06:17;Adamsyah Maulana;https://wilkerstat.bps.go.id/api/landmark/90505742/photo
90423869;HPWTDD;SUNGAI;0021;RT 005 RW 006;3272012003;-6.9359375;106.9582241;3.4670000076294;1;150;Batas Wilkerstat;15040;Batas SLS;2025-08-02 12:12:43;2025-08-02 12:12:44;Adamsyah Maulana;https://wilkerstat.bps.go.id/api/landmark/90423869/photo
90435947;HPXKZR;SAWAH;0021;RT 005 RW 006;3272012003;-6.938575;106.9577167;1.3619999885559;1;150;Batas Wilkerstat;15040;Batas SLS;2025-08-02 12:29:28;2025-08-02 12:29:31;Adamsyah Maulana;https://wilkerstat.bps.go.id/api/landmark/90435947/photo
90446327;HPYAIX;SEMAK BELUKAR;0021;RT 005 RW 006;3272012003;-6.939775;106.9575291;5.4629998207092;1;150;Batas Wilkerstat;15040;Batas SLS;2025-08-02 12:45:21;2025-08-02 12:45:23;Adamsyah Maulana;https://wilkerstat.bps.go.id/api/landmark/90446327/photo
90906379;HQYEXF;POS  RONDA;0043;RT 004 RW 010;3272012003;-6.9229371;106.9561406;6.4640002250671;1;150;Batas Wilkerstat;15040;Batas SLS;2025-08-03 10:26:54;2025-08-03 10:26:56;Risa Wulandari;https://wilkerstat.bps.go.id/api/landmark/90906379/photo
90909129;HQYIYZ;RUMAH MERAH BLOK S NO 16 JL PADANG;0043;RT 004 RW 010;3272012003;-6.9223628;106.9567721;4.0869998931885;1;150;Batas Wilkerstat;15040;Batas SLS;2025-08-03 10:29:28;2025-08-03 10:29:29;Risa Wulandari;https://wilkerstat.bps.go.id/api/landmark/90909129/photo
90922811;HQZDFF;RUMAH COKLAT;0043;RT 004 RW 010;3272012003;-6.9218999;106.9568199;4.6989998817444;1;150;Batas Wilkerstat;15040;Batas SLS;2025-08-03 10:41:53;2025-08-03 10:41:55;Risa Wulandari;https://wilkerstat.bps.go.id/api/landmark/90922811/photo
90923997;HQZEYV;RUMAH R 1;0043;RT 004 RW 010;3272012003;-6.9218751;106.9563565;7.6129999160767;1;150;Batas Wilkerstat;15040;Batas SLS;2025-08-03 10:42:46;2025-08-03 10:42:49;Risa Wulandari;https://wilkerstat.bps.go.id/api/landmark/90923997/photo
90424808;HPWUNG;SAWAH;0020;RT 004 RW 006;3272012003;-6.9359405;106.958242;2.3480000495911;1;150;Batas Wilkerstat;15040;Batas SLS;2025-08-02 12:13:54;2025-08-02 12:13:56;Adamsyah Maulana;https://wilkerstat.bps.go.id/api/landmark/90424808/photo
90435100;HPXJTC;SAWAH;0020;RT 004 RW 006;3272012003;-6.9385731;106.9577188;4.7519998550415;1;150;Batas Wilkerstat;15040;Batas SLS;2025-08-02 12:28:19;2025-08-02 12:28:21;Adamsyah Maulana;https://wilkerstat.bps.go.id/api/landmark/90435100/photo
90444385;HPXXMF;POHON PISANG;0020;RT 004 RW 006;3272012003;-6.9392459;106.9574844;5.0640001296997;1;150;Batas Wilkerstat;15040;Batas SLS;2025-08-02 12:42:17;2025-08-02 12:42:21;Adamsyah Maulana;https://wilkerstat.bps.go.id/api/landmark/90444385/photo
90449435;HPYEYL;SAWAH;0020;RT 004 RW 006;3272012003;-6.9393685;106.9568057;7.7649998664856;1;150;Batas Wilkerstat;15040;Batas SLS;2025-08-02 12:50:09;2025-08-02 12:50:11;Adamsyah Maulana;https://wilkerstat.bps.go.id/api/landmark/90449435/photo
90451236;HPYHPS;SAWAH;0020;RT 004 RW 006;3272012003;-6.9399215;106.9567156;5.478000164032;1;150;Batas Wilkerstat;15040;Batas SLS;2025-08-02 12:52:44;2025-08-02 12:52:45;Adamsyah Maulana;https://wilkerstat.bps.go.id/api/landmark/90451236/photo
90459427;HPYTST;SAWAH;0020;RT 004 RW 006;3272012003;-6.9398084;106.9551514;5.3270001411438;1;150;Batas Wilkerstat;15040;Batas SLS;2025-08-02 13:04:05;2025-08-02 13:04:09;Adamsyah Maulana;https://wilkerstat.bps.go.id/api/landmark/90459427/photo
90464578;HPZBIW;JALAN RAYA;0020;RT 004 RW 006;3272012003;-6.9381814;106.9550974;5.4660000801086;1;150;Batas Wilkerstat;15040;Batas SLS;2025-08-02 13:11:37;2025-08-02 13:11:39;Adamsyah Maulana;https://wilkerstat.bps.go.id/api/landmark/90464578/photo
90481787;HQAAUT;RUMAH BAPAK DADI;0020;RT 004 RW 006;3272012003;-6.9355715;106.9572556;6.8489999771118;1;150;Batas Wilkerstat;15040;Batas SLS;2025-08-02 13:36:22;2025-08-02 13:36:24;Adamsyah Maulana;https://wilkerstat.bps.go.id/api/landmark/90481787/photo
90484167;HQAEIH;SAWAH;0020;RT 004 RW 006;3272012003;-6.935178;106.9573577;6.1279997825623;1;150;Batas Wilkerstat;15040;Batas SLS;2025-08-02 13:39:49;2025-08-02 13:39:51;Adamsyah Maulana;https://wilkerstat.bps.go.id/api/landmark/90484167/photo
90495256;HQAUSU;SAWAH;0020;RT 004 RW 006;3272012003;-6.9342191;106.955378;4.6300001144409;1;150;Batas Wilkerstat;15040;Batas SLS;2025-08-02 13:53:49;2025-08-02 13:53:52;Adamsyah Maulana;https://wilkerstat.bps.go.id/api/landmark/90495256/photo
90497993;HQAYUB;SAWAH;0020;RT 004 RW 006;3272012003;-6.934458;106.9556064;7.4120001792908;1;150;Batas Wilkerstat;15040;Batas SLS;2025-08-02 13:57:12;2025-08-02 13:57:14;Adamsyah Maulana;https://wilkerstat.bps.go.id/api/landmark/90497993/photo
90502572;HQBFOE;PINGGIR JALAN JALUR LINGKAR SELATAN;0020;RT 004 RW 006;3272012003;-6.9342973;106.9557726;7.2630000114441;1;150;Batas Wilkerstat;15040;Batas SLS;2025-08-02 14:02:38;2025-08-02 14:02:40;Adamsyah Maulana;https://wilkerstat.bps.go.id/api/landmark/90502572/photo
90404820;HPVQYM;KUBURAN;0017;RT 001 RW 006;3272012003;-6.9336805;106.9580349;5.8829998970032;1;150;Batas Wilkerstat;15040;Batas SLS;2025-08-02 11:50:05;2025-08-02 11:50:07;Adamsyah Maulana;https://wilkerstat.bps.go.id/api/landmark/90404820/photo
90411037;HPWADP;SAWAH;0017;RT 001 RW 006;3272012003;-6.9333111;106.9573323;4.6659998893738;1;150;Batas Wilkerstat;15040;Batas SLS;2025-08-02 11:56:52;2025-08-02 11:56:57;Adamsyah Maulana;https://wilkerstat.bps.go.id/api/landmark/90411037/photo
90512803;HQBURR;KEBUN CABE;0017;RT 001 RW 006;3272012003;-6.9325958;106.955469;5.4689998626709;1;150;Batas Wilkerstat;15040;Batas SLS;2025-08-02 14:14:36;2025-08-02 14:14:40;Adamsyah Maulana;https://wilkerstat.bps.go.id/api/landmark/90512803/photo
90515560;HQBYTS;SAWAH;0017;RT 001 RW 006;3272012003;-6.9329541;106.9560202;8.1680002212524;1;150;Batas Wilkerstat;15040;Batas SLS;2025-08-02 14:17:38;2025-08-02 14:17:41;Adamsyah Maulana;https://wilkerstat.bps.go.id/api/landmark/90515560/photo
90518124;HQCCOI;PERKEBUNAN;0017;RT 001 RW 006;3272012003;-6.9328183;106.95603;1.8329999446869;1;150;Batas Wilkerstat;15040;Batas SLS;2025-08-02 14:20:37;2025-08-02 14:20:42;Adamsyah Maulana;https://wilkerstat.bps.go.id/api/landmark/90518124/photo
90520970;HQCGTU;SAWAH;0017;RT 001 RW 006;3272012003;-6.933196;106.9563171;5.7839999198914;1;150;Batas Wilkerstat;15040;Batas SLS;2025-08-02 14:23:58;2025-08-02 14:24:01;Adamsyah Maulana;https://wilkerstat.bps.go.id/api/landmark/90520970/photo
90525611;HQCNQH;SAWAH;0017;RT 001 RW 006;3272012003;-6.9330288;106.9564764;5.3720002174377;1;150;Batas Wilkerstat;15040;Batas SLS;2025-08-02 14:29:27;2025-08-02 14:29:30;Adamsyah Maulana;https://wilkerstat.bps.go.id/api/landmark/90525611/photo
90529448;HQCTHW;REL KERETA API;0017;RT 001 RW 006;3272012003;-6.9320596;106.9559979;5.5419998168945;1;150;Batas Wilkerstat;15040;Batas SLS;2025-08-02 14:33:40;2025-08-02 14:33:42;Adamsyah Maulana;https://wilkerstat.bps.go.id/api/landmark/90529448/photo
90531566;HQCWLI;SAWAH;0017;RT 001 RW 006;3272012003;-6.9320097;106.9557117;5.460000038147;1;150;Batas Wilkerstat;15040;Batas SLS;2025-08-02 14:35:52;2025-08-02 14:35:55;Adamsyah Maulana;https://wilkerstat.bps.go.id/api/landmark/90531566/photo
90539010;HQDHLQ;SUNGAI;0017;RT 001 RW 006;3272012003;-6.9328958;106.9591679;8.3269996643066;1;150;Batas Wilkerstat;15040;Batas SLS;2025-08-02 14:44:09;2025-08-02 14:44:11;Adamsyah Maulana;https://wilkerstat.bps.go.id/api/landmark/90539010/photo
90540671;HQDJXN;RUMAH;0017;RT 001 RW 006;3272012003;-6.9331584;106.9591856;8.2740001678467;1;150;Batas Wilkerstat;15040;Batas SLS;2025-08-02 14:45:46;2025-08-02 14:45:48;Adamsyah Maulana;https://wilkerstat.bps.go.id/api/landmark/90540671/photo
90391578;HPUXJE;JALAN RAYA;0018;RT 002 RW 006;3272012003;-6.9343637;106.9575201;8.8100004196167;1;150;Batas Wilkerstat;15040;Batas SLS;2025-08-02 11:36:09;2025-08-02 11:36:11;Adamsyah Maulana;https://wilkerstat.bps.go.id/api/landmark/90391578/photo
90396645;HPVEWB;RUMAH IBU ENDE;0018;RT 002 RW 006;3272012003;-6.9347338;106.9583208;8.3769998550415;1;150;Batas Wilkerstat;15040;Batas SLS;2025-08-02 11:41:22;2025-08-02 11:41:24;Adamsyah Maulana;https://wilkerstat.bps.go.id/api/landmark/90396645/photo
90400990;HPVLHE;KUBURAN;0018;RT 002 RW 006;3272012003;-6.9336691;106.9580123;7.7030000686646;1;150;Batas Wilkerstat;15040;Batas SLS;2025-08-02 11:46:00;2025-08-02 11:46:02;Adamsyah Maulana;https://wilkerstat.bps.go.id/api/landmark/90400990/photo
90403007;HPVOGT;SEMAK BELUKAR;0018;RT 002 RW 006;3272012003;-6.9337793;106.9582007;5.4549999237061;1;150;Batas Wilkerstat;15040;Batas SLS;2025-08-02 11:48:14;2025-08-02 11:48:16;Adamsyah Maulana;https://wilkerstat.bps.go.id/api/landmark/90403007/photo
90410272;HPVZAE;SAWAH;0018;RT 002 RW 006;3272012003;-6.9333306;106.9573204;7.9739999771118;1;150;Batas Wilkerstat;15040;Batas SLS;2025-08-02 11:56:05;2025-08-02 11:56:09;Adamsyah Maulana;https://wilkerstat.bps.go.id/api/landmark/90410272/photo
90508399;HQBOEH;SAWAH;0018;RT 002 RW 006;3272012003;-6.9338687;106.9550202;8.2639999389648;1;150;Batas Wilkerstat;15040;Batas SLS;2025-08-02 14:09:39;2025-08-02 14:09:42;Adamsyah Maulana;https://wilkerstat.bps.go.id/api/landmark/90508399/photo
90511675;HQBTAH;SAWAH;0018;RT 002 RW 006;3272012003;-6.9327002;106.9553471;5.2220001220703;1;150;Batas Wilkerstat;15040;Batas SLS;2025-08-02 14:13:30;2025-08-02 14:13:32;Adamsyah Maulana;https://wilkerstat.bps.go.id/api/landmark/90511675/photo
90516197;HQBZSF;SAWAH;0018;RT 002 RW 006;3272012003;-6.9329549;106.95602;6.938000202179;1;150;Batas Wilkerstat;15040;Batas SLS;2025-08-02 14:18:20;2025-08-02 14:18:23;Adamsyah Maulana;https://wilkerstat.bps.go.id/api/landmark/90516197/photo
90517347;HQCBKL;PERKEBUNAN;0018;RT 002 RW 006;3272012003;-6.9328185;106.9560326;5.4070000648499;1;150;Batas Wilkerstat;15040;Batas SLS;2025-08-02 14:19:48;2025-08-02 14:19:51;Adamsyah Maulana;https://wilkerstat.bps.go.id/api/landmark/90517347/photo
90521899;HQCIDN;SAWAH;0018;RT 002 RW 006;3272012003;-6.933199;106.9563146;3.7999999523163;1;150;Batas Wilkerstat;15040;Batas SLS;2025-08-02 14:25:03;2025-08-02 14:25:05;Adamsyah Maulana;https://wilkerstat.bps.go.id/api/landmark/90521899/photo
90524618;HQCMEC;SAWAH;0018;RT 002 RW 006;3272012003;-6.9330456;106.9564761;5.4530000686646;1;150;Batas Wilkerstat;15040;Batas SLS;2025-08-02 14:28:20;2025-08-02 14:28:23;Adamsyah Maulana;https://wilkerstat.bps.go.id/api/landmark/90524618/photo
90447025;HPYBJT;SEMAK BELUKAR;0023;RT 002 RW 006;3272012003;-6.9397823;106.9575236;2.8770000934601;1;150;Batas Wilkerstat;15040;Batas SLS;2025-08-02 12:46:22;2025-08-02 12:46:25;Adamsyah Maulana;https://wilkerstat.bps.go.id/api/landmark/90447025/photo
90900977;HQXWXL;RUMAH PUTIH PUTRI MEDAN;0041;RW 002 RW 010;3272012003;-6.9218929;106.9561856;8.6350002288818;1;150;Batas Wilkerstat;15040;Batas SLS;2025-08-03 10:21:55;2025-08-03 10:21:58;Jatmiko Rizki Nur Wahid;https://wilkerstat.bps.go.id/api/landmark/90900977/photo
90915409;HQYSGN;BATAS SLS SEKALIPUN USAHA JUAL GAS DI RUMAH;0041;RW 002 RW 010;3272012003;-6.9218196;106.9555371;3.0889999866486;1;150;Batas Wilkerstat;15040;Batas SLS;2025-08-03 10:34:44;2025-08-03 10:34:47;Jatmiko Rizki Nur Wahid;https://wilkerstat.bps.go.id/api/landmark/90915409/photo
90919738;HQYYRA;TITIK POJOK SLS RUMAH PAK FADLAN;0041;RW 002 RW 010;3272012003;-6.922559;106.9555004;3.6010000705719;1;150;Batas Wilkerstat;15040;Batas SLS;2025-08-03 10:39:00;2025-08-03 10:39:03;Jatmiko Rizki Nur Wahid;https://wilkerstat.bps.go.id/api/landmark/90919738/photo
90921981;HQZBZH;RUMAH PAK BADIRIN TITIK POJOK SLS;0041;RW 002 RW 010;3272012003;-6.92261;106.9561967;4.9710001945496;1;150;Batas Wilkerstat;15040;Batas SLS;2025-08-03 10:41:03;2025-08-03 10:41:07;Jatmiko Rizki Nur Wahid;https://wilkerstat.bps.go.id/api/landmark/90921981/photo
90924477;HQZFRH;WARUNG SEBELAH RUMAH PAK FADLAN;0041;RW 002 RW 010;3272012003;-6.9225714;106.9557826;3.1760001182556;1;150;Batas Wilkerstat;15040;Batas SLS;2025-08-03 10:43:09;2025-08-03 10:43:12;Jatmiko Rizki Nur Wahid;https://wilkerstat.bps.go.id/api/landmark/90924477/photo
90902072;HQXYNO;RUMAH PAK ALEX;0042;RT 003 RW 10;3272012003;-6.9218756;106.9562419;3.8220000267029;1;150;Batas Wilkerstat;15040;Batas SLS;2025-08-03 10:22:58;2025-08-03 10:23:01;Jatmiko Rizki Nur Wahid;https://wilkerstat.bps.go.id/api/landmark/90902072/photo
90903745;HQYAZX;RUMAH PALING POJOK Q 17;0042;RT 003 RW 10;3272012003;-6.921876;106.9568586;3.2599999904633;1;150;Batas Wilkerstat;15040;Batas SLS;2025-08-03 10:24:24;2025-08-03 10:24:27;Jatmiko Rizki Nur Wahid;https://wilkerstat.bps.go.id/api/landmark/90903745/photo
90906886;HQYFQS;RUMAH TITIK SLS SEBELAH TANAH KOSONG;0042;RT 003 RW 10;3272012003;-6.9211117;106.95628;3.2730000019073;1;150;Batas Wilkerstat;15040;Batas SLS;2025-08-03 10:27:21;2025-08-03 10:27:25;Jatmiko Rizki Nur Wahid;https://wilkerstat.bps.go.id/api/landmark/90906886/photo
90908290;HQYHSS;TITIK POKOK SLS SEBELAH RUMAH PAK RT IMAM RT 02;0042;RT 003 RW 10;3272012003;-6.9213011;106.9569371;3.3780000209808;1;150;Batas Wilkerstat;15040;Batas SLS;2025-08-03 10:28:41;2025-08-03 10:28:44;Jatmiko Rizki Nur Wahid;https://wilkerstat.bps.go.id/api/landmark/90908290/photo
90530000;HQCUDC;SAWAH;0010;RT 003 RW 003;3272012003;-6.9320514;106.955988;5.1630001068115;1;150;Batas Wilkerstat;15040;Batas SLS;2025-08-02 14:34:20;2025-08-02 14:34:22;Adamsyah Maulana;https://wilkerstat.bps.go.id/api/landmark/90530000/photo
90538059;HQDGBB;SUNGAI;0010;RT 003 RW 003;3272012003;-6.9328803;106.9591902;8.0419998168945;1;150;Batas Wilkerstat;15040;Batas SLS;2025-08-02 14:43:08;2025-08-02 14:43:12;Adamsyah Maulana;https://wilkerstat.bps.go.id/api/landmark/90538059/photo
91566729;HSJTTH;BATAS RUMAH TUKANG BUBUR DEKAT KULAH;0029;RT 001 RW 007;3272012004;-6.9257127;106.9470182;3.789999961853;1;150;Batas Wilkerstat;15040;Batas SLS;2025-08-04 12:31:12;2025-08-04 12:31:14;Risa Wulandari;https://wilkerstat.bps.go.id/api/landmark/91566729/photo
91571889;HSKBJT;BATAS PERUMA NAZARA RUMAH BELAKANG;0029;RT 001 RW 007;3272012004;-6.9254807;106.9460947;3.8840000629425;1;150;Batas Wilkerstat;15040;Batas SLS;2025-08-04 12:39:08;2025-08-04 12:39:10;Risa Wulandari;https://wilkerstat.bps.go.id/api/landmark/91571889/photo
91543006;HSIKQW;LAHAN SAWAH;0030;RT 003 RW 007;3272012004;-6.9230029;106.9490235;7.5269999504089;1;150;Batas Wilkerstat;15040;Batas SLS;2025-08-04 11:58:34;2025-08-04 11:58:36;Risa Wulandari;https://wilkerstat.bps.go.id/api/landmark/91543006/photo
91548259;HSISKX;POHON WALUH;0030;RT 003 RW 007;3272012004;-6.922122;106.9486785;5.9279999732971;1;150;Batas Wilkerstat;15040;Batas SLS;2025-08-04 12:04:55;2025-08-04 12:04:57;Risa Wulandari;https://wilkerstat.bps.go.id/api/landmark/91548259/photo
91551874;HSIXTY;PLANG TANAH WAKAF;0030;RT 003 RW 007;3272012004;-6.9231747;106.947957;9.9350004196167;1;150;Batas Wilkerstat;15040;Batas SLS;2025-08-04 12:09:47;2025-08-04 12:09:48;Risa Wulandari;https://wilkerstat.bps.go.id/api/landmark/91551874/photo
91553265;HSIZVL;BATAS PEMAKAMAN;0030;RT 003 RW 007;3272012004;-6.923685;106.9484613;4.8359999656677;1;150;Batas Wilkerstat;15040;Batas SLS;2025-08-04 12:11:46;2025-08-04 12:11:54;Risa Wulandari;https://wilkerstat.bps.go.id/api/landmark/91553265/photo
91560856;HSJLBK;BATAS MAKAM PAGAR;0030;RT 003 RW 007;3272012004;-6.9251196;106.9466974;5.1129999160767;1;150;Batas Wilkerstat;15040;Batas SLS;2025-08-04 12:22:17;2025-08-04 12:22:24;Risa Wulandari;https://wilkerstat.bps.go.id/api/landmark/91560856/photo
91565125;HSJRJP;BATAS MAKAM ALM.PAK ENJANG ILYAS;0030;RT 003 RW 007;3272012004;-6.9254529;106.9470043;4.8740000724792;1;150;Batas Wilkerstat;15040;Batas SLS;2025-08-04 12:28:44;2025-08-04 12:28:47;Risa Wulandari;https://wilkerstat.bps.go.id/api/landmark/91565125/photo
91569809;HSJYHT;BATAS SAUNG KEBON PAK SOPIAN;0030;RT 003 RW 007;3272012004;-6.9252538;106.9460438;3.8980000019073;1;150;Batas Wilkerstat;15040;Batas SLS;2025-08-04 12:35:50;2025-08-04 12:35:52;Risa Wulandari;https://wilkerstat.bps.go.id/api/landmark/91569809/photo
90318034;HPQSOO;WARUNG BUNDA LASTRI;0041;RT 002 RW 010;3272012004;-6.9227581;106.9537192;5.1640000343323;1;150;Batas Wilkerstat;15040;Batas SLS;2025-08-02 10:28:57;2025-08-02 10:28:59;Risa Wulandari;https://wilkerstat.bps.go.id/api/landmark/90318034/photo
90324038;HPRBLM;RUMAH PAK IRAWAN;0041;RT 002 RW 010;3272012004;-6.9231298;106.9532624;3.789999961853;1;150;Batas Wilkerstat;15040;Batas SLS;2025-08-02 10:34:11;2025-08-02 10:34:13;Risa Wulandari;https://wilkerstat.bps.go.id/api/landmark/90324038/photo
90366253;HPTLXD;RUMAH BU BELLA;0041;RT 002 RW 010;3272012004;-6.9228292;106.9537684;3.8050000667572;1;150;Batas Wilkerstat;15040;Batas SLS;2025-08-02 11:12:10;2025-08-02 11:12:16;Risa Wulandari;https://wilkerstat.bps.go.id/api/landmark/90366253/photo
90374982;HPTYUW;RUMAH BU MURTIKA;0041;RT 002 RW 010;3272012004;-6.9231411;106.9543509;4.6799998283386;1;150;Batas Wilkerstat;15040;Batas SLS;2025-08-02 11:20:33;2025-08-02 11:20:34;Risa Wulandari;https://wilkerstat.bps.go.id/api/landmark/90374982/photo
90376803;HPUBMX;RUMAH BU ISMA;0041;RT 002 RW 010;3272012004;-6.9238408;106.9540857;6.521999835968;1;150;Batas Wilkerstat;15040;Batas SLS;2025-08-02 11:22:13;2025-08-02 11:22:15;Risa Wulandari;https://wilkerstat.bps.go.id/api/landmark/90376803/photo
91503549;HSGEHH;RUMAH TERAKHIR 9A;0042;RT 003  RW 010;3272012004;-6.9225529;106.9533582;4.5609998703003;1;150;Batas Wilkerstat;15040;Batas SLS;2025-08-04 11:15:03;2025-08-04 11:15:05;Risa Wulandari;https://wilkerstat.bps.go.id/api/landmark/91503549/photo
91507063;HSGJML;RUMAH TERAKHIR BLOK A3 NO 5A;0042;RT 003  RW 010;3272012004;-6.9226283;106.9533864;9.0909996032715;1;150;Batas Wilkerstat;15040;Batas SLS;2025-08-04 11:18:42;2025-08-04 11:18:44;Risa Wulandari;https://wilkerstat.bps.go.id/api/landmark/91507063/photo
91514842;HSGUZQ;SAWAH;0042;RT 003  RW 010;3272012004;-6.9224356;106.9531409;4.8610000610352;1;150;Batas Wilkerstat;15040;Batas SLS;2025-08-04 11:26:30;2025-08-04 11:26:31;Risa Wulandari;https://wilkerstat.bps.go.id/api/landmark/91514842/photo
91519553;HSHBYV;BATAS PENGOBATAN ALTERNATIF;0042;RT 003  RW 010;3272012004;-6.9209061;106.954639;4.0780000686646;1;150;Batas Wilkerstat;15040;Batas SLS;2025-08-04 11:31:41;2025-08-04 11:31:43;Risa Wulandari;https://wilkerstat.bps.go.id/api/landmark/91519553/photo
91524976;HSHJZK;RUMAH BLOKA5 NO 11H;0042;RT 003  RW 010;3272012004;-6.9208975;106.9540488;4.566999912262;1;150;Batas Wilkerstat;15040;Batas SLS;2025-08-04 11:37:39;2025-08-04 11:37:41;Risa Wulandari;https://wilkerstat.bps.go.id/api/landmark/91524976/photo
90204985;HPKHIN;RUMAH PAGAR HIJAU;0046;RT 001 RW 0011;3272012004;-6.9231134;106.9544147;3.789999961853;1;150;Batas Wilkerstat;15070;Batas Segmen;2025-08-02 08:09:24;2025-08-02 08:09:25;Risa Wulandari;https://wilkerstat.bps.go.id/api/landmark/90204985/photo
90211584;HPKRCI;RUMAH PAK DIAN;0046;RT 001 RW 0011;3272012004;-6.9234013;106.954798;9.3430004119873;1;150;Batas Wilkerstat;15070;Batas Segmen;2025-08-02 08:24:00;2025-08-02 08:24:02;Risa Wulandari;https://wilkerstat.bps.go.id/api/landmark/90211584/photo
90215383;HPKWSL;RUMAH PAK HERMAN;0046;RT 001 RW 0011;3272012004;-6.9251278;106.9538167;4.7919998168945;1;150;Batas Wilkerstat;15040;Batas SLS;2025-08-02 08:31:14;2025-08-02 08:31:16;Risa Wulandari;https://wilkerstat.bps.go.id/api/landmark/90215383/photo
90215660;HPKXDC;RUMAH PAK RUDI;0046;RT 001 RW 0011;3272012004;-6.9251855;106.953801;7.1370000839233;1;150;Batas Wilkerstat;15040;Batas SLS;2025-08-02 08:31:44;2025-08-02 08:31:45;Risa Wulandari;https://wilkerstat.bps.go.id/api/landmark/90215660/photo
90289889;HPPCYB;JL MURIA;0047;RT 002 RW 011;3272012004;-6.9238574;106.9540549;4.5510001182556;1;150;Batas Wilkerstat;15040;Batas SLS;2025-08-02 10:02:28;2025-08-02 10:02:29;Risa Wulandari;https://wilkerstat.bps.go.id/api/landmark/90289889/photo
90293925;HPPIXH;RUMAH DIJUAL;0047;RT 002 RW 011;3272012004;-6.9248246;106.953674;4.6399998664856;1;150;Batas Wilkerstat;15040;Batas SLS;2025-08-02 10:06:51;2025-08-02 10:06:53;Risa Wulandari;https://wilkerstat.bps.go.id/api/landmark/90293925/photo
90296150;HPPMEW;RUMAH PAK RUDI;0047;RT 002 RW 011;3272012004;-6.9245761;106.95318;6.5159997940063;1;150;Batas Wilkerstat;15040;Batas SLS;2025-08-02 10:08:52;2025-08-02 10:08:54;Risa Wulandari;https://wilkerstat.bps.go.id/api/landmark/90296150/photo
90299394;HPPQZQ;RUMAH PAK ADE  RAHMAT SOLEH;0047;RT 002 RW 011;3272012004;-6.9235665;106.9534966;4.5799999237061;1;150;Batas Wilkerstat;15040;Batas SLS;2025-08-02 10:11:42;2025-08-02 10:11:44;Risa Wulandari;https://wilkerstat.bps.go.id/api/landmark/90299394/photo
90555531;HQEFXB;BELANG RUMAH BU RT;0050;RT 001 RW 012;3272012004;-6.9243569775802;106.95238910615;4.673999786377;1;150;Batas Wilkerstat;15040;Batas SLS;2025-08-02 15:01:22;2025-08-02 15:01:25;Jatmiko Rizki Nur Wahid;https://wilkerstat.bps.go.id/api/landmark/90555531/photo
90558109;HQEJSF;RUMAH PAK AMA;0050;RT 001 RW 012;3272012004;-6.9254127153268;106.95278540254;2.1199998855591;1;150;Batas Wilkerstat;15040;Batas SLS;2025-08-02 15:04:04;2025-08-02 15:04:07;Jatmiko Rizki Nur Wahid;https://wilkerstat.bps.go.id/api/landmark/90558109/photo
90559693;HQEMBD;RUMAH NO C1;0050;RT 001 RW 012;3272012004;-6.9246378865934;106.95306267589;2.9000000953674;1;150;Batas Wilkerstat;15040;Batas SLS;2025-08-02 15:05:52;2025-08-02 15:05:56;Jatmiko Rizki Nur Wahid;https://wilkerstat.bps.go.id/api/landmark/90559693/photo
90562925;HQEQVL;RUMAH TAMAN;0050;RT 001 RW 012;3272012004;-6.9251511109225;106.952059865;3;1;150;Batas Wilkerstat;15040;Batas SLS;2025-08-02 15:09:12;2025-08-02 15:09:15;Jatmiko Rizki Nur Wahid;https://wilkerstat.bps.go.id/api/landmark/90562925/photo
90276475;HPOJCD;TANAH KOSONG;0051;RT 002 RW 012;3272012004;-6.9243097156208;106.95233747363;3;1;150;Batas Wilkerstat;15040;Batas SLS;2025-08-02 09:48:51;2025-08-02 09:48:55;Jatmiko Rizki Nur Wahid;https://wilkerstat.bps.go.id/api/landmark/90276475/photo
90293165;HPPHUB;POS SATPAM;0051;RT 002 RW 012;3272012004;-6.9260037;106.951356;3.0739998817444;1;150;Batas Wilkerstat;15040;Batas SLS;2025-08-02 10:05:50;2025-08-02 10:05:54;Jatmiko Rizki Nur Wahid;https://wilkerstat.bps.go.id/api/landmark/90293165/photo
90295399;HPPLBZ;MASJID AL HIDAYAH;0051;RT 002 RW 012;3272012004;-6.9260327770949;106.95157237351;3.1210000514984;1;150;Batas Wilkerstat;15040;Batas SLS;2025-08-02 10:08:07;2025-08-02 10:08:10;Jatmiko Rizki Nur Wahid;https://wilkerstat.bps.go.id/api/landmark/90295399/photo
90299910;HPPRTM;RUMAH KOSONG POHON MANGGA;0051;RT 002 RW 012;3272012004;-6.9254433356802;106.95183355361;3.3770000934601;1;150;Batas Wilkerstat;15040;Batas SLS;2025-08-02 10:12:08;2025-08-02 10:12:11;Jatmiko Rizki Nur Wahid;https://wilkerstat.bps.go.id/api/landmark/90299910/photo
90299964;HPPRVO;RUMAH KOSONG POHON MANGGA;0051;RT 002 RW 012;3272012004;-6.9255743;106.9519299;3.3770000934601;1;150;Batas Wilkerstat;15040;Batas SLS;2025-08-02 10:12:09;2025-08-02 10:12:14;Jatmiko Rizki Nur Wahid;https://wilkerstat.bps.go.id/api/landmark/90299964/photo
90686476;HQLRPK;RUMAH PAK KOSIIN / BU DIAN;0051;RT 002 RW 012;3272012004;-6.9240793967086;106.95181813091;2.2000000476837;1;150;Batas Wilkerstat;15040;Batas SLS;2025-08-02 09:41:04;2025-08-02 17:05:36;Jatmiko Rizki Nur Wahid;https://wilkerstat.bps.go.id/api/landmark/90686476/photo
90663486;HQKJPE;RUMAH PUTIH BESAR;0052;RT 003 RW 012;3272012004;-6.9254802797995;106.95276729763;7.6310000419617;1;150;Batas Wilkerstat;15040;Batas SLS;2025-08-02 16:45:02;2025-08-02 16:45:05;Jatmiko Rizki Nur Wahid;https://wilkerstat.bps.go.id/api/landmark/90663486/photo
90665695;HQKMWD;TANAH KOSONG;0052;RT 003 RW 012;3272012004;-6.9265283;106.9524135;3;1;150;Batas Wilkerstat;15040;Batas SLS;2025-08-02 16:46:54;2025-08-02 16:46:57;Jatmiko Rizki Nur Wahid;https://wilkerstat.bps.go.id/api/landmark/90665695/photo
90668854;HQKRNQ;TANAH KOSONG SEBELAH MASJID AL HIDAYAH;0052;RT 003 RW 012;3272012004;-6.9260614004311;106.95160690695;3.1029999256134;1;150;Batas Wilkerstat;15040;Batas SLS;2025-08-02 16:49:40;2025-08-02 16:49:43;Jatmiko Rizki Nur Wahid;https://wilkerstat.bps.go.id/api/landmark/90668854/photo
90671238;HQKVBI;PERTIGAAN DEPAN RUMAH PINK BESAR;0052;RT 003 RW 012;3272012004;-6.9255431846447;106.95188954473;1.7999999523163;1;150;Batas Wilkerstat;15040;Batas SLS;2025-08-02 16:51:50;2025-08-02 16:51:53;Jatmiko Rizki Nur Wahid;https://wilkerstat.bps.go.id/api/landmark/90671238/photo
90672303;HQKWQH;RUMAH MERAH BESAR;0052;RT 003 RW 012;3272012004;-6.9252130173214;106.95203639567;2.2909998893738;1;150;Batas Wilkerstat;15040;Batas SLS;2025-08-02 16:52:49;2025-08-02 16:52:53;Jatmiko Rizki Nur Wahid;https://wilkerstat.bps.go.id/api/landmark/90672303/photo
90612948;HQHMVK;BELAKANG MASJID;0053;RT 004 RW 012;3272012004;-6.9261076637267;106.95130180568;3;1;150;Batas Wilkerstat;15040;Batas SLS;2025-08-02 16:00:01;2025-08-02 16:00:04;Jatmiko Rizki Nur Wahid;https://wilkerstat.bps.go.id/api/landmark/90612948/photo
90613835;HQHODN;DEKAT POS;0053;RT 004 RW 012;3272012004;-6.9260783747343;106.95121061057;3;1;150;Batas Wilkerstat;15040;Batas SLS;2025-08-02 16:00:51;2025-08-02 16:00:54;Jatmiko Rizki Nur Wahid;https://wilkerstat.bps.go.id/api/landmark/90613835/photo
90618362;HQHUVQ;RUMAH POJOK;0053;RT 004 RW 012;3272012004;-6.9263752585272;106.9515683502;2.4679999351501;1;150;Batas Wilkerstat;15040;Batas SLS;2025-08-02 16:04:58;2025-08-02 16:05:01;Jatmiko Rizki Nur Wahid;https://wilkerstat.bps.go.id/api/landmark/90618362/photo
90620118;HQHXLE;PARKIRAN BATAS KANAN;0053;RT 004 RW 012;3272012004;-6.9259911734054;106.9506175071;2.4460000991821;1;150;Batas Wilkerstat;15040;Batas SLS;2025-08-02 16:06:37;2025-08-02 16:06:40;Jatmiko Rizki Nur Wahid;https://wilkerstat.bps.go.id/api/landmark/90620118/photo
90620138;HQHXLY;PARKIRAN BATAS KANAN;0053;RT 004 RW 012;3272012004;-6.9260326;106.9506112;2.4460000991821;1;150;Batas Wilkerstat;15040;Batas SLS;2025-08-02 16:06:38;2025-08-02 16:06:41;Jatmiko Rizki Nur Wahid;https://wilkerstat.bps.go.id/api/landmark/90620138/photo
90622243;HQIAOX;POJOK BAWAH;0053;RT 004 RW 012;3272012004;-6.9279039408381;106.95078615099;3.1710000038147;1;150;Batas Wilkerstat;15040;Batas SLS;2025-08-02 16:08:42;2025-08-02 16:08:45;Jatmiko Rizki Nur Wahid;https://wilkerstat.bps.go.id/api/landmark/90622243/photo
90623615;HQICPR;POJOKK KANAN BAWAH;0053;RT 004 RW 012;3272012004;-6.927183034448;106.95059236139;2.2200000286102;1;150;Batas Wilkerstat;15040;Batas SLS;2025-08-02 16:10:09;2025-08-02 16:10:12;Jatmiko Rizki Nur Wahid;https://wilkerstat.bps.go.id/api/landmark/90623615/photo
91587463;HSKYKT;WARUNG ATM BNI;0001;RT 001 RW 001;3272012004;-6.9367219;106.9396599;6.0430002212524;1;150;Batas Wilkerstat;15040;Batas SLS;2025-08-04 13:03:43;2025-08-04 13:03:45;Ajeng GantiniS.AP;https://wilkerstat.bps.go.id/api/landmark/91587463/photo
91583903;HSKTDV;KANDANG AYAM;0002;RT 002 RW 001;3272012004;-6.9357547;106.9413185;3.7939999103546;1;150;Batas Wilkerstat;15040;Batas SLS;2025-08-04 12:58:18;2025-08-04 12:58:22;Ajeng GantiniS.AP;https://wilkerstat.bps.go.id/api/landmark/91583903/photo
91589184;HSLAYY;RUMAH YOGA.S;0002;RT 002 RW 001;3272012004;-6.9367802;106.940081;4.3579998016357;1;150;Batas Wilkerstat;15040;Batas SLS;2025-08-04 13:06:09;2025-08-04 13:06:12;Ajeng GantiniS.AP;https://wilkerstat.bps.go.id/api/landmark/91589184/photo
91577660;HSKJXS;BATAS SAWAH;0004;RT 004 RW 001;3272012004;-6.9347393;106.9441089;4.7340002059937;1;150;Batas Wilkerstat;15040;Batas SLS;2025-08-04 12:48:24;2025-08-04 12:48:26;Ajeng GantiniS.AP;https://wilkerstat.bps.go.id/api/landmark/91577660/photo
91580858;HSKOQS;BATAS KEBON;0004;RT 004 RW 001;3272012004;-6.9362468;106.9418523;3.789999961853;1;150;Batas Wilkerstat;15040;Batas SLS;2025-08-04 12:53:22;2025-08-04 12:53:23;Ajeng GantiniS.AP;https://wilkerstat.bps.go.id/api/landmark/91580858/photo
90551985;HQEAQR;BATAS RW 02;0007;RT 003 RW 002;3272012004;-6.9359889;106.9503203;5.1690001487732;1;150;Batas Wilkerstat;15040;Batas SLS;2025-08-02 14:57:37;2025-08-02 14:57:40;Ajeng GantiniS.AP;https://wilkerstat.bps.go.id/api/landmark/90551985/photo
90715779;HQNIYL;BATAS RUMAH KAMAL;0008;RT 004 RW 002;3272012004;-6.936704;106.9511115;3.789999961853;1;150;Batas Wilkerstat;15040;Batas SLS;2025-08-02 14:51:50;2025-08-02 17:35:26;Ajeng GantiniS.AP;https://wilkerstat.bps.go.id/api/landmark/90715779/photo
90715845;HQNJAZ;WARUNG MAKANAN;0008;RT 004 RW 002;3272012004;-6.9361114;106.9502788;7.7880001068115;1;150;Batas Wilkerstat;15040;Batas SLS;2025-08-02 14:45:45;2025-08-02 17:35:30;Ajeng GantiniS.AP;https://wilkerstat.bps.go.id/api/landmark/90715845/photo
90516493;HQCADP;BATAS RUMAH TOKO;0009;RT 005 RW 002;3272012004;-6.9358091;106.9518657;4.9939999580383;1;150;Batas Wilkerstat;15040;Batas SLS;2025-08-02 14:18:42;2025-08-02 14:18:44;Ajeng GantiniS.AP;https://wilkerstat.bps.go.id/api/landmark/90516493/photo
90522903;HQCJQD;BATAS RUMAH TOKO A;0009;RT 005 RW 002;3272012004;-6.9352271;106.9509575;5.5450000762939;1;150;Batas Wilkerstat;15040;Batas SLS;2025-08-02 14:26:12;2025-08-02 14:26:14;Ajeng GantiniS.AP;https://wilkerstat.bps.go.id/api/landmark/90522903/photo
90537190;HQDETQ;BATAS WARUNG KECIL;0009;RT 005 RW 002;3272012004;-6.9360673;106.9502898;4.0370001792908;1;150;Batas Wilkerstat;15040;Batas SLS;2025-08-02 14:42:13;2025-08-02 14:42:15;Ajeng GantiniS.AP;https://wilkerstat.bps.go.id/api/landmark/90537190/photo
90543851;HQDOPV;BATAS RUMAH DKT KEBON;0009;RT 005 RW 002;3272012004;-6.9366541;106.9511989;4.4609999656677;1;150;Batas Wilkerstat;15040;Batas SLS;2025-08-02 14:48:56;2025-08-02 14:48:57;Ajeng GantiniS.AP;https://wilkerstat.bps.go.id/api/landmark/90543851/photo
90527715;HQCQTF;ALDI CEL;0010;RT 001 RW 003;3272012004;-6.9356762;106.9506039;5.3550000190735;1;150;Batas Wilkerstat;15040;Batas SLS;2025-08-02 14:31:44;2025-08-02 14:31:46;Ajeng GantiniS.AP;https://wilkerstat.bps.go.id/api/landmark/90527715/photo
90502024;HQBETC;BATAS SAWAH;0011;RT 002 RW 003;3272012004;-6.9315241;106.9523907;3.8800001144409;1;150;Batas Wilkerstat;15040;Batas SLS;2025-08-02 14:02:02;2025-08-02 14:02:03;Ajeng GantiniS.AP;https://wilkerstat.bps.go.id/api/landmark/90502024/photo
90507829;HQBNIJ;BATAS SAWAH;0011;RT 002 RW 003;3272012004;-6.9333284;106.9525254;4.8779997825623;1;150;Batas Wilkerstat;15040;Batas SLS;2025-08-02 14:08:57;2025-08-02 14:08:58;Ajeng GantiniS.AP;https://wilkerstat.bps.go.id/api/landmark/90507829/photo
90514050;HQBWNQ;BATAS TAMBAL BAN BU ECIN;0011;RT 002 RW 003;3272012004;-6.9358175;106.9518622;4.0279998779297;1;150;Batas Wilkerstat;15040;Batas SLS;2025-08-02 14:16:01;2025-08-02 14:16:03;Ajeng GantiniS.AP;https://wilkerstat.bps.go.id/api/landmark/90514050/photo
90556634;HQEHNM;WARUNG TEH LISNA;0011;RT 002 RW 003;3272012004;-6.9351772;106.9510119;3.8959999084473;1;150;Batas Wilkerstat;15040;Batas SLS;2025-08-02 15:02:34;2025-08-02 15:02:36;Ajeng GantiniS.AP;https://wilkerstat.bps.go.id/api/landmark/90556634/photo
90578438;HQFNUC;KIOS INDOSAT;0011;RT 002 RW 003;3272012004;-6.9342261;106.9512178;4.7589998245239;1;150;Batas Wilkerstat;15040;Batas SLS;2025-08-02 15:25:07;2025-08-02 15:25:08;Ajeng GantiniS.AP;https://wilkerstat.bps.go.id/api/landmark/90578438/photo
90582085;HQFTEJ;PANGGILINGAN;0011;RT 002 RW 003;3272012004;-6.9334739;106.9514077;4.0840001106262;1;150;Batas Wilkerstat;15040;Batas SLS;2025-08-02 15:28:42;2025-08-02 15:28:43;Ajeng GantiniS.AP;https://wilkerstat.bps.go.id/api/landmark/90582085/photo
90606666;HQHDNU;WRG ES KELAPA;0012;RT 003 RW 003;3272012004;-6.9325384;106.9497496;4.0250000953674;1;150;Batas Wilkerstat;15040;Batas SLS;2025-08-02 15:54:03;2025-08-02 15:54:04;Ajeng GantiniS.AP;https://wilkerstat.bps.go.id/api/landmark/90606666/photo
90610114;HQHIQK;BATAS SAWAH;0012;RT 003 RW 003;3272012004;-6.9334938;106.9513129;3.789999961853;1;150;Batas Wilkerstat;15040;Batas SLS;2025-08-02 15:57:27;2025-08-02 15:57:28;Ajeng GantiniS.AP;https://wilkerstat.bps.go.id/api/landmark/90610114/photo
90614949;HQHPUJ;PUSKESMAS CIBEUREUM HILIR;0012;RT 003 RW 003;3272012004;-6.9328916;106.9499492;5.5310001373291;1;150;Batas Wilkerstat;15040;Batas SLS;2025-08-02 16:02:00;2025-08-02 16:02:02;Ajeng GantiniS.AP;https://wilkerstat.bps.go.id/api/landmark/90614949/photo
90482782;HQACHA;BATAS REL KERETA;0013;RT 004 RW 003;3272012004;-6.9304605;106.949553;5.1859998703003;1;150;Batas Wilkerstat;15040;Batas SLS;2025-08-02 13:37:50;2025-08-02 13:37:51;Ajeng GantiniS.AP;https://wilkerstat.bps.go.id/api/landmark/90482782/photo
90589521;HQGEEJ;WARUNG GALON DOA IBU;0013;RT 004 RW 003;3272012004;-6.9327797;106.9499105;7.1630001068115;1;150;Batas Wilkerstat;15040;Batas SLS;2025-08-02 15:36:41;2025-08-02 15:36:43;Ajeng GantiniS.AP;https://wilkerstat.bps.go.id/api/landmark/90589521/photo
90592997;HQGJIB;RUMAH IBU YULI;0013;RT 004 RW 003;3272012004;-6.9320315;106.949633;4.7859997749329;1;150;Batas Wilkerstat;15040;Batas SLS;2025-08-02 15:40:20;2025-08-02 15:40:21;Ajeng GantiniS.AP;https://wilkerstat.bps.go.id/api/landmark/90592997/photo
90601297;HQGVPH;PATOKAN TIANG LISTRIK;0013;RT 004 RW 003;3272012004;-6.9330228;106.9504198;8.8249998092651;1;150;Batas Wilkerstat;15040;Batas SLS;2025-08-02 15:48:40;2025-08-02 15:48:42;Ajeng GantiniS.AP;https://wilkerstat.bps.go.id/api/landmark/90601297/photo
90628572;HQIJYI;WARUNG ADAH;0013;RT 004 RW 003;3272012004;-6.9308246;106.9505058;5.731999874115;1;150;Batas Wilkerstat;15040;Batas SLS;2025-08-02 16:14:45;2025-08-02 16:14:46;Ajeng GantiniS.AP;https://wilkerstat.bps.go.id/api/landmark/90628572/photo
90483766;HQADSW;BATAS MAKAM HIBAH;0014;RT 005 RW 003;3272012004;-6.9303619;106.9495573;3.8800001144409;1;150;Batas Wilkerstat;15040;Batas SLS;2025-08-02 13:39:20;2025-08-02 13:39:22;Ajeng GantiniS.AP;https://wilkerstat.bps.go.id/api/landmark/90483766/photo
90494824;HQAUCE;RUMAH WARNA BIRU;0014;RT 005 RW 003;3272012004;-6.9311026;106.9521225;4.0590000152588;1;150;Batas Wilkerstat;15040;Batas SLS;2025-08-02 13:53:18;2025-08-02 13:53:20;Ajeng GantiniS.AP;https://wilkerstat.bps.go.id/api/landmark/90494824/photo
90625962;HQIGBY;RUMAH PA RT;0014;RT 005 RW 003;3272012004;-6.9312678;106.9506638;9.4790000915527;1;150;Batas Wilkerstat;15040;Batas SLS;2025-08-02 16:12:16;2025-08-02 16:12:19;Ajeng GantiniS.AP;https://wilkerstat.bps.go.id/api/landmark/90625962/photo
90627803;HQIIUT;PERBATASAN;0014;RT 005 RW 003;3272012004;-6.9308618;106.9505775;9.0699996948242;1;150;Batas Wilkerstat;15040;Batas SLS;2025-08-02 16:13:59;2025-08-02 16:14:00;Ajeng GantiniS.AP;https://wilkerstat.bps.go.id/api/landmark/90627803/photo
91476918;HSEQXA;BATAS SAWAH PERUM;0014;RT 005 RW 003;3272012004;-6.9264058;106.9532584;3.789999961853;1;150;Batas Wilkerstat;15040;Batas SLS;2025-08-04 10:47:51;2025-08-04 10:47:53;Ajeng GantiniS.AP;https://wilkerstat.bps.go.id/api/landmark/91476918/photo
91488988;HSFITG;PERBATASAN PINTU MASUK PERUMAHAN;0014;RT 005 RW 003;3272012004;-6.9279532;106.9506205;3.1340000629425;1;150;Batas Wilkerstat;15040;Batas SLS;2025-08-04 10:59:46;2025-08-04 10:59:48;Ajeng GantiniS.AP;https://wilkerstat.bps.go.id/api/landmark/91488988/photo
91044264;HRGAWM;BELAKANG SMK 2;0024;RT 001 RW 006;3272020001;-6.9340839;106.9263222;4.9109997749329;1;150;Batas Wilkerstat;15040;Batas SLS;2025-08-03 12:57:16;2025-08-03 12:57:17;Liefkha Tridya Anesti;https://wilkerstat.bps.go.id/api/landmark/91044264/photo
91431091;HSCBCL;RUMAH KOSONG;0024;RT 001 RW 006;3272020001;-6.935606;106.9260964;3.0550000667572;1;150;Batas Wilkerstat;15040;Batas SLS;2025-08-04 10:02:14;2025-08-04 10:02:16;Liefkha Tridya Anesti;https://wilkerstat.bps.go.id/api/landmark/91431091/photo
91433680;HSCEYA;SMK NEGERI 2;0024;RT 001 RW 006;3272020001;-6.9353093;106.925483;7.4089999198914;1;150;Batas Wilkerstat;15040;Batas SLS;2025-08-04 10:04:56;2025-08-04 10:04:58;Liefkha Tridya Anesti;https://wilkerstat.bps.go.id/api/landmark/91433680/photo
91435970;HSCIIC;WARUNG;0024;RT 001 RW 006;3272020001;-6.9359;106.9251169;4.7890000343323;1;150;Batas Wilkerstat;15040;Batas SLS;2025-08-04 10:07:22;2025-08-04 10:07:23;Liefkha Tridya Anesti;https://wilkerstat.bps.go.id/api/landmark/91435970/photo
91440949;HSCPRP;TELEPON UMUM;0024;RT 001 RW 006;3272020001;-6.936055;106.9257202;2.7000000476837;1;150;Batas Wilkerstat;15040;Batas SLS;2025-08-04 10:12:26;2025-08-04 10:12:27;Liefkha Tridya Anesti;https://wilkerstat.bps.go.id/api/landmark/91440949/photo
91451056;HSDEQI;KANTIN SMK 2;0024;RT 001 RW 006;3272020001;-6.935654;106.9266069;3.2000000476837;1;150;Batas Wilkerstat;15040;Batas SLS;2025-08-04 10:22:56;2025-08-04 10:22:58;Liefkha Tridya Anesti;https://wilkerstat.bps.go.id/api/landmark/91451056/photo
91454882;HSDKHM;BELAKANG KELAS 10 PEMASARAN 3;0024;RT 001 RW 006;3272020001;-6.9343571022598;106.9268886745;4.6999998092651;1;150;Batas Wilkerstat;15040;Batas SLS;2025-08-04 10:26:47;2025-08-04 10:26:48;Liefkha Tridya Anesti;https://wilkerstat.bps.go.id/api/landmark/91454882/photo
91457328;HSDNXO;HALAMAN BELAKANG LAB KOMPUTER;0024;RT 001 RW 006;3272020001;-6.9338585322079;106.9263901189;2.9000000953674;1;150;Batas Wilkerstat;15040;Batas SLS;2025-08-04 10:29:15;2025-08-04 10:29:18;Liefkha Tridya Anesti;https://wilkerstat.bps.go.id/api/landmark/91457328/photo
91458683;HSDPXR;LAB BAHASA;0024;RT 001 RW 006;3272020001;-6.9338613;106.9261098;4.6909999847412;1;150;Batas Wilkerstat;15040;Batas SLS;2025-08-04 10:30:42;2025-08-04 10:30:44;Liefkha Tridya Anesti;https://wilkerstat.bps.go.id/api/landmark/91458683/photo
91460029;HSDRXL;TAMAN;0024;RT 001 RW 006;3272020001;-6.9341953;106.9259614;4.4000000953674;1;150;Batas Wilkerstat;15040;Batas SLS;2025-08-04 10:31:59;2025-08-04 10:32:00;Liefkha Tridya Anesti;https://wilkerstat.bps.go.id/api/landmark/91460029/photo
91409195;HSAUSH;RUMAH BELOKAN;0025;RT 002 RW 006;3272020001;-6.9370371;106.9249816;5.0199999809265;1;150;Batas Wilkerstat;15040;Batas SLS;2025-08-04 09:38:20;2025-08-04 09:38:22;Liefkha Tridya Anesti;https://wilkerstat.bps.go.id/api/landmark/91409195/photo
91409740;HSAVNG;RUMAH  SAMSI;0025;RT 002 RW 006;3272020001;-6.9371454903249;106.92484650761;4.1490001678467;1;150;Batas Wilkerstat;15040;Batas SLS;2025-08-04 09:38:56;2025-08-04 09:38:58;Liefkha Tridya Anesti;https://wilkerstat.bps.go.id/api/landmark/91409740/photo
91410700;HSAWYE;RUMAH EDDY (ALM);0025;RT 002 RW 006;3272020001;-6.9372832784692;106.92526761442;4.7160000801086;1;150;Batas Wilkerstat;15040;Batas SLS;2025-08-04 09:40:03;2025-08-04 09:40:05;Liefkha Tridya Anesti;https://wilkerstat.bps.go.id/api/landmark/91410700/photo
91436987;HSCJVF;ALES PLACE;0025;RT 002 RW 006;3272020001;-6.9359525;106.9251047;4.3810000419617;1;150;Batas Wilkerstat;15040;Batas SLS;2025-08-04 10:08:25;2025-08-04 10:08:27;Liefkha Tridya Anesti;https://wilkerstat.bps.go.id/api/landmark/91436987/photo
91442612;HSCSDO;RUMAH DADAN TELUR;0025;RT 002 RW 006;3272020001;-6.9360305364668;106.92550968379;5.5060000419617;1;150;Batas Wilkerstat;15040;Batas SLS;2025-08-04 10:14:05;2025-08-04 10:14:07;Liefkha Tridya Anesti;https://wilkerstat.bps.go.id/api/landmark/91442612/photo
91407099;HSARPR;RUMAH KOSONG;0026;RT 003 RW 006;3272020001;-6.9372319;106.9256921;3.7690000534058;1;150;Batas Wilkerstat;15040;Batas SLS;2025-08-04 09:35:55;2025-08-04 09:35:57;Liefkha Tridya Anesti;https://wilkerstat.bps.go.id/api/landmark/91407099/photo
91411939;HSAYTV;RUMAH DAYAT;0026;RT 003 RW 006;3272020001;-6.9372403444866;106.92530281842;4.0120000839233;1;150;Batas Wilkerstat;15040;Batas SLS;2025-08-04 09:41:23;2025-08-04 09:41:25;Liefkha Tridya Anesti;https://wilkerstat.bps.go.id/api/landmark/91411939/photo
91443675;HSCTSL;RUMAH SAMSUL;0026;RT 003 RW 006;3272020001;-6.936032200579;106.92552275956;4.518000125885;1;150;Batas Wilkerstat;15040;Batas SLS;2025-08-04 10:15:14;2025-08-04 10:15:16;Liefkha Tridya Anesti;https://wilkerstat.bps.go.id/api/landmark/91443675/photo
91445703;HSCWSL;RUMAH IRAWAN;0026;RT 003 RW 006;3272020001;-6.9360674797563;106.92582719028;3.8159999847412;1;150;Batas Wilkerstat;15040;Batas SLS;2025-08-04 10:17:23;2025-08-04 10:17:25;Liefkha Tridya Anesti;https://wilkerstat.bps.go.id/api/landmark/91445703/photo
91405918;HSAPWG;RUMAH PA AGAM;0027;RT 004 RW 006;3272020001;-6.9372019;106.9257248;2.0999999046326;1;150;Batas Wilkerstat;15040;Batas SLS;2025-08-04 09:34:40;2025-08-04 09:34:41;Liefkha Tridya Anesti;https://wilkerstat.bps.go.id/api/landmark/91405918/photo
91413553;HSBBDX;RUMAH PA EDDY;0027;RT 004 RW 006;3272020001;-6.9373;106.925948;4.813000202179;1;150;Batas Wilkerstat;15040;Batas SLS;2025-08-04 09:43:08;2025-08-04 09:43:10;Liefkha Tridya Anesti;https://wilkerstat.bps.go.id/api/landmark/91413553/photo
91423116;HSBPHS;LAPANG CIPOHO;0027;RT 004 RW 006;3272020001;-6.9362511;106.9263056;6.0329999923706;1;150;Batas Wilkerstat;15040;Batas SLS;2025-08-04 09:54:00;2025-08-04 09:54:03;Liefkha Tridya Anesti;https://wilkerstat.bps.go.id/api/landmark/91423116/photo
91426981;HSBVAJ;RUMAH RESA;0027;RT 004 RW 006;3272020001;-6.9355496077937;106.92631334066;2;1;150;Batas Wilkerstat;15040;Batas SLS;2025-08-04 09:58:01;2025-08-04 09:58:03;Liefkha Tridya Anesti;https://wilkerstat.bps.go.id/api/landmark/91426981/photo
91427692;HSBWBS;RUMAH RESA;0027;RT 004 RW 006;3272020001;-6.9355016813108;106.92621342838;3.444000005722;1;150;Batas Wilkerstat;15040;Batas SLS;2025-08-04 09:58:46;2025-08-04 09:58:48;Liefkha Tridya Anesti;https://wilkerstat.bps.go.id/api/landmark/91427692/photo
91429393;HSBYPD;RUMAH FAJAR SEDANG DI BANGUN;0027;RT 004 RW 006;3272020001;-6.9355875495892;106.92605249584;1.7000000476837;1;150;Batas Wilkerstat;15040;Batas SLS;2025-08-04 10:00:32;2025-08-04 10:00:34;Liefkha Tridya Anesti;https://wilkerstat.bps.go.id/api/landmark/91429393/photo
89918608;HOTZSA;BATAS 1  RUMAH EKA;0028;RT 005 RW 006;3272020001;-6.9375405494616;106.92621577531;2.0160000324249;1;150;Batas Wilkerstat;15040;Batas SLS;2025-08-01 09:12:34;2025-08-01 09:12:36;Liefkha Tridya Anesti;https://wilkerstat.bps.go.id/api/landmark/89918608/photo
89919113;HOUALL;BATAS 2 RUMAH RAHMAT;0028;RT 005 RW 006;3272020001;-6.9374836370032;106.9259294495;4.4089999198914;1;150;Batas Wilkerstat;15040;Batas SLS;2025-08-01 09:13:52;2025-08-01 09:13:57;Liefkha Tridya Anesti;https://wilkerstat.bps.go.id/api/landmark/89919113/photo
89926370;HOULEO;BATAS 4 5/6;0028;RT 005 RW 006;3272020001;-6.936265;106.92667;4.1999998092651;1;150;Batas Wilkerstat;15040;Batas SLS;2025-08-01 09:31:10;2025-08-01 09:31:50;Liefkha Tridya Anesti;https://wilkerstat.bps.go.id/api/landmark/89926370/photo
89926658;HOULPQ;BATAS 4 5/6;0028;RT 005 RW 006;3272020001;-6.936265;106.92667;4.1999998092651;1;150;Batas Wilkerstat;15040;Batas SLS;2025-08-01 09:32:03;2025-08-01 09:32:46;Liefkha Tridya Anesti;https://wilkerstat.bps.go.id/api/landmark/89926658/photo
89928992;HOUPBK;BATAS 4 5/6;0028;RT 005 RW 006;3272020001;-6.936265;106.92667;4.1999998092651;1;150;Batas Wilkerstat;15040;Batas SLS;2025-08-01 09:32:32;2025-08-01 09:52:22;Liefkha Tridya Anesti;https://wilkerstat.bps.go.id/api/landmark/89928992/photo
89991378;HOYDIW;BATAS 3 HALAMAN BELAKANG SMK PGRI;0028;RT 005 RW 006;3272020001;-6.9343228214253;106.92688632756;4.2729997634888;1;150;Batas Wilkerstat;15040;Batas SLS;2025-08-01 09:44:15;2025-08-01 12:51:55;Liefkha Tridya Anesti;https://wilkerstat.bps.go.id/api/landmark/89991378/photo
89991448;HOYDLO;BATAS 4 KELAS SMK PGRI;0028;RT 005 RW 006;3272020001;-6.9345551322742;106.92708581686;4.933000087738;1;150;Batas Wilkerstat;15040;Batas SLS;2025-08-01 09:45:06;2025-08-01 12:52:16;Liefkha Tridya Anesti;https://wilkerstat.bps.go.id/api/landmark/89991448/photo
91417557;HSBHBX;TOKO MATHA;0028;RT 005 RW 006;3272020001;-6.9355318;106.9265291;3.2000000476837;1;150;Batas Wilkerstat;15040;Batas SLS;2025-08-04 09:47:55;2025-08-04 09:47:57;Liefkha Tridya Anesti;https://wilkerstat.bps.go.id/api/landmark/91417557/photo
91420610;HSBLPI;RUMAH BERTO;0028;RT 005 RW 006;3272020001;-6.9355456139203;106.92636128515;3.4170000553131;1;150;Batas Wilkerstat;15040;Batas SLS;2025-08-04 09:51:08;2025-08-04 09:51:11;Liefkha Tridya Anesti;https://wilkerstat.bps.go.id/api/landmark/91420610/photo
91466389;HSEBIB;RUMAH PA DARWIS;0028;RT 005 RW 006;3272020001;-6.9362513;106.9263142;4.4850001335144;1;150;Batas Wilkerstat;15040;Batas SLS;2025-08-04 10:37:58;2025-08-04 10:38:01;Liefkha Tridya Anesti;https://wilkerstat.bps.go.id/api/landmark/91466389/photo
91509511;HSGNCP;BATAS 1 RT 004 RW 002 PT MAHONI;0007;RT 004 RW 002;3272020001;-6.9422316433557;106.92534137517;3.7599999904633;1;150;Batas Wilkerstat;15040;Batas SLS;2025-08-04 11:21:19;2025-08-04 11:21:19;Ana Novianti Astuti;https://wilkerstat.bps.go.id/api/landmark/91509511/photo
91522140;HSHFUI;BATAS 3 RT 004 RW 002 UJUNG JNE;0007;RT 004 RW 002;3272020001;-6.9419748;106.927106;3;1;150;Batas Wilkerstat;15040;Batas SLS;2025-08-04 11:34:37;2025-08-04 11:34:39;Ana Novianti Astuti;https://wilkerstat.bps.go.id/api/landmark/91522140/photo
91529229;HSHQGZ;BATAS 2 RT 004 RW 002 SAWAH;0007;RT 004 RW 002;3272020001;-6.94282;106.9267583;1.6200000047684;1;150;Batas Wilkerstat;15040;Batas SLS;2025-08-04 11:43:01;2025-08-04 11:43:02;Ana Novianti Astuti;https://wilkerstat.bps.go.id/api/landmark/91529229/photo
91536433;HSIAYB;BATAS 4 RT 004 RW 002 UJUNG JNE;0007;RT 004 RW 002;3272020001;-6.9412972;106.9262036;3;1;150;Batas Wilkerstat;15040;Batas SLS;2025-08-04 11:51:18;2025-08-04 11:51:19;Ana Novianti Astuti;https://wilkerstat.bps.go.id/api/landmark/91536433/photo
91540251;HSIGOX;BATAS 5 RT 004RW 002 BANGUNAN KOSONG;0007;RT 004 RW 002;3272020001;-6.9406314;106.9264182;3;1;150;Batas Wilkerstat;15040;Batas SLS;2025-08-04 11:55:27;2025-08-04 11:55:30;Ana Novianti Astuti;https://wilkerstat.bps.go.id/api/landmark/91540251/photo
91548069;HSISDP;BATAS 12 RT 004 RW 002 PT RAHAYU;0007;RT 004 RW 002;3272020001;-6.9427517;106.925381;3;1;150;Batas Wilkerstat;15040;Batas SLS;2025-08-04 12:04:39;2025-08-04 12:04:43;Ana Novianti Astuti;https://wilkerstat.bps.go.id/api/landmark/91548069/photo
91416206;HSBFBY;BATAS 1 RT 006 RW 002 RMH BU YATI;0009;RT 006 RW 002;3272020001;-6.9425917;106.9242717;2.2330000400543;1;150;Batas Wilkerstat;15040;Batas SLS;2025-08-04 09:46:19;2025-08-04 09:46:20;Ana Novianti Astuti;https://wilkerstat.bps.go.id/api/landmark/91416206/photo
91419865;HSBKMR;BATAS2 RT 006 RW 002 SUNGAI;0009;RT 006 RW 002;3272020001;-6.9427867;106.9246883;2.0199999809265;1;150;Batas Wilkerstat;15040;Batas SLS;2025-08-04 09:50:20;2025-08-04 09:50:23;Ana Novianti Astuti;https://wilkerstat.bps.go.id/api/landmark/91419865/photo
91426390;HSBUDQ;BATAS 3 RT 006 RW 002 BOLU RAFI;0009;RT 006 RW 002;3272020001;-6.9422473;106.92504;3;1;150;Batas Wilkerstat;15040;Batas SLS;2025-08-04 09:57:23;2025-08-04 09:57:24;Ana Novianti Astuti;https://wilkerstat.bps.go.id/api/landmark/91426390/photo
91431967;HSCCKD;BATAS 4 RT 006 RW 002 RMH BU LILIS;0009;RT 006 RW 002;3272020001;-6.9422160009067;106.92493502051;2.4830000400543;1;150;Batas Wilkerstat;15040;Batas SLS;2025-08-04 10:03:07;2025-08-04 10:03:09;Ana Novianti Astuti;https://wilkerstat.bps.go.id/api/landmark/91431967/photo
91436450;HSCJAO;BATAS 5 RT 006 RW 002 ALFAMART;0009;RT 006 RW 002;3272020001;-6.9417933217702;106.92506074905;3;1;150;Batas Wilkerstat;15040;Batas SLS;2025-08-04 10:07:50;2025-08-04 10:07:52;Ana Novianti Astuti;https://wilkerstat.bps.go.id/api/landmark/91436450/photo
91442922;HSCSPM;BATAS 6 RT 006 RW 002 RMH PA DARMA;0009;RT 006 RW 002;3272020001;-6.9416392268409;106.92482069135;1.6009999513626;1;150;Batas Wilkerstat;15040;Batas SLS;2025-08-04 10:14:26;2025-08-04 10:14:29;Ana Novianti Astuti;https://wilkerstat.bps.go.id/api/landmark/91442922/photo
90337060;HPRUSI;BATAS 1(RT 001 RW 009 DOTA VERMAK);0037;RT 001 RW 009;3272020001;-6.944058;106.9247352;3.0369999408722;1;150;Batas Wilkerstat;15040;Batas SLS;2025-08-02 10:45:40;2025-08-02 10:45:39;Ana Novianti Astuti;https://wilkerstat.bps.go.id/api/landmark/90337060/photo
90347686;HPSKLA;BATAS 2 (RT 001 RW 009 RMH BP MAMAT);0037;RT 001 RW 009;3272020001;-6.9442633;106.9251867;1.914999961853;1;150;Batas Wilkerstat;15040;Batas SLS;2025-08-02 10:55:43;2025-08-02 10:55:44;Ana Novianti Astuti;https://wilkerstat.bps.go.id/api/landmark/90347686/photo
90362692;HPTGQE;BATAS 3 RT 001 RW 09 RMK;0037;RT 001 RW 009;3272020001;-6.9426067;106.9259833;2.0369999408722;1;150;Batas Wilkerstat;15040;Batas SLS;2025-08-02 11:09:02;2025-08-02 11:09:05;Ana Novianti Astuti;https://wilkerstat.bps.go.id/api/landmark/90362692/photo
90962911;HRBKNN;BATAS 4 RT 001 RW 009 TEMBOK TUGU;0037;RT 001 RW 009;3272020001;-6.9423576;106.9254318;2.0629999637604;1;150;Batas Wilkerstat;15040;Batas SLS;2025-08-03 11:17:31;2025-08-03 11:17:52;Ana Novianti Astuti;https://wilkerstat.bps.go.id/api/landmark/90962911/photo
90364424;HPTJEU;BATAS 2 RT 002 RW 009 RMK;0038;RT 002 RW 009;3272020001;-6.9426167;106.926015;1.9869999885559;1;150;Batas Wilkerstat;15040;Batas SLS;2025-08-02 11:10:35;2025-08-02 11:10:35;Ana Novianti Astuti;https://wilkerstat.bps.go.id/api/landmark/90364424/photo
90370551;HPTSGL;BATAS 3 RT 002 RW 009 UJUNG PABRIK RMK;0038;RT 002 RW 009;3272020001;-6.9429652;106.92655;3;1;150;Batas Wilkerstat;15040;Batas SLS;2025-08-02 11:16:25;2025-08-02 11:16:26;Ana Novianti Astuti;https://wilkerstat.bps.go.id/api/landmark/90370551/photo
90373710;HPTWXY;BATAS 3 RT 002 RW 009 PBRK RMK;0038;RT 002 RW 009;3272020001;-6.9429939;106.9265733;1.6200000047684;1;150;Batas Wilkerstat;15040;Batas SLS;2025-08-02 11:19:23;2025-08-02 11:19:25;Ana Novianti Astuti;https://wilkerstat.bps.go.id/api/landmark/90373710/photo
90382282;HPUJPQ;BATAS 1 RT 002 RW 009 GAS ELPIJI;0038;RT 002 RW 009;3272020001;-6.9439553;106.9253434;3.0309998989105;1;150;Batas Wilkerstat;15040;Batas SLS;2025-08-02 11:27:32;2025-08-02 11:27:31;Ana Novianti Astuti;https://wilkerstat.bps.go.id/api/landmark/90382282/photo
90384814;HPUNJA;BATAS 4 RT 002 RW 009 RMH BP YUSWANDI;0038;RT 002 RW 009;3272020001;-6.944286;106.9259324;3;1;150;Batas Wilkerstat;15040;Batas SLS;2025-08-02 11:29:56;2025-08-02 11:29:56;Ana Novianti Astuti;https://wilkerstat.bps.go.id/api/landmark/90384814/photo
90317449;HPQRSB;BATAS 2 ( RT 003 RW 009 RMH BU ATIKAH);0039;RT 003 RW 009;3272020001;-6.9451419;106.9249378;3.2300000190735;1;150;Batas Wilkerstat;15040;Batas SLS;2025-08-02 10:28:30;2025-08-02 10:28:30;Ana Novianti Astuti;https://wilkerstat.bps.go.id/api/landmark/90317449/photo
90323706;HPRAYS;BATAS 1(RT 003 RW 009 RMH BP SAEPULAH);0039;RT 003 RW 009;3272020001;-6.945084;106.9248253;2.5599999427795;1;150;Batas Wilkerstat;15040;Batas SLS;2025-08-02 10:33:58;2025-08-02 10:33:58;Ana Novianti Astuti;https://wilkerstat.bps.go.id/api/landmark/90323706/photo
90330353;HPRKUJ;BATAS 3 ( RT 003 RW 09 RMH BP JAFAR);0039;RT 003 RW 009;3272020001;-6.9440847;106.9255138;1.9579999446869;1;150;Batas Wilkerstat;15040;Batas SLS;2025-08-02 10:39:38;2025-08-02 10:39:38;Ana Novianti Astuti;https://wilkerstat.bps.go.id/api/landmark/90330353/photo
90333068;HPROUU;BATAS 4 (RT 003 RW 009 RMH BP SUKRIA);0039;RT 003 RW 009;3272020001;-6.9440217;106.9253067;2.0009999275208;1;150;Batas Wilkerstat;15040;Batas SLS;2025-08-02 10:42:10;2025-08-02 10:42:11;Ana Novianti Astuti;https://wilkerstat.bps.go.id/api/landmark/90333068/photo
90297557;HPPOGZ;BATAS 1(RT 004 RW 009 MAJLIS TALIM);0040;RT 004 RW 009;3272020001;-6.9451449;106.9249711;8.8879995346069;1;150;Batas Wilkerstat;15040;Batas SLS;2025-08-02 10:09:57;2025-08-02 10:10:05;Ana Novianti Astuti;https://wilkerstat.bps.go.id/api/landmark/90297557/photo
90302990;HPPWHY;BATAS 2 (RT 04 RW 009 SUNGAI);0040;RT 004 RW 009;3272020001;-6.9452717;106.9254667;2.2950000762939;1;150;Batas Wilkerstat;15040;Batas SLS;2025-08-02 10:14:49;2025-08-02 10:14:51;Ana Novianti Astuti;https://wilkerstat.bps.go.id/api/landmark/90302990/photo
90310251;HPQHBF;BATAS 3 RT 004 RW 009 KEBUN);0040;RT 004 RW 009;3272020001;-6.9443817;106.92588;1.7000000476837;1;150;Batas Wilkerstat;15040;Batas SLS;2025-08-02 10:21:42;2025-08-02 10:21:42;Ana Novianti Astuti;https://wilkerstat.bps.go.id/api/landmark/90310251/photo
90313551;HPQLYD;BATAS 4 (RT 004 RW 009 RMH BP WAHYU);0040;RT 004 RW 009;3272020001;-6.9440933;106.92551;1.9060000181198;1;150;Batas Wilkerstat;15040;Batas SLS;2025-08-02 10:24:55;2025-08-02 10:24:54;Ana Novianti Astuti;https://wilkerstat.bps.go.id/api/landmark/90313551/photo
90907816;HQYHAM;RUMAH BU TETI;0020;RT 001 RW 005;3272020001;-6.9323624;106.9268073;2.5829999446869;1;150;Batas Wilkerstat;15040;Batas SLS;2025-08-03 10:22:53;2025-08-03 10:28:17;Gina Alviana;https://wilkerstat.bps.go.id/api/landmark/90907816/photo
90915247;HQYSAH;SUNGAI DEKAT RUMAH PA HENDRA;0020;RT 001 RW 005;3272020001;-6.9327883;106.9268704;2.3499999046326;1;150;Batas Wilkerstat;15040;Batas SLS;2025-08-03 10:29:11;2025-08-03 10:34:36;Gina Alviana;https://wilkerstat.bps.go.id/api/landmark/90915247/photo
90916416;HQYTTG;RUMAH PA IWAN;0020;RT 001 RW 005;3272020001;-6.93271;106.9267717;2.4500000476837;1;150;Batas Wilkerstat;15040;Batas SLS;2025-08-03 10:30:24;2025-08-03 10:35:50;Gina Alviana;https://wilkerstat.bps.go.id/api/landmark/90916416/photo
90930496;HQZOOU;KOLAM IKAN HJ ARIYATI;0020;RT 001 RW 005;3272020001;-6.933155;106.9265235;4.8660001754761;1;150;Batas Wilkerstat;15040;Batas SLS;2025-08-03 10:43:00;2025-08-03 10:48:25;Gina Alviana;https://wilkerstat.bps.go.id/api/landmark/90930496/photo
90932096;HQZQYI;RUMAH PAK YASIN;0020;RT 001 RW 005;3272020001;-6.9330583;106.9263597;4.1500000953674;1;150;Batas Wilkerstat;15040;Batas SLS;2025-08-03 10:44:30;2025-08-03 10:49:54;Gina Alviana;https://wilkerstat.bps.go.id/api/landmark/90932096/photo
90934155;HQZTZN;RUMAH BU HJ AAM;0020;RT 001 RW 005;3272020001;-6.932967;106.9262351;3.7999999523163;1;150;Batas Wilkerstat;15040;Batas SLS;2025-08-03 10:46:19;2025-08-03 10:51:43;Gina Alviana;https://wilkerstat.bps.go.id/api/landmark/90934155/photo
90934973;HQZVEZ;RUMAH BU TETI;0021;RT 002 RW 005;3272020001;-6.9328833;106.926185;2.4000000953674;1;150;Batas Wilkerstat;15040;Batas SLS;2025-08-03 10:46:58;2025-08-03 10:52:22;Gina Alviana;https://wilkerstat.bps.go.id/api/landmark/90934973/photo
90937909;HQZZNX;RUMAH BU NUNUNG;0021;RT 002 RW 005;3272020001;-6.9328847;106.925987;4.125;1;150;Batas Wilkerstat;15040;Batas SLS;2025-08-03 10:49:33;2025-08-03 10:54:58;Gina Alviana;https://wilkerstat.bps.go.id/api/landmark/90937909/photo
90939858;HRACKW;RUMAH BU YUNI;0021;RT 002 RW 005;3272020001;-6.9325616;106.9259121;2.2999999523163;1;150;Batas Wilkerstat;15040;Batas SLS;2025-08-03 10:51:21;2025-08-03 10:56:46;Gina Alviana;https://wilkerstat.bps.go.id/api/landmark/90939858/photo
90948069;HRAOOR;RUMAH PAK HJ HASYIM;0021;RT 002 RW 005;3272020001;-6.9322044;106.9254459;4.6500000953674;1;150;Batas Wilkerstat;15040;Batas SLS;2025-08-03 10:59:04;2025-08-03 11:04:29;Gina Alviana;https://wilkerstat.bps.go.id/api/landmark/90948069/photo
90953099;HRAWAD;BANGUNA KOSONG DEKAT SURYA QUA;0021;RT 002 RW 005;3272020001;-6.9325689;106.925378;2.6159999370575;1;150;Batas Wilkerstat;15040;Batas SLS;2025-08-03 11:03:34;2025-08-03 11:08:58;Gina Alviana;https://wilkerstat.bps.go.id/api/landmark/90953099/photo
91593095;HSLGTJ;RUMAH BU ANI;0021;RT 002 RW 005;3272020001;-6.9322016;106.9263532;5.441999912262;1;150;Batas Wilkerstat;15040;Batas SLS;2025-08-04 13:07:10;2025-08-04 13:12:34;Gina Alviana;https://wilkerstat.bps.go.id/api/landmark/91593095/photo
90912720;HQYOHC;MADRASAH AL MUNAWAROH;0022;RT 003 RW 005;3272020001;-6.9323991;106.9268561;2.3499999046326;1;150;Batas Wilkerstat;15040;Batas SLS;2025-08-03 10:27:01;2025-08-03 10:32:26;Gina Alviana;https://wilkerstat.bps.go.id/api/landmark/90912720/photo
90955273;HRAZFT;BAKSO SARI RASA;0022;RT 003 RW 005;3272020001;-6.9321667;106.925415;2.0999999046326;1;150;Batas Wilkerstat;15040;Batas SLS;2025-08-03 11:05:32;2025-08-03 11:10:56;Gina Alviana;https://wilkerstat.bps.go.id/api/landmark/90955273/photo
90957931;HRBDDZ;TB SERBAGUNA;0022;RT 003 RW 005;3272020001;-6.9313683;106.9256214;4.539999961853;1;150;Batas Wilkerstat;15040;Batas SLS;2025-08-03 11:08:04;2025-08-03 11:13:28;Gina Alviana;https://wilkerstat.bps.go.id/api/landmark/90957931/photo
90989935;HRCYMX;RUMAH BU HJ IIS;0022;RT 003 RW 005;3272020001;-6.9316017;106.926395;2.683000087738;1;150;Batas Wilkerstat;15040;Batas SLS;2025-08-03 11:38:45;2025-08-03 11:44:09;Gina Alviana;https://wilkerstat.bps.go.id/api/landmark/90989935/photo
90958627;HRBEET;GUDANG KONIMEX;0023;RT 004 RW 005;3272020001;-6.9313864;106.9256295;2.9000000953674;1;150;Batas Wilkerstat;15040;Batas SLS;2025-08-03 11:08:41;2025-08-03 11:14:05;Gina Alviana;https://wilkerstat.bps.go.id/api/landmark/90958627/photo
90984213;HRCQAV;RUMAH MAMA ALIPAH;0023;RT 004 RW 005;3272020001;-6.9313557;106.9264268;2.7999999523163;1;150;Batas Wilkerstat;15040;Batas SLS;2025-08-03 11:32:54;2025-08-03 11:38:18;Gina Alviana;https://wilkerstat.bps.go.id/api/landmark/90984213/photo
90985437;HRCRVX;RUMAH MAMA VERA;0023;RT 004 RW 005;3272020001;-6.9313278;106.9264613;2.6329998970032;1;150;Batas Wilkerstat;15040;Batas SLS;2025-08-03 11:34:01;2025-08-03 11:39:25;Gina Alviana;https://wilkerstat.bps.go.id/api/landmark/90985437/photo
90987643;HRCVCT;RUMAH PAK HAIKAL;0023;RT 004 RW 005;3272020001;-6.9315864;106.9264251;2.9830000400543;1;150;Batas Wilkerstat;15040;Batas SLS;2025-08-03 11:36:26;2025-08-03 11:41:50;Gina Alviana;https://wilkerstat.bps.go.id/api/landmark/90987643/photo
91001730;HRDPYO;RUMAH BIDAN RATNA;0023;RT 004 RW 005;3272020001;-6.9307732;106.9268211;4.6139998435974;1;150;Batas Wilkerstat;15040;Batas SLS;2025-08-03 11:51:30;2025-08-03 11:56:54;Gina Alviana;https://wilkerstat.bps.go.id/api/landmark/91001730/photo
91006849;HRDXNL;TOKO MAHA TIRTA;0023;RT 004 RW 005;3272020001;-6.9303855;106.9257684;4.9850001335144;1;150;Batas Wilkerstat;15040;Batas SLS;2025-08-03 11:58:00;2025-08-03 12:03:23;Gina Alviana;https://wilkerstat.bps.go.id/api/landmark/91006849/photo
91609581;HSMFDL;GG. KARYA BAKTI;0029;RT 001 RW 007;3272020001;-6.9307632;106.9268231;4.3829998970032;1;150;Batas Wilkerstat;15040;Batas SLS;2025-08-04 13:28:52;2025-08-04 13:34:16;Gina Alviana;https://wilkerstat.bps.go.id/api/landmark/91609581/photo
91019604;HREQKA;LAPANG DEPAN WA ECIN;0031;RT 003 RW 007;3272020001;-6.9326467;106.9267883;4;1;150;Batas Wilkerstat;15040;Batas SLS;2025-08-03 12:15:15;2025-08-03 12:20:39;Gina Alviana;https://wilkerstat.bps.go.id/api/landmark/91019604/photo
91020416;HRERPG;JEMBATAN DEPAN BU EMI;0031;RT 003 RW 007;3272020001;-6.9327757;106.9268496;2.5499999523163;1;150;Batas Wilkerstat;15040;Batas SLS;2025-08-03 12:16:33;2025-08-03 12:21:56;Gina Alviana;https://wilkerstat.bps.go.id/api/landmark/91020416/photo
91090780;HRIRRO;RUMAH BU TINI;0031;RT 003 RW 007;3272020001;-6.9337534;106.9269546;2.5160000324249;1;150;Batas Wilkerstat;15040;Batas SLS;2025-08-03 13:57:55;2025-08-03 14:03:19;Gina Alviana;https://wilkerstat.bps.go.id/api/landmark/91090780/photo
91046602;HRGEIK;POS YANDU BINCARUNG 1;0032;RT 004 RW 007;3272020001;-6.9340457;106.926482;3.1710000038147;1;150;Batas Wilkerstat;15040;Batas SLS;2025-08-03 12:55:29;2025-08-03 13:00:53;Gina Alviana;https://wilkerstat.bps.go.id/api/landmark/91046602/photo
91074236;HRHTFG;SUNGAI DEKAT SMK PGRI;0032;RT 004 RW 007;3272020001;-6.9344068;106.9268737;4.0999999046326;1;150;Batas Wilkerstat;15040;Batas SLS;2025-08-03 13:35:13;2025-08-03 13:40:38;Gina Alviana;https://wilkerstat.bps.go.id/api/landmark/91074236/photo
91083692;HRIHEY;KEBUN PA ISNEN;0032;RT 004 RW 007;3272020001;-6.9340493;106.927101;4.3499999046326;1;150;Batas Wilkerstat;15040;Batas SLS;2025-08-03 13:48:23;2025-08-03 13:53:47;Gina Alviana;https://wilkerstat.bps.go.id/api/landmark/91083692/photo
91084659;HRIIQD;KEBUN BU TINI;0032;RT 004 RW 007;3272020001;-6.9340751;106.9271619;2.5499999523163;1;150;Batas Wilkerstat;15040;Batas SLS;2025-08-03 13:49:40;2025-08-03 13:55:04;Gina Alviana;https://wilkerstat.bps.go.id/api/landmark/91084659/photo
91088702;HRIOPQ;KEBUN 2;0032;RT 004 RW 007;3272020001;-6.933877;106.9268646;2.25;1;150;Batas Wilkerstat;15040;Batas SLS;2025-08-03 13:55:13;2025-08-03 14:00:37;Gina Alviana;https://wilkerstat.bps.go.id/api/landmark/91088702/photo
91100576;HRJGEI;RUMAH DEPAN LAPANG ARAB;0032;RT 004 RW 007;3272020001;-6.9334577;106.9269822;4.4000000953674;1;150;Batas Wilkerstat;15040;Batas SLS;2025-08-03 14:10:20;2025-08-03 14:15:44;Gina Alviana;https://wilkerstat.bps.go.id/api/landmark/91100576/photo
91102299;HRJISP;RUMAH JAHIT;0032;RT 004 RW 007;3272020001;-6.9332514;106.9268509;2.3659999370575;1;150;Batas Wilkerstat;15040;Batas SLS;2025-08-03 14:12:22;2025-08-03 14:17:46;Gina Alviana;https://wilkerstat.bps.go.id/api/landmark/91102299/photo
91104694;HRJMGS;RUMANG MANG APUD;0032;RT 004 RW 007;3272020001;-6.9330409;106.9269051;4.4159998893738;1;150;Batas Wilkerstat;15040;Batas SLS;2025-08-03 14:15:31;2025-08-03 14:20:55;Gina Alviana;https://wilkerstat.bps.go.id/api/landmark/91104694/photo
91105510;HRJNMC;BANGUNAN KOSONG;0032;RT 004 RW 007;3272020001;-6.9329204;106.926868;4.8499999046326;1;150;Batas Wilkerstat;15040;Batas SLS;2025-08-03 14:16:39;2025-08-03 14:22:02;Gina Alviana;https://wilkerstat.bps.go.id/api/landmark/91105510/photo
91106486;HRJOXQ;KONTRAKAN PA ASEP;0032;RT 004 RW 007;3272020001;-6.9328294;106.9268496;2.5659999847412;1;150;Batas Wilkerstat;15040;Batas SLS;2025-08-03 14:17:57;2025-08-03 14:23:20;Gina Alviana;https://wilkerstat.bps.go.id/api/landmark/91106486/photo
91109255;HRJTAD;RUMAH USTAD HAPID;0032;RT 004 RW 007;3272020001;-6.933305;106.9266867;2.0999999046326;1;150;Batas Wilkerstat;15040;Batas SLS;2025-08-03 14:21:14;2025-08-03 14:26:38;Gina Alviana;https://wilkerstat.bps.go.id/api/landmark/91109255/photo
91110240;HRJUMA;RUMAH PA ULOH;0032;RT 004 RW 007;3272020001;-6.9333783;106.92662;2.3659999370575;1;150;Batas Wilkerstat;15040;Batas SLS;2025-08-03 14:22:30;2025-08-03 14:27:54;Gina Alviana;https://wilkerstat.bps.go.id/api/landmark/91110240/photo
91112131;HRJXGT;KEBUN DEPAN WARNET OPIK;0032;RT 004 RW 007;3272020001;-6.9335757;106.9263808;2.3159999847412;1;150;Batas Wilkerstat;15040;Batas SLS;2025-08-03 14:25:01;2025-08-03 14:30:26;Gina Alviana;https://wilkerstat.bps.go.id/api/landmark/91112131/photo
89948803;HOVSJJ;DEPAN RUMAH BU ANI;0004;RT 001 RW 002;3272020002;-6.9395244;106.9344569;2;1;150;Batas Wilkerstat;15040;Batas SLS;2025-08-01 10:54:32;2025-08-01 10:54:35;Nita parnita;https://wilkerstat.bps.go.id/api/landmark/89948803/photo
89952217;HOVXKR;DEPAN WARUNG BAPA ADE;0004;RT 001 RW 002;3272020002;-6.9395167;106.935125;2.1349999904633;1;150;Batas Wilkerstat;15040;Batas SLS;2025-08-01 10:59:57;2025-08-01 10:59:59;Nita parnita;https://wilkerstat.bps.go.id/api/landmark/89952217/photo
89957483;HOWFFF;DEPAN PAUD AL BAROKAH;0004;RT 001 RW 002;3272020002;-6.9402986;106.9354542;2.2660000324249;1;150;Batas Wilkerstat;15040;Batas SLS;2025-08-01 11:08:29;2025-08-01 11:08:31;Nita parnita;https://wilkerstat.bps.go.id/api/landmark/89957483/photo
89959128;HOWHQM;RUMAH DEPAN SUNGAI KECIL;0004;RT 001 RW 002;3272020002;-6.9403264;106.9358746;5.2179999351501;1;150;Batas Wilkerstat;15040;Batas SLS;2025-08-01 11:11:08;2025-08-01 11:11:10;Nita parnita;https://wilkerstat.bps.go.id/api/landmark/89959128/photo
89964251;HOWPFN;PINGGIR RUMAH NURYANTO;0004;RT 001 RW 002;3272020002;-6.9398514;106.9366414;3.1480000019073;1;150;Batas Wilkerstat;15040;Batas SLS;2025-08-01 11:20:11;2025-08-01 11:20:14;Nita parnita;https://wilkerstat.bps.go.id/api/landmark/89964251/photo
89969106;HOWWKG;DEPAN RUMAH PAK LASINO;0004;RT 001 RW 002;3272020002;-6.9394373;106.9356318;3.8989999294281;1;150;Batas Wilkerstat;15040;Batas SLS;2025-08-01 11:29:56;2025-08-01 11:29:58;Nita parnita;https://wilkerstat.bps.go.id/api/landmark/89969106/photo
89979203;HOXLIP;BATAS SUNGAI RT 01;0004;RT 001 RW 002;3272020002;-6.9394808;106.9367299;4.3280000686646;1;150;Batas Wilkerstat;15040;Batas SLS;2025-08-01 11:57:35;2025-08-01 11:57:38;Nita parnita;https://wilkerstat.bps.go.id/api/landmark/89979203/photo
89985634;HOXUVY;DEPAN RUMAH TEH HENI;0006;RT 003 RW 002;3272020002;-6.9394848;106.9343538;4.8140001296997;1;150;Batas Wilkerstat;15040;Batas SLS;2025-08-01 12:25:38;2025-08-01 12:25:41;Nita parnita;https://wilkerstat.bps.go.id/api/landmark/89985634/photo
89987127;HOXXBJ;BENGKEL KONTRAKAN PAK DEDEN;0006;RT 003 RW 002;3272020002;-6.9398572;106.933559;6.4670000076294;1;150;Batas Wilkerstat;15040;Batas SLS;2025-08-01 12:32:56;2025-08-01 12:32:58;Nita parnita;https://wilkerstat.bps.go.id/api/landmark/89987127/photo
89987490;HOXXPI;SAMPING KONTAKAN BU WATI;0006;RT 003 RW 002;3272020002;-6.940144;106.9336128;7.7509999275208;1;150;Batas Wilkerstat;15040;Batas SLS;2025-08-01 12:34:41;2025-08-01 12:34:43;Nita parnita;https://wilkerstat.bps.go.id/api/landmark/89987490/photo
89992192;HOYEOE;DEPAN GANG TAHU;0006;RT 003 RW 002;3272020002;-6.9407415;106.9348991;3.2469999790192;1;150;Batas Wilkerstat;15040;Batas SLS;2025-08-01 12:55:16;2025-08-01 12:55:19;Nita parnita;https://wilkerstat.bps.go.id/api/landmark/89992192/photo
89993020;HOYFUA;BELAKANG RUMAH PAK UMAR;0006;RT 003 RW 002;3272020002;-6.9412727;106.9347189;4.5949997901917;1;150;Batas Wilkerstat;15040;Batas SLS;2025-08-01 12:58:16;2025-08-01 12:58:18;Nita parnita;https://wilkerstat.bps.go.id/api/landmark/89993020/photo
89995089;HOYIVP;SUNGAI KECIL DI BELAKAN PAUD BAROKAH;0006;RT 003 RW 002;3272020002;-6.9400426;106.935205;3.5590000152588;1;150;Batas Wilkerstat;15040;Batas SLS;2025-08-01 13:05:23;2025-08-01 13:05:25;Nita parnita;https://wilkerstat.bps.go.id/api/landmark/89995089/photo
90005199;HOYXUL;DEPAN RUMAH BU IKA;0006;RT 003 RW 002;3272020002;-6.9403155;106.9333626;4.9679999351501;1;150;Batas Wilkerstat;15040;Batas SLS;2025-08-01 13:31:19;2025-08-01 13:31:21;Nita parnita;https://wilkerstat.bps.go.id/api/landmark/90005199/photo
89932828;HOUUSY;BATAS SLS;0005;RT 002 RW 002;3272020002;-6.9402363948731;106.93605747074;2.9760000705719;1;150;Batas Wilkerstat;15040;Batas SLS;2025-08-01 10:27:56;2025-08-01 10:28:07;Angges Restiyana;https://wilkerstat.bps.go.id/api/landmark/89932828/photo
89982712;HOXQNO;BATAS SLS (RUMAH BPK. POLISI);0005;RT 002 RW 002;3272020002;-6.9443057609165;106.93493798375;3.1459999084473;1;150;Batas Wilkerstat;15040;Batas SLS;2025-08-01 12:11:22;2025-08-01 12:11:24;Angges Restiyana;https://wilkerstat.bps.go.id/api/landmark/89982712/photo
89983168;HOXRFC;BATAS SLS ( RUMAH PEMILIK TOKO BANGUNAN);0005;RT 002 RW 002;3272020002;-6.9445131056064;106.93530611694;5.3220000267029;1;150;Batas Wilkerstat;15040;Batas SLS;2025-08-01 12:13:24;2025-08-01 12:13:26;Angges Restiyana;https://wilkerstat.bps.go.id/api/landmark/89983168/photo
90095056;HPEASM;BATAS SLS;0005;RT 002 RW 002;3272020002;-6.9403126105251;106.93533964455;4.6630001068115;1;150;Batas Wilkerstat;15040;Batas SLS;2025-08-01 10:23:24;2025-08-01 15:55:53;Angges Restiyana;https://wilkerstat.bps.go.id/api/landmark/90095056/photo
89938819;HOVDPJ;BATAS SLS (RUMAH KOSONG);0007;RT 004 RW 002;3272020002;-6.9415696677743;106.9344176352;4.3829998970032;1;150;Batas Wilkerstat;15040;Batas SLS;2025-08-01 10:39:35;2025-08-01 10:39:38;Angges Restiyana;https://wilkerstat.bps.go.id/api/landmark/89938819/photo
89940341;HOVFVX;BATAS SLS (KANDANG AYAM);0007;RT 004 RW 002;3272020002;-6.9419088097294;106.93443506956;2.0999999046326;1;150;Batas Wilkerstat;15040;Batas SLS;2025-08-01 10:41:53;2025-08-01 10:41:55;Angges Restiyana;https://wilkerstat.bps.go.id/api/landmark/89940341/photo
89944051;HOVLIP;BATAS SLS;0007;RT 004 RW 002;3272020002;-6.9409319870476;106.93349294364;3.3770000934601;1;150;Batas Wilkerstat;15040;Batas SLS;2025-08-01 10:47:15;2025-08-01 10:47:18;Angges Restiyana;https://wilkerstat.bps.go.id/api/landmark/89944051/photo
89946510;HOVOZE;BATAS SLS (RUMAH IBU YULI);0007;RT 004 RW 002;3272020002;-6.9421900410967;106.93365354091;5.4279999732971;1;150;Batas Wilkerstat;15040;Batas SLS;2025-08-01 10:50:57;2025-08-01 10:50:59;Angges Restiyana;https://wilkerstat.bps.go.id/api/landmark/89946510/photo
89951593;HOVWMR;BATAS SLS (RUMAH BPK. ENDIN);0008;RT 005 RW 002;3272020002;-6.9419470838307;106.93391673267;3.1429998874664;1;150;Batas Wilkerstat;15040;Batas SLS;2025-08-01 10:58:57;2025-08-01 10:58:59;Angges Restiyana;https://wilkerstat.bps.go.id/api/landmark/89951593/photo
89953069;HOVYRL;BATAS SLS (RUMAH HJ. UDIN);0008;RT 005 RW 002;3272020002;-6.9426308;106.9333536;8.996000289917;1;150;Batas Wilkerstat;15040;Batas SLS;2025-08-01 11:01:22;2025-08-01 11:01:25;Angges Restiyana;https://wilkerstat.bps.go.id/api/landmark/89953069/photo
89960539;HOWJST;BATAS SLS (RUMAH BPK. EDI);0008;RT 005 RW 002;3272020002;-6.9419960081122;106.93445082754;4.5289998054504;1;150;Batas Wilkerstat;15040;Batas SLS;2025-08-01 11:13:31;2025-08-01 11:13:33;Angges Restiyana;https://wilkerstat.bps.go.id/api/landmark/89960539/photo
89966915;HOWTDZ;BATAS SLS (KONTRAKAN KOSONG);0008;RT 005 RW 002;3272020002;-6.9428260560304;106.93410281092;3.75;1;150;Batas Wilkerstat;15040;Batas SLS;2025-08-01 11:25:22;2025-08-01 11:25:24;Angges Restiyana;https://wilkerstat.bps.go.id/api/landmark/89966915/photo
89972657;HOXBQV;BATAS SLS (DEPO APLUS);0008;RT 005 RW 002;3272020002;-6.9432257698423;106.93364113569;2.6960000991821;1;150;Batas Wilkerstat;15040;Batas SLS;2025-08-01 11:38:07;2025-08-01 11:38:09;Angges Restiyana;https://wilkerstat.bps.go.id/api/landmark/89972657/photo
89969148;HOWWLW;BATAS SLS (KOLAM IKAN LELE);0009;RT 006 RW 002;3272020002;-6.9431472249402;106.93468753248;3;1;150;Batas Wilkerstat;15040;Batas SLS;2025-08-01 11:30:01;2025-08-01 11:30:03;Angges Restiyana;https://wilkerstat.bps.go.id/api/landmark/89969148/photo
89971497;HOWZYF;BATAS SLS (KONG JOK);0009;RT 006 RW 002;3272020002;-6.9433176274231;106.93372998387;3.5480000972748;1;150;Batas Wilkerstat;15040;Batas SLS;2025-08-01 11:35:19;2025-08-01 11:35:22;Angges Restiyana;https://wilkerstat.bps.go.id/api/landmark/89971497/photo
89974188;HOXDXS;BATAS SLS (DKRIUK);0009;RT 006 RW 002;3272020002;-6.9440494920724;106.93379335105;4.2849998474121;1;150;Batas Wilkerstat;15040;Batas SLS;2025-08-01 11:41:59;2025-08-01 11:42:00;Angges Restiyana;https://wilkerstat.bps.go.id/api/landmark/89974188/photo
89975415;HOXFSX;BATAS SLS (RUMAH IBU MAEMUNAH);0009;RT 006 RW 002;3272020002;-6.9441846156622;106.93442735821;2.7000000476837;1;150;Batas Wilkerstat;15040;Batas SLS;2025-08-01 11:45:24;2025-08-01 11:45:27;Angges Restiyana;https://wilkerstat.bps.go.id/api/landmark/89975415/photo
90007239;HOZAUX;RUMAH BPK. JARKASIH;0016;RT 003 RW 004  GEDONG PANJANG;3272020002;-6.9445025;106.9305565;6.6360001564026;1;150;Batas Wilkerstat;15040;Batas SLS;2025-08-01 13:42:37;2025-08-01 13:36:01;DENTI HERMAWANTI;https://wilkerstat.bps.go.id/api/landmark/90007239/photo
90272658;HPODLI;TOKO FENDI;0016;RT 003 RW 004  GEDONG PANJANG;3272020002;-6.9443837;106.9326004;8;1;150;Batas Wilkerstat;15040;Batas SLS;2025-08-02 09:51:28;2025-08-02 09:44:50;DENTI HERMAWANTI;https://wilkerstat.bps.go.id/api/landmark/90272658/photo
90275862;HPOIEO;RUMAH IBU NONI LACANDU ( TEH POCI );0016;RT 003 RW 004  GEDONG PANJANG;3272020002;-6.9418957;106.9310783;3.7999999523163;1;150;Batas Wilkerstat;15040;Batas SLS;2025-08-02 09:54:56;2025-08-02 09:48:18;DENTI HERMAWANTI;https://wilkerstat.bps.go.id/api/landmark/90275862/photo
89978192;HOXJVS;BATAS SLS (PEMAKAMAN UMUM);0014;RT 001 RW 004;3272020002;-6.9442571696919;106.93379770964;3.7200000286102;1;150;Batas Wilkerstat;15040;Batas SLS;2025-08-01 11:54:07;2025-08-01 11:54:09;Angges Restiyana;https://wilkerstat.bps.go.id/api/landmark/89978192/photo
89981903;HOXPIL;BATAS SLS (LAHAN KOSONG);0014;RT 001 RW 004;3272020002;-6.9450655805778;106.93469122052;5.0469999313354;1;150;Batas Wilkerstat;15040;Batas SLS;2025-08-01 12:07:52;2025-08-01 12:07:55;Angges Restiyana;https://wilkerstat.bps.go.id/api/landmark/89981903/photo
89984308;HOXSWY;BATAS SLS;0014;RT 001 RW 004;3272020002;-6.9449830421896;106.93420507014;2.1530001163483;1;150;Batas Wilkerstat;15040;Batas SLS;2025-08-01 12:18:52;2025-08-01 12:18:54;Angges Restiyana;https://wilkerstat.bps.go.id/api/landmark/89984308/photo
89987344;HOXXJS;BATAS SLS;0014;RT 001 RW 004;3272020002;-6.9482123458255;106.93293940276;3.0910000801086;1;150;Batas Wilkerstat;15040;Batas SLS;2025-08-01 12:33:57;2025-08-01 12:33:59;Angges Restiyana;https://wilkerstat.bps.go.id/api/landmark/89987344/photo
89979518;HOXLUS;BATAS SLS;0015;RT 002 RW 004;3272020002;-6.9445746766444;106.93368807435;5.1929998397827;1;150;Batas Wilkerstat;15040;Batas SLS;2025-08-01 11:58:46;2025-08-01 11:58:49;Angges Restiyana;https://wilkerstat.bps.go.id/api/landmark/89979518/photo
89984621;HOXTIZ;BATAS SLS;0015;RT 002 RW 004;3272020002;-6.9449267962635;106.93409711123;5.3390002250671;1;150;Batas Wilkerstat;15040;Batas SLS;2025-08-01 12:20:18;2025-08-01 12:20:20;Angges Restiyana;https://wilkerstat.bps.go.id/api/landmark/89984621/photo
89990320;HOYBUE;BATAS SLS;0015;RT 002 RW 004;3272020002;-6.9452998830203;106.93400792778;4.5689997673035;1;150;Batas Wilkerstat;15040;Batas SLS;2025-08-01 12:47:20;2025-08-01 12:47:22;Angges Restiyana;https://wilkerstat.bps.go.id/api/landmark/89990320/photo
89991470;HOYDMK;BATAS SLS;0015;RT 002 RW 004;3272020002;-6.9444314;106.9328746;2.6449999809265;1;150;Batas Wilkerstat;15040;Batas SLS;2025-08-01 12:52:20;2025-08-01 12:52:22;Angges Restiyana;https://wilkerstat.bps.go.id/api/landmark/89991470/photo
89991723;HOYDWD;BATAS SLS;0017;RT 004 RW 004;3272020002;-6.9444382219007;106.93277779967;1.7000000476837;1;150;Batas Wilkerstat;15040;Batas SLS;2025-08-01 12:53:24;2025-08-01 12:53:26;Angges Restiyana;https://wilkerstat.bps.go.id/api/landmark/89991723/photo
89994727;HOYIHR;BATAS SLS (KANDANG SAPI);0017;RT 004 RW 004;3272020002;-6.9456842852123;106.9324022904;4.2069997787476;1;150;Batas Wilkerstat;15040;Batas SLS;2025-08-01 13:04:12;2025-08-01 13:04:15;Angges Restiyana;https://wilkerstat.bps.go.id/api/landmark/89994727/photo
89996015;HOYKFF;BATAS SLS (MADRASAH);0017;RT 004 RW 004;3272020002;-6.9451587690633;106.93156242371;3.6289999485016;1;150;Batas Wilkerstat;15040;Batas SLS;2025-08-01 13:08:10;2025-08-01 13:08:13;Angges Restiyana;https://wilkerstat.bps.go.id/api/landmark/89996015/photo
89996221;HOYKND;BATAS SLS (MASJID);0017;RT 004 RW 004;3272020002;-6.9449827093735;106.93143803626;2.7530000209808;1;150;Batas Wilkerstat;15040;Batas SLS;2025-08-01 13:08:43;2025-08-01 13:08:45;Angges Restiyana;https://wilkerstat.bps.go.id/api/landmark/89996221/photo
90327748;HPRGYE;BATAS SLS (SAWAH);0017;RT 004 RW 004;3272020002;-6.946628814978;106.93009458482;3.3269999027252;1;150;Batas Wilkerstat;15040;Batas SLS;2025-08-02 10:37:09;2025-08-02 10:37:19;Angges Restiyana;https://wilkerstat.bps.go.id/api/landmark/90327748/photo
90336964;HPRUOQ;BATAS SLS (SAWAH);0017;RT 004 RW 004;3272020002;-6.9465133281775;106.93111550063;3.1080000400543;1;150;Batas Wilkerstat;15040;Batas SLS;2025-08-02 10:45:31;2025-08-02 10:45:34;Angges Restiyana;https://wilkerstat.bps.go.id/api/landmark/90336964/photo
90347696;HPSKLK;BATAS SLS (SAWAH);0017;RT 004 RW 004;3272020002;-6.9474528640627;106.93142227829;3.0230000019073;1;150;Batas Wilkerstat;15040;Batas SLS;2025-08-02 10:55:43;2025-08-02 10:55:45;Angges Restiyana;https://wilkerstat.bps.go.id/api/landmark/90347696/photo
89997208;HOYLZC;BATAS SLS;0018;RT 005 RW 004;3272020002;-6.9448771;106.9312295;3.2330000400543;1;150;Batas Wilkerstat;15040;Batas SLS;2025-08-01 13:11:41;2025-08-01 13:11:43;Angges Restiyana;https://wilkerstat.bps.go.id/api/landmark/89997208/photo
90009424;HOZEAY;BATAS SLS (BEKAS PABRIK OBAT NYAMUK);0018;RT 005 RW 004;3272020002;-6.9419314413723;106.93095959723;1.75;1;150;Batas Wilkerstat;15040;Batas SLS;2025-08-01 13:40:23;2025-08-01 13:40:25;Angges Restiyana;https://wilkerstat.bps.go.id/api/landmark/90009424/photo
90010731;HOZFZF;BATAS SLS (GUDANG);0018;RT 005 RW 004;3272020002;-6.9444066043325;106.92784823477;2;1;150;Batas Wilkerstat;15040;Batas SLS;2025-08-01 13:42:56;2025-08-01 13:42:58;Angges Restiyana;https://wilkerstat.bps.go.id/api/landmark/90010731/photo
90295479;HPPLFB;BATAS SLS (LAHAN KOSONG);0018;RT 005 RW 004;3272020002;-6.9452869032006;106.92868173122;4.6820001602173;1;150;Batas Wilkerstat;15040;Batas SLS;2025-08-02 10:08:09;2025-08-02 10:08:15;Angges Restiyana;https://wilkerstat.bps.go.id/api/landmark/90295479/photo
90320997;HPQWYN;BATAS SLS (SAWAH);0018;RT 005 RW 004;3272020002;-6.9463063171846;106.92962486297;3.9719998836517;1;150;Batas Wilkerstat;15040;Batas SLS;2025-08-02 10:31:31;2025-08-02 10:31:33;Angges Restiyana;https://wilkerstat.bps.go.id/api/landmark/90320997/photo
90324337;HPRBWZ;BATAS SLS (SAWAH);0018;RT 005 RW 004;3272020002;-6.9466221586791;106.92999869585;5.5089998245239;1;150;Batas Wilkerstat;15040;Batas SLS;2025-08-02 10:34:26;2025-08-02 10:34:28;Angges Restiyana;https://wilkerstat.bps.go.id/api/landmark/90324337/photo
90381333;HPUIFD;BATAS SLS (KWARCAB PRAMUKA);0019;RT 001 RW 005;3272020002;-6.9462307;106.9255553;2;1;150;Batas Wilkerstat;15040;Batas SLS;2025-08-02 11:26:28;2025-08-02 11:26:31;Angges Restiyana;https://wilkerstat.bps.go.id/api/landmark/90381333/photo
90946154;HRALTA;BATAS SLS (JALAN SANTASEA);0019;RT 001 RW 005;3272020002;-6.9496377852784;106.92646387964;2.6389999389648;1;150;Batas Wilkerstat;15040;Batas SLS;2025-08-03 11:02:28;2025-08-03 11:02:32;Angges Restiyana;https://wilkerstat.bps.go.id/api/landmark/90946154/photo
90962823;HRBKKD;KONSENTRASI EKONOMI (SANTASEA WATERPARK);0019;RT 001 RW 005;3272020002;-6.949407;106.9259271;6.2529997825623;1;1720;Konsentrasi Ekonomi;162070;Tempat Rekreasi;2025-08-03 11:17:45;2025-08-03 11:17:47;Angges Restiyana;https://wilkerstat.bps.go.id/api/landmark/90962823/photo
90969158;HRBTTU;BATAS SLS (WARUNG BPK. AWAY);0019;RT 001 RW 005;3272020002;-6.9489615091495;106.92463729531;3.9019999504089;1;150;Batas Wilkerstat;15040;Batas SLS;2025-08-03 11:23:51;2025-08-03 11:23:53;Angges Restiyana;https://wilkerstat.bps.go.id/api/landmark/90969158/photo
90986942;HRCUBU;BATAS SLS (RUMAH BPK. SUPENA (POLISI));0019;RT 001 RW 005;3272020002;-6.9467090233732;106.92444182932;2.4960000514984;1;150;Batas Wilkerstat;15040;Batas SLS;2025-08-03 11:40:55;2025-08-03 11:40:58;Angges Restiyana;https://wilkerstat.bps.go.id/api/landmark/90986942/photo
91007574;HRDYPI;BATAS SLS (KEBUN KOSONG);0019;RT 001 RW 005;3272020002;-6.9476605401793;106.92658826709;3.8499999046326;1;150;Batas Wilkerstat;15040;Batas SLS;2025-08-03 12:04:08;2025-08-03 12:04:10;Angges Restiyana;https://wilkerstat.bps.go.id/api/landmark/91007574/photo
91027181;HRFBPL;BATAS SLS (SANTASEA);0019;RT 001 RW 005;3272020002;-6.9483085290112;106.92710660398;3.5;1;150;Batas Wilkerstat;15040;Batas SLS;2025-08-03 12:31:18;2025-08-03 12:31:20;Angges Restiyana;https://wilkerstat.bps.go.id/api/landmark/91027181/photo
90867379;HQVZFF;BATAS SLS (KEBUN KOSONG);0020;RT 002 RW 005;3272020002;-6.949386844348;106.928884238;1.8999999761581;1;150;Batas Wilkerstat;15040;Batas SLS;2025-08-03 09:50:55;2025-08-03 09:50:58;Angges Restiyana;https://wilkerstat.bps.go.id/api/landmark/90867379/photo
90909215;HQYJCH;BATAS SLS (KEBUN KOSONG);0020;RT 002 RW 005;3272020002;-6.9504708150191;106.92863445729;2;1;150;Batas Wilkerstat;15040;Batas SLS;2025-08-03 10:29:31;2025-08-03 10:29:34;Angges Restiyana;https://wilkerstat.bps.go.id/api/landmark/90909215/photo
90920543;HQYZVZ;BATAS SLS (SAWAH);0020;RT 002 RW 005;3272020002;-6.9491878221356;106.9283015281;3.4560000896454;1;150;Batas Wilkerstat;15040;Batas SLS;2025-08-03 10:39:40;2025-08-03 10:39:44;Angges Restiyana;https://wilkerstat.bps.go.id/api/landmark/90920543/photo
90931943;HQZQSL;BATAS SLS (RUMAH HJ. IMAS);0020;RT 002 RW 005;3272020002;-6.9499339885915;106.9271652773;4.3619999885559;1;150;Batas Wilkerstat;15040;Batas SLS;2025-08-03 10:49:43;2025-08-03 10:49:46;Angges Restiyana;https://wilkerstat.bps.go.id/api/landmark/90931943/photo
90109284;HPEVTS;BATAS SLS (BENGKEL);0021;RT 003 RW 005;3272020002;-6.9481660847015;106.92847218364;2;1;150;Batas Wilkerstat;15040;Batas SLS;2025-08-01 16:16:35;2025-08-01 16:16:38;Angges Restiyana;https://wilkerstat.bps.go.id/api/landmark/90109284/photo
90128615;HPFYJF;BATAS SLS (RUMAH P. TARJANA);0021;RT 003 RW 005;3272020002;-6.947805314341;106.92925572395;4.103000164032;1;150;Batas Wilkerstat;15040;Batas SLS;2025-08-01 16:44:24;2025-08-01 16:44:27;Angges Restiyana;https://wilkerstat.bps.go.id/api/landmark/90128615/photo
90181376;HPIYKM;BATAS SLS (SDN LAMPING 03);0021;RT 003 RW 005;3272020002;-6.9493582224297;106.92901801318;4.0040001869202;1;150;Batas Wilkerstat;15040;Batas SLS;2025-08-01 16:53:16;2025-08-02 05:01:32;Angges Restiyana;https://wilkerstat.bps.go.id/api/landmark/90181376/photo
90181384;HPIYKU;BATAS SLS (LAHAN KOSONG);0021;RT 003 RW 005;3272020002;-6.9488959449258;106.92782811821;2.2239999771118;1;150;Batas Wilkerstat;15040;Batas SLS;2025-08-01 17:07:24;2025-08-02 05:04:06;Angges Restiyana;https://wilkerstat.bps.go.id/api/landmark/90181384/photo
90511845;HQBTGV;BATAS SLS (RUMAH HJ. USEP);0021;RT 003 RW 005;3272020002;-6.948063910836;106.92854963243;5.1960000991821;1;150;Batas Wilkerstat;15040;Batas SLS;2025-08-02 14:13:41;2025-08-02 14:13:43;Angges Restiyana;https://wilkerstat.bps.go.id/api/landmark/90511845/photo
90864007;HQVUFN;BATAS SLS (KEBUN KOSONG);0021;RT 003 RW 005;3272020002;-6.949387509974;106.92888054997;16.252000808716;1;150;Batas Wilkerstat;15040;Batas SLS;2025-08-03 09:47:47;2025-08-03 09:47:51;Angges Restiyana;https://wilkerstat.bps.go.id/api/landmark/90864007/photo
90889100;HQXFIQ;BATAS SLS (RUMAH IBU EMAY);0021;RT 003 RW 005;3272020002;-6.9491279157675;106.93036682904;1.2999999523163;1;150;Batas Wilkerstat;15040;Batas SLS;2025-08-03 10:10:56;2025-08-03 10:11:02;Angges Restiyana;https://wilkerstat.bps.go.id/api/landmark/90889100/photo
90921523;HQZBHR;BATAS SLS (RUMAH IBU SRI);0021;RT 003 RW 005;3272020002;-6.9491508798762;106.92842490971;6.1040000915527;1;150;Batas Wilkerstat;15040;Batas SLS;2025-08-03 10:40:35;2025-08-03 10:40:38;Angges Restiyana;https://wilkerstat.bps.go.id/api/landmark/90921523/photo
90129788;HPGACI;BATAS SLS (RUMAH P. ADE);0022;RT 004 RW 005;3272020002;-6.9477553922213;106.92922957242;3.8369998931885;1;150;Batas Wilkerstat;15040;Batas SLS;2025-08-01 16:46:03;2025-08-01 16:46:05;Angges Restiyana;https://wilkerstat.bps.go.id/api/landmark/90129788/photo
90181392;HPIYLC;BATAS SLS (TAMAN SEBRANG SANTASEA);0022;RT 004 RW 005;3272020002;-6.9496930322027;106.92667711526;3.3110001087189;1;150;Batas Wilkerstat;15040;Batas SLS;2025-08-01 17:11:52;2025-08-02 05:05:38;Angges Restiyana;https://wilkerstat.bps.go.id/api/landmark/90181392/photo
90181394;HPIYLE;BATAS SLS (TAMAN SEBRANG SANTASEA);0022;RT 004 RW 005;3272020002;-6.9498587729364;106.92687727511;4.7659997940063;1;150;Batas Wilkerstat;15040;Batas SLS;2025-08-01 17:13:45;2025-08-02 05:06:13;Angges Restiyana;https://wilkerstat.bps.go.id/api/landmark/90181394/photo
90250973;HPMXJH;BATAS SLS (RUMAH IBU NUNUNG);0022;RT 004 RW 005;3272020002;-6.9471786249477;106.92748948932;3.404000043869;1;150;Batas Wilkerstat;15040;Batas SLS;2025-08-02 09:21:34;2025-08-02 09:21:36;Angges Restiyana;https://wilkerstat.bps.go.id/api/landmark/90250973/photo
90255676;HPNEIE;BATAS SLS (RUMAH BPK. UGAN);0022;RT 004 RW 005;3272020002;-6.9471653123652;106.9280038029;15.550999641418;1;150;Batas Wilkerstat;15040;Batas SLS;2025-08-02 09:26:46;2025-08-02 09:26:48;Angges Restiyana;https://wilkerstat.bps.go.id/api/landmark/90255676/photo
90261478;HPNMXI;BATAS SLS (WARUNG LUBIS);0022;RT 004 RW 005;3272020002;-6.9469143701151;106.92818552256;1.9500000476837;1;150;Batas Wilkerstat;15040;Batas SLS;2025-08-02 09:33:20;2025-08-02 09:33:22;Angges Restiyana;https://wilkerstat.bps.go.id/api/landmark/90261478/photo
90305004;HPPZHK;BATAS SLS (PERUM BUMEN);0022;RT 004 RW 005;3272020002;-6.9467426376758;106.9293730706;1.9500000476837;1;150;Batas Wilkerstat;15040;Batas SLS;2025-08-02 10:16:48;2025-08-02 10:16:53;Angges Restiyana;https://wilkerstat.bps.go.id/api/landmark/90305004/photo
90335116;HPRRVO;BATAS SLS (SAWAH);0022;RT 004 RW 005;3272020002;-6.9465892099978;106.93117115647;2.635999917984;1;150;Batas Wilkerstat;15040;Batas SLS;2025-08-02 10:43:59;2025-08-02 10:44:01;Angges Restiyana;https://wilkerstat.bps.go.id/api/landmark/90335116/photo
90505689;HQBKEB;BATAS SLS (BUKIT);0022;RT 004 RW 005;3272020002;-6.9481694128401;106.92688599229;3.7679998874664;1;150;Batas Wilkerstat;15040;Batas SLS;2025-08-02 14:06:09;2025-08-02 14:06:11;Angges Restiyana;https://wilkerstat.bps.go.id/api/landmark/90505689/photo
90508587;HQBOLN;BATAS SLS ( WARUNG IBU IAH);0022;RT 004 RW 005;3272020002;-6.9486709630532;106.92809265107;2.2999999523163;1;150;Batas Wilkerstat;15040;Batas SLS;2025-08-02 14:09:55;2025-08-02 14:09:57;Angges Restiyana;https://wilkerstat.bps.go.id/api/landmark/90508587/photo
90510123;HQBQSP;BATAS SLS (TOKO);0022;RT 004 RW 005;3272020002;-6.9480306294418;106.92850202322;3.0480000972748;1;150;Batas Wilkerstat;15040;Batas SLS;2025-08-02 14:11:47;2025-08-02 14:11:49;Angges Restiyana;https://wilkerstat.bps.go.id/api/landmark/90510123/photo
90510998;HQBSAG;BATAS SLS (KONTRAKAN GOR);0022;RT 004 RW 005;3272020002;-6.9480771;106.9284055;4.311999797821;1;150;Batas Wilkerstat;15040;Batas SLS;2025-08-02 14:12:43;2025-08-02 14:12:45;Angges Restiyana;https://wilkerstat.bps.go.id/api/landmark/90510998/photo
90937155;HQZYKX;BATAS SLS (RUMAH IBU SUMYATI);0022;RT 004 RW 005;3272020002;-6.9499007073297;106.92704323679;3.2969999313354;1;150;Batas Wilkerstat;15040;Batas SLS;2025-08-03 10:54:15;2025-08-03 10:54:18;Angges Restiyana;https://wilkerstat.bps.go.id/api/landmark/90937155/photo
90264425;HPNRGR;BATAS SLS (RUMAH DIAN);0023;RT 005 RW 005;3272020002;-6.946834161755;106.9282046333;2.279000043869;1;150;Batas Wilkerstat;15040;Batas SLS;2025-08-02 09:36:27;2025-08-02 09:36:30;Angges Restiyana;https://wilkerstat.bps.go.id/api/landmark/90264425/photo
90291464;HPPFGQ;BATAS SLS (MASJID SEJUTA PEMUDA);0023;RT 005 RW 005;3272020002;-6.9454077153552;106.92864082754;1.4960000514984;1;150;Batas Wilkerstat;15040;Batas SLS;2025-08-02 10:03:59;2025-08-02 10:04:01;Angges Restiyana;https://wilkerstat.bps.go.id/api/landmark/90291464/photo
90308099;HPQDWL;BATAS SLS (RUMAH IBU LALA);0023;RT 005 RW 005;3272020002;-6.946348917525;106.9289586693;1.7000000476837;1;150;Batas Wilkerstat;15040;Batas SLS;2025-08-02 10:19:43;2025-08-02 10:19:45;Angges Restiyana;https://wilkerstat.bps.go.id/api/landmark/90308099/photo
90319207;HPQUHR;BATAS SLS (SAWAH);0023;RT 005 RW 005;3272020002;-6.9462570605362;106.92957825959;1.8999999761581;1;150;Batas Wilkerstat;15040;Batas SLS;2025-08-02 10:29:56;2025-08-02 10:29:58;Angges Restiyana;https://wilkerstat.bps.go.id/api/landmark/90319207/photo
90865888;HQVWZW;BATAS SLS (RUMAH BPK. JAJANG ALM.);0024;RT 006 RW 005;3272020002;-6.9494390959852;106.92899353802;1.5499999523163;1;150;Batas Wilkerstat;15040;Batas SLS;2025-08-03 09:49:35;2025-08-03 09:49:38;Angges Restiyana;https://wilkerstat.bps.go.id/api/landmark/90865888/photo
90873888;HQWIVO;BATAS SLS (RUMAH BPK. RIAN);0024;RT 006 RW 005;3272020002;-6.9494084771921;106.92957658321;2.4000000953674;1;150;Batas Wilkerstat;15040;Batas SLS;2025-08-03 09:57:20;2025-08-03 09:57:22;Angges Restiyana;https://wilkerstat.bps.go.id/api/landmark/90873888/photo
90878759;HQWQAX;BATAS SLS (KEBUN KOSONG);0024;RT 006 RW 005;3272020002;-6.9498364744877;106.93015627563;5.8270001411438;1;150;Batas Wilkerstat;15040;Batas SLS;2025-08-03 10:02:03;2025-08-03 10:02:06;Angges Restiyana;https://wilkerstat.bps.go.id/api/landmark/90878759/photo
90887503;HQXCZF;BATAS SLS (SAWAH);0024;RT 006 RW 005;3272020002;-6.9492324190935;106.93039298058;3.3559999465942;1;150;Batas Wilkerstat;15040;Batas SLS;2025-08-03 10:09:39;2025-08-03 10:09:42;Angges Restiyana;https://wilkerstat.bps.go.id/api/landmark/90887503/photo
90904465;HQYCBP;BATAS SLS (WC UMUM);0024;RT 006 RW 005;3272020002;-6.9503007479407;106.92925538868;2.4000000953674;1;150;Batas Wilkerstat;15040;Batas SLS;2025-08-03 10:25:09;2025-08-03 10:25:11;Angges Restiyana;https://wilkerstat.bps.go.id/api/landmark/90904465/photo
90907811;HQYHAH;BATAS SLS (RUMAH BPK. RIZAL);0024;RT 006 RW 005;3272020002;-6.9505170759163;106.92874006927;4.0910000801086;1;150;Batas Wilkerstat;15040;Batas SLS;2025-08-03 10:28:14;2025-08-03 10:28:16;Angges Restiyana;https://wilkerstat.bps.go.id/api/landmark/90907811/photo
90252566;HPMZSO;BATAS SLS (RUMAH KELUARGA BPK. KAKAN);0025;RT 007 RW 005;3272020002;-6.9471080682563;106.92756291479;13.845999717712;1;150;Batas Wilkerstat;15040;Batas SLS;2025-08-02 09:23:21;2025-08-02 09:23:23;Angges Restiyana;https://wilkerstat.bps.go.id/api/landmark/90252566/photo
90259734;HPNKIG;BATAS SLS (PEMAKAMAN KELUARGA);0025;RT 007 RW 005;3272020002;-6.9470588116919;106.928005144;1.3999999761581;1;150;Batas Wilkerstat;15040;Batas SLS;2025-08-02 09:31:18;2025-08-02 09:31:24;Angges Restiyana;https://wilkerstat.bps.go.id/api/landmark/90259734/photo
90290086;HPPDFQ;BATAS SLS (LAMPING RESIDENCE);0025;RT 007 RW 005;3272020002;-6.9452892329118;106.92850437015;3.7000000476837;1;150;Batas Wilkerstat;15040;Batas SLS;2025-08-02 10:02:37;2025-08-02 10:02:42;Angges Restiyana;https://wilkerstat.bps.go.id/api/landmark/90290086/photo
90369021;HPTPZP;BATAS SLS (LAHAN KOSONG);0025;RT 007 RW 005;3272020002;-6.9447317659588;106.92748848349;2.2000000476837;1;150;Batas Wilkerstat;15040;Batas SLS;2025-08-02 11:15:13;2025-08-02 11:15:15;Angges Restiyana;https://wilkerstat.bps.go.id/api/landmark/90369021/photo
90379862;HPUGAO;BATAS SLS (BADAN GIZI NASIONAL);0025;RT 007 RW 005;3272020002;-6.9459567;106.9257533;1.6000000238419;1;150;Batas Wilkerstat;15040;Batas SLS;2025-08-02 11:25:01;2025-08-02 11:25:04;Angges Restiyana;https://wilkerstat.bps.go.id/api/landmark/90379862/photo
90226606;HPLNIC;RUMAH BAPA MARJAN RT 01 RW 01;0001;RW OO1    RT 001;3272020002;-6.9330396;106.9335703;8.4469995498657;1;150;Batas Wilkerstat;15040;Batas SLS;2025-08-02 08:49:38;2025-08-02 08:49:40;Nita parnita;https://wilkerstat.bps.go.id/api/landmark/90226606/photo
90232655;HPLWGT;RUMAH BU NARTI RT 01 RW 01;0001;RW OO1    RT 001;3272020002;-6.9321195;106.9331036;3.0999999046326;1;150;Batas Wilkerstat;15040;Batas SLS;2025-08-02 08:58:16;2025-08-02 08:58:18;Nita parnita;https://wilkerstat.bps.go.id/api/landmark/90232655/photo
90236430;HPMBVY;WARUNG ATEU MAWAR;0001;RW OO1    RT 001;3272020002;-6.9320722;106.9338614;4.6199998855591;1;150;Batas Wilkerstat;15040;Batas SLS;2025-08-02 09:03:42;2025-08-02 09:03:44;Nita parnita;https://wilkerstat.bps.go.id/api/landmark/90236430/photo
90242579;HPMKYL;ALBAROKAH IKAN LAUT;0001;RW OO1    RT 001;3272020002;-6.9318633;106.9330091;5.4829998016357;1;150;Batas Wilkerstat;15040;Batas SLS;2025-08-02 09:11:17;2025-08-02 09:11:19;Nita parnita;https://wilkerstat.bps.go.id/api/landmark/90242579/photo
90318105;HPQSRH;KEBUN HJ ANDRI;0001;RW OO1    RT 001;3272020002;-6.9333852;106.9339453;4.3720002174377;1;150;Batas Wilkerstat;15040;Batas SLS;2025-08-02 10:29:00;2025-08-02 10:29:02;Nita parnita;https://wilkerstat.bps.go.id/api/landmark/90318105/photo
90352305;HPSRGR;BALAKANG PABRIK SAGA;0001;RW OO1    RT 001;3272020002;-6.9369112;106.9331957;2.2950000762939;1;150;Batas Wilkerstat;15040;Batas SLS;2025-08-02 10:59:48;2025-08-02 10:59:50;Nita parnita;https://wilkerstat.bps.go.id/api/landmark/90352305/photo
90358523;HPTALV;SELOKAN BATAS RT 01 RW 01;0001;RW OO1    RT 001;3272020002;-6.9362105;106.932987;4.3330001831055;1;150;Batas Wilkerstat;15040;Batas SLS;2025-08-02 11:05:08;2025-08-02 11:05:10;Nita parnita;https://wilkerstat.bps.go.id/api/landmark/90358523/photo
90453165;HPYKLX;PINGGIR UNIVERSAL INDOGEMILANG;0001;RW OO1    RT 001;3272020002;-6.9349317;106.9326083;2.4000000953674;1;150;Batas Wilkerstat;15040;Batas SLS;2025-08-02 12:55:31;2025-08-02 12:55:34;Nita parnita;https://wilkerstat.bps.go.id/api/landmark/90453165/photo
90247646;HPMSLI;DEPAN RUMAH PAK ENDANG RT 02;0002;RT 002 RW 001;3272020002;-6.9317521;106.9329495;4.8520002365112;1;150;Batas Wilkerstat;15040;Batas SLS;2025-08-02 09:17:50;2025-08-02 09:17:53;Nita parnita;https://wilkerstat.bps.go.id/api/landmark/90247646/photo
90277621;HPOKUF;GOR KUJANG ARENA;0002;RT 002 RW 001;3272020002;-6.9341273;106.9319419;4.5170001983643;1;150;Batas Wilkerstat;15040;Batas SLS;2025-08-02 09:50:04;2025-08-02 09:50:06;Nita parnita;https://wilkerstat.bps.go.id/api/landmark/90277621/photo
90286983;HPOYQH;DEPAN GADGET STORE;0002;RT 002 RW 001;3272020002;-6.9315167;106.9323767;3.4719998836517;1;150;Batas Wilkerstat;15040;Batas SLS;2025-08-02 09:59:39;2025-08-02 09:59:41;Nita parnita;https://wilkerstat.bps.go.id/api/landmark/90286983/photo
90301481;HPPUBX;BELAKANG KUJANG ARENA;0002;RT 002 RW 001;3272020002;-6.9343605;106.9326928;4.7399997711182;1;150;Batas Wilkerstat;15040;Batas SLS;2025-08-02 10:13:30;2025-08-02 10:13:32;Nita parnita;https://wilkerstat.bps.go.id/api/landmark/90301481/photo
90347919;HPSKTZ;RUMAH BAPA IYUS;0003;RT 003 RW 001;3272020002;-6.9370151;106.9330466;3.5150001049042;1;150;Batas Wilkerstat;15040;Batas SLS;2025-08-02 10:55:53;2025-08-02 10:55:55;Nita parnita;https://wilkerstat.bps.go.id/api/landmark/90347919/photo
90390459;HPUVSD;WARUNG BU ELI;0003;RT 003 RW 001;3272020002;-6.9378557;106.9337833;4.3489999771118;1;150;Batas Wilkerstat;15040;Batas SLS;2025-08-02 11:35:11;2025-08-02 11:35:13;Nita parnita;https://wilkerstat.bps.go.id/api/landmark/90390459/photo
90410226;HPVYYK;PERBATASAN RW01 RW 06;0003;RT 003 RW 001;3272020002;-6.9388002;106.9334695;2;1;150;Batas Wilkerstat;15040;Batas SLS;2025-08-02 11:56:05;2025-08-02 11:56:07;Nita parnita;https://wilkerstat.bps.go.id/api/landmark/90410226/photo
90417336;HPWJLW;DEPAN RUMAH BU IKA;0003;RT 003 RW 001;3272020002;-6.939451;106.9341512;5.7309999465942;1;150;Batas Wilkerstat;15040;Batas SLS;2025-08-02 12:04:35;2025-08-02 12:04:37;Nita parnita;https://wilkerstat.bps.go.id/api/landmark/90417336/photo
90418677;HPWLLL;SUNGAI BATAS RT 03 RW 01;0003;RT 003 RW 001;3272020002;-6.9397144;106.9339663;4.8090000152588;1;150;Batas Wilkerstat;15040;Batas SLS;2025-08-02 12:06:08;2025-08-02 12:06:10;Nita parnita;https://wilkerstat.bps.go.id/api/landmark/90418677/photo
90429248;HPXBCA;DEPAN PT SAGA;0003;RT 003 RW 001;3272020002;-6.9367944;106.9337653;2;1;150;Batas Wilkerstat;15040;Batas SLS;2025-08-02 12:19:53;2025-08-02 12:19:55;Nita parnita;https://wilkerstat.bps.go.id/api/landmark/90429248/photo
90449521;HPYFBT;BELAKANG MATERIAL BESI TUNAS BARU;0003;RT 003 RW 001;3272020002;-6.9352438;106.932327;3.8710000514984;1;150;Batas Wilkerstat;15040;Batas SLS;2025-08-02 12:50:14;2025-08-02 12:50:16;Nita parnita;https://wilkerstat.bps.go.id/api/landmark/90449521/photo
90450637;HPYGSR;BEKAS PABRIK YAMAHA;0003;RT 003 RW 001;3272020002;-6.9350917;106.9325984;1.8500000238419;1;150;Batas Wilkerstat;15040;Batas SLS;2025-08-02 12:51:47;2025-08-02 12:51:50;Nita parnita;https://wilkerstat.bps.go.id/api/landmark/90450637/photo
91405781;HSAPQZ;DEPAN POMBENSIN;0026;RW 06 RT 0;3272020002;-6.9343873;106.9319609;14.204000473022;1;150;Batas Wilkerstat;15040;Batas SLS;2025-08-04 09:34:27;2025-08-04 09:34:29;Nita parnita;https://wilkerstat.bps.go.id/api/landmark/91405781/photo
91407747;HSASOP;BELAKANG KUJANG ARENA;0026;RW 06 RT 0;3272020002;-6.9343728;106.9326928;4.6680002212524;1;150;Batas Wilkerstat;15040;Batas SLS;2025-08-04 09:36:37;2025-08-04 09:36:42;Nita parnita;https://wilkerstat.bps.go.id/api/landmark/91407747/photo
91413270;HSBATA;BELAKANG TOKO TUNAS BARU;0026;RW 06 RT 0;3272020002;-6.9352355;106.9322528;4.0980000495911;1;150;Batas Wilkerstat;15040;Batas SLS;2025-08-04 09:42:50;2025-08-04 09:42:52;Nita parnita;https://wilkerstat.bps.go.id/api/landmark/91413270/photo
91424709;HSBRQZ;DEOAN JUS SMANSA;0026;RW 06 RT 0;3272020002;-6.9391798;106.9313419;2.0999999046326;1;150;Batas Wilkerstat;15040;Batas SLS;2025-08-04 09:55:32;2025-08-04 09:55:36;Nita parnita;https://wilkerstat.bps.go.id/api/landmark/91424709/photo
91442729;HSCSIB;KONTRAKAN BU HJ DEDE;0026;RW 06 RT 0;3272020002;-6.9390699;106.9325914;2;1;150;Batas Wilkerstat;15040;Batas SLS;2025-08-04 10:14:14;2025-08-04 10:14:16;Nita parnita;https://wilkerstat.bps.go.id/api/landmark/91442729/photo
91569274;HSJXNE;PINGGIR RUMAH IBU TITIN;0027;RW 06 RT 03;3272020002;-6.9396523;106.9321573;3.0039999485016;1;150;Batas Wilkerstat;15040;Batas SLS;2025-08-04 12:34:57;2025-08-04 12:35:12;Nita parnita;https://wilkerstat.bps.go.id/api/landmark/91569274/photo
91570314;HSJZBE;BELAKANG RUMAH BU TITIN;0027;RW 06 RT 03;3272020002;-6.9398252;106.9321511;4.0689997673035;1;150;Batas Wilkerstat;15040;Batas SLS;2025-08-04 12:36:39;2025-08-04 12:36:41;Nita parnita;https://wilkerstat.bps.go.id/api/landmark/91570314/photo
91571714;HSKBDA;RUMAH BU HJ DEWI;0027;RW 06 RT 03;3272020002;-6.9394367;106.932135;2.0999999046326;1;150;Batas Wilkerstat;15040;Batas SLS;2025-08-04 12:38:52;2025-08-04 12:38:55;Nita parnita;https://wilkerstat.bps.go.id/api/landmark/91571714/photo
91576181;HSKHSV;SEBRANG RUMAH BU EUIS;0027;RW 06 RT 03;3272020002;-6.939681;106.9312149;2.2999999523163;1;150;Batas Wilkerstat;15040;Batas SLS;2025-08-04 12:45:58;2025-08-04 12:46:00;Nita parnita;https://wilkerstat.bps.go.id/api/landmark/91576181/photo
91577790;HSKKCS;SEBRANG GANG GEMPAR;0027;RW 06 RT 03;3272020002;-6.9394083;106.93122;2.069000005722;1;150;Batas Wilkerstat;15040;Batas SLS;2025-08-04 12:48:36;2025-08-04 12:48:38;Nita parnita;https://wilkerstat.bps.go.id/api/landmark/91577790/photo
91490480;HSFKYQ;BATAS JALAN RT05 DAN RT 03;0028;RW 006 RT OO3;3272020002;-6.939527;106.9335585;2.0999999046326;1;150;Batas Wilkerstat;15040;Batas SLS;2025-08-04 11:01:09;2025-08-04 11:01:11;Nita parnita;https://wilkerstat.bps.go.id/api/landmark/91490480/photo
91496925;HSFUMN;DEPAN RUMAH BUNGQ;0028;RW 006 RT OO3;3272020002;-6.9397238;106.9338854;3.1589999198914;1;150;Batas Wilkerstat;15040;Batas SLS;2025-08-04 11:07:38;2025-08-04 11:07:40;Nita parnita;https://wilkerstat.bps.go.id/api/landmark/91496925/photo
91515622;HSGWDQ;DEPAN MESJID ASSUNAH;0028;RW 006 RT OO3;3272020002;-6.9396428;106.933045;3;1;150;Batas Wilkerstat;15040;Batas SLS;2025-08-04 11:27:20;2025-08-04 11:27:23;Nita parnita;https://wilkerstat.bps.go.id/api/landmark/91515622/photo
91523634;HSHHZU;WARUNG BU NANI;0028;RW 006 RT OO3;3272020002;-6.9391518;106.9326322;4.1269998550415;1;150;Batas Wilkerstat;15040;Batas SLS;2025-08-04 11:36:14;2025-08-04 11:36:17;Nita parnita;https://wilkerstat.bps.go.id/api/landmark/91523634/photo
91563935;HSJPPV;BELAKANG RUMAH IBU RESA;0028;RW 006 RT OO3;3272020002;-6.9391466;106.9318654;2.6979999542236;1;150;Batas Wilkerstat;15040;Batas SLS;2025-08-04 12:26:57;2025-08-04 12:26:59;Nita parnita;https://wilkerstat.bps.go.id/api/landmark/91563935/photo
91564968;HSJRDO;DEPAN RUMAH BU IIS;0028;RW 006 RT OO3;3272020002;-6.9391967;106.9318816;3.1909999847412;1;150;Batas Wilkerstat;15040;Batas SLS;2025-08-04 12:28:30;2025-08-04 12:28:32;Nita parnita;https://wilkerstat.bps.go.id/api/landmark/91564968/photo
91500247;HSFZKH;DEPAN RUMAH BP MARSONO;0029;RW 006 RT 004;3272020002;-6.9398355;106.9334965;2.805999994278;1;150;Batas Wilkerstat;15040;Batas SLS;2025-08-04 11:11:13;2025-08-04 11:11:15;Nita parnita;https://wilkerstat.bps.go.id/api/landmark/91500247/photo
91502474;HSGCRY;RUMAH IBU PENTI;0029;RW 006 RT 004;3272020002;-6.9401699;106.9333554;4.3159999847412;1;150;Batas Wilkerstat;15040;Batas SLS;2025-08-04 11:13:52;2025-08-04 11:13:54;Nita parnita;https://wilkerstat.bps.go.id/api/landmark/91502474/photo
91507763;HSGKNJ;BELAKANG EUMAH IBU PENTI;0029;RW 006 RT 004;3272020002;-6.9400986;106.9335377;3.6329998970032;1;150;Batas Wilkerstat;15040;Batas SLS;2025-08-04 11:19:20;2025-08-04 11:19:23;Nita parnita;https://wilkerstat.bps.go.id/api/landmark/91507763/photo
91525053;HSHKCJ;WARUNG IBU ISAM;0029;RW 006 RT 004;3272020002;-6.939519;106.9326733;5.7039999961853;1;150;Batas Wilkerstat;15040;Batas SLS;2025-08-04 11:37:43;2025-08-04 11:37:45;Nita parnita;https://wilkerstat.bps.go.id/api/landmark/91525053/photo
91532360;HSHUXK;BELAKANG RUMAH BAPA OCIH;0029;RW 006 RT 004;3272020002;-6.9397146;106.9321795;4.3619999885559;1;150;Batas Wilkerstat;15040;Batas SLS;2025-08-04 11:46:43;2025-08-04 11:46:45;Nita parnita;https://wilkerstat.bps.go.id/api/landmark/91532360/photo
91537260;HSICDW;WARUNG BU MULTI;0029;RW 006 RT 004;3272020002;-6.9394343;106.9321373;6.0029997825623;1;150;Batas Wilkerstat;15040;Batas SLS;2025-08-04 11:52:15;2025-08-04 11:52:17;Nita parnita;https://wilkerstat.bps.go.id/api/landmark/91537260/photo
91449221;HSDBXT;SUNGAI BATAS RT05;0030;RW 006 RT. 006;3272020002;-6.9374584;106.9328049;3.0829999446869;1;150;Batas Wilkerstat;15040;Batas SLS;2025-08-04 10:20:54;2025-08-04 10:20:57;Nita parnita;https://wilkerstat.bps.go.id/api/landmark/91449221/photo
91454785;HSDKDT;BELAKANG PT SAGA;0030;RW 006 RT. 006;3272020002;-6.9362439;106.9325325;3.510999917984;1;150;Batas Wilkerstat;15040;Batas SLS;2025-08-04 10:26:38;2025-08-04 10:26:41;Nita parnita;https://wilkerstat.bps.go.id/api/landmark/91454785/photo
91457895;HSDOTJ;JALN PERBATASN RT05 RW06;0030;RW 006 RT. 006;3272020002;-6.9368796;106.9325007;3.2950000762939;1;150;Batas Wilkerstat;15040;Batas SLS;2025-08-04 10:29:50;2025-08-04 10:29:53;Nita parnita;https://wilkerstat.bps.go.id/api/landmark/91457895/photo
91479024;HSEUAA;DEPAN RUMAH BU DEWI;0030;RW 006 RT. 006;3272020002;-6.9393754;106.9334947;2.5999999046326;1;150;Batas Wilkerstat;15040;Batas SLS;2025-08-04 10:50:01;2025-08-04 10:50:03;Nita parnita;https://wilkerstat.bps.go.id/api/landmark/91479024/photo
91481083;HSEXBF;KEBUN BAPA DIAR;0030;RW 006 RT. 006;3272020002;-6.93951;106.933545;3.9300000667572;1;150;Batas Wilkerstat;15040;Batas SLS;2025-08-04 10:51:55;2025-08-04 10:51:58;Nita parnita;https://wilkerstat.bps.go.id/api/landmark/91481083/photo
91484737;HSFCLT;KEBUN BAPA DIAR;0030;RW 006 RT. 006;3272020002;-6.9395186;106.9337746;2.5;1;150;Batas Wilkerstat;15040;Batas SLS;2025-08-04 10:55:32;2025-08-04 10:55:37;Nita parnita;https://wilkerstat.bps.go.id/api/landmark/91484737/photo
91520105;HSHCUB;RUMAH BAPA UYAN;0030;RW 006 RT. 006;3272020002;-6.9387984;106.9327273;1.9500000476837;1;150;Batas Wilkerstat;15040;Batas SLS;2025-08-04 11:32:15;2025-08-04 11:32:17;Nita parnita;https://wilkerstat.bps.go.id/api/landmark/91520105/photo
91521552;HSHEXS;DEPAN WARUNG PAK ASEP;0030;RW 006 RT. 006;3272020002;-6.9384943;106.9328142;4.0469999313354;1;150;Batas Wilkerstat;15040;Batas SLS;2025-08-04 11:33:54;2025-08-04 11:33:56;Nita parnita;https://wilkerstat.bps.go.id/api/landmark/91521552/photo
91482462;HSEZCG;YAYASAN NURUL HIDAYAH ( BATAS DENGAN RT 02);0035;RT 001 RW 006;3272020003;-6.9301528;106.9316348;9;1;150;Batas Wilkerstat;15040;Batas SLS;2025-08-04 11:00:05;2025-08-04 10:53:27;DENTI HERMAWANTI;https://wilkerstat.bps.go.id/api/landmark/91482462/photo
91487607;HSFGSD;RUMAH BPK DEDI (BATAS DENGAN RT 002);0035;RT 001 RW 006;3272020003;-6.9308920627737;106.93149570376;3.6530001163483;1;150;Batas Wilkerstat;15040;Batas SLS;2025-08-04 11:05:06;2025-08-04 10:58:28;DENTI HERMAWANTI;https://wilkerstat.bps.go.id/api/landmark/91487607/photo
91511960;HSGQSU;RUMAH HJ UJANG (PERBATASAN DENGAN KEL TIPAR);0035;RT 001 RW 006;3272020003;-6.92964562749;106.93212300539;3.8310000896454;1;150;Batas Wilkerstat;15040;Batas SLS;2025-08-04 11:30:15;2025-08-04 11:23:37;DENTI HERMAWANTI;https://wilkerstat.bps.go.id/api/landmark/91511960/photo
91520568;HSHDLW;RUMAH BPK EDIN (PERBATASAN DENGAN KEL TIPAR);0035;RT 001 RW 006;3272020003;-6.9295973675796;106.9318279624;3.319000005722;1;150;Batas Wilkerstat;15040;Batas SLS;2025-08-04 11:39:23;2025-08-04 11:32:44;DENTI HERMAWANTI;https://wilkerstat.bps.go.id/api/landmark/91520568/photo
90929165;HQZMPP;MASJID ASSHUFIYAH AL AFGHANI ( PERBATASAM DENGAN RT 03);0036;RT 002 RW 006;3272020003;-6.9312166;106.9312368;3.1410000324249;1;150;Batas Wilkerstat;15040;Batas SLS;2025-08-03 10:53:51;2025-08-03 10:47:13;DENTI HERMAWANTI;https://wilkerstat.bps.go.id/api/landmark/90929165/photo
90936981;HQZYEF;RUMAH BPK.AIS SEBLAK ( BATAS DENGAN RT 01 );0036;RT 002 RW 006;3272020003;-6.9309662;106.9314114;3.9389998912811;1;150;Batas Wilkerstat;15040;Batas SLS;2025-08-03 11:00:45;2025-08-03 10:54:07;DENTI HERMAWANTI;https://wilkerstat.bps.go.id/api/landmark/90936981/photo
90940266;HRADAO;RUMAH BPK.IWAN;0036;RT 002 RW 006;3272020003;-6.9305719;106.9316145;3;1;150;Batas Wilkerstat;15040;Batas SLS;2025-08-03 11:03:49;2025-08-03 10:57:11;DENTI HERMAWANTI;https://wilkerstat.bps.go.id/api/landmark/90940266/photo
90943752;HRAIEQ;RUMAH IBU DEDE ?( BTS DGN RT 1);0036;RT 002 RW 006;3272020003;-6.9301208;106.9315197;3.625;1;150;Batas Wilkerstat;15040;Batas SLS;2025-08-03 11:06:49;2025-08-03 11:00:11;DENTI HERMAWANTI;https://wilkerstat.bps.go.id/api/landmark/90943752/photo
90947742;HRAOCC;KONTRAKN H. AJUD 6 PINTU;0036;RT 002 RW 006;3272020003;-6.9298799;106.9307506;3.6019999980927;1;150;Batas Wilkerstat;15040;Batas SLS;2025-08-03 11:10:46;2025-08-03 11:04:08;DENTI HERMAWANTI;https://wilkerstat.bps.go.id/api/landmark/90947742/photo
90953937;HRAXGJ;KONTRAKAN BU YANI  BTS DGN RT 3;0036;RT 002 RW 006;3272020003;-6.9307409;106.9305549;3.0680000782013;1;150;Batas Wilkerstat;15040;Batas SLS;2025-08-03 11:16:18;2025-08-03 11:09:39;DENTI HERMAWANTI;https://wilkerstat.bps.go.id/api/landmark/90953937/photo
90958159;HRBDMT;RUMAH BPK. IYUS  BTS DGN RT 3;0036;RT 002 RW 006;3272020003;-6.9308986;106.9308566;3.4909999370575;1;150;Batas Wilkerstat;15040;Batas SLS;2025-08-03 11:20:18;2025-08-03 11:13:40;DENTI HERMAWANTI;https://wilkerstat.bps.go.id/api/landmark/90958159/photo
90531035;HQCVQX;BATAS SUNGAI;0001;RT 001 RW 001;3272020003;-6.9291974;106.9324361;3.510999917984;1;150;Batas Wilkerstat;15040;Batas SLS;2025-08-02 14:35:19;2025-08-02 14:35:21;Yuni Embiani;https://wilkerstat.bps.go.id/api/landmark/90531035/photo
90536099;HQDDDR;GANG ACHMAD;0001;RT 001 RW 001;3272020003;-6.9294896;106.9327712;3.0199999809265;1;150;Batas Wilkerstat;15040;Batas SLS;2025-08-02 14:40:53;2025-08-02 14:40:55;Yuni Embiani;https://wilkerstat.bps.go.id/api/landmark/90536099/photo
90541730;HQDLMG;TOKO PAKAN RAJA POULTRY SHOP;0001;RT 001 RW 001;3272020003;-6.9275944105286;106.93325120956;2.3980000019073;1;150;Batas Wilkerstat;15040;Batas SLS;2025-08-02 14:46:48;2025-08-02 14:46:49;Yuni Embiani;https://wilkerstat.bps.go.id/api/landmark/90541730/photo
90543240;HQDNSI;BAK SAMPAH;0001;RT 001 RW 001;3272020003;-6.9274296604423;106.93313252181;3.0179998874664;1;150;Batas Wilkerstat;15040;Batas SLS;2025-08-02 14:48:17;2025-08-02 14:48:19;Yuni Embiani;https://wilkerstat.bps.go.id/api/landmark/90543240/photo
90533282;HQCYZI;SUNGAI;0002;RT 002 RW 001;3272020003;-6.9292836;106.9323665;3.4500000476837;1;150;Batas Wilkerstat;15040;Batas SLS;2025-08-02 14:37:44;2025-08-02 14:37:46;Yuni Embiani;https://wilkerstat.bps.go.id/api/landmark/90533282/photo
90535157;HQDBTL;ALFAMART OTISTA;0002;RT 002 RW 001;3272020003;-6.9294899;106.9327917;3.3359999656677;1;150;Batas Wilkerstat;15040;Batas SLS;2025-08-02 14:39:46;2025-08-02 14:39:48;Yuni Embiani;https://wilkerstat.bps.go.id/api/landmark/90535157/photo
91379225;HRZCJP;JEMBATAN SUNGAI;0002;RT 002 RW 001;3272020003;-6.9303928234029;106.93191915751;2.5009999275208;1;150;Batas Wilkerstat;15040;Batas SLS;2025-08-04 09:00:08;2025-08-04 09:00:10;Yuni Embiani;https://wilkerstat.bps.go.id/api/landmark/91379225/photo
91381029;HRZFAZ;PUSAT GADAI INDONESIA;0002;RT 002 RW 001;3272020003;-6.9306038353082;106.9325498119;3.0280001163483;1;150;Batas Wilkerstat;15040;Batas SLS;2025-08-04 09:02:38;2025-08-04 09:02:39;Yuni Embiani;https://wilkerstat.bps.go.id/api/landmark/91381029/photo
90241107;HPMITV;PD. USAHA PRIBUMI;0003;RT 003 RW 001;3272020003;-6.9306414446757;106.93254612386;6.6059999465942;1;150;Batas Wilkerstat;15040;Batas SLS;2025-08-02 09:09:33;2025-08-02 09:09:34;Yuni Embiani;https://wilkerstat.bps.go.id/api/landmark/90241107/photo
90245861;HPMPUR;DINDING RUMAH KOSONG BELOKAN SIGODEG;0003;RT 003 RW 001;3272020003;-6.9313387151494;106.93238619715;1.8209999799728;1;150;Batas Wilkerstat;15040;Batas SLS;2025-08-02 09:15:44;2025-08-02 09:15:45;Yuni Embiani;https://wilkerstat.bps.go.id/api/landmark/90245861/photo
90259588;HPNKCQ;GANG KECIL PEMUKIMAN;0003;RT 003 RW 001;3272020003;-6.9304417488846;106.93192753941;8.3249998092651;1;150;Batas Wilkerstat;15040;Batas SLS;2025-08-02 09:31:12;2025-08-02 09:31:14;Yuni Embiani;https://wilkerstat.bps.go.id/api/landmark/90259588/photo
91433822;HSCFDM;JALAN;0003;RT 003 RW 001;3272020003;-6.9305146;106.9320466;3.3380000591278;1;150;Batas Wilkerstat;15040;Batas SLS;2025-08-04 10:05:03;2025-08-04 10:05:06;Yuni Embiani;https://wilkerstat.bps.go.id/api/landmark/91433822/photo
91449605;HSDCMN;GANG TARUNA;0003;RT 003 RW 001;3272020003;-6.9313556;106.9319019;3;1;150;Batas Wilkerstat;15040;Batas SLS;2025-08-04 10:21:18;2025-08-04 10:21:20;Yuni Embiani;https://wilkerstat.bps.go.id/api/landmark/91449605/photo
90280177;HPOOON;TOKO KOSONG;0004;RT 004 RW 001;3272020003;-6.9313538;106.9319234;3.180999994278;1;150;Batas Wilkerstat;15040;Batas SLS;2025-08-02 09:52:44;2025-08-02 09:52:46;Yuni Embiani;https://wilkerstat.bps.go.id/api/landmark/90280177/photo
90284551;HPOVAT;SUNGAI;0004;RT 004 RW 001;3272020003;-6.9312242230755;106.93125564605;7.1370000839233;1;150;Batas Wilkerstat;15040;Batas SLS;2025-08-02 09:57:01;2025-08-02 09:57:02;Yuni Embiani;https://wilkerstat.bps.go.id/api/landmark/90284551/photo
90293988;HPPIZS;DINDING RUMAH WARGA;0004;RT 004 RW 001;3272020003;-6.9304883445768;106.93207740784;3.2750000953674;1;150;Batas Wilkerstat;15040;Batas SLS;2025-08-02 10:06:55;2025-08-02 10:06:56;Yuni Embiani;https://wilkerstat.bps.go.id/api/landmark/90293988/photo
90297628;HPPOJS;DINDING RUMAH WARGA;0004;RT 004 RW 001;3272020003;-6.9308491;106.9319726;4.548999786377;1;150;Batas Wilkerstat;15040;Batas SLS;2025-08-02 10:10:07;2025-08-02 10:10:09;Yuni Embiani;https://wilkerstat.bps.go.id/api/landmark/90297628/photo
91459998;HSDRWG;SUNGAI;0004;RT 004 RW 001;3272020003;-6.9304217;106.9319283;1.960000038147;1;150;Batas Wilkerstat;15040;Batas SLS;2025-08-04 10:31:56;2025-08-04 10:31:59;Yuni Embiani;https://wilkerstat.bps.go.id/api/landmark/91459998/photo
91120481;HRKJPX;DINAS DLH;0037;RT 003 RW 006;3272020003;-6.9314193;106.9300668;3.0060000419617;1;150;Batas Wilkerstat;15040;Batas SLS;2025-08-03 14:39:57;2025-08-03 14:39:59;Yuni Embiani;https://wilkerstat.bps.go.id/api/landmark/91120481/photo
91124550;HRKPQK;JALAN (PEMAKAMAN);0037;RT 003 RW 006;3272020003;-6.9307237;106.9305118;2.3770000934601;1;150;Batas Wilkerstat;15040;Batas SLS;2025-08-03 14:44:42;2025-08-03 14:44:45;Yuni Embiani;https://wilkerstat.bps.go.id/api/landmark/91124550/photo
91129180;HRKWMM;RUMAH IBU IMAS;0037;RT 003 RW 006;3272020003;-6.9309226827713;106.93086706102;2.5969998836517;1;150;Batas Wilkerstat;15040;Batas SLS;2025-08-03 14:50:10;2025-08-03 14:50:12;Yuni Embiani;https://wilkerstat.bps.go.id/api/landmark/91129180/photo
91137799;HRLJFZ;MASJID ASSUFIYAH;0037;RT 003 RW 006;3272020003;-6.9312398;106.931225;3.1530001163483;1;150;Batas Wilkerstat;15040;Batas SLS;2025-08-03 15:00:53;2025-08-03 15:00:54;Yuni Embiani;https://wilkerstat.bps.go.id/api/landmark/91137799/photo
91139194;HRLLHQ;JALAN RUMAH PA IYEP;0037;RT 003 RW 006;3272020003;-6.9314395;106.9308767;3.0039999485016;1;150;Batas Wilkerstat;15040;Batas SLS;2025-08-03 15:02:20;2025-08-03 15:02:21;Yuni Embiani;https://wilkerstat.bps.go.id/api/landmark/91139194/photo
90407325;HPVUQV;DINDING PEMAKAMAN;0038;RT 004 RW 006;3272020003;-6.9307236527518;106.93046808243;3.5429999828339;1;150;Batas Wilkerstat;15040;Batas SLS;2025-08-02 11:52:59;2025-08-02 11:53:01;Yuni Embiani;https://wilkerstat.bps.go.id/api/landmark/90407325/photo
90410665;HPVZPH;PEMATANG LAHAN KOSONG;0038;RT 004 RW 006;3272020003;-6.9301618418084;106.93055223674;3;1;150;Batas Wilkerstat;15040;Batas SLS;2025-08-02 11:56:35;2025-08-02 11:56:37;Yuni Embiani;https://wilkerstat.bps.go.id/api/landmark/90410665/photo
90419861;HPWNEZ;DINDING ALFAMART;0038;RT 004 RW 006;3272020003;-6.9311127;106.9293951;3;1;150;Batas Wilkerstat;15040;Batas SLS;2025-08-02 12:07:36;2025-08-02 12:07:37;Yuni Embiani;https://wilkerstat.bps.go.id/api/landmark/90419861/photo
90421412;HPWPMQ;SUNGAI;0038;RT 004 RW 006;3272020003;-6.9308517908174;106.92899722606;5;1;150;Batas Wilkerstat;15040;Batas SLS;2025-08-02 12:09:36;2025-08-02 12:09:37;Yuni Embiani;https://wilkerstat.bps.go.id/api/landmark/90421412/photo
91091961;HRITKZ;DINDING RUMAH WARGA IBU EMMA;0038;RT 004 RW 006;3272020003;-6.9312769;106.9298964;3.0099999904633;1;150;Batas Wilkerstat;15040;Batas SLS;2025-08-03 14:04:52;2025-08-03 14:04:54;Yuni Embiani;https://wilkerstat.bps.go.id/api/landmark/91091961/photo
91150801;HRMCMB;SUNGAI;0038;RT 004 RW 006;3272020003;-6.9296025;106.929927;3.7850000858307;1;150;Batas Wilkerstat;15040;Batas SLS;2025-08-03 15:14:28;2025-08-03 15:14:30;Yuni Embiani;https://wilkerstat.bps.go.id/api/landmark/91150801/photo
90253087;HPNAMP;JALAN CIJANGKAR;0002;RT 002 RW 001;3272020004;-6.9272717;106.9334188;3;1;150;Batas Wilkerstat;15040;Batas SLS;2025-08-02 09:23:54;2025-08-02 09:23:55;ADE KAMALUDIN;https://wilkerstat.bps.go.id/api/landmark/90253087/photo
90255656;HPNEHK;GANG MASJID HIDAYATUL IKHLAS;0002;RT 002 RW 001;3272020004;-6.9277571;106.9342119;3.0550000667572;1;150;Batas Wilkerstat;15040;Batas SLS;2025-08-02 09:26:46;2025-08-02 09:26:47;ADE KAMALUDIN;https://wilkerstat.bps.go.id/api/landmark/90255656/photo
90281009;HPOPUN;SALURAN AIR;0002;RT 002 RW 001;3272020004;-6.9285453003058;106.93371187896;1.7539999485016;1;150;Batas Wilkerstat;15040;Batas SLS;2025-08-02 09:53:36;2025-08-02 09:53:37;ADE KAMALUDIN;https://wilkerstat.bps.go.id/api/landmark/90281009/photo
90443979;HPXWWP;GERBANG TEROWONGAN;0002;RT 002 RW 001;3272020004;-6.9292485647702;106.93453330547;3;1;150;Batas Wilkerstat;15040;Batas SLS;2025-08-02 12:41:42;2025-08-02 12:41:43;ADE KAMALUDIN;https://wilkerstat.bps.go.id/api/landmark/90443979/photo
90448046;HPYCXA;RUMAH IBU YANTI;0002;RT 002 RW 001;3272020004;-6.9290181;106.934161;3.3199999332428;1;150;Batas Wilkerstat;15040;Batas SLS;2025-08-02 12:48:05;2025-08-02 12:48:06;ADE KAMALUDIN;https://wilkerstat.bps.go.id/api/landmark/90448046/photo
90450496;HPYGNG;TOKO CAHAYA BINTANG;0002;RT 002 RW 001;3272020004;-6.9289507;106.9329993;3.0499999523163;1;150;Batas Wilkerstat;15040;Batas SLS;2025-08-02 12:51:35;2025-08-02 12:51:37;ADE KAMALUDIN;https://wilkerstat.bps.go.id/api/landmark/90450496/photo
90452305;HPYJEV;CAHAYA BINTANG BELAKANG;0002;RT 002 RW 001;3272020004;-6.9292383;106.9334506;3.0490000247955;1;150;Batas Wilkerstat;15040;Batas SLS;2025-08-02 12:54:15;2025-08-02 12:54:16;ADE KAMALUDIN;https://wilkerstat.bps.go.id/api/landmark/90452305/photo
90916862;HQYUKK;DINDING TEMBOK;0002;RT 002 RW 001;3272020004;-6.9293707123483;106.93450212479;1.6330000162125;1;150;Batas Wilkerstat;15040;Batas SLS;2025-08-03 10:36:10;2025-08-03 10:36:11;ADE KAMALUDIN;https://wilkerstat.bps.go.id/api/landmark/90916862/photo
90476564;HPZTBW;RESTU PER;0003;RT 003 RW 001;3272020004;-6.9290219093711;106.93302087486;3.5369999408722;1;150;Batas Wilkerstat;15040;Batas SLS;2025-08-02 13:28:52;2025-08-02 13:28:53;ADE KAMALUDIN;https://wilkerstat.bps.go.id/api/landmark/90476564/photo
90477586;HPZUPE;CAHAYA BINTANG BELAKANG;0003;RT 003 RW 001;3272020004;-6.9291993063374;106.93344198167;3.0160000324249;1;150;Batas Wilkerstat;15040;Batas SLS;2025-08-02 13:30:21;2025-08-02 13:30:22;ADE KAMALUDIN;https://wilkerstat.bps.go.id/api/landmark/90477586/photo
90478570;HPZWBA;POS RONDA RT. 04 RW. 01;0003;RT 003 RW 001;3272020004;-6.9294456;106.9333593;3.125;1;150;Batas Wilkerstat;15040;Batas SLS;2025-08-02 13:31:59;2025-08-02 13:32:00;ADE KAMALUDIN;https://wilkerstat.bps.go.id/api/landmark/90478570/photo
90481779;HQAAUL;BENTENG GOLONK;0003;RT 003 RW 001;3272020004;-6.92987;106.9344267;1.5779999494553;1;150;Batas Wilkerstat;15040;Batas SLS;2025-08-02 13:36:19;2025-08-02 13:36:23;ADE KAMALUDIN;https://wilkerstat.bps.go.id/api/landmark/90481779/photo
90486892;HQAIJC;WARUNG SATE MADURA CIGODEG II;0003;RT 003 RW 001;3272020004;-6.9320587;106.9338638;3.2360000610352;1;150;Batas Wilkerstat;15040;Batas SLS;2025-08-02 13:43:23;2025-08-02 13:43:24;ADE KAMALUDIN;https://wilkerstat.bps.go.id/api/landmark/90486892/photo
90491002;HQAOLE;LAMPU MERAH CIGODEG;0003;RT 003 RW 001;3272020004;-6.9315141142899;106.93243145943;2.914999961853;1;150;Batas Wilkerstat;15040;Batas SLS;2025-08-02 13:48:35;2025-08-02 13:48:37;ADE KAMALUDIN;https://wilkerstat.bps.go.id/api/landmark/90491002/photo
90365228;HPTKJS;POS RONDA;0004;RT 004 RW 001;3272020004;-6.9294844;106.9333615;3;1;150;Batas Wilkerstat;15040;Batas SLS;2025-08-02 11:11:16;2025-08-02 11:11:17;ADE KAMALUDIN;https://wilkerstat.bps.go.id/api/landmark/90365228/photo
90375571;HPTZRN;SALURAN AIR;0004;RT 004 RW 001;3272020004;-6.9298;106.9341883;2.6860001087189;1;150;Batas Wilkerstat;15040;Batas SLS;2025-08-02 11:21:08;2025-08-02 11:21:09;ADE KAMALUDIN;https://wilkerstat.bps.go.id/api/landmark/90375571/photo
90386790;HPUQHA;SALURAN AIR;0004;RT 004 RW 001;3272020004;-6.9293013;106.9343751;3.154000043869;1;150;Batas Wilkerstat;15040;Batas SLS;2025-08-02 11:31:47;2025-08-02 11:31:48;ADE KAMALUDIN;https://wilkerstat.bps.go.id/api/landmark/90386790/photo
90403562;HPVPCC;RUMAH PUTIH;0004;RT 004 RW 001;3272020004;-6.9288684;106.9336026;3.5820000171661;1;150;Batas Wilkerstat;15040;Batas SLS;2025-08-02 11:48:49;2025-08-02 11:48:50;ADE KAMALUDIN;https://wilkerstat.bps.go.id/api/landmark/90403562/photo
91364210;HRYGEC;GANG PEC SMK PELITA YNH;0005;RT 001 RW 002;3272020004;-6.9266428531758;106.93527325988;3.0880000591278;1;150;Batas Wilkerstat;15040;Batas SLS;2025-08-04 08:34:24;2025-08-04 08:34:26;ADE KAMALUDIN;https://wilkerstat.bps.go.id/api/landmark/91364210/photo
91365743;HRYILB;GANG DEPAN MASJID AL ISTIQOMAH;0005;RT 001 RW 002;3272020004;-6.9271158030479;106.93511266261;3.6579999923706;1;150;Batas Wilkerstat;15040;Batas SLS;2025-08-04 08:37:14;2025-08-04 08:37:16;ADE KAMALUDIN;https://wilkerstat.bps.go.id/api/landmark/91365743/photo
91371737;HRYRHP;SUNGAI SAMPING TOKO IMAN;0005;RT 001 RW 002;3272020004;-6.9268786;106.936092;3.2869999408722;1;150;Batas Wilkerstat;15040;Batas SLS;2025-08-04 08:47:56;2025-08-04 08:47:57;ADE KAMALUDIN;https://wilkerstat.bps.go.id/api/landmark/91371737/photo
91379119;HRZCFN;GANG TANJAKAN;0005;RT 001 RW 002;3272020004;-6.9275627918296;106.93586669862;3.3069999217987;1;150;Batas Wilkerstat;15040;Batas SLS;2025-08-04 08:59:58;2025-08-04 08:59:59;ADE KAMALUDIN;https://wilkerstat.bps.go.id/api/landmark/91379119/photo
91389688;HRZRWA;SUNGAI CIJANGKAR;0005;RT 001 RW 002;3272020004;-6.9281818522869;106.93654228002;3.0050001144409;1;150;Batas Wilkerstat;15040;Batas SLS;2025-08-04 09:14:25;2025-08-04 09:14:26;ADE KAMALUDIN;https://wilkerstat.bps.go.id/api/landmark/91389688/photo
91391617;HRZUSF;SEKRETARIAT RW 02;0005;RT 001 RW 002;3272020004;-6.9280637;106.9357868;3.0720000267029;1;150;Batas Wilkerstat;15040;Batas SLS;2025-08-04 09:16:53;2025-08-04 09:16:54;ADE KAMALUDIN;https://wilkerstat.bps.go.id/api/landmark/91391617/photo
90970472;HRBVSI;GANG DEPAN MASJID AL ISTIQOMAH;0006;RT 002 RW 002;3272020004;-6.9271164687054;106.93510461599;3.0020000934601;1;150;Batas Wilkerstat;15040;Batas SLS;2025-08-03 11:24:57;2025-08-03 11:24:58;ADE KAMALUDIN;https://wilkerstat.bps.go.id/api/landmark/90970472/photo
91007375;HRDYHR;GANG TANJAKAN;0006;RT 002 RW 002;3272020004;-6.9275139;106.9359377;3.1040000915527;1;150;Batas Wilkerstat;15040;Batas SLS;2025-08-03 12:03:55;2025-08-03 12:03:56;ADE KAMALUDIN;https://wilkerstat.bps.go.id/api/landmark/91007375/photo
91009570;HREBOC;GANG SEBERANG SEKRETARIAT RW 02;0006;RT 002 RW 002;3272020004;-6.9281017;106.93579;2.4119999408722;1;150;Batas Wilkerstat;15040;Batas SLS;2025-08-03 12:06:33;2025-08-03 12:06:35;ADE KAMALUDIN;https://wilkerstat.bps.go.id/api/landmark/91009570/photo
91013750;HREHSW;GANG TIANG LISTRIK;0006;RT 002 RW 002;3272020004;-6.9283033344856;106.93512372673;3.0420000553131;1;150;Batas Wilkerstat;15040;Batas SLS;2025-08-03 12:12:08;2025-08-03 12:12:09;ADE KAMALUDIN;https://wilkerstat.bps.go.id/api/landmark/91013750/photo
91014833;HREJIN;GANG TPQ AL ISTIQOMAH;0006;RT 002 RW 002;3272020004;-6.928139583131;106.93473916501;3.2479999065399;1;150;Batas Wilkerstat;15040;Batas SLS;2025-08-03 12:13:41;2025-08-03 12:13:42;ADE KAMALUDIN;https://wilkerstat.bps.go.id/api/landmark/91014833/photo
91016930;HREMLE;GANG SALAD BUAH BUNDA;0006;RT 002 RW 002;3272020004;-6.9278094176253;106.93524375558;3.0199999809265;1;150;Batas Wilkerstat;15040;Batas SLS;2025-08-03 12:16:41;2025-08-03 12:16:42;ADE KAMALUDIN;https://wilkerstat.bps.go.id/api/landmark/91016930/photo
90198683;HPJYAD;RUMAH PAK ILYAS;0032;RT 001 RW 007;3272020004;-6.9385037335329;106.93492490798;7.9210000038147;1;150;Batas Wilkerstat;15040;Batas SLS;2025-08-02 07:51:15;2025-08-02 07:51:17;Filiandini Prasanty Putri;https://wilkerstat.bps.go.id/api/landmark/90198683/photo
90199112;HPJYQQ;RUMAH BU TATI;0032;RT 001 RW 007;3272020004;-6.9378866835634;106.93493261933;3.3150000572205;1;150;Batas Wilkerstat;15040;Batas SLS;2025-08-02 07:52:44;2025-08-02 07:52:46;Filiandini Prasanty Putri;https://wilkerstat.bps.go.id/api/landmark/90199112/photo
90199716;HPJZNW;LAHAN KOSONG;0032;RT 001 RW 007;3272020004;-6.9378650501895;106.93416584283;3.1909999847412;1;150;Batas Wilkerstat;15040;Batas SLS;2025-08-02 07:54:36;2025-08-02 07:54:38;Filiandini Prasanty Putri;https://wilkerstat.bps.go.id/api/landmark/90199716/photo
90227978;HPLPIW;RUMAH PAK SUHENDAR;0032;RT 001 RW 007;3272020004;-6.9391337626835;106.9341577962;3.058000087738;1;150;Batas Wilkerstat;15040;Batas SLS;2025-08-02 08:51:36;2025-08-02 08:51:39;Filiandini Prasanty Putri;https://wilkerstat.bps.go.id/api/landmark/90227978/photo
90228962;HPLQUS;BATAS 4 RMH;0032;RT 001 RW 007;3272020004;-6.9390938242521;106.93458259106;3.3780000209808;1;150;Batas Wilkerstat;15040;Batas SLS;2025-08-02 08:53:00;2025-08-02 08:53:02;Filiandini Prasanty Putri;https://wilkerstat.bps.go.id/api/landmark/90228962/photo
90229919;HPLSFN;BATAS 5 RNH;0032;RT 001 RW 007;3272020004;-6.9385343530356;106.93460538983;3.3029999732971;1;150;Batas Wilkerstat;15040;Batas SLS;2025-08-02 08:54:29;2025-08-02 08:54:31;Filiandini Prasanty Putri;https://wilkerstat.bps.go.id/api/landmark/90229919/photo
90230295;HPLSTZ;BATAS 1 RMH;0033;RT 002 RW 007;3272020004;-6.9385466674003;106.93464729935;1.7289999723434;1;150;Batas Wilkerstat;15040;Batas SLS;2025-08-02 08:54:57;2025-08-02 08:54:59;Filiandini Prasanty Putri;https://wilkerstat.bps.go.id/api/landmark/90230295/photo
90234654;HPLZFQ;SD TONJONG 2;0033;RT 002 RW 007;3272020004;-6.9390868350262;106.93460438401;3.2760000228882;1;150;Batas Wilkerstat;15040;Batas SLS;2025-08-02 09:01:11;2025-08-02 09:01:13;Filiandini Prasanty Putri;https://wilkerstat.bps.go.id/api/landmark/90234654/photo
90235672;HPMASU;BATAS 3 RMH;0033;RT 002 RW 007;3272020004;-6.9391843513585;106.93414371461;3.0039999485016;1;150;Batas Wilkerstat;15040;Batas SLS;2025-08-02 09:02:40;2025-08-02 09:02:43;Filiandini Prasanty Putri;https://wilkerstat.bps.go.id/api/landmark/90235672/photo
90236285;HPMBQJ;RUMAH BU PIPIH;0033;RT 002 RW 007;3272020004;-6.9394762345939;106.93422887474;3.2760000228882;1;150;Batas Wilkerstat;15040;Batas SLS;2025-08-02 09:03:29;2025-08-02 09:03:31;Filiandini Prasanty Putri;https://wilkerstat.bps.go.id/api/landmark/90236285/photo
90238046;HPMEGC;LAHAN KOSONG;0033;RT 002 RW 007;3272020004;-6.9394599264134;106.9351297617;3.0169999599457;1;150;Batas Wilkerstat;15040;Batas SLS;2025-08-02 09:05:51;2025-08-02 09:05:53;Filiandini Prasanty Putri;https://wilkerstat.bps.go.id/api/landmark/90238046/photo
90239045;HPMFSN;RUMAH BU IMAS;0033;RT 002 RW 007;3272020004;-6.9388758269208;106.93546973169;3.5250000953674;1;150;Batas Wilkerstat;15040;Batas SLS;2025-08-02 09:07:12;2025-08-02 09:07:14;Filiandini Prasanty Putri;https://wilkerstat.bps.go.id/api/landmark/90239045/photo
90240140;HPMHIQ;RUMAH KOSONG;0033;RT 002 RW 007;3272020004;-6.9385716289494;106.93493898958;3.4579999446869;1;150;Batas Wilkerstat;15040;Batas SLS;2025-08-02 09:08:28;2025-08-02 09:08:30;Filiandini Prasanty Putri;https://wilkerstat.bps.go.id/api/landmark/90240140/photo
90196724;HPJVCU;RUMAH PAK RIDWAN;0034;RT 003 RW 007;3272020004;-6.9387584;106.9353944;3.2780001163483;1;150;Batas Wilkerstat;15040;Batas SLS;2025-08-02 07:44:17;2025-08-02 07:44:19;Filiandini Prasanty Putri;https://wilkerstat.bps.go.id/api/landmark/90196724/photo
90197371;HPJWBR;RUMAH PAK MARMIN;0034;RT 003 RW 007;3272020004;-6.9379522;106.9358485;3.2590000629425;1;150;Batas Wilkerstat;15040;Batas SLS;2025-08-02 07:46:38;2025-08-02 07:46:40;Filiandini Prasanty Putri;https://wilkerstat.bps.go.id/api/landmark/90197371/photo
90198015;HPJXAL;RUMAH BU AIDA;0034;RT 003 RW 007;3272020004;-6.9378859;106.9349979;3.2360000610352;1;150;Batas Wilkerstat;15040;Batas SLS;2025-08-02 07:49:00;2025-08-02 07:49:02;Filiandini Prasanty Putri;https://wilkerstat.bps.go.id/api/landmark/90198015/photo
90198448;HPJXRC;RUMAH BU TOTOH;0034;RT 003 RW 007;3272020004;-6.9385121;106.9349797;3.4560000896454;1;150;Batas Wilkerstat;15040;Batas SLS;2025-08-02 07:50:28;2025-08-02 07:50:30;Filiandini Prasanty Putri;https://wilkerstat.bps.go.id/api/landmark/90198448/photo
90122887;HPFPWX;RUMAH BU ERNA;0035;RT 004 RW 007;3272020004;-6.9387869638576;106.93542949855;3.4319999217987;1;150;Batas Wilkerstat;15040;Batas SLS;2025-08-01 16:35:55;2025-08-01 16:35:57;Filiandini Prasanty Putri;https://wilkerstat.bps.go.id/api/landmark/90122887/photo
90124218;HPFRWC;RUMAH SAPRUDIN;0035;RT 004 RW 007;3272020004;-6.9379695560173;106.93588078022;3.3310000896454;1;150;Batas Wilkerstat;15040;Batas SLS;2025-08-01 16:37:44;2025-08-01 16:37:47;Filiandini Prasanty Putri;https://wilkerstat.bps.go.id/api/landmark/90124218/photo
90124757;HPFSQV;RUMAH KOSONG;0035;RT 004 RW 007;3272020004;-6.9381695814383;106.93620901555;3.5750000476837;1;150;Batas Wilkerstat;15040;Batas SLS;2025-08-01 16:38:32;2025-08-01 16:38:35;Filiandini Prasanty Putri;https://wilkerstat.bps.go.id/api/landmark/90124757/photo
90126056;HPFUOU;RUMAH BU ELVI;0035;RT 004 RW 007;3272020004;-6.939052554536;106.93619091064;3.1770000457764;1;150;Batas Wilkerstat;15040;Batas SLS;2025-08-01 16:40:27;2025-08-01 16:40:29;Filiandini Prasanty Putri;https://wilkerstat.bps.go.id/api/landmark/90126056/photo
90117175;HPFHLF;RUMAH PAK ADANG;0036;RT 005 RW 007;3272020004;-6.9391254421772;106.93687420338;1.6590000391006;1;150;Batas Wilkerstat;15040;Batas SLS;2025-08-01 16:28:13;2025-08-01 16:28:16;Filiandini Prasanty Putri;https://wilkerstat.bps.go.id/api/landmark/90117175/photo
90117930;HPFIOG;RUMAH PAK ADANG;0036;RT 005 RW 007;3272020004;-6.9394253131303;106.93682525307;3.0090000629425;1;150;Batas Wilkerstat;15040;Batas SLS;2025-08-01 16:29:15;2025-08-01 16:29:18;Filiandini Prasanty Putri;https://wilkerstat.bps.go.id/api/landmark/90117930/photo
90635222;HQITUC;RUMAH PAK HENDRA;0036;RT 005 RW 007;3272020004;-6.9391585;106.9353683;3.2939999103546;1;150;Batas Wilkerstat;15040;Batas SLS;2025-08-02 16:20:18;2025-08-02 16:20:20;Filiandini Prasanty Putri;https://wilkerstat.bps.go.id/api/landmark/90635222/photo
90636047;HQIUZV;RUMAH BU KASMINAH;0036;RT 005 RW 007;3272020004;-6.9388654;106.9355191;3.1489999294281;1;150;Batas Wilkerstat;15040;Batas SLS;2025-08-02 16:21:00;2025-08-02 16:21:02;Filiandini Prasanty Putri;https://wilkerstat.bps.go.id/api/landmark/90636047/photo
91262674;HRSLYW;RUMAH PAK KIPRI;0036;RT 005 RW 007;3272020004;-6.9393712;106.9357483;4.1890001296997;1;150;Batas Wilkerstat;15040;Batas SLS;2025-08-03 17:07:46;2025-08-03 17:07:48;Filiandini Prasanty Putri;https://wilkerstat.bps.go.id/api/landmark/91262674/photo
89999079;HOYOTB;WARUNG SENTOSA;0037;RT 006 RW 007;3272020004;-6.9383113631329;106.93691343069;3;1;150;Batas Wilkerstat;15040;Batas SLS;2025-08-01 13:16:50;2025-08-01 13:16:52;Filiandini Prasanty Putri;https://wilkerstat.bps.go.id/api/landmark/89999079/photo
89999696;HOYPQU;LAHAN KOSONG;0037;RT 006 RW 007;3272020004;-6.9382880656743;106.93624723703;3.2660000324249;1;150;Batas Wilkerstat;15040;Batas SLS;2025-08-01 13:18:17;2025-08-01 13:18:19;Filiandini Prasanty Putri;https://wilkerstat.bps.go.id/api/landmark/89999696/photo
90115763;HPFFIX;RUMAH SAFA;0037;RT 006 RW 007;3272020004;-6.9390552170985;106.93623885512;3.0260000228882;1;150;Batas Wilkerstat;15040;Batas SLS;2025-08-01 16:26:08;2025-08-01 16:26:11;Filiandini Prasanty Putri;https://wilkerstat.bps.go.id/api/landmark/90115763/photo
90116709;HPFGTH;LAPANG BASKET;0037;RT 006 RW 007;3272020004;-6.9390848381045;106.93687018007;3.0529999732971;1;150;Batas Wilkerstat;15040;Batas SLS;2025-08-01 16:27:37;2025-08-01 16:27:39;Filiandini Prasanty Putri;https://wilkerstat.bps.go.id/api/landmark/90116709/photo
89995959;HOYKDB;BKU KOSONG;0038;RT 001 RW 008;3272020004;-6.9360182220363;106.9378009066;3.0869998931885;1;150;Batas Wilkerstat;15040;Batas SLS;2025-08-01 13:08:01;2025-08-01 13:08:03;Filiandini Prasanty Putri;https://wilkerstat.bps.go.id/api/landmark/89995959/photo
89996500;HOYKXW;RUMAH PAK TEGUH;0038;RT 001 RW 008;3272020004;-6.9365018128077;106.93762086332;3.5;1;150;Batas Wilkerstat;15040;Batas SLS;2025-08-01 13:09:34;2025-08-01 13:09:37;Filiandini Prasanty Putri;https://wilkerstat.bps.go.id/api/landmark/89996500/photo
89998137;HOYNIV;MESJID BAITUL MUMIN;0038;RT 001 RW 008;3272020004;-6.938330001099;106.93718198687;3.3919999599457;1;150;Batas Wilkerstat;15040;Batas SLS;2025-08-01 13:14:12;2025-08-01 13:14:14;Filiandini Prasanty Putri;https://wilkerstat.bps.go.id/api/landmark/89998137/photo
89998341;HOYNQR;RUMAH BU OOS;0038;RT 001 RW 008;3272020004;-6.9382291563809;106.93732950836;4.5029997825623;1;150;Batas Wilkerstat;15040;Batas SLS;2025-08-01 13:14:46;2025-08-01 13:14:48;Filiandini Prasanty Putri;https://wilkerstat.bps.go.id/api/landmark/89998341/photo
90932785;HQZRYV;KONTRAKAN PAK ROHMAT;0038;RT 001 RW 008;3272020004;-6.9369541178354;106.93792462349;3.3670001029968;1;150;Batas Wilkerstat;15040;Batas SLS;2025-08-03 10:50:29;2025-08-03 10:50:32;Filiandini Prasanty Putri;https://wilkerstat.bps.go.id/api/landmark/90932785/photo
90934265;HQZUDT;BKU;0038;RT 001 RW 008;3272020004;-6.9364588787538;106.93766847253;3.8099999427795;1;1720;Konsentrasi Ekonomi;162020;Pertokoan;2025-08-03 10:51:45;2025-08-03 10:51:47;Filiandini Prasanty Putri;https://wilkerstat.bps.go.id/api/landmark/90934265/photo
91184334;HROABU;BATAS TAMAN;0038;RT 001 RW 008;3272020004;-6.9361869629881;106.93760912865;3.4939999580383;1;150;Batas Wilkerstat;15040;Batas SLS;2025-08-03 15:51:00;2025-08-03 15:51:02;Filiandini Prasanty Putri;https://wilkerstat.bps.go.id/api/landmark/91184334/photo
90925346;HQZGYS;RUMAH KOSONG;0039;RT 002 RW 008;3272020004;-6.9384411632384;106.93792227656;4.1149997711182;1;150;Batas Wilkerstat;15040;Batas SLS;2025-08-03 10:43:56;2025-08-03 10:43:58;Filiandini Prasanty Putri;https://wilkerstat.bps.go.id/api/landmark/90925346/photo
90925597;HQZHIJ;RUMAH PAK WAWAN;0039;RT 002 RW 008;3272020004;-6.9383290026365;106.93763997406;1.8830000162125;1;150;Batas Wilkerstat;15040;Batas SLS;2025-08-03 10:44:10;2025-08-03 10:44:12;Filiandini Prasanty Putri;https://wilkerstat.bps.go.id/api/landmark/90925597/photo
90927536;HQZKEY;RUMAH PAK HAMBALI;0039;RT 002 RW 008;3272020004;-6.9371062173682;106.93790383637;2.2599999904633;1;150;Batas Wilkerstat;15040;Batas SLS;2025-08-03 10:45:49;2025-08-03 10:45:51;Filiandini Prasanty Putri;https://wilkerstat.bps.go.id/api/landmark/90927536/photo
90928560;HQZLSI;RUMAH PAK MAMAT;0039;RT 002 RW 008;3272020004;-6.9366179677091;106.93799637258;3.5450000762939;1;150;Batas Wilkerstat;15040;Batas SLS;2025-08-03 10:46:42;2025-08-03 10:46:44;Filiandini Prasanty Putri;https://wilkerstat.bps.go.id/api/landmark/90928560/photo
90931540;HQZQCY;RUMAH PAK INDRA;0039;RT 002 RW 008;3272020004;-6.9367638;106.9382484;3.3689999580383;1;150;Batas Wilkerstat;15040;Batas SLS;2025-08-03 10:49:19;2025-08-03 10:49:22;Filiandini Prasanty Putri;https://wilkerstat.bps.go.id/api/landmark/90931540/photo
90920993;HQZANH;RUMAH KOSONG;0040;RT 003 RW 008;3272020004;-6.9392875256129;106.93789377809;1.6000000238419;1;150;Batas Wilkerstat;15040;Batas SLS;2025-08-03 10:40:09;2025-08-03 10:40:11;Filiandini Prasanty Putri;https://wilkerstat.bps.go.id/api/landmark/90920993/photo
90921397;HQZBCV;RUMAH BU LIM;0040;RT 003 RW 008;3272020004;-6.9392733;106.9379367;2.3029999732971;1;150;Batas Wilkerstat;15040;Batas SLS;2025-08-03 10:40:29;2025-08-03 10:40:31;Filiandini Prasanty Putri;https://wilkerstat.bps.go.id/api/landmark/90921397/photo
90923851;HQZETF;RUMAH PAK SAMBAS;0040;RT 003 RW 008;3272020004;-6.9385935951115;106.93823240697;1.7000000476837;1;150;Batas Wilkerstat;15040;Batas SLS;2025-08-03 10:42:40;2025-08-03 10:42:41;Filiandini Prasanty Putri;https://wilkerstat.bps.go.id/api/landmark/90923851/photo
90924401;HQZFOJ;RUMAH PAK EDI;0040;RT 003 RW 008;3272020004;-6.9384278504087;106.9379286468;1.7400000095367;1;150;Batas Wilkerstat;15040;Batas SLS;2025-08-03 10:43:06;2025-08-03 10:43:09;Filiandini Prasanty Putri;https://wilkerstat.bps.go.id/api/landmark/90924401/photo
90924834;HQZGFA;KONTRAKAN;0040;RT 003 RW 008;3272020004;-6.9384631294065;106.93788975477;2.7190001010895;1;150;Batas Wilkerstat;15040;Batas SLS;2025-08-03 10:43:29;2025-08-03 10:43:31;Filiandini Prasanty Putri;https://wilkerstat.bps.go.id/api/landmark/90924834/photo
90301788;HPPUNS;RUMAH KOSONG;0041;RT 004 RW 008;3272020004;-6.9393831;106.9375024;3;1;150;Batas Wilkerstat;15040;Batas SLS;2025-08-02 10:13:45;2025-08-02 10:13:48;Filiandini Prasanty Putri;https://wilkerstat.bps.go.id/api/landmark/90301788/photo
90304614;HPPYSK;KEBUN;0041;RT 004 RW 008;3272020004;-6.9394545;106.9368844;3.0859999656677;1;150;Batas Wilkerstat;15040;Batas SLS;2025-08-02 10:16:27;2025-08-02 10:16:30;Filiandini Prasanty Putri;https://wilkerstat.bps.go.id/api/landmark/90304614/photo
90308894;HPQFBA;RUMAH PAK FIRMAN;0041;RT 004 RW 008;3272020004;-6.938466;106.9369403;3;1;150;Batas Wilkerstat;15040;Batas SLS;2025-08-02 10:20:27;2025-08-02 10:20:30;Filiandini Prasanty Putri;https://wilkerstat.bps.go.id/api/landmark/90308894/photo
90311416;HPQIUA;RUMAH PAK HJ TUTANG VILLA 28;0041;RT 004 RW 008;3272020004;-6.9382564476929;106.93731978536;3.0179998874664;1;150;Batas Wilkerstat;15040;Batas SLS;2025-08-02 10:22:42;2025-08-02 10:22:44;Filiandini Prasanty Putri;https://wilkerstat.bps.go.id/api/landmark/90311416/photo
90917858;HQYVWS;RUMAH PAK BENI;0042;RT 005 RW 008;3272020004;-6.9383186;106.9374855;2.5999999046326;1;150;Batas Wilkerstat;15040;Batas SLS;2025-08-03 10:36:56;2025-08-03 10:36:58;Filiandini Prasanty Putri;https://wilkerstat.bps.go.id/api/landmark/90917858/photo
90918342;HQYWPI;BATAS;0042;RT 005 RW 008;3272020004;-6.9383935698705;106.93767786026;2.9210000038147;1;150;Batas Wilkerstat;15040;Batas SLS;2025-08-03 10:37:37;2025-08-03 10:37:40;Filiandini Prasanty Putri;https://wilkerstat.bps.go.id/api/landmark/90918342/photo
90918619;HQYWZZ;RUMAH PAK AGUS;0042;RT 005 RW 008;3272020004;-6.939039574544;106.93756688386;1.8040000200272;1;150;Batas Wilkerstat;15040;Batas SLS;2025-08-03 10:37:52;2025-08-03 10:37:54;Filiandini Prasanty Putri;https://wilkerstat.bps.go.id/api/landmark/90918619/photo
90919853;HQYYVL;LAHAN KOSONG;0042;RT 005 RW 008;3272020004;-6.9393078276409;106.93756788969;3.3480000495911;1;150;Batas Wilkerstat;15040;Batas SLS;2025-08-03 10:39:05;2025-08-03 10:39:11;Filiandini Prasanty Putri;https://wilkerstat.bps.go.id/api/landmark/90919853/photo
90920245;HQYZKN;RUMAH BU DINI;0042;RT 005 RW 008;3272020004;-6.93942331621;106.93763427436;2.335000038147;1;150;Batas Wilkerstat;15040;Batas SLS;2025-08-03 10:39:28;2025-08-03 10:39:30;Filiandini Prasanty Putri;https://wilkerstat.bps.go.id/api/landmark/90920245/photo
90968484;HRBSTW;BATAS 2 RUMAH SURYADI RT 01 RW 10;0049;RT 001 RW 010;3272020004;-6.927565;106.9367483;3.7039999961853;1;150;Batas Wilkerstat;15040;Batas SLS;2025-08-03 11:23:21;2025-08-03 11:23:22;PUSPITA DEWI;https://wilkerstat.bps.go.id/api/landmark/90968484/photo
90969205;HRBTVP;BATAS 1 RUMAH PA DADAN RT 01 RW 10;0049;RT 001 RW 010;3272020004;-6.9282192;106.9366323;2.5920000076294;1;150;Batas Wilkerstat;15040;Batas SLS;2025-08-03 11:16:14;2025-08-03 11:23:55;PUSPITA DEWI;https://wilkerstat.bps.go.id/api/landmark/90969205/photo
90974115;HRCBCL;BATAS 3 RUMAH HERI RT 01 RW 10;0049;RT 001 RW 010;3272020004;-6.9277696;106.9375235;4.316999912262;1;150;Batas Wilkerstat;15040;Batas SLS;2025-08-03 11:28:23;2025-08-03 11:28:25;PUSPITA DEWI;https://wilkerstat.bps.go.id/api/landmark/90974115/photo
90981439;HRCLYD;BATAS 4 RUMAH IWAN RT 01 RW 10;0049;RT 001 RW 010;3272020004;-6.9282067;106.9373468;4.1020002365112;1;150;Batas Wilkerstat;15040;Batas SLS;2025-08-03 11:35:29;2025-08-03 11:35:30;PUSPITA DEWI;https://wilkerstat.bps.go.id/api/landmark/90981439/photo
89977870;HOXJJI;BATAS 1 RT 02 RW 10 RUMAH PA ALI SADIKIN;0050;RT 002 RW 010;3272020004;-6.9276145;106.9366782;3.2079999446869;1;150;Batas Wilkerstat;15040;Batas SLS;2025-08-01 11:52:59;2025-08-01 11:53:01;PUSPITA DEWI;https://wilkerstat.bps.go.id/api/landmark/89977870/photo
89979732;HOXMCY;BATAS 2 RT 2 RW 10 RUMAH IWAN;0050;RT 002 RW 010;3272020004;-6.9270216;106.9364256;2.0659999847412;1;150;Batas Wilkerstat;15040;Batas SLS;2025-08-01 11:59:33;2025-08-01 11:59:37;PUSPITA DEWI;https://wilkerstat.bps.go.id/api/landmark/89979732/photo
89980780;HOXNRG;BATAS 3 RT 02 RW 10 WARUNG DORAYAKI PA HASAN;0050;RT 002 RW 010;3272020004;-6.9273294790486;106.93764399737;4.3870000839233;1;150;Batas Wilkerstat;15040;Batas SLS;2025-08-01 12:03:29;2025-08-01 12:03:31;PUSPITA DEWI;https://wilkerstat.bps.go.id/api/landmark/89980780/photo
89981335;HOXOMP;BATAS 4 RT 02 RW 10 RUMAH ISAN;0050;RT 002 RW 010;3272020004;-6.9277445161126;106.93749547005;5.021999835968;1;150;Batas Wilkerstat;15040;Batas SLS;2025-08-01 12:05:33;2025-08-01 12:05:35;PUSPITA DEWI;https://wilkerstat.bps.go.id/api/landmark/89981335/photo
91348291;HRXIPV;BATAS 1 RMH NENAH RT03 RW 10;0052;RT 004 RW 010;3272020004;-6.9292082926735;106.93752933294;3.7999999523163;1;150;Batas Wilkerstat;15040;Batas SLS;2025-08-04 07:55:16;2025-08-04 07:55:17;PUSPITA DEWI;https://wilkerstat.bps.go.id/api/landmark/91348291/photo
91359109;HRXYPX;BATAS 3 RT 03 RW 10 RUMAH PA UJANG;0052;RT 004 RW 010;3272020004;-6.92787;106.9396467;1.4119999408722;1;150;Batas Wilkerstat;15040;Batas SLS;2025-08-04 08:24:19;2025-08-04 08:24:21;PUSPITA DEWI;https://wilkerstat.bps.go.id/api/landmark/91359109/photo
91359250;HRXYVI;BATAS 3 RT 03 RW 10 RUMAH PA UJANG;0052;RT 004 RW 010;3272020004;-6.92787;106.9396467;1.4119999408722;1;150;Batas Wilkerstat;15040;Batas SLS;2025-08-04 08:24:37;2025-08-04 08:24:39;PUSPITA DEWI;https://wilkerstat.bps.go.id/api/landmark/91359250/photo
91360514;HRYARY;BATAS 4 RT 03 RW 10;0052;RT 004 RW 010;3272020004;-6.9293684;106.9386415;1.2000000476837;1;150;Batas Wilkerstat;15040;Batas SLS;2025-08-04 08:06:19;2025-08-04 08:27:14;PUSPITA DEWI;https://wilkerstat.bps.go.id/api/landmark/91360514/photo
91362405;HRYDMR;BATAS 2 RT 03 RW 10 WARUNG EBEH;0052;RT 004 RW 010;3272020004;-6.9273261507627;106.9376828894;1.25;1;150;Batas Wilkerstat;15040;Batas SLS;2025-08-04 08:30:56;2025-08-04 08:30:58;PUSPITA DEWI;https://wilkerstat.bps.go.id/api/landmark/91362405/photo
90888732;HQXEUM;BATAS 1;0026;Rt 001 Rw 006;3272020004;-6.9367909;106.9338515;4.7600002288818;1;150;Batas Wilkerstat;15040;Batas SLS;2025-08-03 10:10:40;2025-08-03 10:10:45;Anggie Purnama Dewi SE;https://wilkerstat.bps.go.id/api/landmark/90888732/photo
90891527;HQXIXZ;BATAS 2;0026;Rt 001 Rw 006;3272020004;-6.9368698;106.9344045;3.7920000553131;1;150;Batas Wilkerstat;15040;Batas SLS;2025-08-03 10:13:14;2025-08-03 10:13:18;Anggie Purnama Dewi SE;https://wilkerstat.bps.go.id/api/landmark/90891527/photo
90891844;HQXJKE;BATAS 3;0026;Rt 001 Rw 006;3272020004;-6.9368484;106.934381;2.8919999599457;1;150;Batas Wilkerstat;15040;Batas SLS;2025-08-03 10:13:31;2025-08-03 10:13:35;Anggie Purnama Dewi SE;https://wilkerstat.bps.go.id/api/landmark/90891844/photo
90893456;HQXLUE;BATAS 3;0026;Rt 001 Rw 006;3272020004;-6.937829;106.9343839;3;1;150;Batas Wilkerstat;15040;Batas SLS;2025-08-03 10:14:56;2025-08-03 10:15:01;Anggie Purnama Dewi SE;https://wilkerstat.bps.go.id/api/landmark/90893456/photo
90893741;HQXMFD;BATAS;0026;Rt 001 Rw 006;3272020004;-6.9377717;106.9337483;7.0879998207092;1;150;Batas Wilkerstat;15040;Batas SLS;2025-08-03 10:15:13;2025-08-03 10:15:19;Anggie Purnama Dewi SE;https://wilkerstat.bps.go.id/api/landmark/90893741/photo
90895691;HQXPCD;BATAS 2;0027;RT 002 RW 006;3272020004;-6.9378268;106.9344718;2.2160000801086;1;150;Batas Wilkerstat;15040;Batas SLS;2025-08-03 10:17:09;2025-08-03 10:17:15;Anggie Purnama Dewi SE;https://wilkerstat.bps.go.id/api/landmark/90895691/photo
90896007;HQXPOH;BATAS 3;0027;RT 002 RW 006;3272020004;-6.93785;106.9347267;5.0910000801086;1;150;Batas Wilkerstat;15040;Batas SLS;2025-08-03 10:17:25;2025-08-03 10:17:30;Anggie Purnama Dewi SE;https://wilkerstat.bps.go.id/api/landmark/90896007/photo
90896639;HQXQMP;BATAS;0027;RT 002 RW 006;3272020004;-6.9368128;106.9347946;2.7829999923706;1;150;Batas Wilkerstat;15040;Batas SLS;2025-08-03 10:17:59;2025-08-03 10:18:04;Anggie Purnama Dewi SE;https://wilkerstat.bps.go.id/api/landmark/90896639/photo
90897187;HQXRHR;BATAS;0027;RT 002 RW 006;3272020004;-6.9362519;106.9345045;6.4310002326965;1;150;Batas Wilkerstat;15040;Batas SLS;2025-08-03 10:18:28;2025-08-03 10:18:33;Anggie Purnama Dewi SE;https://wilkerstat.bps.go.id/api/landmark/90897187/photo
90898800;HQXTRS;BATAS;0027;RT 002 RW 006;3272020004;-6.9366403;106.9343462;2.2999999523163;1;150;Batas Wilkerstat;15040;Batas SLS;2025-08-03 10:19:58;2025-08-03 10:20:03;Anggie Purnama Dewi SE;https://wilkerstat.bps.go.id/api/landmark/90898800/photo
90001545;HOYSJX;BATAS 1 RT 03 RW 06 RUMAH HJ NANI;0028;RT 003 RW 006;3272020004;-6.9378117988033;106.93528164178;3;1;150;Batas Wilkerstat;15040;Batas SLS;2025-08-01 13:23:04;2025-08-01 13:23:14;Anggie Purnama Dewi SE;https://wilkerstat.bps.go.id/api/landmark/90001545/photo
90002269;HOYTLT;BATAS 2 RT 03 RW 06 RUMAH PAK BARNA;0028;RT 003 RW 006;3272020004;-6.9377898326048;106.9347800687;3.7469999790192;1;150;Batas Wilkerstat;15040;Batas SLS;2025-08-01 13:24:46;2025-08-01 13:24:51;Anggie Purnama Dewi SE;https://wilkerstat.bps.go.id/api/landmark/90002269/photo
90003658;HOYVNE;BATAS 3 RT 03 RW 06 RUMAH PAK TARMAT;0028;RT 003 RW 006;3272020004;-6.9366208;106.9346919;3.3039999008179;1;150;Batas Wilkerstat;15040;Batas SLS;2025-08-01 13:27:51;2025-08-01 13:27:57;Anggie Purnama Dewi SE;https://wilkerstat.bps.go.id/api/landmark/90003658/photo
90004431;HOYWQX;BATAS 4 RT 03 RW 06 RUMAH PAK SUGIHARTO;0028;RT 003 RW 006;3272020004;-6.9368120029103;106.93508349359;3.0209999084473;1;150;Batas Wilkerstat;15040;Batas SLS;2025-08-01 13:29:38;2025-08-01 13:29:44;Anggie Purnama Dewi SE;https://wilkerstat.bps.go.id/api/landmark/90004431/photo
90900141;HQXVRH;BATAS;0029;RT 004 RW 006;3272020004;-6.9378647;106.9353466;7.5999999046326;1;150;Batas Wilkerstat;15040;Batas SLS;2025-08-03 10:21:12;2025-08-03 10:21:17;Anggie Purnama Dewi SE;https://wilkerstat.bps.go.id/api/landmark/90900141/photo
90900756;HQXWOY;BATAS;0029;RT 004 RW 006;3272020004;-6.9376072;106.9356995;2.441999912262;1;150;Batas Wilkerstat;15040;Batas SLS;2025-08-03 10:21:39;2025-08-03 10:21:44;Anggie Purnama Dewi SE;https://wilkerstat.bps.go.id/api/landmark/90900756/photo
90901538;HQXXTA;BATAS;0029;RT 004 RW 006;3272020004;-6.9378633;106.9356483;2.654000043869;1;150;Batas Wilkerstat;15040;Batas SLS;2025-08-03 10:22:25;2025-08-03 10:22:30;Anggie Purnama Dewi SE;https://wilkerstat.bps.go.id/api/landmark/90901538/photo
90902230;HQXYTQ;BATAS;0029;RT 004 RW 006;3272020004;-6.9375619;106.935326;2.2000000476837;1;150;Batas Wilkerstat;15040;Batas SLS;2025-08-03 10:23:04;2025-08-03 10:23:09;Anggie Purnama Dewi SE;https://wilkerstat.bps.go.id/api/landmark/90902230/photo
90902711;HQXZMD;BQTAS;0029;RT 004 RW 006;3272020004;-6.937525;106.9351317;2.2709999084473;1;150;Batas Wilkerstat;15040;Batas SLS;2025-08-03 10:23:33;2025-08-03 10:23:39;Anggie Purnama Dewi SE;https://wilkerstat.bps.go.id/api/landmark/90902711/photo
90903019;HQXZXZ;BATAS;0029;RT 004 RW 006;3272020004;-6.9369946;106.9352878;8.9829998016357;1;150;Batas Wilkerstat;15040;Batas SLS;2025-08-03 10:23:45;2025-08-03 10:23:51;Anggie Purnama Dewi SE;https://wilkerstat.bps.go.id/api/landmark/90903019/photo
90903632;HQYAVO;BATS;0029;RT 004 RW 006;3272020004;-6.9371035;106.9355735;2.5329999923706;1;150;Batas Wilkerstat;15040;Batas SLS;2025-08-03 10:24:17;2025-08-03 10:24:21;Anggie Purnama Dewi SE;https://wilkerstat.bps.go.id/api/landmark/90903632/photo
90905759;HQYDZJ;BATAS;0029;RT 004 RW 006;3272020004;-6.9367003;106.9356031;2.6329998970032;1;150;Batas Wilkerstat;15040;Batas SLS;2025-08-03 10:26:17;2025-08-03 10:26:22;Anggie Purnama Dewi SE;https://wilkerstat.bps.go.id/api/landmark/90905759/photo
90906109;HQYEMV;BATAS;0029;RT 004 RW 006;3272020004;-6.9367061;106.935578;8.6859998703003;1;150;Batas Wilkerstat;15040;Batas SLS;2025-08-03 10:26:36;2025-08-03 10:26:42;Anggie Purnama Dewi SE;https://wilkerstat.bps.go.id/api/landmark/90906109/photo
90907414;HQYGLA;BATAS 1 RUMAH HILMI RT 5 RW 6;0030;RT 005 RW 006;3272020004;-6.9378705;106.9356563;2.0160000324249;1;150;Batas Wilkerstat;15040;Batas SLS;2025-08-03 10:27:48;2025-08-03 10:27:53;Anggie Purnama Dewi SE;https://wilkerstat.bps.go.id/api/landmark/90907414/photo
90907761;HQYGYJ;BATAS 2 KONTRAKAN KOSONG;0030;RT 005 RW 006;3272020004;-6.9381086;106.9362147;2.0499999523163;1;150;Batas Wilkerstat;15040;Batas SLS;2025-08-03 10:28:08;2025-08-03 10:28:14;Anggie Purnama Dewi SE;https://wilkerstat.bps.go.id/api/landmark/90907761/photo
90907984;HQYHGY;BATAS 3 RUMAH RINI RT 5 RW 6;0030;RT 005 RW 006;3272020004;-6.9378581;106.9364704;2.0659999847412;1;150;Batas Wilkerstat;15040;Batas SLS;2025-08-03 10:28:22;2025-08-03 10:28:28;Anggie Purnama Dewi SE;https://wilkerstat.bps.go.id/api/landmark/90907984/photo
90908267;HQYHRV;BATAS 4 RUMAH KONTRAKAN;0030;RT 005 RW 006;3272020004;-6.9379002;106.9366216;2.3599998950958;1;150;Batas Wilkerstat;15040;Batas SLS;2025-08-03 10:28:35;2025-08-03 10:28:43;Anggie Purnama Dewi SE;https://wilkerstat.bps.go.id/api/landmark/90908267/photo
90908628;HQYIFS;BATAS 5 RUMAH H.FADLI RT 5 RW 6;0030;RT 005 RW 006;3272020004;-6.9375934;106.9366631;2.1500000953674;1;150;Batas Wilkerstat;15040;Batas SLS;2025-08-03 10:28:58;2025-08-03 10:29:03;Anggie Purnama Dewi SE;https://wilkerstat.bps.go.id/api/landmark/90908628/photo
90909045;HQYIVT;BATAS 6 RUMAH DEDI RT 5 RW 6;0030;RT 005 RW 006;3272020004;-6.9372423;106.9359786;2.433000087738;1;150;Batas Wilkerstat;15040;Batas SLS;2025-08-03 10:29:20;2025-08-03 10:29:25;Anggie Purnama Dewi SE;https://wilkerstat.bps.go.id/api/landmark/90909045/photo
90910580;HQYLCU;BATAS;0031;RT 006 RW 006;3272020004;-6.9381384;106.9362468;2.7000000476837;1;150;Batas Wilkerstat;15040;Batas SLS;2025-08-03 10:30:33;2025-08-03 10:30:38;Anggie Purnama Dewi SE;https://wilkerstat.bps.go.id/api/landmark/90910580/photo
90910893;HQYLOV;BATAS;0031;RT 006 RW 006;3272020004;-6.9383033;106.936285;2.6819999217987;1;150;Batas Wilkerstat;15040;Batas SLS;2025-08-03 10:30:48;2025-08-03 10:30:54;Anggie Purnama Dewi SE;https://wilkerstat.bps.go.id/api/landmark/90910893/photo
90911466;HQYMKW;BATAS 3;0031;RT 006 RW 006;3272020004;-6.9383041;106.9369064;2.0999999046326;1;150;Batas Wilkerstat;15040;Batas SLS;2025-08-03 10:31:14;2025-08-03 10:31:20;Anggie Purnama Dewi SE;https://wilkerstat.bps.go.id/api/landmark/90911466/photo
90912094;HQYNJA;BATAS;0031;RT 006 RW 006;3272020004;-6.9383717;106.9371603;2.0659999847412;1;150;Batas Wilkerstat;15040;Batas SLS;2025-08-03 10:31:47;2025-08-03 10:31:52;Anggie Purnama Dewi SE;https://wilkerstat.bps.go.id/api/landmark/90912094/photo
90912572;HQYOBK;BATAS;0031;RT 006 RW 006;3272020004;-6.9377016;106.9369773;2.0160000324249;1;150;Batas Wilkerstat;15040;Batas SLS;2025-08-03 10:32:14;2025-08-03 10:32:19;Anggie Purnama Dewi SE;https://wilkerstat.bps.go.id/api/landmark/90912572/photo
90913094;HQYOVM;BATAS;0031;RT 006 RW 006;3272020004;-6.93766;106.9369683;2.4049999713898;1;150;Batas Wilkerstat;15040;Batas SLS;2025-08-03 10:32:37;2025-08-03 10:32:42;Anggie Purnama Dewi SE;https://wilkerstat.bps.go.id/api/landmark/90913094/photo
90913810;HQYPXA;BATAS;0031;RT 006 RW 006;3272020004;-6.9372455;106.9370999;2.0659999847412;1;150;Batas Wilkerstat;15040;Batas SLS;2025-08-03 10:33:14;2025-08-03 10:33:20;Anggie Purnama Dewi SE;https://wilkerstat.bps.go.id/api/landmark/90913810/photo
90914097;HQYQIB;NATAS;0031;RT 006 RW 006;3272020004;-6.9372618;106.9371427;5.9879999160767;1;150;Batas Wilkerstat;15040;Batas SLS;2025-08-03 10:33:29;2025-08-03 10:33:35;Anggie Purnama Dewi SE;https://wilkerstat.bps.go.id/api/landmark/90914097/photo
90914804;HQYRJG;BATAS;0031;RT 006 RW 006;3272020004;-6.937596;106.9366848;2.5659999847412;1;150;Batas Wilkerstat;15040;Batas SLS;2025-08-03 10:34:08;2025-08-03 10:34:14;Anggie Purnama Dewi SE;https://wilkerstat.bps.go.id/api/landmark/90914804/photo
90915785;HQYSUZ;BATAS;0031;RT 006 RW 006;3272020004;-6.9379917;106.9363945;2.2000000476837;1;150;Batas Wilkerstat;15040;Batas SLS;2025-08-03 10:35:13;2025-08-03 10:35:21;Anggie Purnama Dewi SE;https://wilkerstat.bps.go.id/api/landmark/90915785/photo
89960218;HOWJGK;BATAS 2 RT 04 RW 02 RUMAH IBU KLIT;0001;RT 004 RW 002;3272020004;-6.9282174;106.9347632;19.642000198364;1;150;Batas Wilkerstat;15040;Batas SLS;2025-08-01 11:12:59;2025-08-01 11:13:01;Eha julaeha;https://wilkerstat.bps.go.id/api/landmark/89960218/photo
89965844;HOWROU;BATAS 3 RT 04 RW 02 RUMAH KOSONG;0001;RT 004 RW 002;3272020004;-6.9267441;106.9348968;13.512999534607;1;150;Batas Wilkerstat;15040;Batas SLS;2025-08-01 11:23:13;2025-08-01 11:23:15;Eha julaeha;https://wilkerstat.bps.go.id/api/landmark/89965844/photo
89969560;HOWXBS;BATAS 4 RT 04 RW 02 RUMAH IYUM;0001;RT 004 RW 002;3272020004;-6.926745;106.9348973;17.781999588013;1;150;Batas Wilkerstat;15040;Batas SLS;2025-08-01 11:30:49;2025-08-01 11:30:54;Eha julaeha;https://wilkerstat.bps.go.id/api/landmark/89969560/photo
89970950;HOWZDE;BATAS 1 RT 04 RW 02  RUMAH HERMAN PANGKAS RAMBUT;0001;RT 004 RW 002;3272020004;-6.9278999;106.9343665;19.961000442505;1;150;Batas Wilkerstat;15040;Batas SLS;2025-08-01 11:08:54;2025-08-01 11:34:01;Eha julaeha;https://wilkerstat.bps.go.id/api/landmark/89970950/photo
90962632;HRBKCU;BATAS 1 RUMAH PA DADAN RT 01 RW 10;0015;RT 007 RW 003;3272020004;-6.92821;106.9365867;1.6000000238419;1;150;Batas Wilkerstat;15040;Batas SLS;2025-08-03 11:17:34;2025-08-03 11:17:36;PUSPITA DEWI;https://wilkerstat.bps.go.id/api/landmark/90962632/photo
90332030;HPRNGW;RUMAH ADE;0007;RT 003 RW 002;3272020004;-6.9282724;106.9351852;14.00800037384;1;150;Batas Wilkerstat;15040;Batas SLS;2025-08-02 10:41:03;2025-08-02 10:41:06;Eha julaeha;https://wilkerstat.bps.go.id/api/landmark/90332030/photo
90339845;HPRYVL;RUMAH IMA;0007;RT 003 RW 002;3272020004;-6.9286854;106.9364722;18.701000213623;1;150;Batas Wilkerstat;15040;Batas SLS;2025-08-02 10:48:18;2025-08-02 10:48:21;Eha julaeha;https://wilkerstat.bps.go.id/api/landmark/90339845/photo
90374038;HPTXKO;KONTRAKAN NINING;0007;RT 003 RW 002;3272020004;-6.9278924;106.9352088;13.534000396729;1;150;Batas Wilkerstat;15040;Batas SLS;2025-08-02 11:19:41;2025-08-02 11:19:42;Eha julaeha;https://wilkerstat.bps.go.id/api/landmark/90374038/photo
90379704;HPUFUM;RUMAH KOSONG;0007;RT 003 RW 002;3272020004;-6.9282131;106.9364086;10.229000091553;1;150;Batas Wilkerstat;15070;Batas Segmen;2025-08-02 10:59:39;2025-08-02 11:24:53;Eha julaeha;https://wilkerstat.bps.go.id/api/landmark/90379704/photo
90432207;HPXFLV;BATAS 2 RT 003 RW 009 SUNGAI CURUG CACI KEBON JENGKOL;0045;RT 003 RW 009;3272020004;-6.9292228;106.9364768;20;1;150;Batas Wilkerstat;15040;Batas SLS;2025-08-02 12:24:18;2025-08-02 12:24:20;Eha julaeha;https://wilkerstat.bps.go.id/api/landmark/90432207/photo
90440260;HPXRJO;BATAS 3 RT 003 RW 009 RUMAH H ACEP;0045;RT 003 RW 009;3272020004;-6.9286675;106.9365032;12.704999923706;1;150;Batas Wilkerstat;15040;Batas SLS;2025-08-02 12:35:40;2025-08-02 12:35:42;Eha julaeha;https://wilkerstat.bps.go.id/api/landmark/90440260/photo
90445172;HPXYQM;BATAS 4 RT 003 RW 009 KEBUN;0045;RT 003 RW 009;3272020004;-6.9285652;106.9353941;13.854999542236;1;150;Batas Wilkerstat;15040;Batas SLS;2025-08-02 12:43:36;2025-08-02 12:43:38;Eha julaeha;https://wilkerstat.bps.go.id/api/landmark/90445172/photo
90475225;HPZRCJ;BATAS 1 RT 003 RW 009 RUMAH YUDI;0045;RT 003 RW 009;3272020004;-6.9288781;106.9353886;17.787000656128;1;150;Batas Wilkerstat;15040;Batas SLS;2025-08-02 13:27:03;2025-08-02 13:27:05;Eha julaeha;https://wilkerstat.bps.go.id/api/landmark/90475225/photo
90535145;HQDBSZ;RUMAH FARID;0062;RT 002 RW 013;3272020004;-6.934531;106.9358504;16.892000198364;1;150;Batas Wilkerstat;15040;Batas SLS;2025-08-02 14:39:44;2025-08-02 14:39:47;Eha julaeha;https://wilkerstat.bps.go.id/api/landmark/90535145/photo
90540225;HQDJGJ;RUMAH MUJIB;0062;RT 002 RW 013;3272020004;-6.9339831;106.9363227;10.743000030518;1;150;Batas Wilkerstat;15040;Batas SLS;2025-08-02 14:45:20;2025-08-02 14:45:22;Eha julaeha;https://wilkerstat.bps.go.id/api/landmark/90540225/photo
90545648;HQDRGY;RUMAH SYAIFUDIN;0062;RT 002 RW 013;3272020004;-6.9342101;106.936339;18.485000610352;1;150;Batas Wilkerstat;15040;Batas SLS;2025-08-02 14:51:07;2025-08-02 14:51:09;Eha julaeha;https://wilkerstat.bps.go.id/api/landmark/90545648/photo
90559380;HQELPC;RUMAH HILMAN;0062;RT 002 RW 013;3272020004;-6.9349927;106.9362552;11.913999557495;1;150;Batas Wilkerstat;15040;Batas SLS;2025-08-02 15:05:33;2025-08-02 15:05:34;Eha julaeha;https://wilkerstat.bps.go.id/api/landmark/90559380/photo
90952629;HRAVIB;BATAS RT 005 RW 013 KEBUN BU WATI;0065;RT 005 RW 013;3272020004;-6.9355431;106.9374951;11.680000305176;1;150;Batas Wilkerstat;15040;Batas SLS;2025-08-03 11:08:30;2025-08-03 11:08:32;Eha julaeha;https://wilkerstat.bps.go.id/api/landmark/90952629/photo
90970553;HRBVVL;BATAS 2 RT 005 RW 013 RUMAH SILALAHI;0065;RT 005 RW 013;3272020004;-6.9349094;106.9373373;19.152000427246;1;150;Batas Wilkerstat;15040;Batas SLS;2025-08-03 11:25:01;2025-08-03 11:25:03;Eha julaeha;https://wilkerstat.bps.go.id/api/landmark/90970553/photo
90988427;HRCWGX;BATAS 3 RT 005 RW 013 SELOKAN DEKAT RUMAH ABENG;0065;RT 005 RW 013;3272020004;-6.9348362;106.9368292;14.380000114441;1;150;Batas Wilkerstat;15040;Batas SLS;2025-08-03 11:42:36;2025-08-03 11:42:37;Eha julaeha;https://wilkerstat.bps.go.id/api/landmark/90988427/photo
91005744;HRDVWY;BATAS 4 RT 005 RW 013 SELOKAN DEKAT RUMAH MASNUR;0065;RT 005 RW 013;3272020004;-6.9348286;106.936843;20;1;150;Batas Wilkerstat;15040;Batas SLS;2025-08-03 12:02:08;2025-08-03 12:02:09;Eha julaeha;https://wilkerstat.bps.go.id/api/landmark/91005744/photo
91013287;HREHBB;RUMAH YAYAH;0064;RT 004 RW 013;3272020004;-6.9361989;106.9369987;11.814999580383;1;150;Batas Wilkerstat;15040;Batas SLS;2025-08-03 12:11:28;2025-08-03 12:11:29;Eha julaeha;https://wilkerstat.bps.go.id/api/landmark/91013287/photo
91025505;HREZCZ;SUNGAI CISUDA;0064;RT 004 RW 013;3272020004;-6.9350118;106.9374245;19.554000854492;1;150;Batas Wilkerstat;15040;Batas SLS;2025-08-03 12:29:01;2025-08-03 12:29:03;Eha julaeha;https://wilkerstat.bps.go.id/api/landmark/91025505/photo
91044949;HRGBWV;JEMBATAN ASSALAM;0064;RT 004 RW 013;3272020004;-6.9345921;106.9377525;17.32200050354;1;150;Batas Wilkerstat;15040;Batas SLS;2025-08-03 12:58:20;2025-08-03 12:58:22;Eha julaeha;https://wilkerstat.bps.go.id/api/landmark/91044949/photo
91053427;HRGOKX;SUNGAI JEMBATAN KEBON JENGKOL;0064;RT 004 RW 013;3272020004;-6.9334059;106.937361;11.196000099182;1;150;Batas Wilkerstat;15040;Batas SLS;2025-08-03 13:11:20;2025-08-03 13:11:21;Eha julaeha;https://wilkerstat.bps.go.id/api/landmark/91053427/photo
91160919;HRMRLF;BATAS RUMAH H TATI;0063;RT 003 RW 013;3272020004;-6.9360725;106.9369548;19.568000793457;1;150;Batas Wilkerstat;15040;Batas SLS;2025-08-03 15:25:55;2025-08-03 15:25:56;Eha julaeha;https://wilkerstat.bps.go.id/api/landmark/91160919/photo
90108425;HPEUMR;WARUNG HJ. DEDEH;0012;RT 01 RW 03;3272020005;-6.9262853946186;106.92918464541;7.9730000495911;1;150;Batas Wilkerstat;15040;Batas SLS;2025-08-01 16:15:23;2025-08-01 16:15:25;Kalistya Fadilla;https://wilkerstat.bps.go.id/api/landmark/90108425/photo
90110153;HPEXBD;TOKO JENNI;0012;RT 01 RW 03;3272020005;-6.9268821572168;106.92896537483;11.149000167847;1;150;Batas Wilkerstat;15040;Batas SLS;2025-08-01 16:17:54;2025-08-01 16:17:56;Kalistya Fadilla;https://wilkerstat.bps.go.id/api/landmark/90110153/photo
90111681;HPEZHX;RUMAH BU IIS;0012;RT 01 RW 03;3272020005;-6.9268059393922;106.92848861217;11.866000175476;1;150;Batas Wilkerstat;15040;Batas SLS;2025-08-01 16:20:12;2025-08-01 16:20:15;Kalistya Fadilla;https://wilkerstat.bps.go.id/api/landmark/90111681/photo
90115598;HPFFCO;RUMAH PA ANGGA;0012;RT 01 RW 03;3272020005;-6.9261702356588;106.92864485085;8.7030000686646;1;150;Batas Wilkerstat;15040;Batas SLS;2025-08-01 16:25:54;2025-08-01 16:25:57;Kalistya Fadilla;https://wilkerstat.bps.go.id/api/landmark/90115598/photo
90151808;HPHGRG;AULA;0013;RT 02 RW 03;3272020005;-6.9269883296245;106.92951723933;17.41900062561;1;150;Batas Wilkerstat;15040;Batas SLS;2025-08-01 17:20:36;2025-08-01 17:20:38;Kalistya Fadilla;https://wilkerstat.bps.go.id/api/landmark/90151808/photo
90154488;HPHKQI;RUMAH UJANG RASYID;0013;RT 02 RW 03;3272020005;-6.9262138363087;106.93009056151;11.293000221252;1;150;Batas Wilkerstat;15040;Batas SLS;2025-08-01 17:25:30;2025-08-01 17:25:36;Kalistya Fadilla;https://wilkerstat.bps.go.id/api/landmark/90154488/photo
90155963;HPHMVB;KONTRAKAN;0013;RT 02 RW 03;3272020005;-6.9261525957001;106.92985218018;6.0780000686646;1;150;Batas Wilkerstat;15040;Batas SLS;2025-08-01 17:28:31;2025-08-01 17:28:33;Kalistya Fadilla;https://wilkerstat.bps.go.id/api/landmark/90155963/photo
90371719;HPTTZJ;RUMAH BUDI;0013;RT 02 RW 03;3272020005;-6.9263628;106.9292803;6.1399998664856;1;150;Batas Wilkerstat;15040;Batas SLS;2025-08-01 09:32:35;2025-08-02 11:17:36;Kalistya Fadilla;https://wilkerstat.bps.go.id/api/landmark/90371719/photo
90473281;HPZOFP;RUMAH KOSONG;0013;RT 02 RW 03;3272020005;-6.9268641844558;106.92907165736;8.7440004348755;1;150;Batas Wilkerstat;15040;Batas SLS;2025-08-01 09:39:11;2025-08-02 13:24:20;Kalistya Fadilla;https://wilkerstat.bps.go.id/api/landmark/90473281/photo
90840802;HQULXA;ROBINSON MART;0014;RW 03 RW 03;3272020005;-6.9255652;106.9294196;11.810000419617;1;1720;Konsentrasi Ekonomi;162010;Mall;2025-08-03 09:24:19;2025-08-03 09:24:24;Kalistya Fadilla;https://wilkerstat.bps.go.id/api/landmark/90840802/photo
90311763;HPQJHJ;RUMAH BU EMPAY AMINAH;0015;RT 04 RW 05;3272020005;-6.9266867866111;106.93059146404;9.4280004501343;1;150;Batas Wilkerstat;15040;Batas SLS;2025-08-02 10:23:03;2025-08-02 10:23:06;Kalistya Fadilla;https://wilkerstat.bps.go.id/api/landmark/90311763/photo
90320061;HPQVON;RUMAH HJ.ATI;0015;RT 04 RW 05;3272020005;-6.9263146835981;106.9307661429;10.913000106812;1;150;Batas Wilkerstat;15040;Batas SLS;2025-08-02 10:30:44;2025-08-02 10:30:48;Kalistya Fadilla;https://wilkerstat.bps.go.id/api/landmark/90320061/photo
90819078;HQTFTM;GUDANG TELOR;0015;RT 04 RW 05;3272020005;-6.9271314;106.9316264;15.713000297546;1;150;Batas Wilkerstat;15040;Batas SLS;2025-08-03 08:58:07;2025-08-03 08:58:08;Kalistya Fadilla;https://wilkerstat.bps.go.id/api/landmark/90819078/photo
90823792;HQTMSU;PUNGGUNG GUDANG TELOR;0015;RT 04 RW 05;3272020005;-6.9262113;106.9315069;13.864999771118;1;150;Batas Wilkerstat;15040;Batas SLS;2025-08-03 09:04:20;2025-08-03 09:04:22;Kalistya Fadilla;https://wilkerstat.bps.go.id/api/landmark/90823792/photo
90346097;HPSIBX;RUMAH HJ.HASANAH;0016;RT 05 RW 03;3272020005;-6.926296;106.9307386;13.607999801636;1;150;Batas Wilkerstat;15040;Batas SLS;2025-08-02 10:54:13;2025-08-02 10:54:16;Kalistya Fadilla;https://wilkerstat.bps.go.id/api/landmark/90346097/photo
90828017;HQTSZH;KIOS KOSONG;0016;RT 05 RW 03;3272020005;-6.9262639;106.9309107;17.125999450684;1;150;Batas Wilkerstat;15040;Batas SLS;2025-08-03 09:09:38;2025-08-03 09:09:50;Kalistya Fadilla;https://wilkerstat.bps.go.id/api/landmark/90828017/photo
90152595;HPHHVN;RUMAH H. AJAM;0017;RT 06 RW 03;3272020005;-6.9270102963266;106.92970968783;13.781999588013;1;150;Batas Wilkerstat;15040;Batas SLS;2025-08-01 17:22:02;2025-08-01 17:22:04;Kalistya Fadilla;https://wilkerstat.bps.go.id/api/landmark/90152595/photo
90155161;HPHLQF;RUMAH ATIKAH;0017;RT 06 RW 03;3272020005;-6.9261928680577;106.93022366613;13.678999900818;1;150;Batas Wilkerstat;15040;Batas SLS;2025-08-01 17:26:47;2025-08-01 17:26:53;Kalistya Fadilla;https://wilkerstat.bps.go.id/api/landmark/90155161/photo
90307032;HPQCHK;WARUNG EBOY;0017;RT 06 RW 03;3272020005;-6.9271986773961;106.93024948239;18.148000717163;1;150;Batas Wilkerstat;15040;Batas SLS;2025-08-02 10:18:47;2025-08-02 10:18:50;Kalistya Fadilla;https://wilkerstat.bps.go.id/api/landmark/90307032/photo
90345039;HPSGNF;RUMAH HJ. FATHONI;0017;RT 06 RW 03;3272020005;-6.9262714157868;106.93070512265;7.0840001106262;1;150;Batas Wilkerstat;15040;Batas SLS;2025-08-02 10:53:02;2025-08-02 10:53:05;Kalistya Fadilla;https://wilkerstat.bps.go.id/api/landmark/90345039/photo
90308230;HPQEBM;RUMAH KOSONG;0018;RT 07 RW 03;3272020005;-6.9272000087108;106.93033464253;16.162000656128;1;150;Batas Wilkerstat;15040;Batas SLS;2025-08-02 10:19:47;2025-08-02 10:19:50;Kalistya Fadilla;https://wilkerstat.bps.go.id/api/landmark/90308230/photo
90310286;HPQHCO;LAHAN KOSONG;0018;RT 07 RW 03;3272020005;-6.9267460301764;106.93058107048;12.013999938965;1;150;Batas Wilkerstat;15040;Batas SLS;2025-08-02 10:21:41;2025-08-02 10:21:44;Kalistya Fadilla;https://wilkerstat.bps.go.id/api/landmark/90310286/photo
90330012;HPRKHG;KONTRAKAN HJ. DADIH;0018;RT 07 RW 03;3272020005;-6.9270262721092;106.93115204573;9.7950000762939;1;150;Batas Wilkerstat;15040;Batas SLS;2025-08-02 10:39:16;2025-08-02 10:39:19;Kalistya Fadilla;https://wilkerstat.bps.go.id/api/landmark/90330012/photo
90815870;HQTBAC;RUMAH BU ROS;0018;RT 07 RW 03;3272020005;-6.9273471189633;106.93089757115;8.2469997406006;1;150;Batas Wilkerstat;15040;Batas SLS;2025-08-03 08:53:57;2025-08-03 08:53:59;Kalistya Fadilla;https://wilkerstat.bps.go.id/api/landmark/90815870/photo
91050307;HRGJUX;BUNDA LAUNDRY;0028;RT 01 RW 05;3272020005;-6.9269258;106.9288498;14.352000236511;1;150;Batas Wilkerstat;15040;Batas SLS;2025-08-03 13:06:36;2025-08-03 13:06:37;Kalistya Fadilla;https://wilkerstat.bps.go.id/api/landmark/91050307/photo
91057693;HRGUSZ;RUMAH PA ZAENAL;0028;RT 01 RW 05;3272020005;-6.9276701;106.9283488;14.75800037384;1;150;Batas Wilkerstat;15040;Batas SLS;2025-08-03 13:17:35;2025-08-03 13:17:37;Kalistya Fadilla;https://wilkerstat.bps.go.id/api/landmark/91057693/photo
91060043;HRGYFJ;RUMAH BU LILIS;0028;RT 01 RW 05;3272020005;-6.927786785304;106.92855868489;8.0329999923706;1;150;Batas Wilkerstat;15040;Batas SLS;2025-08-03 13:20:50;2025-08-03 13:20:52;Kalistya Fadilla;https://wilkerstat.bps.go.id/api/landmark/91060043/photo
91065111;HRHFSH;RUMAH KOSONG;0028;RT 01 RW 05;3272020005;-6.9268894;106.9285075;17.22500038147;1;150;Batas Wilkerstat;15040;Batas SLS;2025-08-03 13:27:54;2025-08-03 13:27:56;Kalistya Fadilla;https://wilkerstat.bps.go.id/api/landmark/91065111/photo
91082917;HRIGBD;GARDU LISTRIK;0029;RT 02 RW 05;3272020005;-6.9270871;106.9295685;15.826000213623;1;150;Batas Wilkerstat;15040;Batas SLS;2025-08-03 13:52:36;2025-08-03 13:52:38;Kalistya Fadilla;https://wilkerstat.bps.go.id/api/landmark/91082917/photo
91085813;HRIKIN;RUMAH PRODUKSI TUWIW;0029;RT 02 RW 05;3272020005;-6.9269345;106.9289125;10.746999740601;1;150;Batas Wilkerstat;15040;Batas SLS;2025-08-03 13:56:41;2025-08-03 13:56:43;Kalistya Fadilla;https://wilkerstat.bps.go.id/api/landmark/91085813/photo
91089567;HRIPWX;RUMAH PA FIRMAN;0029;RT 02 RW 05;3272020005;-6.9274291;106.9289367;8.2679996490479;1;150;Batas Wilkerstat;15040;Batas SLS;2025-08-03 14:01:44;2025-08-03 14:01:46;Kalistya Fadilla;https://wilkerstat.bps.go.id/api/landmark/91089567/photo
91098866;HRJDQO;WARUNG;0029;RT 02 RW 05;3272020005;-6.9282275;106.9290301;8.8070001602173;1;150;Batas Wilkerstat;15040;Batas SLS;2025-08-03 14:13:28;2025-08-03 14:13:30;Kalistya Fadilla;https://wilkerstat.bps.go.id/api/landmark/91098866/photo
91104557;HRJMBL;WARUNG BU TUTI;0029;RT 02 RW 05;3272020005;-6.9280544;106.9288699;18.739000320435;1;150;Batas Wilkerstat;15040;Batas SLS;2025-08-03 14:20:37;2025-08-03 14:20:47;Kalistya Fadilla;https://wilkerstat.bps.go.id/api/landmark/91104557/photo
91136290;HRLGZY;RUMAH PA DIKA;0030;RT 03 RW 05;3272020005;-6.9277679;106.92928;17.075000762939;1;150;Batas Wilkerstat;15040;Batas SLS;2025-08-03 14:58:59;2025-08-03 14:59:01;Kalistya Fadilla;https://wilkerstat.bps.go.id/api/landmark/91136290/photo
91139737;HRLMCN;RUMAH DIKRI;0030;RT 03 RW 05;3272020005;-6.9279711;106.9297025;17.29700088501;1;150;Batas Wilkerstat;15040;Batas SLS;2025-08-03 15:02:50;2025-08-03 15:02:52;Kalistya Fadilla;https://wilkerstat.bps.go.id/api/landmark/91139737/photo
91062520;HRHBWQ;GARASI;0031;RT 04 RW 05;3272020005;-6.9276068;106.9282757;20;1;150;Batas Wilkerstat;15040;Batas SLS;2025-08-03 13:24:24;2025-08-03 13:24:26;Kalistya Fadilla;https://wilkerstat.bps.go.id/api/landmark/91062520/photo
91101874;HRJICG;RUMAH PA RT WANDI;0031;RT 04 RW 05;3272020005;-6.9280527;106.9288463;15.232000350952;1;150;Batas Wilkerstat;15040;Batas SLS;2025-08-03 14:17:11;2025-08-03 14:17:13;Kalistya Fadilla;https://wilkerstat.bps.go.id/api/landmark/91101874/photo
91116610;HRKDXA;PUNGGUNG PESANTREN ATTAFSIRIYSH;0031;RT 04 RW 05;3272020005;-6.9277712;106.9286598;7.6939997673035;1;150;Batas Wilkerstat;15040;Batas SLS;2025-08-03 14:35:32;2025-08-03 14:35:34;Kalistya Fadilla;https://wilkerstat.bps.go.id/api/landmark/91116610/photo
91125299;HRKQTF;RUMAH REZALIAWATI;0031;RT 04 RW 05;3272020005;-6.9285298;106.9280129;18.916999816895;1;150;Batas Wilkerstat;15040;Batas SLS;2025-08-03 14:45:41;2025-08-03 14:45:42;Kalistya Fadilla;https://wilkerstat.bps.go.id/api/landmark/91125299/photo
91127378;HRKTVE;RUMAH PA FIKRI;0031;RT 04 RW 05;3272020005;-6.9282717158341;106.92844569683;9.1099996566772;1;150;Batas Wilkerstat;15040;Batas SLS;2025-08-03 14:48:04;2025-08-03 14:48:06;Kalistya Fadilla;https://wilkerstat.bps.go.id/api/landmark/91127378/photo
91060528;HRGYYA;RUAMH RT 05;0032;RT 05 RW 05;3272020005;-6.9277329;106.9286322;14.947999954224;1;150;Batas Wilkerstat;15040;Batas SLS;2025-08-03 13:21:36;2025-08-03 13:21:38;Kalistya Fadilla;https://wilkerstat.bps.go.id/api/landmark/91060528/photo
91067549;HRHJIB;RENTAL PS;0032;RT 05 RW 05;3272020005;-6.9269378;106.9288473;7.3670001029968;1;150;Batas Wilkerstat;15040;Batas SLS;2025-08-03 13:31:00;2025-08-03 13:31:03;Kalistya Fadilla;https://wilkerstat.bps.go.id/api/landmark/91067549/photo
91075685;HRHVIZ;KOS PUTRI;0032;RT 05 RW 05;3272020005;-6.9279483;106.9288183;14.180000305176;1;150;Batas Wilkerstat;15040;Batas SLS;2025-08-03 13:42:44;2025-08-03 13:42:46;Kalistya Fadilla;https://wilkerstat.bps.go.id/api/landmark/91075685/photo
91077434;HRHXYG;RUMAH BU RT 05;0032;RT 05 RW 05;3272020005;-6.9274822;106.9290679;11.923000335693;1;150;Batas Wilkerstat;15040;Batas SLS;2025-08-03 13:45:14;2025-08-03 13:45:16;Kalistya Fadilla;https://wilkerstat.bps.go.id/api/landmark/91077434/photo
90205824;HPKIOU;TANAH KOSONG PAK RUDI;0006;RT 01/02;3272020005;-6.9266158940203;106.92767690867;5.4470000267029;1;150;Batas Wilkerstat;15040;Batas SLS;2025-08-02 08:11:29;2025-08-02 08:11:33;Lia Ariyanti;https://wilkerstat.bps.go.id/api/landmark/90205824/photo
90209913;HPKOQB;RUMAH PAK RICOHPATTY (KONTRAKAN);0006;RT 01/02;3272020005;-6.9262376;106.9277575;3.885999917984;1;150;Batas Wilkerstat;15040;Batas SLS;2025-08-02 08:20:35;2025-08-02 08:20:38;Lia Ariyanti;https://wilkerstat.bps.go.id/api/landmark/90209913/photo
90219498;HPLCUS;HONGKIAT;0006;RT 01/02;3272020005;-6.926377588332;106.92695572972;4.3800001144409;1;150;Batas Wilkerstat;15040;Batas SLS;2025-08-02 08:38:23;2025-08-02 08:38:27;Lia Ariyanti;https://wilkerstat.bps.go.id/api/landmark/90219498/photo
90233379;HPLXIP;KIOS MIE AYAM;0006;RT 01/02;3272020005;-6.9255138956173;106.92740030587;4.7839999198914;1;150;Batas Wilkerstat;15040;Batas SLS;2025-08-02 08:59:15;2025-08-02 08:59:19;Lia Ariyanti;https://wilkerstat.bps.go.id/api/landmark/90233379/photo
90259775;HPNKJV;COUNTER HP;0006;RT 01/02;3272020005;-6.9254293568235;106.92717365921;4.3200001716614;1;150;Batas Wilkerstat;15040;Batas SLS;2025-08-02 09:31:23;2025-08-02 09:31:28;Lia Ariyanti;https://wilkerstat.bps.go.id/api/landmark/90259775/photo
89903974;HOTEBE;RUMAH PAK MAMAN;0007;RT 02/02;3272020005;-6.9257478749559;106.92826364189;4.2789998054504;1;150;Batas Wilkerstat;15040;Batas SLS;2025-08-01 08:18:19;2025-08-01 08:18:22;Lia Ariyanti;https://wilkerstat.bps.go.id/api/landmark/89903974/photo
89904220;HOTEKQ;KONTRAKAN PAK OLIS;0007;RT 02/02;3272020005;-6.9257009459656;106.92804705352;4.9409999847412;1;150;Batas Wilkerstat;15040;Batas SLS;2025-08-01 08:19:37;2025-08-01 08:19:40;Lia Ariyanti;https://wilkerstat.bps.go.id/api/landmark/89904220/photo
90096993;HPEDOZ;RUMAH PAK EMI;0007;RT 02/02;3272020005;-6.926600583882;106.92805442959;4.7940001487732;1;150;Batas Wilkerstat;15040;Batas SLS;2025-08-01 15:58:41;2025-08-01 15:58:45;Lia Ariyanti;https://wilkerstat.bps.go.id/api/landmark/90096993/photo
90098155;HPEFHR;RUMAH BU DIAN;0007;RT 02/02;3272020005;-6.9265912646671;106.9277439639;4.4019999504089;1;150;Batas Wilkerstat;15040;Batas SLS;2025-08-01 16:00:28;2025-08-01 16:00:32;Lia Ariyanti;https://wilkerstat.bps.go.id/api/landmark/90098155/photo
90095704;HPEBRK;TANAH KOSONG KO UUN;0008;RT 03/02;3272020005;-6.9268249106423;106.92839205265;3.819000005722;1;150;Batas Wilkerstat;15040;Batas SLS;2025-08-01 15:56:38;2025-08-01 15:56:46;Lia Ariyanti;https://wilkerstat.bps.go.id/api/landmark/90095704/photo
90099592;HPEHKY;TANAH KOSONG H.UPAN;0008;RT 03/02;3272020005;-6.9267456973474;106.92810002714;4.7210001945496;1;150;Batas Wilkerstat;15040;Batas SLS;2025-08-01 16:02:38;2025-08-01 16:02:42;Lia Ariyanti;https://wilkerstat.bps.go.id/api/landmark/90099592/photo
90110001;HPEWVH;RUMAH PAK ZAENAL;0008;RT 03/02;3272020005;-6.9261718998058;106.92856706679;4.9229998588562;1;150;Batas Wilkerstat;15040;Batas SLS;2025-08-01 16:17:41;2025-08-01 16:17:45;Lia Ariyanti;https://wilkerstat.bps.go.id/api/landmark/90110001/photo
90111336;HPEYUQ;RUMAH PAK DADANG CAKWE;0008;RT 03/02;3272020005;-6.9260031552684;106.92831728607;4.3559999465942;1;150;Batas Wilkerstat;15040;Batas SLS;2025-08-01 16:19:39;2025-08-01 16:19:43;Lia Ariyanti;https://wilkerstat.bps.go.id/api/landmark/90111336/photo
89904600;HOTEZG;POS KAMLING;0009;RT 04/02;3272020005;-6.9256540169706;106.92801654339;4.0320000648499;1;150;Batas Wilkerstat;15040;Batas SLS;2025-08-01 08:21:45;2025-08-01 08:21:49;Lia Ariyanti;https://wilkerstat.bps.go.id/api/landmark/89904600/photo
90263975;HPNQPJ;BEKAS AKUPUNTUR;0009;RT 04/02;3272020005;-6.926133;106.9273348;4.4409999847412;1;150;Batas Wilkerstat;15040;Batas SLS;2025-08-02 09:35:58;2025-08-02 09:36:05;Lia Ariyanti;https://wilkerstat.bps.go.id/api/landmark/90263975/photo
90283667;HPOTST;RUMAH DEPAN BU TETI;0009;RT 04/02;3272020005;-6.9261466047705;106.92776273936;3.8650000095367;1;150;Batas Wilkerstat;15040;Batas SLS;2025-08-02 09:56:02;2025-08-02 09:56:10;Lia Ariyanti;https://wilkerstat.bps.go.id/api/landmark/90283667/photo
90311364;HPQISA;RUKO MERAH (TERMINAL ANGKOT);0009;RT 04/02;3272020005;-6.9255132299576;106.92746400833;3.9949998855591;1;150;Batas Wilkerstat;15040;Batas SLS;2025-08-02 10:22:33;2025-08-02 10:22:41;Lia Ariyanti;https://wilkerstat.bps.go.id/api/landmark/90311364/photo
90366705;HPTMON;OXO WARE HOUSE;0009;RT 04/02;3272020005;-6.9249161327971;106.92778721452;3.789999961853;1;150;Batas Wilkerstat;15040;Batas SLS;2025-08-02 11:12:39;2025-08-02 11:12:43;Lia Ariyanti;https://wilkerstat.bps.go.id/api/landmark/90366705/photo
90379745;HPUFWB;TUKANG UBI;0009;RT 04/02;3272020005;-6.9246029393912;106.92735973746;3.7799999713898;1;150;Batas Wilkerstat;15040;Batas SLS;2025-08-02 11:24:51;2025-08-02 11:24:55;Lia Ariyanti;https://wilkerstat.bps.go.id/api/landmark/90379745/photo
90399181;HPVIPP;TUKANG ROKOK & MINUMAN;0009;RT 04/02;3272020005;-6.9253258467049;106.92716561258;3.7260000705719;1;150;Batas Wilkerstat;15040;Batas SLS;2025-08-02 11:44:13;2025-08-02 11:44:17;Lia Ariyanti;https://wilkerstat.bps.go.id/api/landmark/90399181/photo
89898522;HOSVZM;RUMAH PAK ZAMAL;0010;RT 05/02;3272020005;-6.9262358030469;106.92927952856;4.9479999542236;1;150;Batas Wilkerstat;15040;Batas SLS;2025-08-01 07:28:31;2025-08-01 07:28:34;Lia Ariyanti;https://wilkerstat.bps.go.id/api/landmark/89898522/photo
89899364;HOSXFW;RUMAH PAK UJANG RAHMAT;0010;RT 05/02;3272020005;-6.9259109614818;106.92829381675;4.0999999046326;1;150;Batas Wilkerstat;15040;Batas SLS;2025-08-01 07:40:13;2025-08-01 07:40:17;Lia Ariyanti;https://wilkerstat.bps.go.id/api/landmark/89899364/photo
89903135;HOTCUX;KONTRAKAN BU SUNARTI;0010;RT 05/02;3272020005;-6.9260514155466;106.92937474698;4.0910000801086;1;150;Batas Wilkerstat;15040;Batas SLS;2025-08-01 08:12:54;2025-08-01 08:12:58;Lia Ariyanti;https://wilkerstat.bps.go.id/api/landmark/89903135/photo
89903580;HOTDMA;RUMAH PAK SULAEMAN;0010;RT 05/02;3272020005;-6.9257751669907;106.92832667381;5.5100002288818;1;150;Batas Wilkerstat;15040;Batas SLS;2025-08-01 08:15:54;2025-08-01 08:15:58;Lia Ariyanti;https://wilkerstat.bps.go.id/api/landmark/89903580/photo
89905074;HOTFRM;TANAH KOSONG;0011;RT 06/02;3272020005;-6.9255045763809;106.92778151482;4.8920001983643;1;150;Batas Wilkerstat;15040;Batas SLS;2025-08-01 08:24:17;2025-08-01 08:24:21;Lia Ariyanti;https://wilkerstat.bps.go.id/api/landmark/89905074/photo
89908963;HOTLLB;WARUNG PAK ADE;0011;RT 06/02;3272020005;-6.9259905077464;106.92940123379;4.3870000839233;1;150;Batas Wilkerstat;15040;Batas SLS;2025-08-01 08:41:46;2025-08-01 08:41:49;Lia Ariyanti;https://wilkerstat.bps.go.id/api/landmark/89908963/photo
89916864;HOTXCY;TBK SERBA GUNA;0011;RT 06/02;3272020005;-6.9253308391548;106.9294025749;4.460000038147;1;150;Batas Wilkerstat;15040;Batas SLS;2025-08-01 09:07:29;2025-08-01 09:07:34;Lia Ariyanti;https://wilkerstat.bps.go.id/api/landmark/89916864/photo
89918554;HOTZPY;BCA;0011;RT 06/02;3272020005;-6.9248968286399;106.92787941545;4.4749999046326;1;150;Batas Wilkerstat;15040;Batas SLS;2025-08-01 09:12:23;2025-08-01 09:12:28;Lia Ariyanti;https://wilkerstat.bps.go.id/api/landmark/89918554/photo
90615020;HQHPXC;RUMAH PAK RW 06;0033;RT 01/06;3272020005;-6.9279868150477;106.93017438054;4.8600001335144;1;150;Batas Wilkerstat;15040;Batas SLS;2025-08-02 16:02:02;2025-08-02 16:02:06;Lia Ariyanti;https://wilkerstat.bps.go.id/api/landmark/90615020/photo
91359872;HRXZTG;SUNANUL AULIA BOARDING SCHOOL;0033;RT 01/06;3272020005;-6.9284348;106.9299172;3.789999961853;1;150;Batas Wilkerstat;15040;Batas SLS;2025-08-04 08:25:50;2025-08-04 08:25:54;Lia Ariyanti;https://wilkerstat.bps.go.id/api/landmark/91359872/photo
91397711;HSADSP;RUMAH PAL AKIM;0033;RT 01/06;3272020005;-6.9284559;106.9308826;4.5229997634888;1;150;Batas Wilkerstat;15040;Batas SLS;2025-08-04 09:24:24;2025-08-04 09:24:28;Lia Ariyanti;https://wilkerstat.bps.go.id/api/landmark/91397711/photo
90793670;HQRUEG;DAPUR PAK ADAM;0034;RT 02/06;3272020005;-6.9277198;106.9292977;3.789999961853;1;150;Batas Wilkerstat;15040;Batas SLS;2025-08-03 08:17:53;2025-08-03 08:17:56;Lia Ariyanti;https://wilkerstat.bps.go.id/api/landmark/90793670/photo
90803368;HQSING;RUMAH ZIA;0034;RT 02/06;3272020005;-6.9279733;106.9296195;4.2259998321533;1;150;Batas Wilkerstat;15040;Batas SLS;2025-08-03 08:35:22;2025-08-03 08:35:25;Lia Ariyanti;https://wilkerstat.bps.go.id/api/landmark/90803368/photo
90804609;HQSKIZ;RUMAH BU YANTI;0034;RT 02/06;3272020005;-6.92816;106.9296296;3.8770000934601;1;150;Batas Wilkerstat;15040;Batas SLS;2025-08-03 08:37:29;2025-08-03 08:37:32;Lia Ariyanti;https://wilkerstat.bps.go.id/api/landmark/90804609/photo
90810490;HQSTBE;RUMAH PAK RIO;0034;RT 02/06;3272020005;-6.928628;106.9296412;4.4450001716614;1;150;Batas Wilkerstat;15040;Batas SLS;2025-08-03 08:46:32;2025-08-03 08:46:35;Lia Ariyanti;https://wilkerstat.bps.go.id/api/landmark/90810490/photo
91347068;HRXGUU;RUMAH PAK DEKI;0034;RT 02/06;3272020005;-6.9282438;106.9290669;5.1479997634888;1;150;Batas Wilkerstat;15040;Batas SLS;2025-08-04 07:51:15;2025-08-04 07:51:19;Lia Ariyanti;https://wilkerstat.bps.go.id/api/landmark/91347068/photo
90592489;HQGION;RUMAH HJ.NANI;0035;RT 03/06;3272020005;-6.9272732310142;106.93014319986;4.6100001335144;1;150;Batas Wilkerstat;15040;Batas SLS;2025-08-02 15:39:49;2025-08-02 15:39:53;Lia Ariyanti;https://wilkerstat.bps.go.id/api/landmark/90592489/photo
90605716;HQHCDG;RUMAH PAK DENDEN;0035;RT 03/06;3272020005;-6.9274972246261;106.93071115762;4.7179999351501;1;150;Batas Wilkerstat;15040;Batas SLS;2025-08-02 15:52:58;2025-08-02 15:53:01;Lia Ariyanti;https://wilkerstat.bps.go.id/api/landmark/90605716/photo
90613028;HQHMYM;RUMAH BU YANTI;0035;RT 03/06;3272020005;-6.9279851509071;106.93029843271;3.845999956131;1;150;Batas Wilkerstat;15040;Batas SLS;2025-08-02 16:00:06;2025-08-02 16:00:10;Lia Ariyanti;https://wilkerstat.bps.go.id/api/landmark/90613028/photo
90622431;HQIAWD;RUMAH EPUL;0035;RT 03/06;3272020005;-6.9276137145753;106.92992728204;4.7150001525879;1;150;Batas Wilkerstat;15040;Batas SLS;2025-08-02 16:08:52;2025-08-02 16:08:56;Lia Ariyanti;https://wilkerstat.bps.go.id/api/landmark/90622431/photo
90891951;HQXJOH;RUMAH IBU MASITOH;0036;RT 04/06;3272020005;-6.9282666;106.9290553;4.2760000228882;1;150;Batas Wilkerstat;15040;Batas SLS;2025-08-03 10:13:35;2025-08-03 10:13:41;Lia Ariyanti;https://wilkerstat.bps.go.id/api/landmark/90891951/photo
90932970;HQZSFY;KONTRAKAN IBU RINRIN;0036;RT 04/06;3272020005;-6.9289886;106.9290548;4.9980001449585;1;150;Batas Wilkerstat;15040;Batas SLS;2025-08-03 10:50:37;2025-08-03 10:50:41;Lia Ariyanti;https://wilkerstat.bps.go.id/api/landmark/90932970/photo
90988928;HRCXAE;RUMAH PAK ELOM;0036;RT 04/06;3272020005;-6.9288337;106.9293921;5.3460001945496;1;150;Batas Wilkerstat;15040;Batas SLS;2025-08-03 11:43:07;2025-08-03 11:43:10;Lia Ariyanti;https://wilkerstat.bps.go.id/api/landmark/90988928/photo
90991293;HRDAND;RUMAH BU IIS;0036;RT 04/06;3272020005;-6.9286454;106.9296054;7.0040001869202;1;150;Batas Wilkerstat;15040;Batas SLS;2025-08-03 11:45:31;2025-08-03 11:45:34;Lia Ariyanti;https://wilkerstat.bps.go.id/api/landmark/90991293/photo
90994890;HRDFVM;RUMAH KOSONG;0036;RT 04/06;3272020005;-6.9287847;106.9292499;5.0359997749329;1;150;Batas Wilkerstat;15040;Batas SLS;2025-08-03 11:49:14;2025-08-03 11:49:17;Lia Ariyanti;https://wilkerstat.bps.go.id/api/landmark/90994890/photo
91059557;HRGXMR;BBTT DI ATAS SUNGAI;0036;RT 04/06;3272020005;-6.9289271;106.9286236;4.1040000915527;1;150;Batas Wilkerstat;15040;Batas SLS;2025-08-03 13:20:11;2025-08-03 13:20:14;Lia Ariyanti;https://wilkerstat.bps.go.id/api/landmark/91059557/photo
90610222;HQHIUO;WARUNG BU NINING;0037;RT 05/06;3272020005;-6.9280630326815;106.93035945296;3;1;150;Batas Wilkerstat;15040;Batas SLS;2025-08-02 15:57:32;2025-08-02 15:57:36;Lia Ariyanti;https://wilkerstat.bps.go.id/api/landmark/90610222/photo
90816812;HQTCKI;KIOS GALON;0037;RT 05/06;3272020005;-6.9274462;106.930817;4.4770002365112;1;150;Batas Wilkerstat;15040;Batas SLS;2025-08-03 08:55:06;2025-08-03 08:55:08;Lia Ariyanti;https://wilkerstat.bps.go.id/api/landmark/90816812/photo
90820011;HQTHDJ;SDN GUNUNG PARANG;0037;RT 05/06;3272020005;-6.9271873;106.9315154;4.231999874115;1;150;Batas Wilkerstat;15040;Batas SLS;2025-08-03 08:59:17;2025-08-03 08:59:21;Lia Ariyanti;https://wilkerstat.bps.go.id/api/landmark/90820011/photo
91494262;HSFQOC;KEBUN PAK ENDANG RR;0037;RT 05/06;3272020005;-6.9283985;106.9309412;4.9250001907349;1;150;Batas Wilkerstat;15040;Batas SLS;2025-08-04 11:04:45;2025-08-04 11:04:49;Lia Ariyanti;https://wilkerstat.bps.go.id/api/landmark/91494262/photo
90940383;HRADFB;TUMAH PAK DIDIN;0038;RT 06/06;3272020005;-6.9289739;106.9290757;5.875;1;150;Batas Wilkerstat;15040;Batas SLS;2025-08-03 10:57:14;2025-08-03 10:57:17;Lia Ariyanti;https://wilkerstat.bps.go.id/api/landmark/90940383/photo
90998203;HRDKSX;RUMAH PAK ASEP;0038;RT 06/06;3272020005;-6.9289114;106.9294447;5.6209998130798;1;150;Batas Wilkerstat;15040;Batas SLS;2025-08-03 11:52:56;2025-08-03 11:52:58;Lia Ariyanti;https://wilkerstat.bps.go.id/api/landmark/90998203/photo
91002821;HRDRON;RUMAH PAK GUGUN;0038;RT 06/06;3272020005;-6.928768;106.9295533;4.9229998588562;1;150;Batas Wilkerstat;15040;Batas SLS;2025-08-03 11:58:20;2025-08-03 11:58:22;Lia Ariyanti;https://wilkerstat.bps.go.id/api/landmark/91002821/photo
91031264;HRFHQM;RUMAH H.ASEP;0038;RT 06/06;3272020005;-6.9295389;106.9296958;5.0139999389648;1;150;Batas Wilkerstat;15040;Batas SLS;2025-08-03 12:37:12;2025-08-03 12:37:14;Lia Ariyanti;https://wilkerstat.bps.go.id/api/landmark/91031264/photo
91039862;HRFUJE;KOS KOSAN;0038;RT 06/06;3272020005;-6.9294404;106.9296858;5.6950001716614;1;150;Batas Wilkerstat;15040;Batas SLS;2025-08-03 12:50:48;2025-08-03 12:50:50;Lia Ariyanti;https://wilkerstat.bps.go.id/api/landmark/91039862/photo
91046546;HRGEGG;RUMAH PAK HUSNI;0038;RT 06/06;3272020005;-6.929506;106.9306985;4.6020002365112;1;150;Batas Wilkerstat;15040;Batas SLS;2025-08-03 13:00:45;2025-08-03 13:00:47;Lia Ariyanti;https://wilkerstat.bps.go.id/api/landmark/91046546/photo
90617802;HQHUAC;TANAH KOSONG DPN AL MUSHTHOPA;0039;RT 07/06;3272020005;-6.9278729878163;106.9301918149;3.3889999389648;1;150;Batas Wilkerstat;15040;Batas SLS;2025-08-02 16:04:29;2025-08-02 16:04:33;Lia Ariyanti;https://wilkerstat.bps.go.id/api/landmark/90617802/photo
90620747;HQHYJJ;RUMAH BU RESTU;0039;RT 07/06;3272020005;-6.9276672999423;106.92990481853;4.5500001907349;1;150;Batas Wilkerstat;15040;Batas SLS;2025-08-02 16:07:09;2025-08-02 16:07:13;Lia Ariyanti;https://wilkerstat.bps.go.id/api/landmark/90620747/photo
90640641;HQJBUN;WARUNG PAK ASEP;0039;RT 07/06;3272020005;-6.928196496718;106.92966040224;4.7109999656677;1;150;Batas Wilkerstat;15040;Batas SLS;2025-08-02 16:25:13;2025-08-02 16:25:17;Lia Ariyanti;https://wilkerstat.bps.go.id/api/landmark/90640641/photo
90642951;HQJFFJ;M.T. DARUL IKHLAS;0039;RT 07/06;3272020005;-6.9284125020237;106.92993029952;4.1690001487732;1;150;Batas Wilkerstat;15040;Batas SLS;2025-08-02 16:27:12;2025-08-02 16:27:15;Lia Ariyanti;https://wilkerstat.bps.go.id/api/landmark/90642951/photo
90343110;HPSDRA;RUMAH A. KUNEDI;0001;RT 001 RW 001;3272020005;-6.9290195;106.927371;2;1;150;Batas Wilkerstat;15040;Batas SLS;2025-08-02 10:51:18;2025-08-02 10:51:19;Asep Wahyudin;https://wilkerstat.bps.go.id/api/landmark/90343110/photo
91471454;HSEIUW;TOKO KERUPUK;0001;RT 001 RW 001;3272020005;-6.9288979;106.9262984;3;1;150;Batas Wilkerstat;15040;Batas SLS;2025-08-04 10:42:43;2025-08-04 10:42:45;Asep Wahyudin;https://wilkerstat.bps.go.id/api/landmark/91471454/photo
91474241;HSEMYB;RUMAH DEDE ANDRI;0001;RT 001 RW 001;3272020005;-6.9285365;106.9279863;1.7000000476837;1;150;Batas Wilkerstat;15040;Batas SLS;2025-08-04 10:45:28;2025-08-04 10:45:30;Asep Wahyudin;https://wilkerstat.bps.go.id/api/landmark/91474241/photo
91481800;HSEYCU;TEMBOK PEGADAIAN;0001;RT 001 RW 001;3272020005;-6.9279887;106.9265034;2;1;150;Batas Wilkerstat;15040;Batas SLS;2025-08-04 10:52:41;2025-08-04 10:52:43;Asep Wahyudin;https://wilkerstat.bps.go.id/api/landmark/91481800/photo
91478046;HSESOK;RUMAH BPK TEDDY;0002;RT 002 RW 0001;3272020005;-6.9281922;106.9273413;1.7000000476837;1;150;Batas Wilkerstat;15040;Batas SLS;2025-08-04 10:48:56;2025-08-04 10:48:59;Asep Wahyudin;https://wilkerstat.bps.go.id/api/landmark/91478046/photo
91483552;HSFASE;PUSKESMAS TIPAR;0002;RT 002 RW 0001;3272020005;-6.9279707;106.9265106;2.3329999446869;1;150;Batas Wilkerstat;15040;Batas SLS;2025-08-04 10:54:29;2025-08-04 10:54:31;Asep Wahyudin;https://wilkerstat.bps.go.id/api/landmark/91483552/photo
91506838;HSGJDU;RM PADANG MJ;0002;RT 002 RW 0001;3272020005;-6.9271766;106.9266336;1.5;1;150;Batas Wilkerstat;15040;Batas SLS;2025-08-04 11:18:30;2025-08-04 11:18:31;Asep Wahyudin;https://wilkerstat.bps.go.id/api/landmark/91506838/photo
90428366;HPWZUC;RUMAH DEDE SAMBAS;0003;RT 003 RW 001;3272020005;-6.9274485;106.9274936;2.4000000953674;1;150;Batas Wilkerstat;15040;Batas SLS;2025-08-02 12:18:49;2025-08-02 12:18:51;Asep Wahyudin;https://wilkerstat.bps.go.id/api/landmark/90428366/photo
90433193;HPXGXT;RUMAH PAK HARUN;0003;RT 003 RW 001;3272020005;-6.9276335;106.9282331;1.7999999523163;1;150;Batas Wilkerstat;15040;Batas SLS;2025-08-02 12:25:38;2025-08-02 12:25:40;Asep Wahyudin;https://wilkerstat.bps.go.id/api/landmark/90433193/photo
90439407;HPXQCT;WARUNG PAK UJANG;0003;RT 003 RW 001;3272020005;-6.9285463;106.9280114;1.9160000085831;1;150;Batas Wilkerstat;15040;Batas SLS;2025-08-02 12:34:20;2025-08-02 12:34:22;Asep Wahyudin;https://wilkerstat.bps.go.id/api/landmark/90439407/photo
91476781;HSEQRT;RUMAH IR. DENNY;0003;RT 003 RW 001;3272020005;-6.9282359;106.9273502;1.8999999761581;1;150;Batas Wilkerstat;15040;Batas SLS;2025-08-04 10:47:44;2025-08-04 10:47:46;Asep Wahyudin;https://wilkerstat.bps.go.id/api/landmark/91476781/photo
90480189;HPZYLH;RUMAH AGUS SOFYAN;0004;RT 004 RW 001;3272020005;-6.9268996;106.9284401;2.5;1;150;Batas Wilkerstat;15040;Batas SLS;2025-08-02 13:34:14;2025-08-02 13:34:15;Asep Wahyudin;https://wilkerstat.bps.go.id/api/landmark/90480189/photo
90481326;HQAADA;RUMAH ANGGI;0004;RT 004 RW 001;3272020005;-6.9266689;106.9280597;1.75;1;150;Batas Wilkerstat;15040;Batas SLS;2025-08-02 13:35:42;2025-08-02 13:35:43;Asep Wahyudin;https://wilkerstat.bps.go.id/api/landmark/90481326/photo
90484639;HQAFAL;RUMAH JUHENDI/RIMA;0004;RT 004 RW 001;3272020005;-6.9274289;106.9274878;2.2999999523163;1;150;Batas Wilkerstat;15040;Batas SLS;2025-08-02 13:40:20;2025-08-02 13:40:21;Asep Wahyudin;https://wilkerstat.bps.go.id/api/landmark/90484639/photo
91489275;HSFJEH;RUMAH JOK WAH;0004;RT 004 RW 001;3272020005;-6.926656;106.927611;2.1659998893738;1;150;Batas Wilkerstat;15040;Batas SLS;2025-08-04 11:00:02;2025-08-04 11:00:04;Asep Wahyudin;https://wilkerstat.bps.go.id/api/landmark/91489275/photo
91491913;HSFNBT;RUMAH KOSONG;0004;RT 004 RW 001;3272020005;-6.9275974;106.928226;1.5;1;150;Batas Wilkerstat;15040;Batas SLS;2025-08-04 11:02:27;2025-08-04 11:02:29;Asep Wahyudin;https://wilkerstat.bps.go.id/api/landmark/91491913/photo
91495846;HSFSXA;RUMAH KOSONG;0005;RT 005 RW 001;3272020005;-6.9266149;106.9275948;2.1659998893738;1;150;Batas Wilkerstat;15040;Batas SLS;2025-08-04 11:06:31;2025-08-04 11:06:33;Asep Wahyudin;https://wilkerstat.bps.go.id/api/landmark/91495846/photo
91509683;HSGNJF;APOTEK NIAS;0005;RT 005 RW 001;3272020005;-6.9271802;106.9266633;1.8999999761581;1;150;Batas Wilkerstat;15040;Batas SLS;2025-08-04 11:21:26;2025-08-04 11:21:28;Asep Wahyudin;https://wilkerstat.bps.go.id/api/landmark/91509683/photo
91512598;HSGRRI;HONG KIYAT;0005;RT 005 RW 001;3272020005;-6.9264095;106.9267921;3.5;1;150;Batas Wilkerstat;15040;Batas SLS;2025-08-04 11:24:13;2025-08-04 11:24:15;Asep Wahyudin;https://wilkerstat.bps.go.id/api/landmark/91512598/photo
91045509;HRGCSJ;RUMAH BU NYAI;0046;RT 001 RW 008;3272020005;-6.9340825;106.9263825;4.6659998893738;1;150;Batas Wilkerstat;15040;Batas SLS;2025-08-03 12:53:41;2025-08-03 12:59:05;Gina Alviana;https://wilkerstat.bps.go.id/api/landmark/91045509/photo
91416676;HSBFUA;KANTOR KELURAHAN TIPAR ( BATAS DENGAN RT 006 RW 007 );0040;RT 001 RW 007;3272020005;-6.9311510013858;106.92776173353;0.7490000128746;1;150;Batas Wilkerstat;15040;Batas SLS;2025-08-04 09:46:49;2025-08-04 09:46:52;Raihan Renaldi ;https://wilkerstat.bps.go.id/api/landmark/91416676/photo
91419275;HSBJPZ;SELOKAN GANG PESANTREN ( PERBATASAN DENGAN RT 005 RW 007 );0040;RT 001 RW 007;3272020005;-6.9310564788241;106.92755084485;5.3020000457764;1;150;Batas Wilkerstat;15040;Batas SLS;2025-08-04 09:49:41;2025-08-04 09:49:44;Raihan Renaldi ;https://wilkerstat.bps.go.id/api/landmark/91419275/photo
91430440;HSCADK;MASJID JAMI AL ATIEQ (PERBATASAN DENGAN RT 002 RW 007 );0040;RT 001 RW 007;3272020005;-6.9297442;106.9281783;6.6999998092651;1;150;Batas Wilkerstat;15040;Batas SLS;2025-08-04 10:01:35;2025-08-04 10:01:37;Raihan Renaldi ;https://wilkerstat.bps.go.id/api/landmark/91430440/photo
91448835;HSDBIX;RUMAH HJ MIMIN ( PERBATASAN DENGAN RT 002 RW 007 );0040;RT 001 RW 007;3272020005;-6.9300483479287;106.92866832018;6.0510001182556;1;150;Batas Wilkerstat;15040;Batas SLS;2025-08-04 10:20:32;2025-08-04 10:20:36;Raihan Renaldi ;https://wilkerstat.bps.go.id/api/landmark/91448835/photo
91434045;HSCFMB;TOKO JAYA SPORT;0020;RT 002 RW 004;3272020005;-6.9272583;106.9332679;3;1;150;Batas Wilkerstat;15040;Batas SLS;2025-08-04 10:05:17;2025-08-04 10:05:19;ADE KAMALUDIN;https://wilkerstat.bps.go.id/api/landmark/91434045/photo
91438432;HSCLYU;MASJID ACEH;0020;RT 002 RW 004;3272020005;-6.9271114762744;106.93170826882;3.2349998950958;1;150;Batas Wilkerstat;15040;Batas SLS;2025-08-04 10:09:54;2025-08-04 10:09:55;ADE KAMALUDIN;https://wilkerstat.bps.go.id/api/landmark/91438432/photo
91456088;HSDMBW;KIOS SAYURAN;0020;RT 002 RW 004;3272020005;-6.9258414000929;106.93213641644;2.5;1;150;Batas Wilkerstat;15040;Batas SLS;2025-08-04 10:28:01;2025-08-04 10:28:03;ADE KAMALUDIN;https://wilkerstat.bps.go.id/api/landmark/91456088/photo
91468641;HSEEQR;PINTU PERLINTASAN KERETA API;0020;RT 002 RW 004;3272020005;-6.9261531;106.9334225;3.0889999866486;1;150;Batas Wilkerstat;15040;Batas SLS;2025-08-04 10:39:57;2025-08-04 10:39:59;ADE KAMALUDIN;https://wilkerstat.bps.go.id/api/landmark/91468641/photo
91943936;HTFFTG;PASAR PENAMPUNGAN BLOK II;0020;RT 002 RW 004;3272020005;-6.9261467;106.9329417;2.0999999046326;1;1720;Konsentrasi Ekonomi;162030;Pasar;2025-08-05 08:35:59;2025-08-05 08:36:01;ADE KAMALUDIN;https://wilkerstat.bps.go.id/api/landmark/91943936/photo
91945464;HTFIAA;PASAR PENAMPUNGAN BLOK I;0020;RT 002 RW 004;3272020005;-6.9262548;106.932675;3.1489999294281;1;1720;Konsentrasi Ekonomi;162030;Pasar;2025-08-05 08:38:37;2025-08-05 08:38:38;ADE KAMALUDIN;https://wilkerstat.bps.go.id/api/landmark/91945464/photo
91948623;HTFMRN;SEKRETARIAT PAC PEMUDA PANCASILA;0021;RT 003 RW 004;3272020005;-6.9274439;106.9331482;3;1;150;Batas Wilkerstat;15040;Batas SLS;2025-08-05 08:43:42;2025-08-05 08:43:44;ADE KAMALUDIN;https://wilkerstat.bps.go.id/api/landmark/91948623/photo
91950497;HTFPLP;GG. TUMARITIS 2;0021;RT 003 RW 004;3272020005;-6.927335;106.9326383;2.0680000782013;1;150;Batas Wilkerstat;15040;Batas SLS;2025-08-05 08:46:36;2025-08-05 08:46:38;ADE KAMALUDIN;https://wilkerstat.bps.go.id/api/landmark/91950497/photo
91954474;HTFVIO;PEREMPATAN GANG;0021;RT 003 RW 004;3272020005;-6.9280671;106.9324052;2.1189999580383;1;150;Batas Wilkerstat;15040;Batas SLS;2025-08-05 08:52:19;2025-08-05 08:52:20;ADE KAMALUDIN;https://wilkerstat.bps.go.id/api/landmark/91954474/photo
91958581;HTGBKN;TANGGA SUNGAI;0021;RT 003 RW 004;3272020005;-6.9282197946756;106.93277746439;1.9789999723434;1;150;Batas Wilkerstat;15040;Batas SLS;2025-08-05 08:57:59;2025-08-05 08:58:01;ADE KAMALUDIN;https://wilkerstat.bps.go.id/api/landmark/91958581/photo
90085920;HPDNFC;BATAS SLS MAKAM BOBOJONG RT 004 RW 006;0022;RT 004 RW 006;3272030001;-6.9380877074826;106.92092679441;11.546999931335;1;150;Batas Wilkerstat;15040;Batas SLS;2025-08-01 15:41:47;2025-08-01 15:41:50;Hari Taufik Alamsyah;https://wilkerstat.bps.go.id/api/landmark/90085920/photo
90102187;HPELGT;BATAS SLS PINTU AIR RT 004 RW 006;0022;RT 004 RW 006;3272030001;-6.9348709816543;106.92010737956;2.1659998893738;1;150;Batas Wilkerstat;15040;Batas SLS;2025-08-01 16:06:28;2025-08-01 16:06:31;Hari Taufik Alamsyah;https://wilkerstat.bps.go.id/api/landmark/90102187/photo
90106943;HPESHR;BARAS SLS RT 004 RW 006;0022;RT 004 RW 006;3272030001;-6.9351049;106.9213617;4.8480000495911;1;150;Batas Wilkerstat;15040;Batas SLS;2025-08-01 16:12:58;2025-08-01 16:13:01;Hari Taufik Alamsyah;https://wilkerstat.bps.go.id/api/landmark/90106943/photo
90115521;HPFEZP;BATAS SLS PESANTREN RT 004 RW 006;0022;RT 004 RW 006;3272030001;-6.9376457;106.9196681;6.3720002174377;1;150;Batas Wilkerstat;15040;Batas SLS;2025-08-01 15:49:06;2025-08-01 16:25:49;Hari Taufik Alamsyah;https://wilkerstat.bps.go.id/api/landmark/90115521/photo
90153344;HPHIYI;SEGMEN S02;0022;RT 004 RW 006;3272030001;-6.9363818;106.921237;6.3470001220703;1;150;Batas Wilkerstat;15070;Batas Segmen;2025-08-01 17:23:18;2025-08-01 17:23:26;Hari Taufik Alamsyah;https://wilkerstat.bps.go.id/api/landmark/90153344/photo
90801802;HQSGFA;BATAS KANTOR KEL. DAYEUHLUHUR RT. 001;0058;RT 001 RW 017;3272030001;-6.9409576141081;106.91396545619;2.2000000476837;1;150;Batas Wilkerstat;15040;Batas SLS;2025-08-03 08:32:34;2025-08-03 08:32:37;Dedi Junaedi ;https://wilkerstat.bps.go.id/api/landmark/90801802/photo
90805663;HQSLXN;BATAS SAWAH RT 001;0058;RT 001 RW 017;3272030001;-6.9401783;106.9138483;1.9960000514984;1;150;Batas Wilkerstat;15040;Batas SLS;2025-08-03 08:38:58;2025-08-03 08:39:01;Dedi Junaedi ;https://wilkerstat.bps.go.id/api/landmark/90805663/photo
90812923;HQSWQT;BATAS KEBUN RT 001;0058;RT 001 RW 017;3272030001;-6.938235;106.9147617;1.9140000343323;1;150;Batas Wilkerstat;15040;Batas SLS;2025-08-03 08:49:57;2025-08-03 08:50:00;Dedi Junaedi ;https://wilkerstat.bps.go.id/api/landmark/90812923/photo
90823390;HQTMDI;BATAS SELOKAN RT 001;0058;RT 001 RW 017;3272030001;-6.9388788223047;106.91610921174;1.5859999656677;1;150;Batas Wilkerstat;15040;Batas SLS;2025-08-03 09:03:46;2025-08-03 09:03:49;Dedi Junaedi ;https://wilkerstat.bps.go.id/api/landmark/90823390/photo
90826488;HQTQSM;BATAS SAWAH RT 001;0058;RT 001 RW 017;3272030001;-6.9395544472887;106.91575281322;1.25;1;150;Batas Wilkerstat;15040;Batas SLS;2025-08-03 09:07:58;2025-08-03 09:08:01;Dedi Junaedi ;https://wilkerstat.bps.go.id/api/landmark/90826488/photo
90830675;HQTWXN;BATAS JALAN RT 001;0058;RT 001 RW 017;3272030001;-6.9399089004024;106.91637475044;1.4839999675751;1;150;Batas Wilkerstat;15040;Batas SLS;2025-08-03 09:13:00;2025-08-03 09:13:02;Dedi Junaedi ;https://wilkerstat.bps.go.id/api/landmark/90830675/photo
90834254;HQUCFE;BATAS SUNGAI RT 001;0058;RT 001 RW 017;3272030001;-6.9402075;106.9161264;1.4500000476837;1;150;Batas Wilkerstat;15040;Batas SLS;2025-08-03 09:16:58;2025-08-03 09:17:01;Dedi Junaedi ;https://wilkerstat.bps.go.id/api/landmark/90834254/photo
90844049;HQUQRX;BATAS PERTIGAAN RT 001;0058;RT 001 RW 017;3272030001;-6.9413569;106.9151231;1.5709999799728;1;150;Batas Wilkerstat;15040;Batas SLS;2025-08-03 09:27:40;2025-08-03 09:27:43;Dedi Junaedi ;https://wilkerstat.bps.go.id/api/landmark/90844049/photo
90882013;HQWUWB;S01 RT 001 RW 017;0058;RT 001 RW 017;3272030001;-6.9410821;106.9147974;2.4159998893738;1;150;Batas Wilkerstat;15070;Batas Segmen;2025-08-03 10:04:02;2025-08-03 10:04:49;Dedi Junaedi ;https://wilkerstat.bps.go.id/api/landmark/90882013/photo
90883286;HQWWTA;S01 RT 001 RW 017;0058;RT 001 RW 017;3272030001;-6.9410821;106.9147974;2.4159998893738;1;150;Batas Wilkerstat;15070;Batas Segmen;2025-08-03 10:05:50;2025-08-03 10:05:53;Dedi Junaedi ;https://wilkerstat.bps.go.id/api/landmark/90883286/photo
90900140;HQXVRG;BATAS BIDAN HIKMAH RT. 001;0058;RT 001 RW 017;3272030001;-6.9404232;106.9141837;1.5499999523163;1;150;Batas Wilkerstat;15040;Batas SLS;2025-08-03 08:36:39;2025-08-03 10:21:17;Dedi Junaedi ;https://wilkerstat.bps.go.id/api/landmark/90900140/photo
91258317;HRSFNH;BATAS RUMAH AAN RT 002;0059;RT 002 RW 017;3272030001;-6.942705;106.9140066;3.3220000267029;1;150;Batas Wilkerstat;15040;Batas SLS;2025-08-03 17:03:11;2025-08-03 17:03:14;Dedi Junaedi ;https://wilkerstat.bps.go.id/api/landmark/91258317/photo
91264765;HRSPBH;BATAS RANGKAI RT 002;0059;RT 002 RW 017;3272030001;-6.9428868;106.9144502;3;1;150;Batas Wilkerstat;15040;Batas SLS;2025-08-03 17:10:05;2025-08-03 17:10:08;Dedi Junaedi ;https://wilkerstat.bps.go.id/api/landmark/91264765/photo
91269037;HRSVJP;BATAS PERTIGAAN JL KOLEBERES;0059;RT 002 RW 017;3272030001;-6.9414117;106.91511;1.2159999608994;1;150;Batas Wilkerstat;15040;Batas SLS;2025-08-03 17:14:46;2025-08-03 17:14:49;Dedi Junaedi ;https://wilkerstat.bps.go.id/api/landmark/91269037/photo
91270524;HRSXOU;BATAS GG RT 002;0059;RT 002 RW 017;3272030001;-6.941275;106.9149017;1.3660000562668;1;150;Batas Wilkerstat;15040;Batas SLS;2025-08-03 17:16:16;2025-08-03 17:16:19;Dedi Junaedi ;https://wilkerstat.bps.go.id/api/landmark/91270524/photo
91272461;HRTALH;BATAS PEPET RT 002;0059;RT 002 RW 017;3272030001;-6.9415068;106.9147767;2.789999961853;1;150;Batas Wilkerstat;15040;Batas SLS;2025-08-03 17:18:29;2025-08-03 17:18:31;Dedi Junaedi ;https://wilkerstat.bps.go.id/api/landmark/91272461/photo
91274567;HRTDOH;BATAS KONTRAKAN YANTI RT 002;0059;RT 002 RW 017;3272030001;-6.9414767;106.914645;1.2999999523163;1;150;Batas Wilkerstat;15040;Batas SLS;2025-08-03 17:20:58;2025-08-03 17:21:02;Dedi Junaedi ;https://wilkerstat.bps.go.id/api/landmark/91274567/photo
91275819;HRTFKL;BATAS GG HERI RT 002;0059;RT 002 RW 017;3272030001;-6.9417067;106.9145233;1.87399995327;1;150;Batas Wilkerstat;15040;Batas SLS;2025-08-03 17:22:35;2025-08-03 17:22:39;Dedi Junaedi ;https://wilkerstat.bps.go.id/api/landmark/91275819/photo
91277398;HRTHTE;BATAS RUMAH IIP RT 002;0059;RT 002 RW 017;3272030001;-6.94173;106.9144367;1.2000000476837;1;150;Batas Wilkerstat;15040;Batas SLS;2025-08-03 17:24:44;2025-08-03 17:24:47;Dedi Junaedi ;https://wilkerstat.bps.go.id/api/landmark/91277398/photo
91284544;HRTSIA;BATAS RUMAH INA RT 002;0059;RT 002 RW 017;3272030001;-6.9423741;106.9140967;3.7379999160767;1;150;Batas Wilkerstat;15040;Batas SLS;2025-08-03 17:34:00;2025-08-03 17:34:03;Dedi Junaedi ;https://wilkerstat.bps.go.id/api/landmark/91284544/photo
91140485;HRLNFH;BATAS SAWAH RT 003;0060;RT 003 RW 017;3272030001;-6.9419950096575;106.91300790757;5.5349998474121;1;150;Batas Wilkerstat;15040;Batas SLS;2025-08-03 15:03:35;2025-08-03 15:03:38;Dedi Junaedi ;https://wilkerstat.bps.go.id/api/landmark/91140485/photo
91146695;HRLWKD;BATAS GANG RT 003;0060;RT 003 RW 017;3272030001;-6.9430133;106.912551;1.3329999446869;1;150;Batas Wilkerstat;15040;Batas SLS;2025-08-03 15:10:21;2025-08-03 15:10:24;Dedi Junaedi ;https://wilkerstat.bps.go.id/api/landmark/91146695/photo
91168070;HRNCAG;BATAS PERTIGAAN JALUR RT 003;0060;RT 003 RW 017;3272030001;-6.9447183;106.913835;2.3239998817444;1;150;Batas Wilkerstat;15040;Batas SLS;2025-08-03 15:33:30;2025-08-03 15:33:33;Dedi Junaedi ;https://wilkerstat.bps.go.id/api/landmark/91168070/photo
91181805;HRNWIN;BATAS SELOKAN RT 003;0060;RT 003 RW 017;3272030001;-6.9428714;106.9142514;3.5220000743866;1;150;Batas Wilkerstat;15040;Batas SLS;2025-08-03 15:48:27;2025-08-03 15:48:30;Dedi Junaedi ;https://wilkerstat.bps.go.id/api/landmark/91181805/photo
91189923;HROIIT;BATAS RUMAH EDI YULIA RT 003;0060;RT 003 RW 017;3272030001;-6.9426842;106.9139487;1.8500000238419;1;150;Batas Wilkerstat;15040;Batas SLS;2025-08-03 15:56:38;2025-08-03 15:56:40;Dedi Junaedi ;https://wilkerstat.bps.go.id/api/landmark/91189923/photo
91194493;HROPCN;BATAS RUMAH SUPRIATNA RT 003;0060;RT 003 RW 017;3272030001;-6.9422373012626;106.91415455192;3.2939999103546;1;150;Batas Wilkerstat;15040;Batas SLS;2025-08-03 16:00:50;2025-08-03 16:00:55;Dedi Junaedi ;https://wilkerstat.bps.go.id/api/landmark/91194493/photo
91904073;HTCYUB;BATAS RUMAH DAHLAN RT 003;0060;RT 003 RW 017;3272030001;-6.9420584;106.9135983;3.2420001029968;1;150;Batas Wilkerstat;15040;Batas SLS;2025-08-03 15:00:19;2025-08-05 01:19:30;Dedi Junaedi ;https://wilkerstat.bps.go.id/api/landmark/91904073/photo
90496189;HQAWCR;BATAS SLS BUBUR AYAM;0023;RT 001 RW 007;3272030001;-6.9368659200532;106.91859360784;1.3999999761581;1;150;Batas Wilkerstat;15040;Batas SLS;2025-08-02 13:53:14;2025-08-02 13:54:57;Juariah;https://wilkerstat.bps.go.id/api/landmark/90496189/photo
90503692;HQBHFG;BATAS SLS;0023;RT 001 RW 007;3272030001;-6.9362581869615;106.9185225293;1.7000000476837;1;150;Batas Wilkerstat;15040;Batas SLS;2025-08-02 14:03:51;2025-08-02 14:03:54;Juariah;https://wilkerstat.bps.go.id/api/landmark/90503692/photo
90511262;HQBSKK;BATAS SLS RT 001 RW 007;0023;RT 001 RW 007;3272030001;-6.9360929;106.9180651;3;1;150;Batas Wilkerstat;15040;Batas SLS;2025-08-02 14:13:00;2025-08-02 14:13:03;Juariah;https://wilkerstat.bps.go.id/api/landmark/90511262/photo
90514938;HQBXVU;BATAS SLS RT 001 RW 007;0023;RT 001 RW 007;3272030001;-6.9373826;106.9177831;3;1;150;Batas Wilkerstat;15040;Batas SLS;2025-08-02 14:16:58;2025-08-02 14:17:00;Juariah;https://wilkerstat.bps.go.id/api/landmark/90514938/photo
90524069;HQCLIZ;BATAS SLS 001/007 SAWAH;0023;RT 001 RW 007;3272030001;-6.9372488;106.9164133;3;1;150;Batas Wilkerstat;15040;Batas SLS;2025-08-02 14:27:42;2025-08-02 14:27:45;Juariah;https://wilkerstat.bps.go.id/api/landmark/90524069/photo
90533319;HQCZAT;BATAS SLS SELOKAN;0023;RT 001 RW 007;3272030001;-6.9379542462478;106.91641833633;1.2159999608994;1;150;Batas Wilkerstat;15040;Batas SLS;2025-08-02 14:37:46;2025-08-02 14:37:49;Juariah;https://wilkerstat.bps.go.id/api/landmark/90533319/photo
90535445;HQDCEN;BATAS SLS SAWAH;0023;RT 001 RW 007;3272030001;-6.9378903445958;106.91614005715;3;1;150;Batas Wilkerstat;15040;Batas SLS;2025-08-02 14:40:04;2025-08-02 14:40:07;Juariah;https://wilkerstat.bps.go.id/api/landmark/90535445/photo
90538365;HQDGMV;BATAS SLS SAWAH;0023;RT 001 RW 007;3272030001;-6.9372489978477;106.91627919674;3;1;150;Batas Wilkerstat;15040;Batas SLS;2025-08-02 14:43:28;2025-08-02 14:43:30;Juariah;https://wilkerstat.bps.go.id/api/landmark/90538365/photo
90546105;HQDRYN;S02;0023;RT 001 RW 007;3272030001;-6.9370367;106.916695;1.5310000181198;1;150;Batas Wilkerstat;15070;Batas Segmen;2025-08-02 14:51:41;2025-08-02 14:51:44;Juariah;https://wilkerstat.bps.go.id/api/landmark/90546105/photo
90553084;HQECGY;S01;0023;RT 001 RW 007;3272030001;-6.9373769;106.9181868;2.0999999046326;1;150;Batas Wilkerstat;15070;Batas Segmen;2025-08-02 14:58:51;2025-08-02 14:58:53;Juariah;https://wilkerstat.bps.go.id/api/landmark/90553084/photo
90570579;HQFCDV;BATAS SLS SAWAH;0023;RT 001 RW 007;3272030001;-6.9354005031642;106.91856276244;0.98000001907349;1;150;Batas Wilkerstat;15040;Batas SLS;2025-08-02 15:17:02;2025-08-02 15:17:05;Juariah;https://wilkerstat.bps.go.id/api/landmark/90570579/photo
90574965;HQFIQN;BATAS SLS SAWAH;0023;RT 001 RW 007;3272030001;-6.9353039845173;106.9182248041;1.0329999923706;1;150;Batas Wilkerstat;15040;Batas SLS;2025-08-02 15:21:30;2025-08-02 15:21:32;Juariah;https://wilkerstat.bps.go.id/api/landmark/90574965/photo
90710063;HQNAMP;BATAS SLS SAWAH;0023;RT 001 RW 007;3272030001;-6.9376017;106.916205;1.1160000562668;1;150;Batas Wilkerstat;15040;Batas SLS;2025-08-02 14:32:50;2025-08-02 17:28:32;Juariah;https://wilkerstat.bps.go.id/api/landmark/90710063/photo
91299520;HRUOMA;BATAS SLS WARUNG SABHIRA;0023;RT 001 RW 007;3272030001;-6.9377941592803;106.91854767501;1.2400000095367;1;150;Batas Wilkerstat;15040;Batas SLS;2025-08-02 13:34:55;2025-08-03 18:09:17;Juariah;https://wilkerstat.bps.go.id/api/landmark/91299520/photo
90938108;HQZZVO;BATAS SLS SELOKAN KECIL;0033;RT 001 RW 010;3272030001;-6.9395783;106.91738;1.7000000476837;1;150;Batas Wilkerstat;15040;Batas SLS;2025-08-03 10:55:07;2025-08-03 10:55:10;Juariah;https://wilkerstat.bps.go.id/api/landmark/90938108/photo
90947997;HRAOLX;BATAS SLS KOLAM;0033;RT 001 RW 010;3272030001;-6.9402207523578;106.9170325622;1.1829999685287;1;150;Batas Wilkerstat;15040;Batas SLS;2025-08-03 11:04:22;2025-08-03 11:04:25;Juariah;https://wilkerstat.bps.go.id/api/landmark/90947997/photo
90954222;HRAXRI;BATAS SLS 001 SAWAH;0033;RT 001 RW 010;3272030001;-6.9407359566297;106.9167375192;1.2000000476837;1;150;Batas Wilkerstat;15040;Batas SLS;2025-08-03 11:09:52;2025-08-03 11:09:54;Juariah;https://wilkerstat.bps.go.id/api/landmark/90954222/photo
90985081;HRCRIF;BATAS SLS 001 VILLA;0033;RT 001 RW 010;3272030001;-6.9403665272672;106.91614575684;3;1;150;Batas Wilkerstat;15040;Batas SLS;2025-08-03 11:39:01;2025-08-03 11:39:04;Juariah;https://wilkerstat.bps.go.id/api/landmark/90985081/photo
90990101;HRCYTH;BATAS SLS 001 GONGGO;0033;RT 001 RW 010;3272030001;-6.9401509;106.9161474;3;1;150;Batas Wilkerstat;15040;Batas SLS;2025-08-03 11:44:15;2025-08-03 11:44:18;Juariah;https://wilkerstat.bps.go.id/api/landmark/90990101/photo
91002553;HRDREF;BATAS SLS PEMANCINGAN TALAGA GIRLI;0033;RT 001 RW 010;3272030001;-6.939838;106.9166043;3;1;150;Batas Wilkerstat;15040;Batas SLS;2025-08-03 11:57:57;2025-08-03 11:57:59;Juariah;https://wilkerstat.bps.go.id/api/landmark/91002553/photo
91009812;HREBXK;BATAS SLS GG ARJUNA 3;0033;RT 001 RW 010;3272030001;-6.9394193;106.9168929;3;1;150;Batas Wilkerstat;15040;Batas SLS;2025-08-03 12:06:50;2025-08-03 12:06:52;Juariah;https://wilkerstat.bps.go.id/api/landmark/91009812/photo
91013457;HREHHP;S01 PAUD ANNISA SAHARA;0033;RT 001 RW 010;3272030001;-6.9398729558735;106.91715996712;3;1;150;Batas Wilkerstat;15070;Batas Segmen;2025-08-03 12:11:40;2025-08-03 12:11:42;Juariah;https://wilkerstat.bps.go.id/api/landmark/91013457/photo
91016297;HRELMV;BATAS SLS RUMAH LUKAS;0034;RT 002 RW 010;3272030001;-6.9395289;106.9171739;3;1;150;Batas Wilkerstat;15040;Batas SLS;2025-08-03 12:15:55;2025-08-03 12:15:57;Juariah;https://wilkerstat.bps.go.id/api/landmark/91016297/photo
91019294;HREPYC;BATAS SLS 002  SELOKAN;0034;RT 002 RW 010;3272030001;-6.93966;106.9174617;1.2599999904633;1;150;Batas Wilkerstat;15040;Batas SLS;2025-08-03 12:20:07;2025-08-03 12:20:09;Juariah;https://wilkerstat.bps.go.id/api/landmark/91019294/photo
91200428;HROXWU;BATAS SLS TEMBOK PEMBATAS;0034;RT 002 RW 010;3272030001;-6.9388867;106.9179067;0.89999997615814;1;150;Batas Wilkerstat;15040;Batas SLS;2025-08-03 16:07:08;2025-08-03 16:07:10;Juariah;https://wilkerstat.bps.go.id/api/landmark/91200428/photo
91206120;HRPGHS;BATAS SLS;0034;RT 002 RW 010;3272030001;-6.9387457;106.9173008;1.1799999475479;1;150;Batas Wilkerstat;15040;Batas SLS;2025-08-03 16:12:45;2025-08-03 16:12:48;Juariah;https://wilkerstat.bps.go.id/api/landmark/91206120/photo
91209444;HRPLFO;BATAS SLS;0034;RT 002 RW 010;3272030001;-6.9393643;106.9169196;3;1;150;Batas Wilkerstat;15040;Batas SLS;2025-08-03 16:15:59;2025-08-03 16:16:01;Juariah;https://wilkerstat.bps.go.id/api/landmark/91209444/photo
91213075;HRPQPF;S01;0034;RT 002 RW 010;3272030001;-6.9390677;106.917213;3;1;150;Batas Wilkerstat;15070;Batas Segmen;2025-08-03 16:19:39;2025-08-03 16:19:42;Juariah;https://wilkerstat.bps.go.id/api/landmark/91213075/photo
90575460;HQFJJO;BATAS RT 002 RW 006;0020;RT 002 RW 006;3272030001;-6.9353887;106.9185341;3.4660000801086;1;150;Batas Wilkerstat;15040;Batas SLS;2025-08-02 15:22:02;2025-08-02 15:22:05;Hari Taufik Alamsyah;https://wilkerstat.bps.go.id/api/landmark/90575460/photo
90923941;HQZEWR;BATAS SELOKAN SD RT 001;0055;RT 001 RW 016;3272030001;-6.9402343;106.9138084;1.2660000324249;1;150;Batas Wilkerstat;15040;Batas SLS;2025-08-03 10:42:47;2025-08-03 10:42:46;Asep Ismatullah;https://wilkerstat.bps.go.id/api/landmark/90923941/photo
90931035;HQZPJN;BATAS SAWAH RT 001;0055;RT 001 RW 016;3272030001;-6.9412529;106.9132922;1.1829999685287;1;150;Batas Wilkerstat;15040;Batas SLS;2025-08-03 10:48:48;2025-08-03 10:48:52;Asep Ismatullah;https://wilkerstat.bps.go.id/api/landmark/90931035/photo
90940040;HRACRW;BATAS SUNGAI RT 001;0055;RT 001 RW 016;3272030001;-6.941255;106.9125783;1.3500000238419;1;150;Batas Wilkerstat;15040;Batas SLS;2025-08-03 10:56:56;2025-08-03 10:56:57;Asep Ismatullah;https://wilkerstat.bps.go.id/api/landmark/90940040/photo
90949296;HRAQJW;BATAS DEPAN GRAHA KERAMIK RT 001;0055;RT 001 RW 016;3272030001;-6.9412401;106.9113599;1.3830000162125;1;150;Batas Wilkerstat;15040;Batas SLS;2025-08-03 11:05:40;2025-08-03 11:05:39;Asep Ismatullah;https://wilkerstat.bps.go.id/api/landmark/90949296/photo
90989990;HRCYPA;BATAS RUKO JALUR RT 001;0055;RT 001 RW 016;3272030001;-6.9430036;106.9124789;1.2000000476837;1;150;Batas Wilkerstat;15040;Batas SLS;2025-08-03 11:44:13;2025-08-03 11:44:12;Asep Ismatullah;https://wilkerstat.bps.go.id/api/landmark/90989990/photo
90994322;HRDEZQ;BATAS POS RONDA RT 001;0055;RT 001 RW 016;3272030001;-6.9419818;106.9130118;1.2000000476837;1;150;Batas Wilkerstat;15040;Batas SLS;2025-08-03 11:48:45;2025-08-03 11:48:44;Asep Ismatullah;https://wilkerstat.bps.go.id/api/landmark/90994322/photo
90996825;HRDIRX;BATAS KONTRAKAN LILIS RT 001;0055;RT 001 RW 016;3272030001;-6.9421483;106.9134763;1.2000000476837;1;150;Batas Wilkerstat;15040;Batas SLS;2025-08-03 11:51:36;2025-08-03 11:51:35;Asep Ismatullah;https://wilkerstat.bps.go.id/api/landmark/90996825/photo
91000186;HRDNRE;BATAS RUMAH YULIA RT 001;0055;RT 001 RW 016;3272030001;-6.9421417;106.9137583;1.4830000400543;1;150;Batas Wilkerstat;15040;Batas SLS;2025-08-03 11:55:01;2025-08-03 11:55:11;Asep Ismatullah;https://wilkerstat.bps.go.id/api/landmark/91000186/photo
91000788;HRDOOI;BATAS RUMAH YULIA RT 001;0055;RT 001 RW 016;3272030001;-6.9421417;106.9137583;1.4830000400543;1;150;Batas Wilkerstat;15040;Batas SLS;2025-08-03 11:55:45;2025-08-03 11:55:51;Asep Ismatullah;https://wilkerstat.bps.go.id/api/landmark/91000788/photo
91049464;HRGIOM;BATAS JALAN GANG RT 001;0055;RT 001 RW 016;3272030001;-6.9411847;106.9141497;1.8400000333786;1;150;Batas Wilkerstat;15040;Batas SLS;2025-08-03 13:05:09;2025-08-03 13:05:13;Asep Ismatullah;https://wilkerstat.bps.go.id/api/landmark/91049464/photo
91315230;HRVLSG;BATAS POSYANDU RT 001;0055;RT 001 RW 016;3272030001;-6.9410063;106.9139141;2.4000000953674;1;150;Batas Wilkerstat;15040;Batas SLS;2025-08-03 10:37:05;2025-08-03 19:55:33;Asep Ismatullah;https://wilkerstat.bps.go.id/api/landmark/91315230/photo
91501800;HSGBSA;BATAS SLS;0036;RT 001 RW 011;3272030001;-6.9389517;106.9180083;2;1;150;Batas Wilkerstat;15040;Batas SLS;2025-08-04 11:12:56;2025-08-04 11:12:58;Juariah;https://wilkerstat.bps.go.id/api/landmark/91501800/photo
91509540;HSGNDS;BATAS SLS;0036;RT 001 RW 011;3272030001;-6.940105;106.9185783;1.2599999904633;1;150;Batas Wilkerstat;15040;Batas SLS;2025-08-04 11:21:20;2025-08-04 11:21:21;Juariah;https://wilkerstat.bps.go.id/api/landmark/91509540/photo
91516687;HSGXSP;BATA SLS TIANG LISTRIK;0036;RT 001 RW 011;3272030001;-6.9401762;106.9180245;3;1;150;Batas Wilkerstat;15040;Batas SLS;2025-08-04 11:28:35;2025-08-04 11:28:37;Juariah;https://wilkerstat.bps.go.id/api/landmark/91516687/photo
91524237;HSHIWZ;BATAS SLS KOLAM;0036;RT 001 RW 011;3272030001;-6.9403917;106.9182717;1.0599999427795;1;150;Batas Wilkerstat;15040;Batas SLS;2025-08-04 11:36:48;2025-08-04 11:36:50;Juariah;https://wilkerstat.bps.go.id/api/landmark/91524237/photo
91553278;HSIZVY;S01;0039;RT 004 RW 011;3272030001;-6.941015;106.9185433;1.3999999761581;1;150;Batas Wilkerstat;15070;Batas Segmen;2025-08-04 12:11:54;2025-08-04 12:11:56;Juariah;https://wilkerstat.bps.go.id/api/landmark/91553278/photo
91565035;HSJRGD;BATAS SLS;0039;RT 004 RW 011;3272030001;-6.9418733;106.9187267;2.75;1;150;Batas Wilkerstat;15040;Batas SLS;2025-08-04 12:28:36;2025-08-04 12:28:38;Juariah;https://wilkerstat.bps.go.id/api/landmark/91565035/photo
91566643;HSJTPZ;BATAS SLS KEBUN;0039;RT 004 RW 011;3272030001;-6.9416567;106.9182567;3;1;150;Batas Wilkerstat;15040;Batas SLS;2025-08-04 12:31:06;2025-08-04 12:31:08;Juariah;https://wilkerstat.bps.go.id/api/landmark/91566643/photo
91568956;HSJXAY;S02;0039;RT 004 RW 011;3272030001;-6.9422288;106.9178784;3;1;150;Batas Wilkerstat;15070;Batas Segmen;2025-08-04 12:34:34;2025-08-04 12:34:36;Juariah;https://wilkerstat.bps.go.id/api/landmark/91568956/photo
91574031;HSKEOD;BATAS SLS SAWAH;0039;RT 004 RW 011;3272030001;-6.9433024;106.9171935;3.0390000343323;1;150;Batas Wilkerstat;15040;Batas SLS;2025-08-04 12:42:27;2025-08-04 12:42:29;Juariah;https://wilkerstat.bps.go.id/api/landmark/91574031/photo
91584457;HSKTZD;BATAS SLS SAWAH;0039;RT 004 RW 011;3272030001;-6.9431824;106.9166431;3;1;150;Batas Wilkerstat;15040;Batas SLS;2025-08-04 12:59:02;2025-08-04 12:59:04;Juariah;https://wilkerstat.bps.go.id/api/landmark/91584457/photo
91601350;HSLSYW;BATAS SLS GANG MAKAM;0039;RT 004 RW 011;3272030001;-6.9420617;106.9173867;1.9199999570847;1;150;Batas Wilkerstat;15040;Batas SLS;2025-08-04 13:23:42;2025-08-04 13:23:44;Juariah;https://wilkerstat.bps.go.id/api/landmark/91601350/photo
91611735;HSMIIH;BATAS SLS KANDANG KAMBING;0039;RT 004 RW 011;3272030001;-6.9403489;106.9191986;3;1;150;Batas Wilkerstat;15040;Batas SLS;2025-08-04 13:36:50;2025-08-04 13:36:52;Juariah;https://wilkerstat.bps.go.id/api/landmark/91611735/photo
91616148;HSMOWA;BATAS SLS GARASI;0039;RT 004 RW 011;3272030001;-6.9400921;106.9186176;3;1;150;Batas Wilkerstat;15040;Batas SLS;2025-08-04 13:42:11;2025-08-04 13:42:13;Juariah;https://wilkerstat.bps.go.id/api/landmark/91616148/photo
91497718;HSFVRA;PRAKTEK DR. JOJONG HALIM;0001;RT 001 RW 001;3272030002;-6.9274505;106.9265815;1.5;1;150;Batas Wilkerstat;15040;Batas SLS;2025-08-04 11:08:25;2025-08-04 11:08:27;Risna Marliana ;https://wilkerstat.bps.go.id/api/landmark/91497718/photo
90013067;HOZJLB;RUMAH BAPAK VERI;0003;rt 003 rw 001;3272030002;-6.9282818;106.9249571;3.3329999446869;1;150;Batas Wilkerstat;15040;Batas SLS;2025-08-01 13:47:22;2025-08-01 13:47:23;Mita jayanti;https://wilkerstat.bps.go.id/api/landmark/90013067/photo
90015048;HOZMJG;SELOKAN RT03;0003;rt 003 rw 001;3272030002;-6.9283878727642;106.92526258528;2.5;1;150;Batas Wilkerstat;15040;Batas SLS;2025-08-01 13:50:58;2025-08-01 13:50:59;Mita jayanti;https://wilkerstat.bps.go.id/api/landmark/90015048/photo
90022130;HOZWVQ;LPK MURNI;0003;rt 003 rw 001;3272030002;-6.9272502658384;106.92586943507;2.5;1;150;Batas Wilkerstat;15040;Batas SLS;2025-08-01 14:03:12;2025-08-01 14:03:13;Mita jayanti;https://wilkerstat.bps.go.id/api/landmark/90022130/photo
90026613;HPADMB;LAPANGAN GG MURNI;0003;rt 003 rw 001;3272030002;-6.9271444263184;106.92524347454;3.0999999046326;1;150;Batas Wilkerstat;15040;Batas SLS;2025-08-01 14:10:32;2025-08-01 14:10:35;Mita jayanti;https://wilkerstat.bps.go.id/api/landmark/90026613/photo
90029810;HPAIFA;PESANTREN MANARUL HUDA;0003;rt 003 rw 001;3272030002;-6.9279169;106.9250268;2.7999999523163;1;150;Batas Wilkerstat;15040;Batas SLS;2025-08-01 14:15:26;2025-08-01 14:15:28;Mita jayanti;https://wilkerstat.bps.go.id/api/landmark/90029810/photo
90220823;HPLETR;SUNGAI;0004;rt 004 rw 001;3272030002;-6.9283995217385;106.92526895553;2.6659998893738;1;150;Batas Wilkerstat;15040;Batas SLS;2025-08-02 08:40:36;2025-08-02 08:40:36;Mita jayanti;https://wilkerstat.bps.go.id/api/landmark/90220823/photo
90311480;HPQIWM;WARUNG PAK DIDI;0004;rt 004 rw 001;3272030002;-6.9286061;106.924727;3.5;1;150;Batas Wilkerstat;15040;Batas SLS;2025-08-02 10:22:34;2025-08-02 10:22:49;Mita jayanti;https://wilkerstat.bps.go.id/api/landmark/90311480/photo
90318642;HPQTLY;BLKG RUNAH IBU SAPUROH;0004;rt 004 rw 001;3272030002;-6.9285519568603;106.92453403026;4.6659998893738;1;150;Batas Wilkerstat;15040;Batas SLS;2025-08-02 10:29:29;2025-08-02 10:29:30;Mita jayanti;https://wilkerstat.bps.go.id/api/landmark/90318642/photo
90832798;HQUABE;RUMAH PAK ANDRI;0004;rt 004 rw 001;3272030002;-6.9286641197896;106.92531690001;4.8000001907349;1;150;Batas Wilkerstat;15040;Batas SLS;2025-08-03 09:15:21;2025-08-03 09:15:23;Mita jayanti;https://wilkerstat.bps.go.id/api/landmark/90832798/photo
90838806;HQUIYG;BLKG RUMAH IQBAL;0004;rt 004 rw 001;3272030002;-6.9281974952019;106.92474022508;3;1;150;Batas Wilkerstat;15040;Batas SLS;2025-08-03 09:22:17;2025-08-03 09:22:19;Mita jayanti;https://wilkerstat.bps.go.id/api/landmark/90838806/photo
90130612;HPGBIA;BATAS 1 (RUMAH BU KRISTIN);0019;RT OO6 RW 003;3272030002;-6.9323385226585;106.92273192108;0.64700001478195;1;150;Batas Wilkerstat;15040;Batas SLS;2025-08-01 16:47:08;2025-08-01 16:47:11;SINI FATMAWATI ;https://wilkerstat.bps.go.id/api/landmark/90130612/photo
90139513;HPGOMJ;BATAS 4 (KEBUN BP ADE );0019;RT OO6 RW 003;3272030002;-6.9312401987154;106.92324120551;3.239000082016;1;150;Batas Wilkerstat;15040;Batas SLS;2025-08-01 17:00:29;2025-08-01 17:00:32;SINI FATMAWATI ;https://wilkerstat.bps.go.id/api/landmark/90139513/photo
90180613;HPIXHD;BATAS 2 (POSYANDU MAWAR 3A;0019;RT OO6 RW 003;3272030002;-6.9326277475378;106.9234534353;4.2540001869202;1;150;Batas Wilkerstat;15040;Batas SLS;2025-08-01 16:49:22;2025-08-01 23:14:24;SINI FATMAWATI ;https://wilkerstat.bps.go.id/api/landmark/90180613/photo
90180614;HPIXHE;BATAS 3 (RUMAH KONTRAKAN BP IWAN;0019;RT OO6 RW 003;3272030002;-6.9314685171762;106.92382089794;6.0980000495911;1;150;Batas Wilkerstat;15040;Batas SLS;2025-08-01 16:54:56;2025-08-01 23:14:25;SINI FATMAWATI ;https://wilkerstat.bps.go.id/api/landmark/90180614/photo
90405885;HPVSNL;RUMAH BU HJ NENENG SOBARIAH;0005;RW1 01 Rt 05;3272030002;-6.9276886;106.9240502;3.9159998893738;1;150;Batas Wilkerstat;15040;Batas SLS;2025-08-02 11:51:14;2025-08-02 11:51:15;Mita jayanti;https://wilkerstat.bps.go.id/api/landmark/90405885/photo
90433232;HPXGZG;KONTRAKAN BU ENTIN;0005;RW1 01 Rt 05;3272030002;-6.9282860274345;106.92495681345;2.6659998893738;1;150;Batas Wilkerstat;15040;Batas SLS;2025-08-02 12:25:42;2025-08-02 12:25:43;Mita jayanti;https://wilkerstat.bps.go.id/api/landmark/90433232/photo
90450343;HPYGHJ;RUMAH KO ITEK;0005;RW1 01 Rt 05;3272030002;-6.9270826;106.9250146;2.1659998893738;1;150;Batas Wilkerstat;15040;Batas SLS;2025-08-02 12:51:25;2025-08-02 12:51:25;Mita jayanti;https://wilkerstat.bps.go.id/api/landmark/90450343/photo
90648271;HQJNBZ;BATAS TEMBOK RUMAH BP ISMAIL;0016;RT 003 RT 003;3272030002;-6.9320722625438;106.92277215421;4.3940000534058;1;150;Batas Wilkerstat;15040;Batas SLS;2025-08-02 16:31:42;2025-08-02 16:31:44;SINI FATMAWATI ;https://wilkerstat.bps.go.id/api/landmark/90648271/photo
90651081;HQJRGB;BATAS RUMAH BU SUNENGSIH;0016;RT 003 RT 003;3272030002;-6.9320236700566;106.92243352532;2.6989998817444;1;150;Batas Wilkerstat;15040;Batas SLS;2025-08-02 16:34:15;2025-08-02 16:34:18;SINI FATMAWATI ;https://wilkerstat.bps.go.id/api/landmark/90651081/photo
90654497;HQJWHL;BATAS PABRIK TAHU BP AJAY;0016;RT 003 RT 003;3272030002;-6.9323045745023;106.92214787006;3.9349999427795;1;150;Batas Wilkerstat;15040;Batas SLS;2025-08-02 16:37:19;2025-08-02 16:37:21;SINI FATMAWATI ;https://wilkerstat.bps.go.id/api/landmark/90654497/photo
90656842;HQJZTQ;BATAS NASI GORENG AMBU;0016;RT 003 RT 003;3272030002;-6.9323052401524;106.92245330662;3.1760001182556;1;150;Batas Wilkerstat;15040;Batas SLS;2025-08-02 16:39:25;2025-08-02 16:39:28;SINI FATMAWATI ;https://wilkerstat.bps.go.id/api/landmark/90656842/photo
90664997;HQKLVH;BATAS DINDING RUMAH BP SUPARDI;0016;RT 003 RT 003;3272030002;-6.9325132557771;106.9223453477;5.853000164032;1;150;Batas Wilkerstat;15040;Batas SLS;2025-08-02 16:46:15;2025-08-02 16:46:18;SINI FATMAWATI ;https://wilkerstat.bps.go.id/api/landmark/90664997/photo
90684363;HQLOMD;BATAS DINDING LAPANG IBU TITIN;0016;RT 003 RT 003;3272030002;-6.9330451097088;106.92262161523;4.7220001220703;1;150;Batas Wilkerstat;15040;Batas SLS;2025-08-02 17:03:36;2025-08-02 17:03:38;SINI FATMAWATI ;https://wilkerstat.bps.go.id/api/landmark/90684363/photo
90699422;HQMKTI;BATAS DINDING PABRIK PUPUK;0016;RT 003 RT 003;3272030002;-6.9333706120067;106.92307725549;5.8210000991821;1;150;Batas Wilkerstat;15040;Batas SLS;2025-08-02 17:17:35;2025-08-02 17:17:38;SINI FATMAWATI ;https://wilkerstat.bps.go.id/api/landmark/90699422/photo
90703315;HQMQNB;BATAS VICKY SALON;0016;RT 003 RT 003;3272030002;-6.9326245;106.9234648;4.2230000495911;1;150;Batas Wilkerstat;15040;Batas SLS;2025-08-02 17:21:31;2025-08-02 17:21:34;SINI FATMAWATI ;https://wilkerstat.bps.go.id/api/landmark/90703315/photo
90706328;HQMUYY;BATAS DINDING LAHAN IBU KRISTIN;0016;RT 003 RT 003;3272030002;-6.9323694;106.9226757;2.2669999599457;1;150;Batas Wilkerstat;15040;Batas SLS;2025-08-02 17:24:35;2025-08-02 17:24:37;SINI FATMAWATI ;https://wilkerstat.bps.go.id/api/landmark/90706328/photo
90710329;HQNAWV;BATAS DINDING RUMAH HJ TITIN;0016;RT 003 RT 003;3272030002;-6.93271361634;106.92269302905;3.5409998893738;1;150;Batas Wilkerstat;15040;Batas SLS;2025-08-02 17:28:47;2025-08-02 17:28:49;SINI FATMAWATI ;https://wilkerstat.bps.go.id/api/landmark/90710329/photo
90841295;HQUMPZ;RUMAH IBU WENTI;0006;RT 06 RW 01;3272030002;-6.9281687;106.9246973;3.5;1;150;Batas Wilkerstat;15040;Batas SLS;2025-08-03 09:24:51;2025-08-03 09:24:53;Mita jayanti;https://wilkerstat.bps.go.id/api/landmark/90841295/photo
90851046;HQVBBA;RUMAH IBU JUJU;0006;RT 06 RW 01;3272030002;-6.9283342;106.9245908;2;1;150;Batas Wilkerstat;15040;Batas SLS;2025-08-03 09:34:56;2025-08-03 09:34:58;Mita jayanti;https://wilkerstat.bps.go.id/api/landmark/90851046/photo
90869984;HQWDBK;KONTRAKAN IBU KARSIH;0006;RT 06 RW 01;3272030002;-6.9280701;106.9236525;3.0999999046326;1;150;Batas Wilkerstat;15040;Batas SLS;2025-08-03 09:53:30;2025-08-03 09:53:32;Mita jayanti;https://wilkerstat.bps.go.id/api/landmark/90869984/photo
90884461;HQWYMF;GREEN HOUSE KOSTAN;0006;RT 06 RW 01;3272030002;-6.927801;106.9239866;7;1;150;Batas Wilkerstat;15040;Batas SLS;2025-08-03 10:07:05;2025-08-03 10:07:07;Mita jayanti;https://wilkerstat.bps.go.id/api/landmark/90884461/photo
90913479;HQYPKH;RUMAH MUNARI;0007;RT 07 RW 01;3272030002;-6.9287383403484;106.92422457039;3.0829999446869;1;150;Batas Wilkerstat;15040;Batas SLS;2025-08-03 10:33:01;2025-08-03 10:33:03;Mita jayanti;https://wilkerstat.bps.go.id/api/landmark/90913479/photo
90963474;HRBLJE;RUMAH MAS SUKIMIN;0007;RT 07 RW 01;3272030002;-6.9286492;106.924361;4.6659998893738;1;150;Batas Wilkerstat;15040;Batas SLS;2025-08-03 11:18:15;2025-08-03 11:18:25;Mita jayanti;https://wilkerstat.bps.go.id/api/landmark/90963474/photo
90998123;HRDKPV;BELAKANG RUMAH BU RANI;0007;RT 07 RW 01;3272030002;-6.9283302935446;106.92345980555;2.7000000476837;1;150;Batas Wilkerstat;15040;Batas SLS;2025-08-03 11:52:51;2025-08-03 11:52:53;Mita jayanti;https://wilkerstat.bps.go.id/api/landmark/90998123/photo
91001822;HRDQCC;GARASI  PAK DIRO;0007;RT 07 RW 01;3272030002;-6.9281248;106.9236586;2.5999999046326;1;150;Batas Wilkerstat;15040;Batas SLS;2025-08-03 11:56:59;2025-08-03 11:57:01;Mita jayanti;https://wilkerstat.bps.go.id/api/landmark/91001822/photo
91162292;HRMTMA;BATAS DINDING SDN DWIKORA;0015;RT 002 RW 003;3272030002;-6.932307902753;106.92240670323;4.2969999313354;1;150;Batas Wilkerstat;15040;Batas SLS;2025-08-03 15:27:21;2025-08-03 15:27:24;SINI FATMAWATI ;https://wilkerstat.bps.go.id/api/landmark/91162292/photo
91164991;HRMXLV;BATAS PAGAR RUMAH BP BUDI;0015;RT 002 RW 003;3272030002;-6.932449020562;106.92198392004;4.6189999580383;1;150;Batas Wilkerstat;15040;Batas SLS;2025-08-03 15:30:06;2025-08-03 15:30:09;SINI FATMAWATI ;https://wilkerstat.bps.go.id/api/landmark/91164991/photo
91169666;HRNEJQ;BATAS POSYANDU MAWAR 3B;0015;RT 002 RW 003;3272030002;-6.9329612379147;106.92184779793;7.9650001525879;1;150;Batas Wilkerstat;15040;Batas SLS;2025-08-03 15:35:15;2025-08-03 15:35:17;SINI FATMAWATI ;https://wilkerstat.bps.go.id/api/landmark/91169666/photo
91172845;HRNJBX;BATAS DINDING RUMAH BP MADIT;0015;RT 002 RW 003;3272030002;-6.933275091417;106.92169424146;3.8610000610352;1;150;Batas Wilkerstat;15040;Batas SLS;2025-08-03 15:38:37;2025-08-03 15:38:40;SINI FATMAWATI ;https://wilkerstat.bps.go.id/api/landmark/91172845/photo
91175099;HRNMKP;BATAS DINDING SEKOLH SDN DWIKORA;0015;RT 002 RW 003;3272030002;-6.9333839249793;106.9218833372;5.3369998931885;1;150;Batas Wilkerstat;15040;Batas SLS;2025-08-03 15:41:22;2025-08-03 15:41:26;SINI FATMAWATI ;https://wilkerstat.bps.go.id/api/landmark/91175099/photo
91176607;HRNOQP;BATAS DINDING RUMAH IBU AI;0015;RT 002 RW 003;3272030002;-6.9333173601124;106.92195843905;6.6680002212524;1;150;Batas Wilkerstat;15040;Batas SLS;2025-08-03 15:43:07;2025-08-03 15:43:10;SINI FATMAWATI ;https://wilkerstat.bps.go.id/api/landmark/91176607/photo
91185557;HROBWV;BATAS LAHAN BP ANDRI;0015;RT 002 RW 003;3272030002;-6.9333636226959;106.92203555256;4.4539999961853;1;150;Batas Wilkerstat;15040;Batas SLS;2025-08-03 15:52:15;2025-08-03 15:52:22;SINI FATMAWATI ;https://wilkerstat.bps.go.id/api/landmark/91185557/photo
91189228;HROHIA;BATAS LAHAN BP ANDRI;0015;RT 002 RW 003;3272030002;-6.9335896103587;106.92196648568;3.8310000896454;1;150;Batas Wilkerstat;15040;Batas SLS;2025-08-03 15:55:57;2025-08-03 15:56:00;SINI FATMAWATI ;https://wilkerstat.bps.go.id/api/landmark/91189228/photo
91197764;HROTYI;BATAS RUMPUN BAMBU LAHAN BP ANDRI;0015;RT 002 RW 003;3272030002;-6.9339527213836;106.92287307233;7.7849998474121;1;150;Batas Wilkerstat;15040;Batas SLS;2025-08-03 16:04:19;2025-08-03 16:04:22;SINI FATMAWATI ;https://wilkerstat.bps.go.id/api/landmark/91197764/photo
91199551;HROWPB;BATAS RUMPUN BAMBU;0015;RT 002 RW 003;3272030002;-6.9334478272427;106.92312050611;3.7409999370575;1;150;Batas Wilkerstat;15040;Batas SLS;2025-08-03 16:06:09;2025-08-03 16:06:12;SINI FATMAWATI ;https://wilkerstat.bps.go.id/api/landmark/91199551/photo
91202883;HRPBNF;BATAS DINDING LAHAN IBU HJ TITIN;0015;RT 002 RW 003;3272030002;-6.9330797234608;106.92252706736;3.1519999504089;1;150;Batas Wilkerstat;15040;Batas SLS;2025-08-03 16:09:28;2025-08-03 16:09:33;SINI FATMAWATI ;https://wilkerstat.bps.go.id/api/landmark/91202883/photo
91206031;HRPGEH;BATAS DINDING JAMBAN MESJID ANNUR;0015;RT 002 RW 003;3272030002;-6.9327652041788;106.92265413702;5.0840001106262;1;150;Batas Wilkerstat;15040;Batas SLS;2025-08-03 16:12:38;2025-08-03 16:12:40;SINI FATMAWATI ;https://wilkerstat.bps.go.id/api/landmark/91206031/photo
91208235;HRPJLB;BATAS DINDING RUMAH BU SINTIA;0015;RT 002 RW 003;3272030002;-6.9325458726188;106.92230410874;4.6350002288818;1;150;Batas Wilkerstat;15040;Batas SLS;2025-08-03 16:14:44;2025-08-03 16:14:47;SINI FATMAWATI ;https://wilkerstat.bps.go.id/api/landmark/91208235/photo
91962984;HTGHXW;SUNGAI;0014;RT 001 RW 003;3272030002;-6.9351394;106.9221792;3.7590000629425;1;150;Batas Wilkerstat;15040;Batas SLS;2025-08-05 09:03:42;2025-08-05 09:03:46;SINI FATMAWATI ;https://wilkerstat.bps.go.id/api/landmark/91962984/photo
91971575;HTGUQH;BATAS LAHAN BP ANDRI;0014;RT 001 RW 003;3272030002;-6.9339815;106.9228419;3.2869999408722;1;150;Batas Wilkerstat;15040;Batas SLS;2025-08-05 09:14:24;2025-08-05 09:14:28;SINI FATMAWATI ;https://wilkerstat.bps.go.id/api/landmark/91971575/photo
91956584;HTFYLS;BATAS DINDING BEKAS GUDANG KAPUK;0017;RT 004 RW 003;3272030002;-6.9351426;106.9221004;5.5549998283386;1;150;Batas Wilkerstat;15040;Batas SLS;2025-08-05 08:55:14;2025-08-05 08:55:18;SINI FATMAWATI ;https://wilkerstat.bps.go.id/api/landmark/91956584/photo
91967684;HTGOWQ;BATAS UJUNG DINDING BEKAS GUDANG KAPUK;0025;RT 005 RW 004;3272030002;-6.9351287;106.9221829;10.114999771118;1;150;Batas Wilkerstat;15040;Batas SLS;2025-08-05 09:09:44;2025-08-05 09:09:48;SINI FATMAWATI ;https://wilkerstat.bps.go.id/api/landmark/91967684/photo
90019899;HOZTNV;RUMAH NIA KURNIA;0001;RT001 RW001;3272030003;-6.9298649603997;106.92172139883;1.6000000238419;1;150;Batas Wilkerstat;15040;Batas SLS;2025-08-01 13:59:25;2025-08-01 13:59:26;Dedeh Heny Hamdiawaty;https://wilkerstat.bps.go.id/api/landmark/90019899/photo
90061524;HPCDCU;SEBELAH KIRI GANG AMANAH;0001;RT001 RW001;3272030003;-6.9296449618361;106.92035648972;1.4659999608994;1;150;Batas Wilkerstat;15040;Batas SLS;2025-08-01 15:04:44;2025-08-01 15:04:45;Dedeh Heny Hamdiawaty;https://wilkerstat.bps.go.id/api/landmark/90061524/photo
90065303;HPCISD;TANAH KOSONG SEBELAH TOKO GYPSUM;0001;RT001 RW001;3272030003;-6.9274123533592;106.92090131342;1.3830000162125;1;150;Batas Wilkerstat;15040;Batas SLS;2025-08-01 15:10:40;2025-08-01 15:10:42;Dedeh Heny Hamdiawaty;https://wilkerstat.bps.go.id/api/landmark/90065303/photo
90599088;HQGSII;TERNAK AYAM ADU PAK WAWAN;0001;RT001 RW001;3272030003;-6.9290255704724;106.9220392406;1.6330000162125;1;150;Batas Wilkerstat;15040;Batas SLS;2025-08-02 15:46:20;2025-08-02 15:46:21;Dedeh Heny Hamdiawaty;https://wilkerstat.bps.go.id/api/landmark/90599088/photo
90608725;HQHGOZ;KEBUN MAS ALI;0001;RT001 RW001;3272030003;-6.9288428482006;106.9213790819;1.4659999608994;1;150;Batas Wilkerstat;15040;Batas SLS;2025-08-02 15:55:43;2025-08-02 15:56:02;Dedeh Heny Hamdiawaty;https://wilkerstat.bps.go.id/api/landmark/90608725/photo
90611554;HQHKTU;BELAKANG RUMAH BU HAJI SUHAEBAH;0001;RT001 RW001;3272030003;-6.9283041;106.9215249;1.9500000476837;1;150;Batas Wilkerstat;15040;Batas SLS;2025-08-02 15:58:47;2025-08-02 15:58:49;Dedeh Heny Hamdiawaty;https://wilkerstat.bps.go.id/api/landmark/90611554/photo
90646519;HQJKMP;RUMAH IBU SUABAH;0001;RT001 RW001;3272030003;-6.9276423378156;106.92148134112;1.7159999608994;1;150;Batas Wilkerstat;15040;Batas SLS;2025-08-02 16:30:12;2025-08-02 16:30:13;Dedeh Heny Hamdiawaty;https://wilkerstat.bps.go.id/api/landmark/90646519/photo
90520823;HQCGOD;BENGKEL DODO;0002;RT002 RW001;3272030003;-6.9277921105562;106.92082654685;3.5869998931885;1;150;Batas Wilkerstat;15040;Batas SLS;2025-08-02 14:23:48;2025-08-02 14:23:50;Dedeh Heny Hamdiawaty;https://wilkerstat.bps.go.id/api/landmark/90520823/photo
90525227;HQCNBN;RUMAH BU HENI;0002;RT002 RW001;3272030003;-6.927735862577;106.92047182471;1.5829999446869;1;150;Batas Wilkerstat;15040;Batas SLS;2025-08-02 14:28:59;2025-08-02 14:29:01;Dedeh Heny Hamdiawaty;https://wilkerstat.bps.go.id/api/landmark/90525227/photo
90527847;HQCQYH;RUMAH PAK YUDI;0002;RT002 RW001;3272030003;-6.9276103862915;106.92017477006;1.7159999608994;1;150;Batas Wilkerstat;15040;Batas SLS;2025-08-02 14:31:51;2025-08-02 14:31:53;Dedeh Heny Hamdiawaty;https://wilkerstat.bps.go.id/api/landmark/90527847/photo
90532130;HQCXHA;RUMAH FARID;0002;RT002 RW001;3272030003;-6.9280536;106.9202145;1.7660000324249;1;150;Batas Wilkerstat;15040;Batas SLS;2025-08-02 14:36:28;2025-08-02 14:36:29;Dedeh Heny Hamdiawaty;https://wilkerstat.bps.go.id/api/landmark/90532130/photo
90538064;HQDGBG;BELAKANG RUMAH PAK DADANG;0002;RT002 RW001;3272030003;-6.9282267840627;106.92017577589;1.7999999523163;1;150;Batas Wilkerstat;15040;Batas SLS;2025-08-02 14:43:11;2025-08-02 14:43:13;Dedeh Heny Hamdiawaty;https://wilkerstat.bps.go.id/api/landmark/90538064/photo
90544822;HQDQBE;RUMAH IBU JAWA;0002;RT002 RW001;3272030003;-6.9283812162074;106.92067801952;3.4760000705719;1;150;Batas Wilkerstat;15040;Batas SLS;2025-08-02 14:50:02;2025-08-02 14:50:04;Dedeh Heny Hamdiawaty;https://wilkerstat.bps.go.id/api/landmark/90544822/photo
90548343;HQDVGP;PANGKAS RAMBUT PURNAMA;0003;RT003 RW001;3272030003;-6.9283367;106.920695;1.5329999923706;1;150;Batas Wilkerstat;15040;Batas SLS;2025-08-02 14:53:53;2025-08-02 14:53:54;Dedeh Heny Hamdiawaty;https://wilkerstat.bps.go.id/api/landmark/90548343/photo
90552216;HQEAZO;RUMAH BU NUNUNG;0003;RT003 RW001;3272030003;-6.9281974;106.9202084;1.7829999923706;1;150;Batas Wilkerstat;15040;Batas SLS;2025-08-02 14:57:51;2025-08-02 14:57:54;Dedeh Heny Hamdiawaty;https://wilkerstat.bps.go.id/api/landmark/90552216/photo
90558590;HQEKKS;RUMAH BU IJAH BIN WARZI;0003;RT003 RW001;3272030003;-6.9276010670965;106.92016404122;1.5829999446869;1;150;Batas Wilkerstat;15040;Batas SLS;2025-08-02 15:04:44;2025-08-02 15:04:45;Dedeh Heny Hamdiawaty;https://wilkerstat.bps.go.id/api/landmark/90558590/photo
90562984;HQEQXS;BELAKANG PEMANCINGAN;0003;RT003 RW001;3272030003;-6.9275448190945;106.92002993077;1.6000000238419;1;150;Batas Wilkerstat;15040;Batas SLS;2025-08-02 15:09:17;2025-08-02 15:09:18;Dedeh Heny Hamdiawaty;https://wilkerstat.bps.go.id/api/landmark/90562984/photo
90571859;HQFEBB;RUMAH FILBI;0003;RT003 RW001;3272030003;-6.9300386;106.9202463;1.5;1;150;Batas Wilkerstat;15040;Batas SLS;2025-08-02 15:18:12;2025-08-02 15:18:13;Dedeh Heny Hamdiawaty;https://wilkerstat.bps.go.id/api/landmark/90571859/photo
90579562;HQFPLI;RONGSOKAN PAK ASEN;0003;RT003 RW001;3272030003;-6.9297551275442;106.91954679787;2.0160000324249;1;150;Batas Wilkerstat;15040;Batas SLS;2025-08-02 15:26:17;2025-08-02 15:26:18;Dedeh Heny Hamdiawaty;https://wilkerstat.bps.go.id/api/landmark/90579562/photo
89974532;HOXEKY;RUMAH IBU LIA;0020;RT 005 RW 004;3272030003;-6.9244072;106.9221844;1.9980000257492;1;150;Batas Wilkerstat;15040;Batas SLS;2025-08-01 11:42:57;2025-08-01 11:43:00;Eva nurhendini;https://wilkerstat.bps.go.id/api/landmark/89974532/photo
89975583;HOXFZJ;BLK STH PASUNDAN;0020;RT 005 RW 004;3272030003;-6.924636;106.9230253;3;1;150;Batas Wilkerstat;15040;Batas SLS;2025-08-01 11:45:57;2025-08-01 11:46:00;Eva nurhendini;https://wilkerstat.bps.go.id/api/landmark/89975583/photo
89976906;HOXHYG;BLK RUMAH PAK ATA;0020;RT 005 RW 004;3272030003;-6.9239708;106.9232825;3.2460000514984;1;150;Batas Wilkerstat;15040;Batas SLS;2025-08-01 11:49:53;2025-08-01 11:49:56;Eva nurhendini;https://wilkerstat.bps.go.id/api/landmark/89976906/photo
89978023;HOXJPF;BLK TOKO PAKAN HEWAN LBM;0020;RT 005 RW 004;3272030003;-6.9234846275524;106.92341756076;2.75;1;150;Batas Wilkerstat;15040;Batas SLS;2025-08-01 11:53:28;2025-08-01 11:53:30;Eva nurhendini;https://wilkerstat.bps.go.id/api/landmark/89978023/photo
89978965;HOXKZL;BLK KONTER HP JLN PASUNDAN;0020;RT 005 RW 004;3272030003;-6.9233325;106.9225508;3.5539999008179;1;150;Batas Wilkerstat;15040;Batas SLS;2025-08-01 11:56:45;2025-08-01 11:56:48;Eva nurhendini;https://wilkerstat.bps.go.id/api/landmark/89978965/photo
89979639;HOXLZJ;POS POLISI;0022;RT 002 RW 005;3272030003;-6.9231051997192;106.92198492587;3.0060000419617;1;150;Batas Wilkerstat;15040;Batas SLS;2025-08-01 11:59:14;2025-08-01 11:59:17;Eva nurhendini;https://wilkerstat.bps.go.id/api/landmark/89979639/photo
90651616;HQJSAQ;KIOS KAYU PEPEN;0022;RT 002 RW 005;3272030003;-6.9233638097755;106.92306183279;4.9479999542236;1;150;Batas Wilkerstat;15040;Batas SLS;2025-08-02 16:34:42;2025-08-02 16:34:47;Eva nurhendini;https://wilkerstat.bps.go.id/api/landmark/90651616/photo
90659205;HQKDGN;SELOKAN SEBELAH RMH PAK FREDY;0022;RT 002 RW 005;3272030003;-6.9223200494007;106.92334882915;3;1;150;Batas Wilkerstat;15040;Batas SLS;2025-08-02 16:41:29;2025-08-02 16:41:32;Eva nurhendini;https://wilkerstat.bps.go.id/api/landmark/90659205/photo
90664114;HQKKNI;TEMPAT SAMPAH DPN RMH BPK JUDY GANDY;0022;RT 002 RW 005;3272030003;-6.9221236784089;106.922150217;3;1;150;Batas Wilkerstat;15040;Batas SLS;2025-08-02 16:45:35;2025-08-02 16:45:38;Eva nurhendini;https://wilkerstat.bps.go.id/api/landmark/90664114/photo
90007603;HOZBIX;KANTOR KECAMATAN WARUDOYONG;0005;RT005 RW001;3272030003;-6.9323776;106.9207156;1.6499999761581;1;150;Batas Wilkerstat;15040;Batas SLS;2025-08-01 13:36:47;2025-08-01 13:36:48;Dedeh Heny Hamdiawaty;https://wilkerstat.bps.go.id/api/landmark/90007603/photo
90010119;HOZFBR;RUMAH NENSY ADIWALUYO;0005;RT005 RW001;3272030003;-6.9328538;106.9209596;1.4830000400543;1;150;Batas Wilkerstat;15040;Batas SLS;2025-08-01 13:41:48;2025-08-01 13:41:50;Dedeh Heny Hamdiawaty;https://wilkerstat.bps.go.id/api/landmark/90010119/photo
90019008;HOZSFO;BELAKANG TEMPAT PERTEMUAN KO AAT;0005;RT005 RW001;3272030003;-6.9297667;106.9217924;1.6660000085831;1;150;Batas Wilkerstat;15040;Batas SLS;2025-08-01 13:57:52;2025-08-01 13:57:53;Dedeh Heny Hamdiawaty;https://wilkerstat.bps.go.id/api/landmark/90019008/photo
90024278;HPAAAG;RUMAH BELAKANG PRINT 99;0005;RT005 RW001;3272030003;-6.9298852628338;106.92290794104;1.6829999685287;1;150;Batas Wilkerstat;15040;Batas SLS;2025-08-01 14:06:46;2025-08-01 14:06:48;Dedeh Heny Hamdiawaty;https://wilkerstat.bps.go.id/api/landmark/90024278/photo
89955136;HOWBSY;RUMAH IBU ELIA;0006;RT 001 RW 002;3272030003;-6.924664180201;106.92070685327;2.0999999046326;1;150;Batas Wilkerstat;15040;Batas SLS;2025-08-01 11:04:43;2025-08-01 11:04:46;Lilis novieanti nuryayi;https://wilkerstat.bps.go.id/api/landmark/89955136/photo
89958512;HOWGSU;SELOKAN DEKAT RUMAH ABDIROHMAN;0006;RT 001 RW 002;3272030003;-6.9249454218616;106.92123223096;2.7170000076294;1;150;Batas Wilkerstat;15040;Batas SLS;2025-08-01 11:10:10;2025-08-01 11:10:11;Lilis novieanti nuryayi;https://wilkerstat.bps.go.id/api/landmark/89958512/photo
89960245;HOWJHL;RUMAH IBU SURYANA;0006;RT 001 RW 002;3272030003;-6.9249643931865;106.92111756653;1.6000000238419;1;150;Batas Wilkerstat;15040;Batas SLS;2025-08-01 11:13:02;2025-08-01 11:13:04;Lilis novieanti nuryayi;https://wilkerstat.bps.go.id/api/landmark/89960245/photo
89963685;HOWOJT;RUMAH RENI;0006;RT 001 RW 002;3272030003;-6.9252603;106.9209949;3.5910000801086;1;150;Batas Wilkerstat;15040;Batas SLS;2025-08-01 11:19:10;2025-08-01 11:19:11;Lilis novieanti nuryayi;https://wilkerstat.bps.go.id/api/landmark/89963685/photo
89965514;HOWRCC;RUMAH MAS SUMARDI;0006;RT 001 RW 002;3272030003;-6.9256254;106.9209767;1.7289999723434;1;150;Batas Wilkerstat;15040;Batas SLS;2025-08-01 11:22:41;2025-08-01 11:22:42;Lilis novieanti nuryayi;https://wilkerstat.bps.go.id/api/landmark/89965514/photo
89967276;HOWTRW;RUMAH IBU HJ LILI;0006;RT 001 RW 002;3272030003;-6.9254955899743;106.92048121244;4.5749998092651;1;150;Batas Wilkerstat;15040;Batas SLS;2025-08-01 11:26:04;2025-08-01 11:26:06;Lilis novieanti nuryayi;https://wilkerstat.bps.go.id/api/landmark/89967276/photo
89961921;HOWLTX;RUMAH DEDERAJA;0007;RT 002 RW 002;3272030003;-6.9249594007326;106.92112192512;1.6000000238419;1;150;Batas Wilkerstat;15040;Batas SLS;2025-08-01 11:15:57;2025-08-01 11:15:59;Lilis novieanti nuryayi;https://wilkerstat.bps.go.id/api/landmark/89961921/photo
89996291;HOYKPV;RUMAH IBU RIAN;0007;RT 002 RW 002;3272030003;-6.9252469659883;106.92097038031;5.6490001678467;1;150;Batas Wilkerstat;15040;Batas SLS;2025-08-01 13:08:56;2025-08-01 13:08:57;Lilis novieanti nuryayi;https://wilkerstat.bps.go.id/api/landmark/89996291/photo
89997358;HOYMEW;TOKO SUMBER ELEKTRONIK;0007;RT 002 RW 002;3272030003;-6.9256566796087;106.9213046506;4.5679998397827;1;150;Batas Wilkerstat;15040;Batas SLS;2025-08-01 13:12:09;2025-08-01 13:12:10;Lilis novieanti nuryayi;https://wilkerstat.bps.go.id/api/landmark/89997358/photo
89998647;HOYOCL;BELAKANG TOKO SUMBER ELEKTRONIK;0007;RT 002 RW 002;3272030003;-6.9256233;106.9209633;3.3610000610352;1;150;Batas Wilkerstat;15040;Batas SLS;2025-08-01 13:15:42;2025-08-01 13:15:43;Lilis novieanti nuryayi;https://wilkerstat.bps.go.id/api/landmark/89998647/photo
90000649;HOYRBL;TOKO SABANA FRIED CHIKEN;0007;RT 002 RW 002;3272030003;-6.9250462694221;106.92142367363;2.7760000228882;1;150;Batas Wilkerstat;15040;Batas SLS;2025-08-01 13:20:46;2025-08-01 13:20:47;Lilis novieanti nuryayi;https://wilkerstat.bps.go.id/api/landmark/90000649/photo
91074265;HRHTGJ;BANGUNAN KOSONG;0008;RT003 RW 002;3272030003;-6.9259167;106.92128;2.1730000972748;1;150;Batas Wilkerstat;15040;Batas SLS;2025-08-03 13:40:37;2025-08-03 13:40:40;Lilis novieanti nuryayi;https://wilkerstat.bps.go.id/api/landmark/91074265/photo
91075839;HRHVOX;POSKAMLING RW 2;0008;RT003 RW 002;3272030003;-6.92569;106.9213183;1.5;1;150;Batas Wilkerstat;15040;Batas SLS;2025-08-03 13:42:57;2025-08-03 13:42:59;Lilis novieanti nuryayi;https://wilkerstat.bps.go.id/api/landmark/91075839/photo
91086613;HRILNH;KONTRAKAN PA AGUS;0008;RT003 RW 002;3272030003;-6.9255994;106.9205404;4.923999786377;1;150;Batas Wilkerstat;15040;Batas SLS;2025-08-03 13:57:49;2025-08-03 13:57:50;Lilis novieanti nuryayi;https://wilkerstat.bps.go.id/api/landmark/91086613/photo
91089321;HRIPNL;RUMAH MA UUH;0008;RT003 RW 002;3272030003;-6.9257834;106.9205799;2.5;1;150;Batas Wilkerstat;15040;Batas SLS;2025-08-03 14:01:25;2025-08-03 14:01:27;Lilis novieanti nuryayi;https://wilkerstat.bps.go.id/api/landmark/91089321/photo
91052547;HRGNDB;WARUNG MIE KOCOK NAILA;0009;RT 004 RW 002;3272030003;-6.9261622;106.9203203;4.8489999771118;1;150;Batas Wilkerstat;15040;Batas SLS;2025-08-03 13:10:06;2025-08-03 13:10:07;Lilis novieanti nuryayi;https://wilkerstat.bps.go.id/api/landmark/91052547/photo
91054150;HRGPMS;RUMAH PA HAJI KOKO;0009;RT 004 RW 002;3272030003;-6.9262217;106.9205083;7.8509998321533;1;150;Batas Wilkerstat;15040;Batas SLS;2025-08-03 13:12:23;2025-08-03 13:12:24;Lilis novieanti nuryayi;https://wilkerstat.bps.go.id/api/landmark/91054150/photo
91071405;HRHPAJ;KLINIK YURISTA BERKAH ABADI;0009;RT 004 RW 002;3272030003;-6.9262375;106.9211971;4.5539999008179;1;150;Batas Wilkerstat;15040;Batas SLS;2025-08-03 13:36:52;2025-08-03 13:36:54;Lilis novieanti nuryayi;https://wilkerstat.bps.go.id/api/landmark/91071405/photo
91073062;HRHRMC;BAKSO MALANG;0009;RT 004 RW 002;3272030003;-6.9259167;106.92128;4.789999961853;1;150;Batas Wilkerstat;15040;Batas SLS;2025-08-03 13:39:01;2025-08-03 13:39:02;Lilis novieanti nuryayi;https://wilkerstat.bps.go.id/api/landmark/91073062/photo
91079142;HRIALY;RUMAH IBU ANON;0009;RT 004 RW 002;3272030003;-6.9258785;106.9209075;4.1040000915527;1;150;Batas Wilkerstat;15040;Batas SLS;2025-08-03 13:47:45;2025-08-03 13:47:47;Lilis novieanti nuryayi;https://wilkerstat.bps.go.id/api/landmark/91079142/photo
91102343;HRJIUH;BELAKANG RUMAH IBU ADAN;0009;RT 004 RW 002;3272030003;-6.9258323;106.9204204;2.3780000209808;1;150;Batas Wilkerstat;15040;Batas SLS;2025-08-03 14:17:48;2025-08-03 14:17:50;Lilis novieanti nuryayi;https://wilkerstat.bps.go.id/api/landmark/91102343/photo
91016299;HRELMX;GEDUNG DPD GOLKAR;0010;RT 005 RW002;3272030003;-6.9278835;106.9208467;5.5349998474121;1;150;Batas Wilkerstat;15040;Batas SLS;2025-08-03 12:15:56;2025-08-03 12:15:57;Lilis novieanti nuryayi;https://wilkerstat.bps.go.id/api/landmark/91016299/photo
91018919;HREPJR;BELAKANG GEDUNG DPD GOLKAR;0010;RT 005 RW002;3272030003;-6.92775;106.920445;4.0089998245239;1;150;Batas Wilkerstat;15040;Batas SLS;2025-08-03 12:19:35;2025-08-03 12:19:36;Lilis novieanti nuryayi;https://wilkerstat.bps.go.id/api/landmark/91018919/photo
91048337;HRGGXD;RUMAH PA ADMI;0010;RT 005 RW002;3272030003;-6.9265333;106.920315;1.6000000238419;1;150;Batas Wilkerstat;15040;Batas SLS;2025-08-03 13:03:21;2025-08-03 13:03:23;Lilis novieanti nuryayi;https://wilkerstat.bps.go.id/api/landmark/91048337/photo
91050635;HRGKHN;RUMAH PA DENI;0010;RT 005 RW002;3272030003;-6.9261918;106.9203504;3.7400000095367;1;150;Batas Wilkerstat;15040;Batas SLS;2025-08-03 13:07:06;2025-08-03 13:07:07;Lilis novieanti nuryayi;https://wilkerstat.bps.go.id/api/landmark/91050635/photo
91055702;HRGRUK;RUMAH BU ERI;0010;RT 005 RW002;3272030003;-6.9262316;106.92055;1.4500000476837;1;150;Batas Wilkerstat;15040;Batas SLS;2025-08-03 13:14:38;2025-08-03 13:14:40;Lilis novieanti nuryayi;https://wilkerstat.bps.go.id/api/landmark/91055702/photo
91070140;HRHNDS;BANGUNAN KOSONG MILIK PLN;0010;RT 005 RW002;3272030003;-6.926235;106.9211918;4.4200000762939;1;150;Batas Wilkerstat;15040;Batas SLS;2025-08-03 13:34:52;2025-08-03 13:34:53;Lilis novieanti nuryayi;https://wilkerstat.bps.go.id/api/landmark/91070140/photo
90665925;HQKNEZ;KANUM COFFEE;0023;RT 002 RW 005;3272030003;-6.9221363;106.9221813;3;1;150;Batas Wilkerstat;15040;Batas SLS;2025-08-02 16:47:07;2025-08-02 16:47:10;Eva nurhendini;https://wilkerstat.bps.go.id/api/landmark/90665925/photo
90668968;HQKRSA;PARKIRAN RS KARTIKA;0023;RT 002 RW 005;3272030003;-6.9222907601732;106.92362040281;3;1;150;Batas Wilkerstat;15040;Batas SLS;2025-08-02 16:49:48;2025-08-02 16:49:51;Eva nurhendini;https://wilkerstat.bps.go.id/api/landmark/90668968/photo
90675591;HQLBMT;RUKO KOSONG SEBELAH RS KARTIKA;0023;RT 002 RW 005;3272030003;-6.9215944748209;106.92372400314;3;1;150;Batas Wilkerstat;15040;Batas SLS;2025-08-02 16:55:43;2025-08-02 16:55:46;Eva nurhendini;https://wilkerstat.bps.go.id/api/landmark/90675591/photo
90701273;HQMNMN;KANTOR NOTARIS HENDRI;0023;RT 002 RW 005;3272030003;-6.921427;106.9224405;1.6189999580383;1;150;Batas Wilkerstat;15040;Batas SLS;2025-08-02 17:19:27;2025-08-02 17:19:31;Eva nurhendini;https://wilkerstat.bps.go.id/api/landmark/90701273/photo
90681150;HQLJSO;SELOKAN SEBELAH RMH BU EKA;0024;RT 003 RW 005;3272030003;-6.9223064;106.9233598;3;1;150;Batas Wilkerstat;15040;Batas SLS;2025-08-02 17:00:40;2025-08-02 17:00:43;Eva nurhendini;https://wilkerstat.bps.go.id/api/landmark/90681150/photo
90682052;HQLLBG;HOTEL VARISTA SYARIAH;0024;RT 003 RW 005;3272030003;-6.9224601717025;106.92358955741;3;1;150;Batas Wilkerstat;15040;Batas SLS;2025-08-02 17:01:36;2025-08-02 17:01:39;Eva nurhendini;https://wilkerstat.bps.go.id/api/landmark/90682052/photo
90684522;HQLOSG;SELOKAN DEPAN TK TUNAS MUDA;0024;RT 003 RW 005;3272030003;-6.92279;106.92483;2.1760001182556;1;150;Batas Wilkerstat;15040;Batas SLS;2025-08-02 17:03:43;2025-08-02 17:03:46;Eva nurhendini;https://wilkerstat.bps.go.id/api/landmark/90684522/photo
90687839;HQLTPV;KOSAN RUMAH HIJAU;0024;RT 003 RW 005;3272030003;-6.9231367;106.9249246;4.0260000228882;1;150;Batas Wilkerstat;15040;Batas SLS;2025-08-02 17:06:48;2025-08-02 17:06:51;Eva nurhendini;https://wilkerstat.bps.go.id/api/landmark/90687839/photo
90692185;HQMAAZ;SELOKAN REL KERETA;0024;RT 003 RW 005;3272030003;-6.9238689;106.9247344;3;1;150;Batas Wilkerstat;15040;Batas SLS;2025-08-02 17:10:44;2025-08-02 17:10:47;Eva nurhendini;https://wilkerstat.bps.go.id/api/landmark/90692185/photo
90694864;HQMEAA;TANAH KOSONG SEBELAH KIOS KAYU PEPEN;0024;RT 003 RW 005;3272030003;-6.9233707992345;106.92305546254;2.9179999828339;1;150;Batas Wilkerstat;15040;Batas SLS;2025-08-02 17:13:16;2025-08-02 17:13:20;Eva nurhendini;https://wilkerstat.bps.go.id/api/landmark/90694864/photo
90676952;HQLDNC;RS KARTIKA KASIH;0025;RT 004 RW 005;3272030003;-6.9215681810422;106.92377127707;3;1;150;Batas Wilkerstat;15040;Batas SLS;2025-08-02 16:56:58;2025-08-02 16:57:01;Eva nurhendini;https://wilkerstat.bps.go.id/api/landmark/90676952/photo
90678996;HQLGNS;WARUNG BLK RS KARTIKA;0025;RT 004 RW 005;3272030003;-6.9223539982758;106.92362409085;4.4629998207092;1;150;Batas Wilkerstat;15040;Batas SLS;2025-08-02 16:58:49;2025-08-02 16:58:52;Eva nurhendini;https://wilkerstat.bps.go.id/api/landmark/90678996/photo
90686273;HQLRHP;RUMAH PAK HERMAN;0025;RT 004 RW 005;3272030003;-6.9227983;106.924855;3.6579999923706;1;150;Batas Wilkerstat;15040;Batas SLS;2025-08-02 17:05:23;2025-08-02 17:05:26;Eva nurhendini;https://wilkerstat.bps.go.id/api/landmark/90686273/photo
90698238;HQMIZU;ETHICA FASHION;0025;RT 004 RW 005;3272030003;-6.9219083;106.925135;2.0220000743866;1;150;Batas Wilkerstat;15040;Batas SLS;2025-08-02 17:16:26;2025-08-02 17:16:29;Eva nurhendini;https://wilkerstat.bps.go.id/api/landmark/90698238/photo
91463390;HSDWWS;POSYANDU MELATI;0035;RT 005 RW 007;3272030003;-6.92405;106.9247748;8.4060001373291;1;150;Batas Wilkerstat;15040;Batas SLS;2025-08-04 10:35:15;2025-08-04 10:35:17;Risna Marliana ;https://wilkerstat.bps.go.id/api/landmark/91463390/photo
91470379;HSEHFN;RUMAH BAPAK PAUL;0035;RT 005 RW 007;3272030003;-6.9245595;106.9247681;3.1760001182556;1;150;Batas Wilkerstat;15040;Batas SLS;2025-08-04 10:41:38;2025-08-04 10:41:40;Risna Marliana ;https://wilkerstat.bps.go.id/api/landmark/91470379/photo
91477344;HSERNK;VIHARA METTA MAITREYA;0035;RT 005 RW 007;3272030003;-6.9246075;106.9257721;1.75;1;150;Batas Wilkerstat;15040;Batas SLS;2025-08-04 10:48:17;2025-08-04 10:48:20;Risna Marliana ;https://wilkerstat.bps.go.id/api/landmark/91477344/photo
91481070;HSEXAS;KIOS PASUNDAN KOSONG;0035;RT 005 RW 007;3272030003;-6.924302;106.9257617;1.6690000295639;1;150;Batas Wilkerstat;15040;Batas SLS;2025-08-04 10:51:56;2025-08-04 10:51:57;Risna Marliana ;https://wilkerstat.bps.go.id/api/landmark/91481070/photo
91440086;HSCOKK;RUMAH KO SENGSENG;0037;RT 001 RW 008;3272030003;-6.9253377;106.9252002;4.9850001335144;1;150;Batas Wilkerstat;15040;Batas SLS;2025-08-04 10:11:30;2025-08-04 10:11:32;Risna Marliana ;https://wilkerstat.bps.go.id/api/landmark/91440086/photo
91442470;HSCRYC;BANGUNAN KOSONG;0037;RT 001 RW 008;3272030003;-6.9245922;106.9252572;4.7030000686646;1;150;Batas Wilkerstat;15040;Batas SLS;2025-08-04 10:13:57;2025-08-04 10:14:00;Risna Marliana ;https://wilkerstat.bps.go.id/api/landmark/91442470/photo
91484673;HSFCJH;TOKO MINYAK WANGI AL KAFF ( PILBI);0037;RT 001 RW 008;3272030003;-6.9244522;106.9261659;3.779000043869;1;150;Batas Wilkerstat;15040;Batas SLS;2025-08-04 10:55:30;2025-08-04 10:55:32;Risna Marliana ;https://wilkerstat.bps.go.id/api/landmark/91484673/photo
91489490;HSFJMO;RUMAH PEMILIK TOKO SEKAWAN;0037;RT 001 RW 008;3272030003;-6.9254317;106.9261849;4.4899997711182;1;150;Batas Wilkerstat;15040;Batas SLS;2025-08-04 11:00:12;2025-08-04 11:00:14;Risna Marliana ;https://wilkerstat.bps.go.id/api/landmark/91489490/photo
90129688;HPFZYM;RUMAH MAKAN ODEON 99;0038;RT 002 RW 008;3272030003;-6.9254275;106.9261354;1.6000000238419;1;150;Batas Wilkerstat;15040;Batas SLS;2025-08-01 16:45:56;2025-08-01 16:45:58;Risna Marliana ;https://wilkerstat.bps.go.id/api/landmark/90129688/photo
90132956;HPGEUE;TOKO SAYWAL 7;0038;RT 002 RW 008;3272030003;-6.9244971;106.926199;5.1170001029968;1;150;Batas Wilkerstat;15040;Batas SLS;2025-08-01 16:50:43;2025-08-01 16:50:45;Risna Marliana ;https://wilkerstat.bps.go.id/api/landmark/90132956/photo
90135232;HPGIDS;PASAR PASUNDAN;0038;RT 002 RW 008;3272030003;-6.9246661771838;106.92723434418;9.2089996337891;1;1720;Konsentrasi Ekonomi;162030;Pasar;2025-08-01 16:54:13;2025-08-01 16:54:14;Risna Marliana ;https://wilkerstat.bps.go.id/api/landmark/90135232/photo
90135760;HPGIYA;IKONOA;0038;RT 002 RW 008;3272030003;-6.924830595405;106.92719109356;2.9079999923706;1;150;Batas Wilkerstat;15040;Batas SLS;2025-08-01 16:54:54;2025-08-01 16:54:57;Risna Marliana ;https://wilkerstat.bps.go.id/api/landmark/90135760/photo
90137152;HPGKZO;BANGUNAN KOSONG;0038;RT 002 RW 008;3272030003;-6.9255337;106.9271198;5.4670000076294;1;150;Batas Wilkerstat;15040;Batas SLS;2025-08-01 16:56:53;2025-08-01 16:56:56;Risna Marliana ;https://wilkerstat.bps.go.id/api/landmark/90137152/photo
90119851;HPFLKD;ODEON AQUARIUM;0039;RT 003 RW 008;3272030003;-6.9256560139492;106.92697282881;1.8999999761581;1;150;Batas Wilkerstat;15040;Batas SLS;2025-08-01 16:31:44;2025-08-01 16:31:46;Risna Marliana ;https://wilkerstat.bps.go.id/api/landmark/90119851/photo
90122363;HPFPCT;TOKO PERABOTKU;0039;RT 003 RW 008;3272030003;-6.9269866654804;106.92656513304;5.0370001792908;1;150;Batas Wilkerstat;15040;Batas SLS;2025-08-01 16:35:13;2025-08-01 16:35:15;Risna Marliana ;https://wilkerstat.bps.go.id/api/landmark/90122363/photo
90125123;HPFTEX;KOMPLEK DANALAGA;0039;RT 003 RW 008;3272030003;-6.9265776186735;106.92595660686;5.4060001373291;1;150;Batas Wilkerstat;15040;Batas SLS;2025-08-01 16:39:02;2025-08-01 16:39:04;Risna Marliana ;https://wilkerstat.bps.go.id/api/landmark/90125123/photo
90126707;HPFVNV;WAROENK MANGKOK MAS;0039;RT 003 RW 008;3272030003;-6.9261459391117;106.92563373595;4.5999999046326;1;150;Batas Wilkerstat;15040;Batas SLS;2025-08-01 16:41:31;2025-08-01 16:41:34;Risna Marliana ;https://wilkerstat.bps.go.id/api/landmark/90126707/photo
90128111;HPFXPV;APOTEK MEGA FARMA;0039;RT 003 RW 008;3272030003;-6.9254336836125;106.92563809454;5.4619998931885;1;150;Batas Wilkerstat;15040;Batas SLS;2025-08-01 16:43:42;2025-08-01 16:43:44;Risna Marliana ;https://wilkerstat.bps.go.id/api/landmark/90128111/photo
90008715;HOZCZR;BELAKANG RUMAH FELIK;0004;rt004 rw001;3272030003;-6.9323508371852;106.92068506032;1.4659999608994;1;150;Batas Wilkerstat;15040;Batas SLS;2025-08-01 13:38:57;2025-08-01 13:38:59;Dedeh Heny Hamdiawaty;https://wilkerstat.bps.go.id/api/landmark/90008715/photo
90046064;HPBGGE;RUMAH BELAKANG PAK ANDREY;0004;rt004 rw001;3272030003;-6.931824640502;106.92156348377;1.6829999685287;1;150;Batas Wilkerstat;15040;Batas SLS;2025-08-01 14:40:37;2025-08-01 14:40:38;Dedeh Heny Hamdiawaty;https://wilkerstat.bps.go.id/api/landmark/90046064/photo
90054993;HPBTLP;SEBELAH KANAN GANG AMANAH;0004;rt004 rw001;3272030003;-6.9296695910298;106.92035380751;1.4329999685287;1;150;Batas Wilkerstat;15040;Batas SLS;2025-08-01 14:54:46;2025-08-01 14:54:48;Dedeh Heny Hamdiawaty;https://wilkerstat.bps.go.id/api/landmark/90054993/photo
90058734;HPBYZM;RUMAH ENDANG EDO;0004;rt004 rw001;3272030003;-6.9299092263615;106.92172475159;1.5;1;150;Batas Wilkerstat;15040;Batas SLS;2025-08-01 15:00:41;2025-08-01 15:00:42;Dedeh Heny Hamdiawaty;https://wilkerstat.bps.go.id/api/landmark/90058734/photo
89942574;HOVJDU;SAMPING POM BENSIN;0024;RT 002 RW 004;3272030004;-6.9196557207583;106.91880583763;3.789999961853;1;150;Batas Wilkerstat;15040;Batas SLS;2025-08-01 10:45:04;2025-08-01 10:45:07;Ilham maulana;https://wilkerstat.bps.go.id/api/landmark/89942574/photo
89957154;HOWESO;PERTIGAAN DEGUNG;0024;RT 002 RW 004;3272030004;-6.9202038980363;106.91564116627;3.789999961853;1;150;Batas Wilkerstat;15040;Batas SLS;2025-08-01 11:08:00;2025-08-01 11:08:01;Ilham maulana;https://wilkerstat.bps.go.id/api/landmark/89957154/photo
90018109;HOZQWZ;PEREMPATAN DEGUNG;0024;RT 002 RW 004;3272030004;-6.9192872733777;106.91597845405;3.8259999752045;1;150;Batas Wilkerstat;15040;Batas SLS;2025-08-01 13:56:23;2025-08-01 13:56:24;Ilham maulana;https://wilkerstat.bps.go.id/api/landmark/90018109/photo
90557898;HQEJKC;TERMINAL LAMA;0024;RT 002 RW 004;3272030004;-6.9201659550029;106.91805850714;3.789999961853;1;1720;Konsentrasi Ekonomi;162050;Kawasan Industri/Sentra Industri;2025-08-01 09:59:37;2025-08-02 15:03:53;Ilham maulana;https://wilkerstat.bps.go.id/api/landmark/90557898/photo
90558714;HQEKPM;SAMPING TEMPAT PEMBUANGAN SAMPAH;0024;RT 002 RW 004;3272030004;-6.9207354330161;106.91855840385;3.789999961853;1;150;Batas Wilkerstat;15040;Batas SLS;2025-08-01 09:40:02;2025-08-02 15:04:54;Ilham maulana;https://wilkerstat.bps.go.id/api/landmark/90558714/photo
90223858;HPLJGK;SUNGAI;0023;RT 001 RW 004;3272030004;-6.9201954;106.9204904;4.8379998207092;1;150;Batas Wilkerstat;15040;Batas SLS;2025-08-02 08:45:21;2025-08-02 08:45:24;PETY NURFATTIMAH;https://wilkerstat.bps.go.id/api/landmark/90223858/photo
90630909;HQINKF;RUKO KOSONG;0023;RT 001 RW 004;3272030004;-6.921023999345;106.92035146058;4.1180000305176;1;150;Batas Wilkerstat;15040;Batas SLS;2025-08-02 16:16:43;2025-08-02 16:16:45;PETY NURFATTIMAH;https://wilkerstat.bps.go.id/api/landmark/90630909/photo
90652459;HQJTHB;RUMAH IBU IIS;0023;RT 001 RW 004;3272030004;-6.9207024825244;106.91861405969;6.6939997673035;1;150;Batas Wilkerstat;15040;Batas SLS;2025-08-02 16:35:26;2025-08-02 16:35:28;PETY NURFATTIMAH;https://wilkerstat.bps.go.id/api/landmark/90652459/photo
90682395;HQLLOL;POM BENSIN;0023;RT 001 RW 004;3272030004;-6.9196925;106.9188741;3.0840001106262;1;150;Batas Wilkerstat;15040;Batas SLS;2025-08-02 17:01:54;2025-08-02 17:01:56;PETY NURFATTIMAH;https://wilkerstat.bps.go.id/api/landmark/90682395/photo
90658077;HQKBPD;BANDAR SATE SOTO;0025;RT 003 RW 004;3272030004;-6.9206333;106.9179283;2.3359999656677;1;150;Batas Wilkerstat;15040;Batas SLS;2025-08-02 16:40:27;2025-08-02 16:40:30;PETY NURFATTIMAH;https://wilkerstat.bps.go.id/api/landmark/90658077/photo
90659897;HQKEHD;POM BENSIN MINI;0025;RT 003 RW 004;3272030004;-6.9205051123595;106.91717907786;3.7160000801086;1;150;Batas Wilkerstat;15040;Batas SLS;2025-08-02 16:42:07;2025-08-02 16:42:10;PETY NURFATTIMAH;https://wilkerstat.bps.go.id/api/landmark/90659897/photo
90888345;HQXEFP;WARUNG PAK BAMBANG;0025;RT 003 RW 004;3272030004;-6.9219865514984;106.91767059267;1.7660000324249;1;150;Batas Wilkerstat;15040;Batas SLS;2025-08-03 10:10:22;2025-08-03 10:10:26;PETY NURFATTIMAH;https://wilkerstat.bps.go.id/api/landmark/90888345/photo
90921294;HQZAYW;LAHAN KOSONG;0025;RT 003 RW 004;3272030004;-6.9210299903396;106.91722232848;2.7660000324249;1;150;Batas Wilkerstat;15040;Batas SLS;2025-08-03 10:40:23;2025-08-03 10:40:26;PETY NURFATTIMAH;https://wilkerstat.bps.go.id/api/landmark/90921294/photo
90932848;HQZSBG;RUMAH IBU ASRI;0025;RT 003 RW 004;3272030004;-6.9218078;106.9177072;2.3810000419617;1;150;Batas Wilkerstat;15040;Batas SLS;2025-08-03 10:50:32;2025-08-03 10:50:35;PETY NURFATTIMAH;https://wilkerstat.bps.go.id/api/landmark/90932848/photo
90945944;HRALKY;KOLAM IKAN;0025;RT 003 RW 004;3272030004;-6.9217758685704;106.91711168736;1.8680000305176;1;150;Batas Wilkerstat;15040;Batas SLS;2025-08-03 11:02:16;2025-08-03 11:02:19;PETY NURFATTIMAH;https://wilkerstat.bps.go.id/api/landmark/90945944/photo
90953900;HRAXEY;KONTRAKAN BPK DEDE;0025;RT 003 RW 004;3272030004;-6.9212952581899;106.91720355302;3;1;150;Batas Wilkerstat;15040;Batas SLS;2025-08-03 11:09:34;2025-08-03 11:09:37;PETY NURFATTIMAH;https://wilkerstat.bps.go.id/api/landmark/90953900/photo
90284630;HPOVDU;RUMAH BPK GILANG;0026;RT 004 RW 004;3272030004;-6.9213521726026;106.91776648164;2.25;1;150;Batas Wilkerstat;15040;Batas SLS;2025-08-02 09:57:05;2025-08-02 09:57:07;PETY NURFATTIMAH;https://wilkerstat.bps.go.id/api/landmark/90284630/photo
90643238;HQJFQK;RUMAH BPK JODDY;0026;RT 004 RW 004;3272030004;-6.9216567;106.9188017;1.9550000429153;1;150;Batas Wilkerstat;15040;Batas SLS;2025-08-02 16:27:26;2025-08-02 16:27:29;PETY NURFATTIMAH;https://wilkerstat.bps.go.id/api/landmark/90643238/photo
90647250;HQJLOS;WARTEG KARISMA BAHARI;0026;RT 004 RW 004;3272030004;-6.9208883;106.9190719;2;1;150;Batas Wilkerstat;15040;Batas SLS;2025-08-02 16:30:44;2025-08-02 16:30:47;PETY NURFATTIMAH;https://wilkerstat.bps.go.id/api/landmark/90647250/photo
90655705;HQJYBX;RUMAH BPK JOKO;0026;RT 004 RW 004;3272030004;-6.9206691991972;106.91797334701;3.0339999198914;1;150;Batas Wilkerstat;15040;Batas SLS;2025-08-02 16:38:26;2025-08-02 16:38:29;PETY NURFATTIMAH;https://wilkerstat.bps.go.id/api/landmark/90655705/photo
90662003;HQKHKD;TAMBAL BAN;0027;RT 005 RW 004;3272030004;-6.9205330703642;106.91713448614;5.0440001487732;1;150;Batas Wilkerstat;15040;Batas SLS;2025-08-02 16:43:42;2025-08-02 16:43:45;PETY NURFATTIMAH;https://wilkerstat.bps.go.id/api/landmark/90662003/photo
90665612;HQKMSY;WARUNG BPK YADI;0027;RT 005 RW 004;3272030004;-6.9202065;106.9156898;3.0150001049042;1;150;Batas Wilkerstat;15040;Batas SLS;2025-08-02 16:46:49;2025-08-02 16:46:52;PETY NURFATTIMAH;https://wilkerstat.bps.go.id/api/landmark/90665612/photo
90947585;HRANWB;RUMAH BPK ACHMAD;0027;RT 005 RW 004;3272030004;-6.921845;106.9170617;3.760999917984;1;150;Batas Wilkerstat;15040;Batas SLS;2025-08-03 11:03:56;2025-08-03 11:03:59;PETY NURFATTIMAH;https://wilkerstat.bps.go.id/api/landmark/90947585/photo
90955821;HRBAAV;MESJID AL - MUTTAQIN;0027;RT 005 RW 004;3272030004;-6.9212678;106.9171556;3;1;150;Batas Wilkerstat;15040;Batas SLS;2025-08-03 11:11:23;2025-08-03 11:11:26;PETY NURFATTIMAH;https://wilkerstat.bps.go.id/api/landmark/90955821/photo
90961819;HRBIXN;BASO DHANA LUMINTU;0027;RT 005 RW 004;3272030004;-6.9214503582692;106.9161098823;2.7929999828339;1;150;Batas Wilkerstat;15040;Batas SLS;2025-08-03 11:16:45;2025-08-03 11:16:48;PETY NURFATTIMAH;https://wilkerstat.bps.go.id/api/landmark/90961819/photo
90965481;HRBOIJ;LAHAN KOSONG;0027;RT 005 RW 004;3272030004;-6.9212007;106.9154934;3.0220000743866;1;150;Batas Wilkerstat;15040;Batas SLS;2025-08-03 11:20:12;2025-08-03 11:20:15;PETY NURFATTIMAH;https://wilkerstat.bps.go.id/api/landmark/90965481/photo
90967452;HRBRGE;TOKO MATRIAL;0027;RT 005 RW 004;3272030004;-6.921555866234;106.91611558199;1.8619999885559;1;150;Batas Wilkerstat;15040;Batas SLS;2025-08-03 11:22:25;2025-08-03 11:22:28;PETY NURFATTIMAH;https://wilkerstat.bps.go.id/api/landmark/90967452/photo
91389350;HRZRJA;KIOS KAYU;0018;RT 004 RW 003;3272030004;-6.9216071224607;106.91606126726;3.789999961853;1;150;Batas Wilkerstat;15040;Batas SLS;2025-08-04 09:13:59;2025-08-04 09:14:01;Ilham maulana;https://wilkerstat.bps.go.id/api/landmark/91389350/photo
91425287;HSBSNF;GG ELOKA;0018;RT 004 RW 003;3272030004;-6.9211035464335;106.91544301808;3.789999961853;1;150;Batas Wilkerstat;15040;Batas SLS;2025-08-04 09:56:07;2025-08-04 09:56:08;Ilham maulana;https://wilkerstat.bps.go.id/api/landmark/91425287/photo
91437658;HSCKVA;AKA STORE;0018;RT 004 RW 003;3272030004;-6.9207970071611;106.91551074386;3.789999961853;1;150;Batas Wilkerstat;15040;Batas SLS;2025-08-04 10:09:07;2025-08-04 10:09:08;Ilham maulana;https://wilkerstat.bps.go.id/api/landmark/91437658/photo
91479286;HSEUKC;KETUA RT;0018;RT 004 RW 003;3272030004;-6.92067252753;106.91453978419;3.789999961853;1;150;Batas Wilkerstat;15040;Batas SLS;2025-08-04 10:50:16;2025-08-04 10:50:17;Ilham maulana;https://wilkerstat.bps.go.id/api/landmark/91479286/photo
91481256;HSEXHW;PABRIK ROTI;0018;RT 004 RW 003;3272030004;-6.9207111361892;106.91496156156;3.789999961853;1;150;Batas Wilkerstat;15040;Batas SLS;2025-08-04 10:52:06;2025-08-04 10:52:08;Ilham maulana;https://wilkerstat.bps.go.id/api/landmark/91481256/photo
91486747;HSFFLB;REL KERETA;0018;RT 004 RW 003;3272030004;-6.9211874203365;106.91443618387;3.789999961853;1;150;Batas Wilkerstat;15040;Batas SLS;2025-08-04 10:57:35;2025-08-04 10:57:37;Ilham maulana;https://wilkerstat.bps.go.id/api/landmark/91486747/photo
90816493;HQTBYB;SELOKAN;0021;RT 007 RW 003;3272030004;-6.9209880533759;106.91391550004;3.789999961853;1;150;Batas Wilkerstat;15040;Batas SLS;2025-08-03 08:54:45;2025-08-03 08:54:46;Ilham maulana;https://wilkerstat.bps.go.id/api/landmark/90816493/photo
90818115;HQTEIL;REL KERATA;0021;RT 007 RW 003;3272030004;-6.9211251805765;106.91439125687;3.789999961853;1;150;Batas Wilkerstat;15040;Batas SLS;2025-08-03 08:56:54;2025-08-03 08:56:57;Ilham maulana;https://wilkerstat.bps.go.id/api/landmark/90818115/photo
90823478;HQTMGS;IBU NINING;0021;RT 007 RW 003;3272030004;-6.9205826625353;106.91405765712;3.789999961853;1;150;Batas Wilkerstat;15040;Batas SLS;2025-08-03 09:03:56;2025-08-03 09:03:57;Ilham maulana;https://wilkerstat.bps.go.id/api/landmark/90823478/photo
90831709;HQTYLH;BU JAKARIA;0021;RT 007 RW 003;3272030004;-6.9199376310712;106.91408012062;3.789999961853;1;150;Batas Wilkerstat;15040;Batas SLS;2025-08-03 09:14:14;2025-08-03 09:14:15;Ilham maulana;https://wilkerstat.bps.go.id/api/landmark/90831709/photo
90833436;HQUAZS;MASJID NURUL IMAN;0021;RT 007 RW 003;3272030004;-6.9200517930509;106.91462427378;3.789999961853;1;150;Batas Wilkerstat;15040;Batas SLS;2025-08-03 09:16:08;2025-08-03 09:16:09;Ilham maulana;https://wilkerstat.bps.go.id/api/landmark/90833436/photo
90858692;HQVMJC;PAK ARI;0021;RT 007 RW 003;3272030004;-6.9203050794436;106.91424105316;3.789999961853;1;150;Batas Wilkerstat;15040;Batas SLS;2025-08-03 09:42:38;2025-08-03 09:42:39;Ilham maulana;https://wilkerstat.bps.go.id/api/landmark/90858692/photo
90883358;HQWWVU;MADRASAH;0022;RT 008 RW 003;3272030004;-6.9206146145354;106.91456694156;3.789999961853;1;150;Batas Wilkerstat;15040;Batas SLS;2025-08-03 10:05:54;2025-08-03 10:05:56;Ilham maulana;https://wilkerstat.bps.go.id/api/landmark/90883358/photo
90900936;HQXWVW;MASJID NURUL IMAN;0022;RT 008 RW 003;3272030004;-6.920089070426;106.91469199955;3.789999961853;1;150;Batas Wilkerstat;15040;Batas SLS;2025-08-03 10:21:54;2025-08-03 10:21:55;Ilham maulana;https://wilkerstat.bps.go.id/api/landmark/90900936/photo
90969333;HRBUAN;AKA STORE;0022;RT 008 RW 003;3272030004;-6.9207916818299;106.91549196839;3.789999961853;1;150;Batas Wilkerstat;15040;Batas SLS;2025-08-03 11:24:00;2025-08-03 11:24:01;Ilham maulana;https://wilkerstat.bps.go.id/api/landmark/90969333/photo
90971133;HRBWRT;SD BENTENG 2;0022;RT 008 RW 003;3272030004;-6.9202128845437;106.91555500031;3.789999961853;1;150;Batas Wilkerstat;15040;Batas SLS;2025-08-03 11:25:38;2025-08-03 11:25:39;Ilham maulana;https://wilkerstat.bps.go.id/api/landmark/90971133/photo
90974134;HRCBDE;RUMAH KOSONG;0022;RT 008 RW 003;3272030004;-6.9206399098672;106.91493239254;3.789999961853;1;150;Batas Wilkerstat;15040;Batas SLS;2025-08-03 11:28:24;2025-08-03 11:28:26;Ilham maulana;https://wilkerstat.bps.go.id/api/landmark/90974134/photo
90268692;HPNXOU;RUMAH BPK IRWAN;0028;RT 006 RW 004;3272030004;-6.9213967721961;106.91774435341;1.7469999790192;1;150;Batas Wilkerstat;15040;Batas SLS;2025-08-02 09:40:45;2025-08-02 09:40:47;PETY NURFATTIMAH;https://wilkerstat.bps.go.id/api/landmark/90268692/photo
90625805;HQIFVX;GUDANG DISTRIBUTOR;0028;RT 006 RW 004;3272030004;-6.9211402;106.9205067;2.4000000953674;1;150;Batas Wilkerstat;15040;Batas SLS;2025-08-02 16:12:09;2025-08-02 16:12:11;PETY NURFATTIMAH;https://wilkerstat.bps.go.id/api/landmark/90625805/photo
90638320;HQIYJG;RUMAH KOSONG;0028;RT 006 RW 004;3272030004;-6.92088953478;106.91913440824;2.3329999446869;1;150;Batas Wilkerstat;15040;Batas SLS;2025-08-02 16:23:03;2025-08-02 16:23:06;PETY NURFATTIMAH;https://wilkerstat.bps.go.id/api/landmark/90638320/photo
90641133;HQJCNL;RUMAH BPK YAYAN;0028;RT 006 RW 004;3272030004;-6.9216597100122;106.91874984652;2.2520000934601;1;150;Batas Wilkerstat;15040;Batas SLS;2025-08-02 16:25:40;2025-08-02 16:25:43;PETY NURFATTIMAH;https://wilkerstat.bps.go.id/api/landmark/90641133/photo
90875673;HQWLMF;KOLAM IKAN IBU MARYANI;0028;RT 006 RW 004;3272030004;-6.9222175370966;106.91870559007;3.0020000934601;1;150;Batas Wilkerstat;15040;Batas SLS;2025-08-03 09:59:12;2025-08-03 09:59:15;PETY NURFATTIMAH;https://wilkerstat.bps.go.id/api/landmark/90875673/photo
90936839;HQZXYT;POS YANDU SEDAP MALAM;0028;RT 006 RW 004;3272030004;-6.9218001653426;106.91771417856;3.1819999217987;1;150;Batas Wilkerstat;15040;Batas SLS;2025-08-03 10:53:55;2025-08-03 10:53:57;PETY NURFATTIMAH;https://wilkerstat.bps.go.id/api/landmark/90936839/photo
90942814;HRAGUO;KOLAM IKAN IBU DEWI;0028;RT 006 RW 004;3272030004;-6.9219719068746;106.91769406199;1.6859999895096;1;150;Batas Wilkerstat;15040;Batas SLS;2025-08-03 10:59:21;2025-08-03 10:59:23;PETY NURFATTIMAH;https://wilkerstat.bps.go.id/api/landmark/90942814/photo
90983344;HRCOTK;KEBUN PISANG;0028;RT 006 RW 004;3272030004;-6.9219083358884;106.9200014323;1.8120000362396;1;150;Batas Wilkerstat;15040;Batas SLS;2025-08-03 11:37:11;2025-08-03 11:37:14;PETY NURFATTIMAH;https://wilkerstat.bps.go.id/api/landmark/90983344/photo
91360528;HRYASM;RUMAH KOSONG;0028;RT 006 RW 004;3272030004;-6.921733266008;106.91906064749;3;1;150;Batas Wilkerstat;15040;Batas SLS;2025-08-04 08:27:13;2025-08-04 08:27:15;PETY NURFATTIMAH;https://wilkerstat.bps.go.id/api/landmark/91360528/photo
91366923;HRYKEL;LAHAN KOSONG;0028;RT 006 RW 004;3272030004;-6.9222767812231;106.92012850195;1.9930000305176;1;150;Batas Wilkerstat;15040;Batas SLS;2025-08-04 08:39:23;2025-08-04 08:39:26;PETY NURFATTIMAH;https://wilkerstat.bps.go.id/api/landmark/91366923/photo
91165327;HRMXYT;KEDAI ABK;0001;BATAS RT 001 RW 001;3272030004;-6.926174562441;106.91598448902;3.789999961853;1;150;Batas Wilkerstat;15040;Batas SLS;2025-08-03 15:30:29;2025-08-03 15:30:30;Nurbaeti;https://wilkerstat.bps.go.id/api/landmark/91165327/photo
91168018;HRNBYG;GAYA GITA STUDIO;0001;BATAS RT 001 RW 001;3272030004;-6.9262660905174;106.91517479718;4.5100002288818;1;150;Batas Wilkerstat;15040;Batas SLS;2025-08-03 15:33:29;2025-08-03 15:33:30;Nurbaeti;https://wilkerstat.bps.go.id/api/landmark/91168018/photo
91174036;HRNKVS;KOSAN BUNDA 2;0001;BATAS RT 001 RW 001;3272030004;-6.9281279341504;106.91514965147;3.789999961853;1;150;Batas Wilkerstat;15040;Batas SLS;2025-08-03 15:40:04;2025-08-03 15:40:05;Nurbaeti;https://wilkerstat.bps.go.id/api/landmark/91174036/photo
91175255;HRNMQP;ANGKRINGAN;0001;BATAS RT 001 RW 001;3272030004;-6.9288178861361;106.91594894975;5.6339998245239;1;150;Batas Wilkerstat;15040;Batas SLS;2025-08-03 15:41:35;2025-08-03 15:41:36;Nurbaeti;https://wilkerstat.bps.go.id/api/landmark/91175255/photo
91255283;HRSBAP;PONPES ALQODIRIAH;0001;BATAS RT 001 RW 001;3272030004;-6.9267387079384;106.91756263375;5.4670000076294;1;150;Batas Wilkerstat;15040;Batas SLS;2025-08-03 17:00:16;2025-08-03 17:00:17;Nurbaeti;https://wilkerstat.bps.go.id/api/landmark/91255283/photo
91169192;HRNDRK;ISTOQUA;0002;BATAS RT 002 RW 001;3272030004;-6.9263086926706;106.91514194012;6.1510000228882;1;150;Batas Wilkerstat;15040;Batas SLS;2025-08-03 15:34:45;2025-08-03 15:34:47;Nurbaeti;https://wilkerstat.bps.go.id/api/landmark/91169192/photo
91171000;HRNGIY;UJUNG SMP 7;0002;BATAS RT 002 RW 001;3272030004;-6.9263376488193;106.91433526576;6.0300002098083;1;150;Batas Wilkerstat;15040;Batas SLS;2025-08-03 15:36:42;2025-08-03 15:36:43;Nurbaeti;https://wilkerstat.bps.go.id/api/landmark/91171000/photo
91209418;HRPLEO;BATAS RT 02 RW 01;0002;BATAS RT 002 RW 001;3272030004;-6.9281249386982;106.91506482661;5.4920001029968;1;150;Batas Wilkerstat;15040;Batas SLS;2025-08-03 16:15:59;2025-08-03 16:16:00;Nurbaeti;https://wilkerstat.bps.go.id/api/landmark/91209418/photo
91211382;HRPOCC;SMPN 7;0002;BATAS RT 002 RW 001;3272030004;-6.9281242730421;106.91436778754;4.0040001869202;1;150;Batas Wilkerstat;15040;Batas SLS;2025-08-03 16:17:57;2025-08-03 16:17:58;Nurbaeti;https://wilkerstat.bps.go.id/api/landmark/91211382/photo
91213032;HRPQNO;BATAS KEBUN;0002;BATAS RT 002 RW 001;3272030004;-6.9286112001913;106.91448245198;5.7639999389648;1;150;Batas Wilkerstat;15040;Batas SLS;2025-08-03 16:19:38;2025-08-03 16:19:39;Nurbaeti;https://wilkerstat.bps.go.id/api/landmark/91213032/photo
91220292;HRQBGU;BATAS RT 02 RW 01;0002;BATAS RT 002 RW 001;3272030004;-6.928548628583;106.91506449133;5.521999835968;1;150;Batas Wilkerstat;15040;Batas SLS;2025-08-03 16:26:31;2025-08-03 16:26:32;Nurbaeti;https://wilkerstat.bps.go.id/api/landmark/91220292/photo
91185797;HROCGB;WARUNG TEH NANI;0003;BATAS RT 003 RW 001;3272030004;-6.9288192174462;106.91593755037;4.9949998855591;1;150;Batas Wilkerstat;15040;Batas SLS;2025-08-03 15:52:35;2025-08-03 15:52:36;Nurbaeti;https://wilkerstat.bps.go.id/api/landmark/91185797/photo
91198114;HROULU;SEBLAK PS;0003;BATAS RT 003 RW 001;3272030004;-6.928626843092;106.9159694016;5.1909999847412;1;150;Batas Wilkerstat;15040;Batas SLS;2025-08-03 16:04:43;2025-08-03 16:04:44;Nurbaeti;https://wilkerstat.bps.go.id/api/landmark/91198114/photo
91205968;HRPGBW;SEBLAK BENTENG;0003;BATAS RT 003 RW 001;3272030004;-6.928138251819;106.915300861;4.8010001182556;1;150;Batas Wilkerstat;15040;Batas SLS;2025-08-03 16:12:34;2025-08-03 16:12:35;Nurbaeti;https://wilkerstat.bps.go.id/api/landmark/91205968/photo
91208173;HRPJIR;COUNTER;0003;BATAS RT 003 RW 001;3272030004;-6.9281204;106.9150632;5.6350002288818;1;150;Batas Wilkerstat;15040;Batas SLS;2025-08-03 16:14:42;2025-08-03 16:14:44;Nurbaeti;https://wilkerstat.bps.go.id/api/landmark/91208173/photo
91228753;HRQNUF;BATAS RT 03 RW 01;0003;BATAS RT 003 RW 001;3272030004;-6.9285542866543;106.91507153213;6.5689997673035;1;150;Batas Wilkerstat;15040;Batas SLS;2025-08-03 16:34:37;2025-08-03 16:34:38;Nurbaeti;https://wilkerstat.bps.go.id/api/landmark/91228753/photo
91180176;HRNTXW;BATAS RT 004 RW 001;0004;BATAS RT004 RW 001;3272030004;-6.9286168582618;106.91596303135;6.9949998855591;1;150;Batas Wilkerstat;15040;Batas SLS;2025-08-03 15:46:41;2025-08-03 15:46:42;Nurbaeti;https://wilkerstat.bps.go.id/api/landmark/91180176/photo
91201630;HROZRA;RUMAH HJ. ZENAB;0004;BATAS RT004 RW 001;3272030004;-6.9282773739088;106.91583696753;4.9019999504089;1;150;Batas Wilkerstat;15040;Batas SLS;2025-08-03 16:08:18;2025-08-03 16:08:19;Nurbaeti;https://wilkerstat.bps.go.id/api/landmark/91201630/photo
91204052;HRPDGE;MAJLIS TALIM;0004;BATAS RT004 RW 001;3272030004;-6.9281379189909;106.91530454904;4.563000202179;1;150;Batas Wilkerstat;15040;Batas SLS;2025-08-03 16:10:39;2025-08-03 16:10:40;Nurbaeti;https://wilkerstat.bps.go.id/api/landmark/91204052/photo
91233597;HRQUYN;WARUNG MA EROY;0004;BATAS RT004 RW 001;3272030004;-6.9283662389542;106.91524285823;6.3909997940063;1;150;Batas Wilkerstat;15040;Batas SLS;2025-08-03 16:39:15;2025-08-03 16:39:16;Nurbaeti;https://wilkerstat.bps.go.id/api/landmark/91233597/photo
91965567;HTGLTF;MEGUMI;0006;BATAS RT 002 RW 002;3272030004;-6.9262632;106.9151715;5.8720002174377;1;150;Batas Wilkerstat;15040;Batas SLS;2025-08-05 09:07:07;2025-08-05 09:07:08;Nurbaeti;https://wilkerstat.bps.go.id/api/landmark/91965567/photo
91372604;HRYSOY;BATAS RT 005 RW 002;0009;BATAS RT 005 RW 002;3272030004;-6.9217091;106.9160116;4.558000087738;1;150;Batas Wilkerstat;15040;Batas SLS;2025-08-04 08:49:25;2025-08-04 08:49:26;Nurbaeti;https://wilkerstat.bps.go.id/api/landmark/91372604/photo
91390913;HRZTRD;BATAS RT 07 RW 02;0011;BATAS RT 007 RW 002;3272030004;-6.9220762;106.9157495;3.789999961853;1;150;Batas Wilkerstat;15040;Batas SLS;2025-08-04 09:15:58;2025-08-04 09:15:58;Nurbaeti;https://wilkerstat.bps.go.id/api/landmark/91390913/photo
91392899;HRZWPN;BATAS RT 07 RW 01;0011;BATAS RT 007 RW 002;3272030004;-6.9222273;106.9164465;6.4180002212524;1;150;Batas Wilkerstat;15040;Batas SLS;2025-08-04 09:18:40;2025-08-04 09:18:41;Nurbaeti;https://wilkerstat.bps.go.id/api/landmark/91392899/photo
91395624;HSAAQI;BATAS RT 07 RW 02;0011;BATAS RT 007 RW 002;3272030004;-6.9224891;106.9156607;6.2979998588562;1;150;Batas Wilkerstat;15040;Batas SLS;2025-08-04 09:22:00;2025-08-04 09:22:00;Nurbaeti;https://wilkerstat.bps.go.id/api/landmark/91395624/photo
91369356;HRYNUA;RUMAH AMBRUK;0010;BATAS RT 006 RW 002;3272030004;-6.9224045887517;106.91683039069;3.0490000247955;1;150;Batas Wilkerstat;15040;Batas SLS;2025-08-04 08:43:42;2025-08-04 08:43:45;Ineu Herlina;https://wilkerstat.bps.go.id/api/landmark/91369356/photo
91369979;HRYORZ;MUSHOLA;0010;BATAS RT 006 RW 002;3272030004;-6.9221709405873;106.91694807261;3.319000005722;1;150;Batas Wilkerstat;15040;Batas SLS;2025-08-04 08:44:46;2025-08-04 08:44:49;Ineu Herlina;https://wilkerstat.bps.go.id/api/landmark/91369979/photo
91371527;HRYQZN;POS KERETA;0010;BATAS RT 006 RW 002;3272030004;-6.921626759585;106.9160522148;3.0360000133514;1;150;Batas Wilkerstat;15040;Batas SLS;2025-08-04 08:47:35;2025-08-04 08:47:39;Ineu Herlina;https://wilkerstat.bps.go.id/api/landmark/91371527/photo
91373568;HRYUAA;BATAS RT 06 RW 02;0010;BATAS RT 006 RW 002;3272030004;-6.9218337814226;106.9169960171;3.0169999599457;1;150;Batas Wilkerstat;15040;Batas SLS;2025-08-04 08:51:05;2025-08-04 08:51:08;Ineu Herlina;https://wilkerstat.bps.go.id/api/landmark/91373568/photo
91390553;HRZTDH;BATAS RT 06 RW 02;0010;BATAS RT 006 RW 002;3272030004;-6.9221429826796;106.91576354206;6.481999874115;1;150;Batas Wilkerstat;15040;Batas SLS;2025-08-04 09:15:27;2025-08-04 09:15:30;Ineu Herlina;https://wilkerstat.bps.go.id/api/landmark/91390553/photo
91351492;HRXNIY;BATAS RT 01RW 06;0035;BATAS RT 001 RW 006;3272030004;-6.9227597204267;106.9189959392;8;1;150;Batas Wilkerstat;15040;Batas SLS;2025-08-04 08:05:03;2025-08-04 08:05:06;Ineu Herlina;https://wilkerstat.bps.go.id/api/landmark/91351492/photo
91352809;HRXPHP;RUMAH YADI;0035;BATAS RT 001 RW 006;3272030004;-6.922335359678;106.91897816956;3.0069999694824;1;150;Batas Wilkerstat;15040;Batas SLS;2025-08-04 08:08:34;2025-08-04 08:08:37;Ineu Herlina;https://wilkerstat.bps.go.id/api/landmark/91352809/photo
91354455;HRXRSX;ANTRI BOBA;0035;BATAS RT 001 RW 006;3272030004;-6.9226359069771;106.92018650472;3.183000087738;1;150;Batas Wilkerstat;15040;Batas SLS;2025-08-04 08:13:06;2025-08-04 08:13:10;Ineu Herlina;https://wilkerstat.bps.go.id/api/landmark/91354455/photo
91355299;HRXSZJ;RUMAH BU DEDEH;0035;BATAS RT 001 RW 006;3272030004;-6.9231599;106.9198739;3.7509999275208;1;150;Batas Wilkerstat;15040;Batas SLS;2025-08-04 08:15:21;2025-08-04 08:15:24;Ineu Herlina;https://wilkerstat.bps.go.id/api/landmark/91355299/photo
91362315;HRYDJF;BATAS RT 01 RW  06;0035;BATAS RT 001 RW 006;3272030004;-6.923347168206;106.91965140402;3.5490000247955;1;150;Batas Wilkerstat;15040;Batas SLS;2025-08-04 08:30:45;2025-08-04 08:30:49;Ineu Herlina;https://wilkerstat.bps.go.id/api/landmark/91362315/photo
91931377;HTENEF;RUMAH MA AE;0047;BATAS RT 002 RW 008;3272030004;-6.9269680270657;106.91795255989;8.3570003509521;1;150;Batas Wilkerstat;15040;Batas SLS;2025-08-05 08:11:17;2025-08-05 08:11:21;Ineu Herlina;https://wilkerstat.bps.go.id/api/landmark/91931377/photo
91937054;HTEVOO;RUMAH BU ITA;0047;BATAS RT 002 RW 008;3272030004;-6.9271181328491;106.91842697561;3.9679999351501;1;150;Batas Wilkerstat;15040;Batas SLS;2025-08-05 08:23:35;2025-08-05 08:23:39;Ineu Herlina;https://wilkerstat.bps.go.id/api/landmark/91937054/photo
91960501;HTGEGJ;MA JAMUT;0047;BATAS RT 002 RW 008;3272030004;-6.9258857;106.9188013;3.1589999198914;1;150;Batas Wilkerstat;15040;Batas SLS;2025-08-05 09:00:27;2025-08-05 09:00:30;Ineu Herlina;https://wilkerstat.bps.go.id/api/landmark/91960501/photo
91961681;HTGFZT;BELAKANG MA JAMUT;0047;BATAS RT 002 RW 008;3272030004;-6.9258738;106.9185984;2.6010000705719;1;150;Batas Wilkerstat;15040;Batas SLS;2025-08-05 09:02:02;2025-08-05 09:02:04;Ineu Herlina;https://wilkerstat.bps.go.id/api/landmark/91961681/photo
91963297;HTGIJX;RUMAH BU DEVI;0047;BATAS RT 002 RW 008;3272030004;-6.9263366;106.9181903;3.1889998912811;1;150;Batas Wilkerstat;15040;Batas SLS;2025-08-05 09:04:09;2025-08-05 09:04:10;Ineu Herlina;https://wilkerstat.bps.go.id/api/landmark/91963297/photo
91970078;HTGSKS;RUMAH P H. TATANG;0047;BATAS RT 002 RW 008;3272030004;-6.9263512;106.9188982;3.4979999065399;1;150;Batas Wilkerstat;15040;Batas SLS;2025-08-05 09:12:41;2025-08-05 09:12:42;Ineu Herlina;https://wilkerstat.bps.go.id/api/landmark/91970078/photo
91938398;HTEXOG;RUMAH BP CECE;0048;BATAS RT 003 RW 008;3272030004;-6.9270011;106.9184549;3.4000000953674;1;150;Batas Wilkerstat;15040;Batas SLS;2025-08-05 08:26:09;2025-08-05 08:26:12;Ineu Herlina;https://wilkerstat.bps.go.id/api/landmark/91938398/photo
91940345;HTFALD;RUMAH P UNANG;0048;BATAS RT 003 RW 008;3272030004;-6.9272981931604;106.91934194416;3.2430000305176;1;150;Batas Wilkerstat;15040;Batas SLS;2025-08-05 08:29:41;2025-08-05 08:29:44;Ineu Herlina;https://wilkerstat.bps.go.id/api/landmark/91940345/photo
91941745;HTFCMZ;RUMAH BU ENUNG;0048;BATAS RT 003 RW 008;3272030004;-6.9269377396401;106.91944018006;3.1219999790192;1;150;Batas Wilkerstat;15040;Batas SLS;2025-08-05 08:32:08;2025-08-05 08:32:11;Ineu Herlina;https://wilkerstat.bps.go.id/api/landmark/91941745/photo
91957741;HTGAEF;WARUNG P WAHYU;0048;BATAS RT 003 RW 008;3272030004;-6.926395;106.9188679;3.1589999198914;1;150;Batas Wilkerstat;15040;Batas SLS;2025-08-05 08:56:49;2025-08-05 08:56:52;Ineu Herlina;https://wilkerstat.bps.go.id/api/landmark/91957741/photo
91958833;HTGBUF;RUMAH P IIN;0048;BATAS RT 003 RW 008;3272030004;-6.9263686019419;106.91906768829;3.2730000019073;1;150;Batas Wilkerstat;15040;Batas SLS;2025-08-05 08:58:18;2025-08-05 08:58:21;Ineu Herlina;https://wilkerstat.bps.go.id/api/landmark/91958833/photo
91965612;HTGLUY;PENGADILAN AGAMA;0048;BATAS RT 003 RW 008;3272030004;-6.9254338;106.9189363;3.1470000743866;1;150;Batas Wilkerstat;15040;Batas SLS;2025-08-05 09:07:10;2025-08-05 09:07:12;Ineu Herlina;https://wilkerstat.bps.go.id/api/landmark/91965612/photo
91967015;HTGNWX;LAHAN P FILBI;0048;BATAS RT 003 RW 008;3272030004;-6.9256002;106.9193258;3.0329999923706;1;150;Batas Wilkerstat;15040;Batas SLS;2025-08-05 09:08:57;2025-08-05 09:08:59;Ineu Herlina;https://wilkerstat.bps.go.id/api/landmark/91967015/photo
90869034;HQWBQW;RUMAH BU NUR;0029;RT 007 RW 004;3272030004;-6.9225147561509;106.91978551447;7.0199999809265;1;150;Batas Wilkerstat;15040;Batas SLS;2025-08-03 09:52:36;2025-08-03 09:52:39;PETY NURFATTIMAH;https://wilkerstat.bps.go.id/api/landmark/90869034/photo
90873209;HQWHVL;RUMAH BPK NURDIN;0029;RT 007 RW 004;3272030004;-6.9222491561538;106.918752864;1.7009999752045;1;150;Batas Wilkerstat;15040;Batas SLS;2025-08-03 09:56:42;2025-08-03 09:56:44;PETY NURFATTIMAH;https://wilkerstat.bps.go.id/api/landmark/90873209/photo
90982109;HRCMXX;KEBUN PISANG;0029;RT 007 RW 004;3272030004;-6.9219253103411;106.91999875009;6.3470001220703;1;150;Batas Wilkerstat;15040;Batas SLS;2025-08-03 11:36:01;2025-08-03 11:36:04;PETY NURFATTIMAH;https://wilkerstat.bps.go.id/api/landmark/90982109/photo
91359927;HRXZVJ;LAHAN KOSONG;0029;RT 007 RW 004;3272030004;-6.9217489091368;106.91908378154;3.1400001049042;1;150;Batas Wilkerstat;15040;Batas SLS;2025-08-04 08:25:56;2025-08-04 08:25:59;PETY NURFATTIMAH;https://wilkerstat.bps.go.id/api/landmark/91359927/photo
91367464;HRYKZG;LAHAN KOSONG;0029;RT 007 RW 004;3272030004;-6.9222714559087;106.92011006176;1.5809999704361;1;150;Batas Wilkerstat;15040;Batas SLS;2025-08-04 08:40:27;2025-08-04 08:40:30;PETY NURFATTIMAH;https://wilkerstat.bps.go.id/api/landmark/91367464/photo
90643430;HQJFXU;LAHAN KOSONG PINGGIR SUNGAI;0002;RT 002 RW 001;3272030005;-6.9175925;106.9016435;3.789999961853;1;150;Batas Wilkerstat;15040;Batas SLS;2025-08-02 16:27:36;2025-08-02 16:27:38;Dede sumiati;https://wilkerstat.bps.go.id/api/landmark/90643430/photo
90660428;HQKFBO;SAWAH PINGGIR RUMAH;0002;RT 002 RW 001;3272030005;-6.9182141;106.9033761;4.8400001525879;1;150;Batas Wilkerstat;15040;Batas SLS;2025-08-02 16:42:29;2025-08-02 16:42:32;Dede sumiati;https://wilkerstat.bps.go.id/api/landmark/90660428/photo
90641895;HQJDQT;LAHAN KOSONG PINGGIR SUNGAI;0004;RT 004 RW 001;3272030005;-6.9175761;106.901644;3.789999961853;1;150;Batas Wilkerstat;15040;Batas SLS;2025-08-02 16:26:14;2025-08-02 16:26:16;Dede sumiati;https://wilkerstat.bps.go.id/api/landmark/90641895/photo
90657527;HQKATZ;SAWAH PINGGIR SUNGAI;0004;RT 004 RW 001;3272030005;-6.9182184;106.9034979;4.8270001411438;1;150;Batas Wilkerstat;15040;Batas SLS;2025-08-02 16:40:02;2025-08-02 16:40:04;Dede sumiati;https://wilkerstat.bps.go.id/api/landmark/90657527/photo
90655915;HQJYJZ;RUMAH PA MAMAT;0009;RT 001 RW 003;3272030005;-6.9182553;106.9035078;4.6729998588562;1;150;Batas Wilkerstat;15040;Batas SLS;2025-08-02 16:38:38;2025-08-02 16:38:42;Dede sumiati;https://wilkerstat.bps.go.id/api/landmark/90655915/photo
91933243;HTEPXZ;RUMAH ASEP RAMDANI;0009;RT 001 RW 003;3272030005;-6.9222549;106.9044114;4.0989999771118;1;150;Batas Wilkerstat;15040;Batas SLS;2025-08-05 08:15:34;2025-08-05 08:15:37;Dede sumiati;https://wilkerstat.bps.go.id/api/landmark/91933243/photo
91935693;HTETOF;PUDKESMAS SUKAKARYA;0009;RT 001 RW 003;3272030005;-6.9224524;106.9053593;4.5110001564026;1;150;Batas Wilkerstat;15040;Batas SLS;2025-08-05 08:20:59;2025-08-05 08:21:01;Dede sumiati;https://wilkerstat.bps.go.id/api/landmark/91935693/photo
91932001;HTEOCF;LAHAN PA IYUS;0010;RT 002 RW 003;3272030005;-6.9222911;106.9042283;4.2360000610352;1;150;Batas Wilkerstat;15040;Batas SLS;2025-08-05 08:12:43;2025-08-05 08:12:45;Dede sumiati;https://wilkerstat.bps.go.id/api/landmark/91932001/photo
91936174;HTEUGS;RUMAH BUDAYA SUKURAGA;0010;RT 002 RW 003;3272030005;-6.9224993;106.9053977;3.789999961853;1;150;Batas Wilkerstat;15040;Batas SLS;2025-08-05 08:21:55;2025-08-05 08:21:57;Dede sumiati;https://wilkerstat.bps.go.id/api/landmark/91936174/photo
91941164;HTFBQQ;BUBUR MANG UYA;0010;RT 002 RW 003;3272030005;-6.9241633;106.9057274;4.8150000572205;1;150;Batas Wilkerstat;15040;Batas SLS;2025-08-05 08:31:11;2025-08-05 08:31:13;Dede sumiati;https://wilkerstat.bps.go.id/api/landmark/91941164/photo
91973291;HTGXEH;RUMAH KOSONG;0010;RT 002 RW 003;3272030005;-6.9246162;106.905146;4.8629999160767;1;150;Batas Wilkerstat;15040;Batas SLS;2025-08-05 09:16:28;2025-08-05 09:16:31;Dede sumiati;https://wilkerstat.bps.go.id/api/landmark/91973291/photo
91942333;HTFDJP;QIES CONE/ RUMAH HJ QOBTIAH;0011;RT 003 RW 003;3272030005;-6.9241754;106.905736;4.1979999542236;1;150;Batas Wilkerstat;15040;Batas SLS;2025-08-05 08:33:11;2025-08-05 08:33:14;Dede sumiati;https://wilkerstat.bps.go.id/api/landmark/91942333/photo
91977815;HTHDWH;RUMAH PA TIO;0011;RT 003 RW 003;3272030005;-6.9256768;106.9052849;3.3840000629425;1;150;Batas Wilkerstat;15040;Batas SLS;2025-08-05 09:21:33;2025-08-05 09:21:36;Dede sumiati;https://wilkerstat.bps.go.id/api/landmark/91977815/photo
91369641;HRYOEZ;TPS CEMERLANG;0012;RT 004 RW 003;3272030005;-6.9253845;106.9034781;4.4039998054504;1;150;Batas Wilkerstat;15040;Batas SLS;2025-08-04 08:44:12;2025-08-04 08:44:14;Dede sumiati;https://wilkerstat.bps.go.id/api/landmark/91369641/photo
91377165;HRYZIJ;SAWAH BLAKANG IBU ETIH;0012;RT 004 RW 003;3272030005;-6.9255012;106.9052816;5.9270000457764;1;150;Batas Wilkerstat;15040;Batas SLS;2025-08-04 08:56:51;2025-08-04 08:56:53;Dede sumiati;https://wilkerstat.bps.go.id/api/landmark/91377165/photo
91397779;HSADVF;RUMAH PA RW;0012;RT 004 RW 003;3272030005;-6.9292285;106.9054242;4.7129998207092;1;150;Batas Wilkerstat;15040;Batas SLS;2025-08-04 09:24:30;2025-08-04 09:24:32;Dede sumiati;https://wilkerstat.bps.go.id/api/landmark/91397779/photo
91415677;HSBEHP;SAWAH PA LIKI;0012;RT 004 RW 003;3272030005;-6.9290652;106.9040629;3.5429999828339;1;150;Batas Wilkerstat;15040;Batas SLS;2025-08-04 09:45:32;2025-08-04 09:45:36;Dede sumiati;https://wilkerstat.bps.go.id/api/landmark/91415677/photo
90219965;HPLDMR;PANGKAS RAMBUT C BUNGSU;0013;RT 001 RW 004;3272030005;-6.9229118245395;106.90309043974;3.8550000190735;1;150;Batas Wilkerstat;15040;Batas SLS;2025-08-02 08:39:11;2025-08-02 08:39:12;Dede sumiati;https://wilkerstat.bps.go.id/api/landmark/90219965/photo
90314193;HPQMWV;KEBUN PA PIAN;0013;RT 001 RW 004;3272030005;-6.9253028;106.9011019;4.0349998474121;1;150;Batas Wilkerstat;15040;Batas SLS;2025-08-02 10:25:33;2025-08-02 10:25:35;Dede sumiati;https://wilkerstat.bps.go.id/api/landmark/90314193/photo
90480508;HPZYXO;BATAS WILAYAH RT 01;0013;RT 001 RW 004;3272030005;-6.922285434859;106.90193440765;4.728000164032;1;150;Batas Wilkerstat;15040;Batas SLS;2025-08-02 13:34:44;2025-08-02 13:34:46;Dede sumiati;https://wilkerstat.bps.go.id/api/landmark/90480508/photo
91371577;HRYRBL;PAGAR DINDING DEPAN LAPANG;0013;RT 001 RW 004;3272030005;-6.9253158618048;106.90387364477;4.5910000801086;1;150;Batas Wilkerstat;15040;Batas SLS;2025-08-04 08:47:40;2025-08-04 08:47:43;Dede sumiati;https://wilkerstat.bps.go.id/api/landmark/91371577/photo
90251734;HPMYMO;NASI GORENG PUDUNAN;0014;RT 002 RW 004;3272030005;-6.9216323;106.9045082;4.6750001907349;1;150;Batas Wilkerstat;15040;Batas SLS;2025-08-02 09:22:24;2025-08-02 09:22:25;Dede sumiati;https://wilkerstat.bps.go.id/api/landmark/90251734/photo
90469237;HPZIGB;KOLAM PA ACEP;0014;RT 002 RW 004;3272030005;-6.9228798726949;106.90285440534;4.9200000762939;1;150;Batas Wilkerstat;15040;Batas SLS;2025-08-02 13:18:17;2025-08-02 13:18:21;Dede sumiati;https://wilkerstat.bps.go.id/api/landmark/90469237/photo
90470351;HPZJWX;KLIN LAUNDRY;0014;RT 002 RW 004;3272030005;-6.9228229;106.9031134;4.4939999580383;1;150;Batas Wilkerstat;15040;Batas SLS;2025-08-02 13:19:56;2025-08-02 13:20:00;Dede sumiati;https://wilkerstat.bps.go.id/api/landmark/90470351/photo
90482628;HQACBC;BATAS RT 02;0014;RT 002 RW 004;3272030005;-6.9224685;106.9022592;4.75;1;150;Batas Wilkerstat;15040;Batas SLS;2025-08-02 13:37:35;2025-08-02 13:37:37;Dede sumiati;https://wilkerstat.bps.go.id/api/landmark/90482628/photo
90483905;HQADYF;BATAS RT;0014;RT 002 RW 004;3272030005;-6.9224853;106.9025171;6.2199997901917;1;150;Batas Wilkerstat;15040;Batas SLS;2025-08-02 13:39:29;2025-08-02 13:39:32;Dede sumiati;https://wilkerstat.bps.go.id/api/landmark/90483905/photo
91487779;HSFGYT;RUMAH KOSONG;0015;RT 003 RW 004;3272030005;-6.9216426;106.9037651;4.7230000495911;1;150;Batas Wilkerstat;15040;Batas SLS;2025-08-04 10:58:34;2025-08-04 10:58:37;Dede sumiati;https://wilkerstat.bps.go.id/api/landmark/91487779/photo
91492481;HSFNXP;GANG RT 03;0015;RT 003 RW 004;3272030005;-6.9214787;106.9047104;4.4340000152588;1;150;Batas Wilkerstat;15040;Batas SLS;2025-08-04 11:03:00;2025-08-04 11:03:02;Dede sumiati;https://wilkerstat.bps.go.id/api/landmark/91492481/photo
91547460;HSIRGE;KOLAM PA DAYAT;0015;RT 003 RW 004;3272030005;-6.9195567;106.9036375;4.3029999732971;1;150;Batas Wilkerstat;15040;Batas SLS;2025-08-04 12:03:54;2025-08-04 12:03:56;Dede sumiati;https://wilkerstat.bps.go.id/api/landmark/91547460/photo
89946709;HOVPGV;RUMAH BAPAK PARSOLIAN HARAHAP;0048;RT 005 RW 004;3272030005;-6.924047777774;106.90190020949;3.789999961853;1;150;Batas Wilkerstat;15040;Batas SLS;2025-08-01 10:51:17;2025-08-01 10:51:19;Dede sumiati;https://wilkerstat.bps.go.id/api/landmark/89946709/photo
89950928;HOVVNC;RUMAH BAPAK AYYUB;0048;RT 005 RW 004;3272030005;-6.9248452399402;106.90173324198;4.2259998321533;1;150;Batas Wilkerstat;15040;Batas SLS;2025-08-01 10:57:53;2025-08-01 10:57:55;Dede sumiati;https://wilkerstat.bps.go.id/api/landmark/89950928/photo
89968628;HOWVRW;RUMAH BAPAK ARITONANG;0048;RT 005 RW 004;3272030005;-6.9252636074908;106.90239273012;4.3940000534058;1;150;Batas Wilkerstat;15040;Batas SLS;2025-08-01 11:28:54;2025-08-01 11:28:56;Dede sumiati;https://wilkerstat.bps.go.id/api/landmark/89968628/photo
89972691;HOXBSD;POS SATPAM;0048;RT 005 RW 004;3272030005;-6.9244584909277;106.90296202898;4.0310001373291;1;150;Batas Wilkerstat;15040;Batas SLS;2025-08-01 11:38:13;2025-08-01 11:38:15;Dede sumiati;https://wilkerstat.bps.go.id/api/landmark/89972691/photo
89937373;HOVBLT;PINTU LINTASAN KAI /  KARUNG APENDI;0045;RT 001 RW 013;3272030005;-6.9198139;106.9094331;1.9160000085831;1;150;Batas Wilkerstat;15040;Batas SLS;2025-08-01 10:37:19;2025-08-01 10:37:23;Lusi Apriliyanty;https://wilkerstat.bps.go.id/api/landmark/89937373/photo
89944972;HOVMSA;RUMAH BU NENENG / SELOKAN;0045;RT 001 RW 013;3272030005;-6.9181249;106.9093203;2;1;150;Batas Wilkerstat;15040;Batas SLS;2025-08-01 10:48:38;2025-08-01 10:48:40;Lusi Apriliyanty;https://wilkerstat.bps.go.id/api/landmark/89944972/photo
90009671;HOZEKL;RUMAH BU ENTIN;0045;RT 001 RW 013;3272030005;-6.9195308;106.9083809;1.7999999523163;1;150;Batas Wilkerstat;15040;Batas SLS;2025-08-01 09:57:27;2025-08-01 13:40:57;Lusi Apriliyanty;https://wilkerstat.bps.go.id/api/landmark/90009671/photo
90044981;HPBEQN;WARUNG BU AI TERAS;0045;RT 001 RW 013;3272030005;-6.9176732;106.9079542;2.0829999446869;1;150;Batas Wilkerstat;15040;Batas SLS;2025-08-01 14:38:52;2025-08-01 14:38:54;Lusi Apriliyanty;https://wilkerstat.bps.go.id/api/landmark/90044981/photo
90052551;HPBPVR;WARUNG TEH DENOK / TAHU BULAT DEN RAFA;0045;RT 001 RW 013;3272030005;-6.9181012;106.9082766;2;1;150;Batas Wilkerstat;15040;Batas SLS;2025-08-01 14:51:04;2025-08-01 14:51:05;Lusi Apriliyanty;https://wilkerstat.bps.go.id/api/landmark/90052551/photo
90054305;HPBSLD;RUMAH BU TITOH;0045;RT 001 RW 013;3272030005;-6.9184622;106.908022;2;1;150;Batas Wilkerstat;15070;Batas Segmen;2025-08-01 14:53:35;2025-08-01 14:53:46;Lusi Apriliyanty;https://wilkerstat.bps.go.id/api/landmark/90054305/photo
90054847;HPBTFZ;RUMAH BU TITOH;0045;RT 001 RW 013;3272030005;-6.9184622;106.908022;2;1;150;Batas Wilkerstat;15040;Batas SLS;2025-08-01 14:54:12;2025-08-01 14:54:35;Lusi Apriliyanty;https://wilkerstat.bps.go.id/api/landmark/90054847/photo
90055094;HPBTPM;RUMAH BU TITOH;0045;RT 001 RW 013;3272030005;-6.9184622;106.908022;2;1;150;Batas Wilkerstat;15040;Batas SLS;2025-08-01 14:54:44;2025-08-01 14:54:55;Lusi Apriliyanty;https://wilkerstat.bps.go.id/api/landmark/90055094/photo
90077128;HPDAEY;RUMAH ANI MPO ONIH;0045;RT 001 RW 013;3272030005;-6.9189542;106.9082763;2;1;150;Batas Wilkerstat;15040;Batas SLS;2025-08-01 15:28:00;2025-08-01 15:28:02;Lusi Apriliyanty;https://wilkerstat.bps.go.id/api/landmark/90077128/photo
91067071;HRHIPR;RUMAH DIDIT;0017;RT 001 RW 005;3272030005;-6.917667;106.9081704;2.1500000953674;1;150;Batas Wilkerstat;15040;Batas SLS;2025-08-03 13:30:25;2025-08-03 13:30:28;Siti Munawaroh;https://wilkerstat.bps.go.id/api/landmark/91067071/photo
91077678;HRHYHQ;BENGKEL TAMBAL BAN;0017;RT 001 RW 005;3272030005;-6.9167567;106.908595;1.75;1;150;Batas Wilkerstat;15040;Batas SLS;2025-08-03 13:45:35;2025-08-03 13:45:38;Siti Munawaroh;https://wilkerstat.bps.go.id/api/landmark/91077678/photo
91082523;HRIFLZ;LIA TENDA;0017;RT 001 RW 005;3272030005;-6.9154099;106.9067451;1.8500000238419;1;150;Batas Wilkerstat;15040;Batas SLS;2025-08-03 13:52:02;2025-08-03 13:52:05;Siti Munawaroh;https://wilkerstat.bps.go.id/api/landmark/91082523/photo
91065859;HRHGVB;RUMAH PAK DJUAENI;0018;RT 002 RW 005;3272030005;-6.9177281;106.9081993;3.5360000133514;1;150;Batas Wilkerstat;15040;Batas SLS;2025-08-03 13:28:55;2025-08-03 13:28:59;Siti Munawaroh;https://wilkerstat.bps.go.id/api/landmark/91065859/photo
91072433;HRHQNX;RUMAH ANUH;0018;RT 002 RW 005;3272030005;-6.9178554;106.9084777;2.0329999923706;1;150;Batas Wilkerstat;15040;Batas SLS;2025-08-03 13:38:08;2025-08-03 13:38:16;Siti Munawaroh;https://wilkerstat.bps.go.id/api/landmark/91072433/photo
91076508;HRHWOQ;RUKO HAJI SODIKIN;0018;RT 002 RW 005;3272030005;-6.9169217;106.90889;1.8830000162125;1;150;Batas Wilkerstat;15040;Batas SLS;2025-08-03 13:43:55;2025-08-03 13:43:58;Siti Munawaroh;https://wilkerstat.bps.go.id/api/landmark/91076508/photo
91077234;HRHXQO;RUKO NOTARIS;0018;RT 002 RW 005;3272030005;-6.9167551;106.9086009;1.8329999446869;1;150;Batas Wilkerstat;15040;Batas SLS;2025-08-03 13:45:00;2025-08-03 13:45:03;Siti Munawaroh;https://wilkerstat.bps.go.id/api/landmark/91077234/photo
91074112;HRHTAM;RUMAH SAEPULLOH;0019;RT 003 RW 005;3272030005;-6.917668;106.908555;2.3329999446869;1;150;Batas Wilkerstat;15040;Batas SLS;2025-08-03 13:40:25;2025-08-03 13:40:27;Siti Munawaroh;https://wilkerstat.bps.go.id/api/landmark/91074112/photo
91076057;HRHVXH;RUKO MOTOR;0019;RT 003 RW 005;3272030005;-6.9169506;106.9088802;2.2330000400543;1;150;Batas Wilkerstat;15040;Batas SLS;2025-08-03 13:43:15;2025-08-03 13:43:18;Siti Munawaroh;https://wilkerstat.bps.go.id/api/landmark/91076057/photo
91090520;HRIRHO;RUMAH PAK DIDIN;0019;RT 003 RW 005;3272030005;-6.9179149;106.9093149;1.7330000400543;1;150;Batas Wilkerstat;15040;Batas SLS;2025-08-03 14:02:56;2025-08-03 14:02:59;Siti Munawaroh;https://wilkerstat.bps.go.id/api/landmark/91090520/photo
90574572;HQFIBK;RUMAH PAK DEDE;0035;RT 002 RW 010;3272030005;-6.9289335;106.9031326;1.9160000085831;1;150;Batas Wilkerstat;15040;Batas SLS;2025-08-02 15:21:04;2025-08-02 15:21:07;Siti Munawaroh;https://wilkerstat.bps.go.id/api/landmark/90574572/photo
90577501;HQFMKB;RUMAH IBU ARVI;0035;RT 002 RW 010;3272030005;-6.928973;106.9027944;1.8500000238419;1;150;Batas Wilkerstat;15040;Batas SLS;2025-08-02 15:24:09;2025-08-02 15:24:11;Siti Munawaroh;https://wilkerstat.bps.go.id/api/landmark/90577501/photo
90583667;HQFVNF;KEBUN BU NYAI;0035;RT 002 RW 010;3272030005;-6.9307717;106.9032117;1.4160000085831;1;150;Batas Wilkerstat;15040;Batas SLS;2025-08-02 15:30:20;2025-08-02 15:30:23;Siti Munawaroh;https://wilkerstat.bps.go.id/api/landmark/90583667/photo
90588406;HQGCNM;KEBUN;0035;RT 002 RW 010;3272030005;-6.9307939;106.9040743;3.0659999847412;1;150;Batas Wilkerstat;15040;Batas SLS;2025-08-02 15:35:24;2025-08-02 15:35:27;Siti Munawaroh;https://wilkerstat.bps.go.id/api/landmark/90588406/photo
90058736;HPBYZO;SAWAH PAK BEBEN;0037;RT 004 RW 010;3272030005;-6.9253067;106.9011283;1.7829999923706;1;150;Batas Wilkerstat;15040;Batas SLS;2025-08-01 15:00:39;2025-08-01 15:00:43;Siti Munawaroh;https://wilkerstat.bps.go.id/api/landmark/90058736/photo
91472479;HSEKIH;RUMAH PAK ASEP;0047;RT 003 RW 013;3272030005;-6.9195278;106.9079037;5;1;150;Batas Wilkerstat;15040;Batas SLS;2025-08-04 10:43:44;2025-08-04 10:43:47;Siti Munawaroh;https://wilkerstat.bps.go.id/api/landmark/91472479/photo
91475368;HSEOPK;RUMAH RANI;0047;RT 003 RW 013;3272030005;-6.9192383;106.90705;1.8329999446869;1;150;Batas Wilkerstat;15040;Batas SLS;2025-08-04 10:46:26;2025-08-04 10:46:29;Siti Munawaroh;https://wilkerstat.bps.go.id/api/landmark/91475368/photo
91490121;HSFKKV;RUMAH UJI;0047;RT 003 RW 013;3272030005;-6.9204346;106.9069376;2.1500000953674;1;150;Batas Wilkerstat;15040;Batas SLS;2025-08-04 11:00:42;2025-08-04 11:00:51;Siti Munawaroh;https://wilkerstat.bps.go.id/api/landmark/91490121/photo
91493227;HSFPAH;BU SRI;0047;RT 003 RW 013;3272030005;-6.9204641;106.9074261;1.9329999685287;1;150;Batas Wilkerstat;15040;Batas SLS;2025-08-04 11:03:47;2025-08-04 11:03:51;Siti Munawaroh;https://wilkerstat.bps.go.id/api/landmark/91493227/photo
90064369;HPCHIF;RUMAH KOSONG PAK PEPEN;0046;RT 002 RW 013;3272030005;-6.9180914;106.9081269;2.5829999446869;1;150;Batas Wilkerstat;15040;Batas SLS;2025-08-01 15:09:07;2025-08-01 15:09:10;Lusi Apriliyanty;https://wilkerstat.bps.go.id/api/landmark/90064369/photo
90066913;HPCLCB;RUMAH NONENG;0046;RT 002 RW 013;3272030005;-6.9184989;106.9080086;2.0829999446869;1;150;Batas Wilkerstat;15040;Batas SLS;2025-08-01 15:13:07;2025-08-01 15:13:11;Lusi Apriliyanty;https://wilkerstat.bps.go.id/api/landmark/90066913/photo
90071422;HPCRTM;RUMAH INDRA PERMANA / SELOKAN;0046;RT 002 RW 013;3272030005;-6.9187211;106.9085165;1.8329999446869;1;150;Batas Wilkerstat;15040;Batas SLS;2025-08-01 15:19:40;2025-08-01 15:19:42;Lusi Apriliyanty;https://wilkerstat.bps.go.id/api/landmark/90071422/photo
90379872;HPUGAY;MAS BASO JAELANI;0046;RT 002 RW 013;3272030005;-6.9194856;106.9081502;1.5;1;150;Batas Wilkerstat;15040;Batas SLS;2025-08-02 11:25:03;2025-08-02 11:25:05;Lusi Apriliyanty;https://wilkerstat.bps.go.id/api/landmark/90379872/photo
90393485;HPVAEN;RMH HASANUDIN / SELOKAN;0046;RT 002 RW 013;3272030005;-6.9188762228893;106.90691828728;1.5;1;150;Batas Wilkerstat;15040;Batas SLS;2025-08-02 11:38:02;2025-08-02 11:38:03;Lusi Apriliyanty;https://wilkerstat.bps.go.id/api/landmark/90393485/photo
90407763;HPVVHR;RMH ARYA ANTO SUGENG / SELOKAN;0046;RT 002 RW 013;3272030005;-6.9185436;106.9070873;2.0999999046326;1;150;Batas Wilkerstat;15040;Batas SLS;2025-08-02 11:53:26;2025-08-02 11:53:28;Lusi Apriliyanty;https://wilkerstat.bps.go.id/api/landmark/90407763/photo
90312670;HPQKQG;SAWAH PAK BEBEN;0034;RT 001 RW 010;3272030005;-6.9253343;106.9011149;3.9000000953674;1;150;Batas Wilkerstat;15040;Batas SLS;2025-08-02 10:23:53;2025-08-02 10:23:57;Siti Munawaroh;https://wilkerstat.bps.go.id/api/landmark/90312670/photo
90560549;HQENIB;SAWAH PAK UJANG;0034;RT 001 RW 010;3272030005;-6.9284753;106.9016943;2.0160000324249;1;150;Batas Wilkerstat;15040;Batas SLS;2025-08-02 15:06:56;2025-08-02 15:06:59;Siti Munawaroh;https://wilkerstat.bps.go.id/api/landmark/90560549/photo
90479452;HPZXIY;BATAS WILAYAH RT 04;0016;RT 004 RW 004;3272030005;-6.9222158729356;106.9019997865;3.180999994278;1;150;Batas Wilkerstat;15040;Batas SLS;2025-08-02 13:33:13;2025-08-02 13:33:16;Dede sumiati;https://wilkerstat.bps.go.id/api/landmark/90479452/photo
90486446;HQAHRY;BATAS SAWAH RT 04;0016;RT 004 RW 004;3272030005;-6.9220678;106.9022555;4.8309998512268;1;150;Batas Wilkerstat;15040;Batas SLS;2025-08-02 13:42:46;2025-08-02 13:42:48;Dede sumiati;https://wilkerstat.bps.go.id/api/landmark/90486446/photo
90646110;HQJJWW;SAWAH PINGGIR SUNGAI CIGUNUNG;0016;RT 004 RW 004;3272030005;-6.9179273106382;106.90138220787;6.4739999771118;1;150;Batas Wilkerstat;15040;Batas SLS;2025-08-02 16:29:52;2025-08-02 16:29:54;Dede sumiati;https://wilkerstat.bps.go.id/api/landmark/90646110/photo
90653734;HQJVEC;JALAN SAMPING SUNGAI CIJAMBE;0016;RT 004 RW 004;3272030005;-6.9184258975305;106.90333720297;3.789999961853;1;150;Batas Wilkerstat;15040;Batas SLS;2025-08-02 16:36:35;2025-08-02 16:36:37;Dede sumiati;https://wilkerstat.bps.go.id/api/landmark/90653734/photo
91160567;HRMQXR;RMH PAK TUGIO;0021;RT 002 RW 006 RAWEUY UTARA;3272030005;-6.9229772;106.9081974;2;1;150;Batas Wilkerstat;15040;Batas SLS;2025-08-03 15:25:28;2025-08-03 15:25:29;Lusi Apriliyanty;https://wilkerstat.bps.go.id/api/landmark/91160567/photo
91169514;HRNEDU;RMH HARIS JUANSYAH;0021;RT 002 RW 006 RAWEUY UTARA;3272030005;-6.9226704;106.9089144;1.75;1;150;Batas Wilkerstat;15040;Batas SLS;2025-08-03 15:35:05;2025-08-03 15:35:07;Lusi Apriliyanty;https://wilkerstat.bps.go.id/api/landmark/91169514/photo
91214461;HRPSQN;RMH PAK MULYANA / PINTU KAI;0021;RT 002 RW 006 RAWEUY UTARA;3272030005;-6.9197505784385;106.90938625485;2;1;150;Batas Wilkerstat;15040;Batas SLS;2025-08-03 16:21:02;2025-08-03 16:21:03;Lusi Apriliyanty;https://wilkerstat.bps.go.id/api/landmark/91214461/photo
91225218;HRQIOG;RMH IBU SONIA;0021;RT 002 RW 006 RAWEUY UTARA;3272030005;-6.9196629;106.9086411;1.5829999446869;1;150;Batas Wilkerstat;15040;Batas SLS;2025-08-03 16:31:14;2025-08-03 16:31:15;Lusi Apriliyanty;https://wilkerstat.bps.go.id/api/landmark/91225218/photo
91785001;HSWEQJ;RMH PA K IWAN SUGANDA;0020;RT 001 RW 006;3272030005;-6.9223805;106.9103466;1.8329999446869;1;150;Batas Wilkerstat;15040;Batas SLS;2025-08-04 16:21:56;2025-08-04 16:21:59;Lusi Apriliyanty;https://wilkerstat.bps.go.id/api/landmark/91785001/photo
91790407;HSWMQH;WARUNG BU YATI / SELOKAN;0020;RT 001 RW 006;3272030005;-6.9220249;106.909839;1.9160000085831;1;150;Batas Wilkerstat;15040;Batas SLS;2025-08-04 16:26:16;2025-08-04 16:26:18;Lusi Apriliyanty;https://wilkerstat.bps.go.id/api/landmark/91790407/photo
91791546;HSWOIC;RMH BU INEU / SELOKAN;0020;RT 001 RW 006;3272030005;-6.9222388;106.9097656;2;1;150;Batas Wilkerstat;15040;Batas SLS;2025-08-04 16:27:08;2025-08-04 16:27:09;Lusi Apriliyanty;https://wilkerstat.bps.go.id/api/landmark/91791546/photo
91739735;HSTPRJ;PERUMAHAN SHIFA 2;0022;RT 003 RW 006;3272030005;-6.9246517;106.9091792;1.8329999446869;1;150;Batas Wilkerstat;15040;Batas SLS;2025-08-04 15:44:13;2025-08-04 15:44:15;Lusi Apriliyanty;https://wilkerstat.bps.go.id/api/landmark/91739735/photo
91789300;HSWKZS;RMH KOSONG / SELOKAN;0022;RT 003 RW 006;3272030005;-6.9220223;106.9098395;2.0829999446869;1;150;Batas Wilkerstat;15040;Batas SLS;2025-08-04 16:25:23;2025-08-04 16:25:24;Lusi Apriliyanty;https://wilkerstat.bps.go.id/api/landmark/91789300/photo
91734352;HSTHSI;TIANG TELKOM / GARASI BEBEN;0023;RT 004 RW 006;3272030005;-6.9236132;106.909323;3;1;150;Batas Wilkerstat;15040;Batas SLS;2025-08-04 15:39:33;2025-08-04 15:39:35;Lusi Apriliyanty;https://wilkerstat.bps.go.id/api/landmark/91734352/photo
91754974;HSUMFM;PINTU IRIGASI;0023;RT 004 RW 006;3272030005;-6.9231517961362;106.91038303077;2.1659998893738;1;150;Batas Wilkerstat;15040;Batas SLS;2025-08-04 15:57:21;2025-08-04 15:57:23;Lusi Apriliyanty;https://wilkerstat.bps.go.id/api/landmark/91754974/photo
91778231;HSVUPZ;SAWAH / RMH PAK ENTUR;0023;RT 004 RW 006;3272030005;-6.9219248;106.9104263;1.6000000238419;1;150;Batas Wilkerstat;15040;Batas SLS;2025-08-04 16:16:22;2025-08-04 16:16:30;Lusi Apriliyanty;https://wilkerstat.bps.go.id/api/landmark/91778231/photo
91792844;HSWQGA;RMH JHONDI / SELOKAN;0023;RT 004 RW 006;3272030005;-6.9222357;106.9097779;1.6660000085831;1;150;Batas Wilkerstat;15040;Batas SLS;2025-08-04 16:28:10;2025-08-04 16:28:11;Lusi Apriliyanty;https://wilkerstat.bps.go.id/api/landmark/91792844/photo
91524905;HSHJWR;RUMAH BAPAK JUJUM;0027;RT 002 RW 007;3272040001;-6.9014097;106.9101566;2.4000000953674;1;150;Batas Wilkerstat;15040;Batas SLS;2025-08-04 11:37:35;2025-08-04 11:37:37;Wanti Mekarsari;https://wilkerstat.bps.go.id/api/landmark/91524905/photo
91530013;HSHRLD;BAKSO SITOLE;0027;RT 002 RW 007;3272040001;-6.9025326;106.9100903;3.1500000953674;1;150;Batas Wilkerstat;15040;Batas SLS;2025-08-04 11:43:52;2025-08-04 11:43:53;Wanti Mekarsari;https://wilkerstat.bps.go.id/api/landmark/91530013/photo
91536127;HSIAMH;KOLAM PAK ASEP;0027;RT 002 RW 007;3272040001;-6.9019416304647;106.91117662936;2.9500000476837;1;150;Batas Wilkerstat;15040;Batas SLS;2025-08-04 11:50:56;2025-08-04 11:50:58;Wanti Mekarsari;https://wilkerstat.bps.go.id/api/landmark/91536127/photo
91538184;HSIDNK;RUMAH IBU DEDE;0027;RT 002 RW 007;3272040001;-6.9024633;106.9111417;2.1500000953674;1;150;Batas Wilkerstat;15040;Batas SLS;2025-08-04 11:53:20;2025-08-04 11:53:22;Wanti Mekarsari;https://wilkerstat.bps.go.id/api/landmark/91538184/photo
90465392;HPZCOE;KIOS PISANG DADUN;0028;RT 001 RW 008;3272040001;-6.9009789;106.9149492;2.4000000953674;1;150;Batas Wilkerstat;15040;Batas SLS;2025-08-02 13:12:46;2025-08-02 13:12:50;Wanti Mekarsari;https://wilkerstat.bps.go.id/api/landmark/90465392/photo
90467810;HPZGDE;RUMAH SUBAGJA;0028;RT 001 RW 008;3272040001;-6.8996275;106.9144863;1.9500000476837;1;150;Batas Wilkerstat;15040;Batas SLS;2025-08-02 13:16:17;2025-08-02 13:16:20;Wanti Mekarsari;https://wilkerstat.bps.go.id/api/landmark/90467810/photo
90478122;HPZVJU;KEBUN BAPAK TATAN;0028;RT 001 RW 008;3272040001;-6.9000001330159;106.91626410931;2.0999999046326;1;150;Batas Wilkerstat;15040;Batas SLS;2025-08-02 13:31:14;2025-08-02 13:31:15;Wanti Mekarsari;https://wilkerstat.bps.go.id/api/landmark/90478122/photo
90492018;HQAPYG;SAWAH BAPAK IMID;0028;RT 001 RW 008;3272040001;-6.8993770414562;106.91619537771;1.7999999523163;1;150;Batas Wilkerstat;15040;Batas SLS;2025-08-02 13:49:48;2025-08-02 13:49:49;Wanti Mekarsari;https://wilkerstat.bps.go.id/api/landmark/90492018/photo
90461779;HPYXFF;RUMAH UJANG KRESNA;0029;RT 002 RW 008;3272040001;-6.8991829908724;106.91597174853;5.941999912262;1;150;Batas Wilkerstat;15040;Batas SLS;2025-08-02 13:07:43;2025-08-02 13:07:44;Wanti Mekarsari;https://wilkerstat.bps.go.id/api/landmark/90461779/photo
90485999;HQAHAT;SAWAH BAPAK USMAN;0029;RT 002 RW 008;3272040001;-6.8986316;106.9167743;1.9500000476837;1;150;Batas Wilkerstat;15040;Batas SLS;2025-08-02 13:42:08;2025-08-02 13:42:09;Wanti Mekarsari;https://wilkerstat.bps.go.id/api/landmark/90485999/photo
90498682;HQAZUO;KONTRAKAN IBU NINING;0029;RT 002 RW 008;3272040001;-6.8986913735144;106.91537663341;2.1500000953674;1;150;Batas Wilkerstat;15040;Batas SLS;2025-08-02 13:58:00;2025-08-02 13:58:02;Wanti Mekarsari;https://wilkerstat.bps.go.id/api/landmark/90498682/photo
90506584;HQBLMM;SAWAH BAPAK OPIK;0029;RT 002 RW 008;3272040001;-6.8976265891457;106.91580746323;2.7000000476837;1;150;Batas Wilkerstat;15040;Batas SLS;2025-08-02 14:07:12;2025-08-02 14:07:14;Wanti Mekarsari;https://wilkerstat.bps.go.id/api/landmark/90506584/photo
90381213;HPUIAN;WARUNG KEMBAR;0012;RT 001 RW 004;3272040001;-6.9156177614183;106.91319331527;2.6119999885559;1;150;Batas Wilkerstat;15040;Batas SLS;2025-08-02 11:26:24;2025-08-02 11:26:25;M junaedi;https://wilkerstat.bps.go.id/api/landmark/90381213/photo
90386509;HPUPWF;MESJID ALIKHLAS SAMPING SUNGAI CIPELANG;0012;RT 001 RW 004;3272040001;-6.915644721202;106.91333480179;1.8159999847412;1;150;Batas Wilkerstat;15040;Batas SLS;2025-08-02 11:31:31;2025-08-02 11:31:32;M junaedi;https://wilkerstat.bps.go.id/api/landmark/90386509/photo
90401152;HPVLNK;TEPIAN SUNGAI CIPELANG;0012;RT 001 RW 004;3272040001;-6.9135017;106.9139233;1.7829999923706;1;150;Batas Wilkerstat;15040;Batas SLS;2025-08-02 11:46:12;2025-08-02 11:46:13;M junaedi;https://wilkerstat.bps.go.id/api/landmark/90401152/photo
90446678;HPYAWK;BENSIN ECERAN NANA;0012;RT 001 RW 004;3272040001;-6.9134925933842;106.9136127457;1.7000000476837;1;150;Batas Wilkerstat;15040;Batas SLS;2025-08-02 12:45:54;2025-08-02 12:45:55;M junaedi;https://wilkerstat.bps.go.id/api/landmark/90446678/photo
90464841;HPZBSZ;RUMAH E2 ( BPK ARRY );0013;RT 002 RW 004;3272040001;-6.9136574;106.9123614;1.6000000238419;1;150;Batas Wilkerstat;15040;Batas SLS;2025-08-02 13:12:03;2025-08-02 13:12:04;M junaedi;https://wilkerstat.bps.go.id/api/landmark/90464841/photo
90466289;HPZDWR;SUNGAI;0013;RT 002 RW 004;3272040001;-6.9130898588188;106.91249258816;1.2660000324249;1;150;Batas Wilkerstat;15040;Batas SLS;2025-08-02 13:14:15;2025-08-02 13:14:17;M junaedi;https://wilkerstat.bps.go.id/api/landmark/90466289/photo
90467454;HPZFPM;RUMAH A14 ( IBU ERLYN );0013;RT 002 RW 004;3272040001;-6.9136764;106.9129185;1.7000000476837;1;150;Batas Wilkerstat;15040;Batas SLS;2025-08-02 13:15:48;2025-08-02 13:15:49;M junaedi;https://wilkerstat.bps.go.id/api/landmark/90467454/photo
90508556;HQBOKI;TOKO SENDAL MARWAH;0013;RT 002 RW 004;3272040001;-6.9159505981459;106.91282317042;2.4000000953674;1;150;Batas Wilkerstat;15040;Batas SLS;2025-08-02 14:09:53;2025-08-02 14:09:54;M junaedi;https://wilkerstat.bps.go.id/api/landmark/90508556/photo
90511978;HQBTLY;KEBUN BU YENNY;0013;RT 002 RW 004;3272040001;-6.9156354017708;106.91235210747;1.4500000476837;1;150;Batas Wilkerstat;15040;Batas SLS;2025-08-02 14:13:50;2025-08-02 14:13:51;M junaedi;https://wilkerstat.bps.go.id/api/landmark/90511978/photo
90928094;HQZLAK;LOUNDRY NABILLAH;0013;RT 002 RW 004;3272040001;-6.9133770984654;106.91343974322;1.9420000314713;1;150;Batas Wilkerstat;15040;Batas SLS;2025-08-03 10:46:18;2025-08-03 10:46:18;M junaedi;https://wilkerstat.bps.go.id/api/landmark/90928094/photo
91964722;HTGKMS;RUMAH BPK DIKDIK;0014;RT 003 RW 004;3272040001;-6.9139575683192;106.91221933812;1.5160000324249;1;150;Batas Wilkerstat;15040;Batas SLS;2025-08-05 09:06:03;2025-08-05 09:06:04;M junaedi;https://wilkerstat.bps.go.id/api/landmark/91964722/photo
91972946;HTGWRA;UJUNG PABRIK PENGOLAHAN  SABUT KELAPAK BPK HANDAY;0014;RT 003 RW 004;3272040001;-6.9140887064786;106.91274940968;2.0659999847412;1;150;Batas Wilkerstat;15040;Batas SLS;2025-08-05 09:16:04;2025-08-05 09:16:06;M junaedi;https://wilkerstat.bps.go.id/api/landmark/91972946/photo
90998253;HRDKUV;RUMAH IBU BADRI ( JL. FLAMBOYAN );0015;RT 004 RW 004;3272040001;-6.9133776;106.9120756;2.0499999523163;1;150;Batas Wilkerstat;15040;Batas SLS;2025-08-03 11:53:01;2025-08-03 11:53:01;M junaedi;https://wilkerstat.bps.go.id/api/landmark/90998253/photo
91003403;HRDSKX;KIOS WARUNG PAK TEDDY;0015;RT 004 RW 004;3272040001;-6.913358;106.9116474;1.5329999923706;1;150;Batas Wilkerstat;15040;Batas SLS;2025-08-03 11:59:09;2025-08-03 11:59:09;M junaedi;https://wilkerstat.bps.go.id/api/landmark/91003403/photo
91007489;HRDYMB;TK IT NURUL ILMI;0015;RT 004 RW 004;3272040001;-6.914458822103;106.91166914999;1.3500000238419;1;150;Batas Wilkerstat;15040;Batas SLS;2025-08-03 12:04:05;2025-08-03 12:04:05;M junaedi;https://wilkerstat.bps.go.id/api/landmark/91007489/photo
91933339;HTEQBR;SAWAH ( BPK UJANG );0015;RT 004 RW 004;3272040001;-6.9159796;106.9107979;1.9329999685287;1;150;Batas Wilkerstat;15040;Batas SLS;2025-08-05 08:15:47;2025-08-05 08:15:48;M junaedi;https://wilkerstat.bps.go.id/api/landmark/91933339/photo
91935551;HTETIT;SAWAH ( BPK UJANG );0015;RT 004 RW 004;3272040001;-6.9155924;106.9105031;1.4659999608994;1;150;Batas Wilkerstat;15040;Batas SLS;2025-08-05 08:20:42;2025-08-05 08:20:44;M junaedi;https://wilkerstat.bps.go.id/api/landmark/91935551/photo
91939316;HTEYXO;KEBON PAK SAEPULLOH;0015;RT 004 RW 004;3272040001;-6.9151383;106.9105553;1.7000000476837;1;150;Batas Wilkerstat;15040;Batas SLS;2025-08-05 08:27:54;2025-08-05 08:27:56;M junaedi;https://wilkerstat.bps.go.id/api/landmark/91939316/photo
91944451;HTFGNB;MAKAM TPU CISEUPAN;0015;RT 004 RW 004;3272040001;-6.9146082661893;106.91017884761;1.5499999523163;1;150;Batas Wilkerstat;15040;Batas SLS;2025-08-05 08:36:54;2025-08-05 08:36:55;M junaedi;https://wilkerstat.bps.go.id/api/landmark/91944451/photo
91950429;HTFPIZ;Z-MART WARUNG BAZNAZ;0015;RT 004 RW 004;3272040001;-6.9141063468882;106.91100832075;1.8420000076294;1;150;Batas Wilkerstat;15040;Batas SLS;2025-08-05 08:46:29;2025-08-05 08:46:32;M junaedi;https://wilkerstat.bps.go.id/api/landmark/91950429/photo
90402748;HPVNWU;TEPIAN SUNGAI CIPELANG;0016;RT 005 RW 004;3272040001;-6.9133833;106.91394;1.5160000324249;1;150;Batas Wilkerstat;15040;Batas SLS;2025-08-02 11:47:59;2025-08-02 11:48:00;M junaedi;https://wilkerstat.bps.go.id/api/landmark/90402748/photo
90405612;HPVSCY;JEMBATAN PENGHUBUNG KARTENG & GUNPUY;0016;RT 005 RW 004;3272040001;-6.912435;106.9140783;1.5160000324249;1;150;Batas Wilkerstat;15040;Batas SLS;2025-08-02 11:50:57;2025-08-02 11:50:58;M junaedi;https://wilkerstat.bps.go.id/api/landmark/90405612/photo
90408191;HPVVYD;TERAS CIPELANG HERANG;0016;RT 005 RW 004;3272040001;-6.9113507738001;106.91358927637;1.6499999761581;1;150;Batas Wilkerstat;15040;Batas SLS;2025-08-02 11:53:57;2025-08-02 11:53:58;M junaedi;https://wilkerstat.bps.go.id/api/landmark/90408191/photo
90412555;HPWCJZ;WARUNG PISANG;0016;RT 005 RW 004;3272040001;-6.9113537693587;106.91337369382;2.4500000476837;1;150;Batas Wilkerstat;15040;Batas SLS;2025-08-02 11:58:41;2025-08-02 11:58:42;M junaedi;https://wilkerstat.bps.go.id/api/landmark/90412555/photo
90437227;HPXMWX;RUMAH IBU HJ MASKONAH;0016;RT 005 RW 004;3272040001;-6.9115055443052;106.91313900054;1.9329999685287;1;150;Batas Wilkerstat;15040;Batas SLS;2025-08-02 12:31:25;2025-08-02 12:31:26;M junaedi;https://wilkerstat.bps.go.id/api/landmark/90437227/photo
90439245;HPXPWN;KORAMIL 0607 KOTA SUKABUMI;0016;RT 005 RW 004;3272040001;-6.9118234061513;106.9131423533;1.7829999923706;1;150;Batas Wilkerstat;15040;Batas SLS;2025-08-02 12:34:06;2025-08-02 12:34:07;M junaedi;https://wilkerstat.bps.go.id/api/landmark/90439245/photo
90441178;HPXSSW;RUMAH KETUA RT 005/004;0016;RT 005 RW 004;3272040001;-6.9127410438104;106.91295392811;1.75;1;150;Batas Wilkerstat;15040;Batas SLS;2025-08-02 12:37:19;2025-08-02 12:37:19;M junaedi;https://wilkerstat.bps.go.id/api/landmark/90441178/photo
90443451;HPXWCH;RUMAH PENJAGA SEKOLAH SD TANJUBG SARI;0016;RT 005 RW 004;3272040001;-6.9130685571463;106.91301628947;1.7159999608994;1;150;Batas Wilkerstat;15040;Batas SLS;2025-08-02 12:40:54;2025-08-02 12:40:55;M junaedi;https://wilkerstat.bps.go.id/api/landmark/90443451/photo
90511066;HQBSCW;RUMAH BAPAK DIDIN;0030;RT 003 RW 008;3272040001;-6.8977861;106.9153839;2.5499999523163;1;150;Batas Wilkerstat;15040;Batas SLS;2025-08-02 14:12:47;2025-08-02 14:12:48;Wanti Mekarsari;https://wilkerstat.bps.go.id/api/landmark/90511066/photo
90563198;HQERFY;RUMAH BAPAK JAJA;0030;RT 003 RW 008;3272040001;-6.9005583185086;106.91320572048;1.9500000476837;1;150;Batas Wilkerstat;15040;Batas SLS;2025-08-02 15:09:30;2025-08-02 15:09:31;Wanti Mekarsari;https://wilkerstat.bps.go.id/api/landmark/90563198/photo
90567412;HQEXMA;RUMAH BAPAK UJANG;0030;RT 003 RW 008;3272040001;-6.8982618;106.9135833;2;1;150;Batas Wilkerstat;15040;Batas SLS;2025-08-02 15:13:53;2025-08-02 15:13:55;Wanti Mekarsari;https://wilkerstat.bps.go.id/api/landmark/90567412/photo
91228906;HRQOAC;RUMAH IBU INA;0030;RT 003 RW 008;3272040001;-6.8987839054596;106.91492501646;16.85000038147;1;150;Batas Wilkerstat;15040;Batas SLS;2025-08-03 16:34:45;2025-08-03 16:34:48;Wanti Mekarsari;https://wilkerstat.bps.go.id/api/landmark/91228906/photo
91301656;HRURQE;TANAH BAPAK ENJANG;0030;RT 003 RW 008;3272040001;-6.9006967;106.9146022;2;1;150;Batas Wilkerstat;15040;Batas SLS;2025-08-03 18:18:45;2025-08-03 18:18:47;Wanti Mekarsari;https://wilkerstat.bps.go.id/api/landmark/91301656/photo
90514474;HQBXDY;RUMAH BAPAK NANANG;0031;RT0 004 RW 008;3272040001;-6.8981539;106.9148129;1.9500000476837;1;150;Batas Wilkerstat;15040;Batas SLS;2025-08-02 14:16:26;2025-08-02 14:16:29;Wanti Mekarsari;https://wilkerstat.bps.go.id/api/landmark/90514474/photo
90534110;HQDAFE;NAINA (BAPAK H TAUFIK);0031;RT0 004 RW 008;3272040001;-6.893145;106.9146345;2.0999999046326;1;150;Batas Wilkerstat;15040;Batas SLS;2025-08-02 14:38:43;2025-08-02 14:38:44;Wanti Mekarsari;https://wilkerstat.bps.go.id/api/landmark/90534110/photo
90538051;HQDGAT;RUMAH IBU IIS;0032;RT 005 RW 008;3272040001;-6.8940181;106.9143912;2.0499999523163;1;150;Batas Wilkerstat;15040;Batas SLS;2025-08-02 14:43:10;2025-08-02 14:43:12;Wanti Mekarsari;https://wilkerstat.bps.go.id/api/landmark/90538051/photo
90546540;HQDSPG;PKBM MANDIRI;0032;RT 005 RW 008;3272040001;-6.89622;106.9144413;2.0999999046326;1;150;Batas Wilkerstat;15040;Batas SLS;2025-08-02 14:52:12;2025-08-02 14:52:14;Wanti Mekarsari;https://wilkerstat.bps.go.id/api/landmark/90546540/photo
90415848;HPWHGQ;SAWAH BPK BAMBANG;0038;RT 003 RW 009;3272040001;-6.9018195;106.9133586;4.5539999008179;1;150;Batas Wilkerstat;15040;Batas SLS;2025-08-02 12:02:49;2025-08-02 12:02:51;FERY FIRMANSYAH;https://wilkerstat.bps.go.id/api/landmark/90415848/photo
90419548;HPWMSY;SAWAH YAYASAN ULUL ALBAB;0038;RT 003 RW 009;3272040001;-6.9005726309484;106.91350612789;4.4930000305176;1;150;Batas Wilkerstat;15040;Batas SLS;2025-08-02 12:07:08;2025-08-02 12:07:11;FERY FIRMANSYAH;https://wilkerstat.bps.go.id/api/landmark/90419548/photo
90444056;HPXWZO;RUMAH HASBULOH;0038;RT 003 RW 009;3272040001;-6.9018411108197;106.91551409662;12.017000198364;1;150;Batas Wilkerstat;15040;Batas SLS;2025-08-02 12:40:25;2025-08-02 12:41:49;FERY FIRMANSYAH;https://wilkerstat.bps.go.id/api/landmark/90444056/photo
90445985;HPXZVT;WARUNG NASI YATI;0038;RT 003 RW 009;3272040001;-6.9011021909197;106.91483583301;5.3979997634888;1;150;Batas Wilkerstat;15040;Batas SLS;2025-08-02 12:44:42;2025-08-02 12:44:45;FERY FIRMANSYAH;https://wilkerstat.bps.go.id/api/landmark/90445985/photo
90699265;HQMKNH;RUMAH BPK YULI;0066;Batas sls;3272040001;-6.9056416;106.9142592;4.9910001754761;1;150;Batas Wilkerstat;15040;Batas SLS;2025-08-02 17:17:28;2025-08-02 17:17:30;Neng Mira Nursadewi ;https://wilkerstat.bps.go.id/api/landmark/90699265/photo
90713681;HQNFVT;RUMAH BPK ASEP;0066;Batas sls;3272040001;-6.9042631;106.9155127;6;1;150;Batas Wilkerstat;15040;Batas SLS;2025-08-02 17:32:50;2025-08-02 17:32:51;Neng Mira Nursadewi ;https://wilkerstat.bps.go.id/api/landmark/90713681/photo
90715216;HQNICU;RUMAH BPK SAHIDIN;0066;Batas sls;3272040001;-6.905798;106.915212;6;1;150;Batas Wilkerstat;15040;Batas SLS;2025-08-02 17:34:42;2025-08-02 17:34:43;Neng Mira Nursadewi ;https://wilkerstat.bps.go.id/api/landmark/90715216/photo
90718511;HQNMZN;KLINIK DR GIGI SHIFARA;0066;Batas sls;3272040001;-6.9043801;106.9144802;3.75;1;150;Batas Wilkerstat;15040;Batas SLS;2025-08-02 17:39:02;2025-08-02 17:39:03;Neng Mira Nursadewi ;https://wilkerstat.bps.go.id/api/landmark/90718511/photo
90595731;HQGNJF;TOKO BAPAK WIRA;0001;RT 001 RW 001;3272040001;-6.9149257931111;106.90622158349;14.696999549866;1;150;Batas Wilkerstat;15040;Batas SLS;2025-08-02 15:41:57;2025-08-02 15:43:06;Asep nandar;https://wilkerstat.bps.go.id/api/landmark/90595731/photo
90598296;HQGRDW;KANTOR KELURAHAN KARANG TENGAH;0001;RT 001 RW 001;3272040001;-6.9153637;106.9069022;5.3359999656677;1;150;Batas Wilkerstat;15040;Batas SLS;2025-08-02 15:44:25;2025-08-02 15:45:32;Asep nandar;https://wilkerstat.bps.go.id/api/landmark/90598296/photo
90602395;HQGXFN;GANG SAMPING BIDAN YANTI;0001;RT 001 RW 001;3272040001;-6.9135847895959;106.90633255988;1.9409999847412;1;150;Batas Wilkerstat;15040;Batas SLS;2025-08-02 15:48:41;2025-08-02 15:49:49;Asep nandar;https://wilkerstat.bps.go.id/api/landmark/90602395/photo
90642881;HQJFCR;RUMAH BAPAK MAMAD;0001;RT 001 RW 001;3272040001;-6.9138820140838;106.90737694502;7.6300001144409;1;150;Batas Wilkerstat;15040;Batas SLS;2025-08-02 16:26:04;2025-08-02 16:27:12;Asep nandar;https://wilkerstat.bps.go.id/api/landmark/90642881/photo
90646791;HQJKXB;TPU TEMPAT PEMAKAMAN UMUM RW.001;0002;RT 002 RW 001;3272040001;-6.9138364152664;106.90738633275;10.170999526978;1;150;Batas Wilkerstat;15040;Batas SLS;2025-08-02 16:29:17;2025-08-02 16:30:25;Asep nandar;https://wilkerstat.bps.go.id/api/landmark/90646791/photo
90670921;HQKUPD;RUMAH BAPAK RONI;0002;RT 002 RW 001;3272040001;-6.9135721417412;106.90634295344;6.335000038147;1;150;Batas Wilkerstat;15040;Batas SLS;2025-08-02 16:50:27;2025-08-02 16:51:35;Asep nandar;https://wilkerstat.bps.go.id/api/landmark/90670921/photo
90675463;HQLBHV;CV ZIED AUTO SERVICE;0002;RT 002 RW 001;3272040001;-6.9125119;106.9066345;5.1240000724792;1;150;Batas Wilkerstat;15040;Batas SLS;2025-08-02 16:54:31;2025-08-02 16:55:40;Asep nandar;https://wilkerstat.bps.go.id/api/landmark/90675463/photo
90710694;HQNBKW;KEBUN BAPAK GIMIN;0002;RT 002 RW 001;3272040001;-6.9128249191985;106.90748088062;5.2859997749329;1;150;Batas Wilkerstat;15040;Batas SLS;2025-08-02 17:28:10;2025-08-02 17:29:19;Asep nandar;https://wilkerstat.bps.go.id/api/landmark/90710694/photo
91047867;HRGGFB;KONTRAKAN H. ADI;0003;RT 003 RW 001;3272040001;-6.912499402728;106.90663028508;8.4399995803833;1;150;Batas Wilkerstat;15040;Batas SLS;2025-08-03 13:01:35;2025-08-03 13:02:44;Asep nandar;https://wilkerstat.bps.go.id/api/landmark/91047867/photo
91049913;HRGJFT;WARUNG UMI;0003;RT 003 RW 001;3272040001;-6.9117937834333;106.9068743661;6.9670000076294;1;150;Batas Wilkerstat;15040;Batas SLS;2025-08-03 13:04:53;2025-08-03 13:06:02;Asep nandar;https://wilkerstat.bps.go.id/api/landmark/91049913/photo
91056325;HRGSSJ;JEMBATAN SAMPING SONOWATER ISI ULANG GALON;0003;RT 003 RW 001;3272040001;-6.9118540273859;106.90737191588;6.8680000305176;1;150;Batas Wilkerstat;15040;Batas SLS;2025-08-03 13:14:27;2025-08-03 13:15:35;Asep nandar;https://wilkerstat.bps.go.id/api/landmark/91056325/photo
91058325;HRGVRH;MASJID AL MUQRIYAH;0003;RT 003 RW 001;3272040001;-6.9123945584183;106.90729949623;5.1389999389648;1;150;Batas Wilkerstat;15040;Batas SLS;2025-08-03 13:17:20;2025-08-03 13:18:29;Asep nandar;https://wilkerstat.bps.go.id/api/landmark/91058325/photo
91059481;HRGXJT;KONTRAKAN BAPAK HALIM;0003;RT 003 RW 001;3272040001;-6.9124880862005;106.90751709044;8.6850004196167;1;150;Batas Wilkerstat;15040;Batas SLS;2025-08-03 13:18:57;2025-08-03 13:20:06;Asep nandar;https://wilkerstat.bps.go.id/api/landmark/91059481/photo
91060440;HRGYUQ;RUMAH BAPAK ASEP SAEPUDIN;0003;RT 003 RW 001;3272040001;-6.9127566872371;106.90744165331;6.3759999275208;1;150;Batas Wilkerstat;15040;Batas SLS;2025-08-03 13:20:23;2025-08-03 13:21:31;Asep nandar;https://wilkerstat.bps.go.id/api/landmark/91060440/photo
90722765;HQNTHD;RUMAH BPK HERI;0068;Rt 002 Rw 017;3272040001;-6.9043302;106.9126909;3.5;1;150;Batas Wilkerstat;15040;Batas SLS;2025-08-02 17:45:02;2025-08-02 17:45:04;Neng Mira Nursadewi ;https://wilkerstat.bps.go.id/api/landmark/90722765/photo
90725507;HQNXIP;RUMAH BPK TAMBUNAN;0068;Rt 002 Rw 017;3272040001;-6.903214;106.9126449;6.0570001602173;1;150;Batas Wilkerstat;15040;Batas SLS;2025-08-02 17:49:33;2025-08-02 17:49:36;Neng Mira Nursadewi ;https://wilkerstat.bps.go.id/api/landmark/90725507/photo
90730005;HQODZP;RUMAH BPK HIDAYAT;0068;Rt 002 Rw 017;3272040001;-6.9032226;106.9118783;7.5539999008179;1;150;Batas Wilkerstat;15040;Batas SLS;2025-08-02 17:59:27;2025-08-02 17:59:28;Neng Mira Nursadewi ;https://wilkerstat.bps.go.id/api/landmark/90730005/photo
90730550;HQOEUO;RUMAH BPK IMAN;0068;Rt 002 Rw 017;3272040001;-6.9043562;106.911934;8.5679998397827;1;150;Batas Wilkerstat;15040;Batas SLS;2025-08-02 18:00:52;2025-08-02 18:00:56;Neng Mira Nursadewi ;https://wilkerstat.bps.go.id/api/landmark/90730550/photo
90721866;HQNRYO;TPS 3R GADING;0067;RT 003 RW 017;3272040001;-6.9044443;106.9127414;6;1;150;Batas Wilkerstat;15040;Batas SLS;2025-08-02 17:43:35;2025-08-02 17:43:36;Neng Mira Nursadewi ;https://wilkerstat.bps.go.id/api/landmark/90721866/photo
90731398;HQOGBE;TOKO INEZ;0067;RT 003 RW 017;3272040001;-6.9043698;106.91396;5;1;150;Batas Wilkerstat;15040;Batas SLS;2025-08-02 18:03:21;2025-08-02 18:03:23;Neng Mira Nursadewi ;https://wilkerstat.bps.go.id/api/landmark/90731398/photo
90731895;HQOGUH;RUMAH BPK RIZKI AFZAL;0067;RT 003 RW 017;3272040001;-6.9056449;106.9141665;3;1;150;Batas Wilkerstat;15040;Batas SLS;2025-08-02 18:05:01;2025-08-02 18:05:03;Neng Mira Nursadewi ;https://wilkerstat.bps.go.id/api/landmark/90731895/photo
90732336;HQOHLG;RUMAH BU ICIN;0067;RT 003 RW 017;3272040001;-6.9057129;106.9133835;3;1;150;Batas Wilkerstat;15040;Batas SLS;2025-08-02 18:06:21;2025-08-02 18:06:40;Neng Mira Nursadewi ;https://wilkerstat.bps.go.id/api/landmark/90732336/photo
90732357;HQOHMB;RUMAH BU ICIN;0067;RT 003 RW 017;3272040001;-6.9057129;106.9133835;3;1;150;Batas Wilkerstat;15040;Batas SLS;2025-08-02 18:06:36;2025-08-02 18:06:44;Neng Mira Nursadewi ;https://wilkerstat.bps.go.id/api/landmark/90732357/photo
90725940;HQNXZG;TOKO MARVEL;0069;RT 001 RW 017;3272040001;-6.9031586;106.9126331;4.8670001029968;1;150;Batas Wilkerstat;15040;Batas SLS;2025-08-02 17:50:23;2025-08-02 17:50:25;Neng Mira Nursadewi ;https://wilkerstat.bps.go.id/api/landmark/90725940/photo
90727009;HQNZOJ;RUMAH BPK AEP;0069;RT 001 RW 017;3272040001;-6.9021772;106.9125645;4.7639999389648;1;150;Batas Wilkerstat;15040;Batas SLS;2025-08-02 17:52:29;2025-08-02 17:52:31;Neng Mira Nursadewi ;https://wilkerstat.bps.go.id/api/landmark/90727009/photo
90728115;HQOBEX;RUMAH BPK OKI;0069;RT 001 RW 017;3272040001;-6.9022685;106.9113355;4.960000038147;1;150;Batas Wilkerstat;15040;Batas SLS;2025-08-02 17:54:47;2025-08-02 17:54:49;Neng Mira Nursadewi ;https://wilkerstat.bps.go.id/api/landmark/90728115/photo
90729746;HQODPQ;MESJID ALHAJIRI;0069;RT 001 RW 017;3272040001;-6.9031452;106.9120149;8.5310001373291;1;150;Batas Wilkerstat;15040;Batas SLS;2025-08-02 17:58:42;2025-08-02 17:58:44;Neng Mira Nursadewi ;https://wilkerstat.bps.go.id/api/landmark/90729746/photo
90732583;HQOHUT;RUMAH BPK SULEMAN;0070;RT 005 RW 017;3272040001;-6.9057117;106.9133799;3;1;150;Batas Wilkerstat;15040;Batas SLS;2025-08-02 18:07:28;2025-08-02 18:07:43;Neng Mira Nursadewi ;https://wilkerstat.bps.go.id/api/landmark/90732583/photo
90732983;HQOIKD;RUMAH BPK SULE;0070;RT 005 RW 017;3272040001;-6.9057;106.9133287;3;1;150;Batas Wilkerstat;15040;Batas SLS;2025-08-02 18:09:22;2025-08-02 18:09:27;Neng Mira Nursadewi ;https://wilkerstat.bps.go.id/api/landmark/90732983/photo
90733256;HQOIUQ;RUMAH BPK EKI;0070;RT 005 RW 017;3272040001;-6.9057521;106.9140846;4.75;1;150;Batas Wilkerstat;15040;Batas SLS;2025-08-02 18:10:52;2025-08-02 18:10:54;Neng Mira Nursadewi ;https://wilkerstat.bps.go.id/api/landmark/90733256/photo
90979864;HRCJPO;SD IT AL-FATH;0070;RT 005 RW 017;3272040001;-6.9074144;106.9131261;4.4099998474121;1;150;Batas Wilkerstat;15040;Batas SLS;2025-08-03 11:33:55;2025-08-03 11:33:59;Neng Mira Nursadewi ;https://wilkerstat.bps.go.id/api/landmark/90979864/photo
91002335;HRDQVV;RUMAH BPK SUPOMO;0070;RT 005 RW 017;3272040001;-6.9065848;106.9126948;4.3029999732971;1;150;Batas Wilkerstat;15040;Batas SLS;2025-08-03 11:57:16;2025-08-03 11:57:36;Neng Mira Nursadewi ;https://wilkerstat.bps.go.id/api/landmark/91002335/photo
91010193;HRECMB;KOBONG PESANTREN AL-FATH;0070;RT 005 RW 017;3272040001;-6.9068363;106.9126736;4.3210000991821;1;150;Batas Wilkerstat;15040;Batas SLS;2025-08-03 11:42:39;2025-08-03 12:07:14;Neng Mira Nursadewi ;https://wilkerstat.bps.go.id/api/landmark/91010193/photo
91191869;HROLFP;MESJID AS SABIQ;0062;RT 001 RW 015;3272040001;-6.9027701;106.913735;3;1;150;Batas Wilkerstat;15040;Batas SLS;2025-08-03 15:58:29;2025-08-03 15:58:32;Neng Mira Nursadewi ;https://wilkerstat.bps.go.id/api/landmark/91191869/photo
91194513;HROPDH;RUMAH BU IWAN;0062;RT 001 RW 015;3272040001;-6.9030221;106.9140909;7.25;1;150;Batas Wilkerstat;15040;Batas SLS;2025-08-03 16:00:54;2025-08-03 16:00:56;Neng Mira Nursadewi ;https://wilkerstat.bps.go.id/api/landmark/91194513/photo
91181067;HRNVGD;RUMAH BPK INSAF;0063;RT 002 RW 15;3272040001;-6.9031964599983;106.91281612962;14.307999610901;1;150;Batas Wilkerstat;15040;Batas SLS;2025-08-03 15:47:37;2025-08-03 15:47:40;Neng Mira Nursadewi ;https://wilkerstat.bps.go.id/api/landmark/91181067/photo
91182631;HRNXOH;RUMAH BU NENENG;0063;RT 002 RW 15;3272040001;-6.9029767;106.9128438;3.1150000095367;1;150;Batas Wilkerstat;15040;Batas SLS;2025-08-03 15:49:23;2025-08-03 15:49:25;Neng Mira Nursadewi ;https://wilkerstat.bps.go.id/api/landmark/91182631/photo
91188447;HROGDZ;RUMAH BPK WIJAYA;0063;RT 002 RW 15;3272040001;-6.903123;106.9135458;11.392000198364;1;150;Batas Wilkerstat;15040;Batas SLS;2025-08-03 15:55:11;2025-08-03 15:55:14;Neng Mira Nursadewi ;https://wilkerstat.bps.go.id/api/landmark/91188447/photo
91190413;HROJBP;RUMAH PAK SAYUTI;0063;RT 002 RW 15;3272040001;-6.90301;106.9137156;14.668000221252;1;150;Batas Wilkerstat;15040;Batas SLS;2025-08-03 15:57:07;2025-08-03 15:57:11;Neng Mira Nursadewi ;https://wilkerstat.bps.go.id/api/landmark/91190413/photo
91184486;HROAHQ;RUMAH BPK H DANI;0064;RT 003 RW 015;3272040001;-6.9033023;106.9128701;7.4340000152588;1;150;Batas Wilkerstat;15040;Batas SLS;2025-08-03 15:51:13;2025-08-03 15:51:14;Neng Mira Nursadewi ;https://wilkerstat.bps.go.id/api/landmark/91184486/photo
91196257;HRORSJ;RUMAH BPK ENDANG;0064;RT 003 RW 015;3272040001;-6.9032978;106.9137434;3;1;150;Batas Wilkerstat;15040;Batas SLS;2025-08-03 16:02:40;2025-08-03 16:02:44;Neng Mira Nursadewi ;https://wilkerstat.bps.go.id/api/landmark/91196257/photo
91198610;HROVEW;RUMAH BPK JAJANG;0064;RT 003 RW 015;3272040001;-6.9036963;106.9128718;16.048999786377;1;150;Batas Wilkerstat;15040;Batas SLS;2025-08-03 16:05:11;2025-08-03 16:05:13;Neng Mira Nursadewi ;https://wilkerstat.bps.go.id/api/landmark/91198610/photo
91204791;HRPEIP;RUMAH BPK HELMI;0064;RT 003 RW 015;3272040001;-6.9035544;106.9137204;6.2290000915527;1;150;Batas Wilkerstat;15040;Batas SLS;2025-08-03 16:11:25;2025-08-03 16:11:26;Neng Mira Nursadewi ;https://wilkerstat.bps.go.id/api/landmark/91204791/photo
91201119;HROYXJ;RUMAH BPK IBRAHIM;0065;RT 004 RW 015;3272040001;-6.9037691;106.9128955;3;1;150;Batas Wilkerstat;15040;Batas SLS;2025-08-03 16:07:49;2025-08-03 16:07:51;Neng Mira Nursadewi ;https://wilkerstat.bps.go.id/api/landmark/91201119/photo
91216964;HRPWIU;RUMAH BPK SONI;0065;RT 004 RW 015;3272040001;-6.9042698;106.9129176;6;1;150;Batas Wilkerstat;15040;Batas SLS;2025-08-03 16:23:21;2025-08-03 16:23:24;Neng Mira Nursadewi ;https://wilkerstat.bps.go.id/api/landmark/91216964/photo
91218166;HRPYDA;RUMAH BU ELMITA;0065;RT 004 RW 015;3272040001;-6.904206;106.9137446;10;1;150;Batas Wilkerstat;15040;Batas SLS;2025-08-03 16:24:35;2025-08-03 16:24:37;Neng Mira Nursadewi ;https://wilkerstat.bps.go.id/api/landmark/91218166/photo
91219855;HRQAPZ;RUMAH BPK MUSTARIF;0065;RT 004 RW 015;3272040001;-6.9038052;106.9136639;6.6199998855591;1;150;Batas Wilkerstat;15040;Batas SLS;2025-08-03 16:26:00;2025-08-03 16:26:08;Neng Mira Nursadewi ;https://wilkerstat.bps.go.id/api/landmark/91219855/photo
91395926;HSABBY;BATAS SLS/KOMPLEKS MAKAM KH AHMAD SANUSI;0016;RT 002 RW 005;3272040002;-6.915669;106.9164115;5.6319999694824;1;150;Batas Wilkerstat;15040;Batas SLS;2025-08-04 09:22:16;2025-08-04 09:22:19;Maesaroh;https://wilkerstat.bps.go.id/api/landmark/91395926/photo
90242370;HPMKQK;RUMAH PAK NOH;0041;RT 001 RW 012;3272040002;-6.9152070405733;106.91833209246;0.88599997758865;1;150;Batas Wilkerstat;15040;Batas SLS;2025-08-02 09:11:01;2025-08-02 09:11:03;Maesaroh;https://wilkerstat.bps.go.id/api/landmark/90242370/photo
90245563;HPMPJF;TUREN ARTESIS;0041;RT 001 RW 012;3272040002;-6.9149277;106.9179444;8.3190002441406;1;150;Batas Wilkerstat;15040;Batas SLS;2025-08-02 09:15:25;2025-08-02 09:15:27;Maesaroh;https://wilkerstat.bps.go.id/api/landmark/90245563/photo
90259213;HPNJOF;SD CBM GUNUNG PUYUHQQ;0041;RT 001 RW 012;3272040002;-6.9161211;106.9185832;5.4770002365112;1;150;Batas Wilkerstat;15040;Batas SLS;2025-08-02 09:30:47;2025-08-02 09:30:50;Maesaroh;https://wilkerstat.bps.go.id/api/landmark/90259213/photo
90275130;HPOHCK;RUMAH IBU WATI;0041;RT 001 RW 012;3272040002;-6.9155918001437;106.91750798374;7.5789999961853;1;150;Batas Wilkerstat;15040;Batas SLS;2025-08-02 09:47:30;2025-08-02 09:47:33;Maesaroh;https://wilkerstat.bps.go.id/api/landmark/90275130/photo
90902400;HQXZAE;BATAS SLS/WARUNG BU LUKMAN;0042;RT 002 RW 012;3272040002;-6.9152469810277;106.91830761731;5.6589999198914;1;150;Batas Wilkerstat;15040;Batas SLS;2025-08-03 10:23:18;2025-08-03 10:23:21;Maesaroh;https://wilkerstat.bps.go.id/api/landmark/90902400/photo
90912837;HQYOLP;BATAS SLS / TANAH KOSONG;0042;RT 002 RW 012;3272040002;-6.9148494;106.9179298;6.1389999389648;1;150;Batas Wilkerstat;15040;Batas SLS;2025-08-03 10:32:29;2025-08-03 10:32:31;Maesaroh;https://wilkerstat.bps.go.id/api/landmark/90912837/photo
90926411;HQZINR;BATAS SLS/RUMAH BU YUYA;0042;RT 002 RW 012;3272040002;-6.9143989113202;106.91827978939;7.8720002174377;1;150;Batas Wilkerstat;15040;Batas SLS;2025-08-03 10:44:46;2025-08-03 10:44:48;Maesaroh;https://wilkerstat.bps.go.id/api/landmark/90926411/photo
90939921;HRACNH;BATAS SLS/RUMAH PAK AJAT;0042;RT 002 RW 012;3272040002;-6.9142544597348;106.91859595478;5.9899997711182;1;150;Batas Wilkerstat;15040;Batas SLS;2025-08-03 10:56:46;2025-08-03 10:56:49;Maesaroh;https://wilkerstat.bps.go.id/api/landmark/90939921/photo
91978153;HTHEJH;BATAS SLS/SEBLAK APIH;0042;RT 002 RW 012;3272040002;-6.9144885;106.9188705;8.5229997634888;1;150;Batas Wilkerstat;15040;Batas SLS;2025-08-05 09:21:55;2025-08-05 09:21:59;Maesaroh;https://wilkerstat.bps.go.id/api/landmark/91978153/photo
90215370;HPKWRY;DPC PARTAI GERINDRA;0043;RT 003 RW 012;3272040002;-6.9160792;106.9186996;9.2589998245239;1;150;Batas Wilkerstat;15040;Batas SLS;2025-08-02 08:31:13;2025-08-02 08:31:15;Maesaroh;https://wilkerstat.bps.go.id/api/landmark/90215370/photo
90220331;HPLEAT;RUMAH PAK HINDRA;0043;RT 003 RW 012;3272040002;-6.9149786;106.919763;7.1100001335144;1;150;Batas Wilkerstat;15040;Batas SLS;2025-08-02 08:39:47;2025-08-02 08:39:49;Maesaroh;https://wilkerstat.bps.go.id/api/landmark/90220331/photo
90222407;HPLHCP;RUMAH PAK FERY;0043;RT 003 RW 012;3272040002;-6.9145246;106.9189209;6.2930002212524;1;150;Batas Wilkerstat;15040;Batas SLS;2025-08-02 08:43:06;2025-08-02 08:43:08;Maesaroh;https://wilkerstat.bps.go.id/api/landmark/90222407/photo
90224176;HPLJSQ;RUMAH PAK YUSUF;0043;RT 003 RW 012;3272040002;-6.9151512;106.9185835;6.7480001449585;1;150;Batas Wilkerstat;15040;Batas SLS;2025-08-02 08:45:54;2025-08-02 08:45:55;Maesaroh;https://wilkerstat.bps.go.id/api/landmark/90224176/photo
90971104;HRBWQQ;BATAS SLS/RUMAH PAK H DADENG;0044;RT 004 RW 012;3272040002;-6.9141497;106.9167952;8.8489999771118;1;150;Batas Wilkerstat;15040;Batas SLS;2025-08-03 11:25:34;2025-08-03 11:25:37;Maesaroh;https://wilkerstat.bps.go.id/api/landmark/90971104/photo
90988044;HRCVSE;BATAS SLS / RUMAH BAPAK IWAN;0044;RT 004 RW 012;3272040002;-6.9133124;106.9172993;4.8829998970032;1;150;Batas Wilkerstat;15040;Batas SLS;2025-08-03 11:42:09;2025-08-03 11:42:11;Maesaroh;https://wilkerstat.bps.go.id/api/landmark/90988044/photo
90989952;HRCYNO;BATAS SLS/RUMAH PAK TEDY;0044;RT 004 RW 012;3272040002;-6.9133361593376;106.91707581282;4.768000125885;1;150;Batas Wilkerstat;15040;Batas SLS;2025-08-03 11:44:08;2025-08-03 11:44:10;Maesaroh;https://wilkerstat.bps.go.id/api/landmark/90989952/photo
90998529;HRDLFL;BATAS SLS/RUMAH WINDA;0044;RT 004 RW 012;3272040002;-6.914222;106.9179698;8.2259998321533;1;150;Batas Wilkerstat;15040;Batas SLS;2025-08-03 11:53:16;2025-08-03 11:53:18;Maesaroh;https://wilkerstat.bps.go.id/api/landmark/90998529/photo
91008364;HRDZTS;BATAS SLS/TEMPAT RONGSOK;0044;RT 004 RW 012;3272040002;-6.9155031;106.9172955;2.8250000476837;1;150;Batas Wilkerstat;15040;Batas SLS;2025-08-03 12:05:07;2025-08-03 12:05:09;Maesaroh;https://wilkerstat.bps.go.id/api/landmark/91008364/photo
91981599;HTHJLV;BATAS SLS/ KONYTRABARU DIBDNGUN;0044;RT 004 RW 012;3272040002;-6.9143682;106.9181013;5.5910000801086;1;150;Batas Wilkerstat;15040;Batas SLS;2025-08-05 09:25:43;2025-08-05 09:25:47;Maesaroh;https://wilkerstat.bps.go.id/api/landmark/91981599/photo
90206918;HPKKEW;RUMAH KETUA RT 001;0001;RT 001 RW 001;3272040002;-6.918184;106.9181293;4.4019999504089;1;150;Batas Wilkerstat;15040;Batas SLS;2025-08-02 08:14:01;2025-08-02 08:14:02;Hening Rahayu;https://wilkerstat.bps.go.id/api/landmark/90206918/photo
90208483;HPKMNB;FOTOCOPY JASMINE;0001;RT 001 RW 001;3272040002;-6.9173124;106.916757;1.6499999761581;1;150;Batas Wilkerstat;15040;Batas SLS;2025-08-02 08:17:33;2025-08-02 08:17:35;Hening Rahayu;https://wilkerstat.bps.go.id/api/landmark/90208483/photo
90214722;HPKVTA;ALFAMIDI DEGUNG;0001;RT 001 RW 001;3272040002;-6.9191637;106.9163078;2.0499999523163;1;150;Batas Wilkerstat;15040;Batas SLS;2025-08-02 08:30:00;2025-08-02 08:30:02;Hening Rahayu;https://wilkerstat.bps.go.id/api/landmark/90214722/photo
90222838;HPLHTE;JL. SRIWIJAYA ( TOKO SHOPIE );0001;RT 001 RW 001;3272040002;-6.9194451;106.9176306;2.3499999046326;1;150;Batas Wilkerstat;15040;Batas SLS;2025-08-02 08:43:49;2025-08-02 08:43:51;Hening Rahayu;https://wilkerstat.bps.go.id/api/landmark/90222838/photo
90226244;HPLMUE;RUMAH KETUA RW 01;0002;RT 002 RW 001;3272040002;-6.9180701;106.9181147;1.6000000238419;1;150;Batas Wilkerstat;15040;Batas SLS;2025-08-02 08:49:07;2025-08-02 08:49:09;Hening Rahayu;https://wilkerstat.bps.go.id/api/landmark/90226244/photo
90236887;HPMCNN;SERVICE YAMAHA;0002;RT 002 RW 001;3272040002;-6.9195862;106.9189157;1.7999999523163;1;150;Batas Wilkerstat;15040;Batas SLS;2025-08-02 09:04:23;2025-08-02 09:04:25;Hening Rahayu;https://wilkerstat.bps.go.id/api/landmark/90236887/photo
90244213;HPMNJH;DEALER YAMAHA;0002;RT 002 RW 001;3272040002;-6.9194186;106.9175313;1.6000000238419;1;150;Batas Wilkerstat;15040;Batas SLS;2025-08-02 09:13:24;2025-08-02 09:13:27;Hening Rahayu;https://wilkerstat.bps.go.id/api/landmark/90244213/photo
90280896;HPOPQE;RUMAH KETUA RT 02;0002;RT 002 RW 001;3272040002;-6.9184431;106.918553;2;1;150;Batas Wilkerstat;15040;Batas SLS;2025-08-02 09:53:28;2025-08-02 09:53:29;Hening Rahayu;https://wilkerstat.bps.go.id/api/landmark/90280896/photo
90290311;HPPDOH;TOKO WISMA MEBEL;0003;RT 003 RW 001;3272040002;-6.9196563;106.9189604;2;1;150;Batas Wilkerstat;15040;Batas SLS;2025-08-02 10:02:55;2025-08-02 10:02:56;Hening Rahayu;https://wilkerstat.bps.go.id/api/landmark/90290311/photo
90293613;HPPILH;DEALER SUZUKI JL BRAWIJAYA;0003;RT 003 RW 001;3272040002;-6.9197264;106.9195118;1.4500000476837;1;150;Batas Wilkerstat;15040;Batas SLS;2025-08-02 10:06:28;2025-08-02 10:06:30;Hening Rahayu;https://wilkerstat.bps.go.id/api/landmark/90293613/photo
90298565;HPPPTT;SDN BRAWIJAYA;0003;RT 003 RW 001;3272040002;-6.9181237;106.9190547;1.6000000238419;1;150;Batas Wilkerstat;15040;Batas SLS;2025-08-02 10:10:58;2025-08-02 10:11:00;Hening Rahayu;https://wilkerstat.bps.go.id/api/landmark/90298565/photo
90302445;HPPVMZ;GG SRIWIJAYA 2;0003;RT 003 RW 001;3272040002;-6.9173599;106.9191383;1.3500000238419;1;150;Batas Wilkerstat;15040;Batas SLS;2025-08-02 10:14:21;2025-08-02 10:14:23;Hening Rahayu;https://wilkerstat.bps.go.id/api/landmark/90302445/photo
90307171;HPQCMT;RUMAH KETUA RT 003;0003;RT 003 RW 001;3272040002;-6.9171274;106.918513;1.8500000238419;1;150;Batas Wilkerstat;15040;Batas SLS;2025-08-02 10:18:56;2025-08-02 10:18:57;Hening Rahayu;https://wilkerstat.bps.go.id/api/landmark/90307171/photo
90311739;HPQJGL;RUMAH PAK HENDRA;0003;RT 003 RW 001;3272040002;-6.9180963;106.9180935;1.75;1;150;Batas Wilkerstat;15040;Batas SLS;2025-08-02 10:23:02;2025-08-02 10:23:04;Hening Rahayu;https://wilkerstat.bps.go.id/api/landmark/90311739/photo
90472749;HPZNLD;GG TAVIP / RUMAH PAK HENDRA;0004;RT 001 RW 002;3272040002;-6.9174092;106.9184171;2.0599999427795;1;150;Batas Wilkerstat;15040;Batas SLS;2025-08-02 13:23:32;2025-08-02 13:23:33;Hening Rahayu;https://wilkerstat.bps.go.id/api/landmark/90472749/photo
90478158;HPZVLE;TAMAN PERTIGAAN JALAN SRIWIJAYA;0004;RT 001 RW 002;3272040002;-6.9162512;106.9191119;1.8500000238419;1;150;Batas Wilkerstat;15040;Batas SLS;2025-08-02 13:31:17;2025-08-02 13:31:20;Hening Rahayu;https://wilkerstat.bps.go.id/api/landmark/90478158/photo
90479843;HPZXXZ;RUMAH KOSONG SARIPETOJO;0004;RT 001 RW 002;3272040002;-6.9162395;106.9185672;2.0999999046326;1;150;Batas Wilkerstat;15040;Batas SLS;2025-08-02 13:33:46;2025-08-02 13:33:48;Hening Rahayu;https://wilkerstat.bps.go.id/api/landmark/90479843/photo
90503040;HQBGGE;RUMAH DR MARULI;0004;RT 001 RW 002;3272040002;-6.9173177;106.9191035;1.6000000238419;1;150;Batas Wilkerstat;15040;Batas SLS;2025-08-02 14:03:08;2025-08-02 14:03:10;Hening Rahayu;https://wilkerstat.bps.go.id/api/landmark/90503040/photo
90507742;HQBNFA;RUMAH KOSONG/SAMPING LAUNDRY;0005;RT 002 RW 002;3272040002;-6.9179604;106.9181753;1.8500000238419;1;150;Batas Wilkerstat;15040;Batas SLS;2025-08-02 14:08:50;2025-08-02 14:08:52;Hening Rahayu;https://wilkerstat.bps.go.id/api/landmark/90507742/photo
90508440;HQBOFW;GG TAVIP;0005;RT 002 RW 002;3272040002;-6.9173554;106.9183815;2.2000000476837;1;150;Batas Wilkerstat;15040;Batas SLS;2025-08-02 14:09:42;2025-08-02 14:09:45;Hening Rahayu;https://wilkerstat.bps.go.id/api/landmark/90508440/photo
90909331;HQYJGT;RUMAH PAK MULDAN;0005;RT 002 RW 002;3272040002;-6.9168561;106.9182207;3.0329999923706;1;150;Batas Wilkerstat;15040;Batas SLS;2025-08-03 10:29:34;2025-08-03 10:29:38;Hening Rahayu;https://wilkerstat.bps.go.id/api/landmark/90909331/photo
90912039;HQYNGX;RUMAH MAS BASO BAGONG;0005;RT 002 RW 002;3272040002;-6.9165331;106.9184396;1.9500000476837;1;150;Batas Wilkerstat;15040;Batas SLS;2025-08-03 10:31:48;2025-08-03 10:31:50;Hening Rahayu;https://wilkerstat.bps.go.id/api/landmark/90912039/photo
90917161;HQYUVX;JEMBATAN;0005;RT 002 RW 002;3272040002;-6.9165393;106.9174866;2.2660000324249;1;150;Batas Wilkerstat;15040;Batas SLS;2025-08-03 10:36:23;2025-08-03 10:36:25;Hening Rahayu;https://wilkerstat.bps.go.id/api/landmark/90917161/photo
90918730;HQYXEG;RUMAH IBU ONENG;0005;RT 002 RW 002;3272040002;-6.9169366;106.9173899;1.6499999761581;1;150;Batas Wilkerstat;15040;Batas SLS;2025-08-03 10:38:02;2025-08-03 10:38:04;Hening Rahayu;https://wilkerstat.bps.go.id/api/landmark/90918730/photo
90924057;HQZFBD;RUMAH PAK ARIES;0005;RT 002 RW 002;3272040002;-6.9173588;106.9173386;2.0999999046326;1;150;Batas Wilkerstat;15040;Batas SLS;2025-08-03 10:42:50;2025-08-03 10:42:52;Hening Rahayu;https://wilkerstat.bps.go.id/api/landmark/90924057/photo
90925256;HQZGVG;RUMAH IBU EYE;0006;RT 003 RW 002;3272040002;-6.9173487;106.9173139;2.0999999046326;1;150;Batas Wilkerstat;15040;Batas SLS;2025-08-03 10:43:52;2025-08-03 10:43:54;Hening Rahayu;https://wilkerstat.bps.go.id/api/landmark/90925256/photo
90936662;HQZXRY;J&T EXPRESS;0006;RT 003 RW 002;3272040002;-6.9167247;106.9168508;4.0500001907349;1;150;Batas Wilkerstat;15040;Batas SLS;2025-08-03 10:53:42;2025-08-03 10:53:45;Hening Rahayu;https://wilkerstat.bps.go.id/api/landmark/90936662/photo
90938689;HRAARX;TANAH KOSONG;0006;RT 003 RW 002;3272040002;-6.9171392;106.9172349;2.0499999523163;1;150;Batas Wilkerstat;15040;Batas SLS;2025-08-03 10:55:40;2025-08-03 10:55:43;Hening Rahayu;https://wilkerstat.bps.go.id/api/landmark/90938689/photo
90947621;HRANXL;GAPURA GG SRIWIJAYA V;0006;RT 003 RW 002;3272040002;-6.917192;106.9167765;1.6499999761581;1;150;Batas Wilkerstat;15040;Batas SLS;2025-08-03 11:04:00;2025-08-03 11:04:02;Hening Rahayu;https://wilkerstat.bps.go.id/api/landmark/90947621/photo
90963137;HRBKWF;GG SRIWIJAYA V;0006;RT 003 RW 002;3272040002;-6.9181491;106.9180782;1.7999999523163;1;150;Batas Wilkerstat;15040;Batas SLS;2025-08-03 11:18:03;2025-08-03 11:18:05;Hening Rahayu;https://wilkerstat.bps.go.id/api/landmark/90963137/photo
90965415;HRBOFV;LAUNDRY SUPER WASH;0006;RT 003 RW 002;3272040002;-6.9180481;106.9180944;1.6499999761581;1;150;Batas Wilkerstat;15040;Batas SLS;2025-08-03 11:20:09;2025-08-03 11:20:11;Hening Rahayu;https://wilkerstat.bps.go.id/api/landmark/90965415/photo
90982184;HRCNAU;MANDALA FINANCE;0007;RT 004 RW 002;3272040002;-6.9166033;106.9169273;2;1;150;Batas Wilkerstat;15040;Batas SLS;2025-08-03 11:36:04;2025-08-03 11:36:08;Hening Rahayu;https://wilkerstat.bps.go.id/api/landmark/90982184/photo
90986564;HRCTNG;RUMAH BU ENGKUS;0007;RT 004 RW 002;3272040002;-6.9165839;106.9174914;1.9500000476837;1;150;Batas Wilkerstat;15040;Batas SLS;2025-08-03 11:40:29;2025-08-03 11:40:31;Hening Rahayu;https://wilkerstat.bps.go.id/api/landmark/90986564/photo
90989661;HRCYCJ;GG ABDI;0007;RT 004 RW 002;3272040002;-6.9160375;106.9175832;1.5499999523163;1;150;Batas Wilkerstat;15040;Batas SLS;2025-08-03 11:43:52;2025-08-03 11:43:53;Hening Rahayu;https://wilkerstat.bps.go.id/api/landmark/90989661/photo
90998202;HRDKSW;BASO CBM;0007;RT 004 RW 002;3272040002;-6.9162578;106.9186087;1.9500000476837;1;150;Batas Wilkerstat;15040;Batas SLS;2025-08-03 11:52:56;2025-08-03 11:52:58;Hening Rahayu;https://wilkerstat.bps.go.id/api/landmark/90998202/photo
90999961;HRDNIN;TEMBOK HOTEL PERMATA HIJAU;0007;RT 004 RW 002;3272040002;-6.9166515;106.918454;2.0999999046326;1;150;Batas Wilkerstat;15040;Batas SLS;2025-08-03 11:54:51;2025-08-03 11:54:56;Hening Rahayu;https://wilkerstat.bps.go.id/api/landmark/90999961/photo
91538203;HSIDOD;TIKI;0011;RT 001 RW 009;3272040002;-6.9188198;106.9150027;1.5829999446869;1;150;Batas Wilkerstat;15040;Batas SLS;2025-08-04 11:53:22;2025-08-04 11:53:24;Hening Rahayu;https://wilkerstat.bps.go.id/api/landmark/91538203/photo
91542443;HSIJVF;PEREMPATAN DEGUNG;0011;RT 001 RW 009;3272040002;-6.9190382;106.9160459;4.7859997749329;1;150;Batas Wilkerstat;15040;Batas SLS;2025-08-04 11:57:54;2025-08-04 11:57:55;Hening Rahayu;https://wilkerstat.bps.go.id/api/landmark/91542443/photo
91546407;HSIPRR;GG KARYA 1;0011;RT 001 RW 009;3272040002;-6.9176497;106.9165493;1.8999999761581;1;150;Batas Wilkerstat;15040;Batas SLS;2025-08-04 12:02:33;2025-08-04 12:02:36;Hening Rahayu;https://wilkerstat.bps.go.id/api/landmark/91546407/photo
91582896;HSKRRC;BATAS MESJID AL AMANAH;0011;RT 001 RW 009;3272040002;-6.9174792;106.9158754;2.5;1;150;Batas Wilkerstat;15040;Batas SLS;2025-08-04 12:56:40;2025-08-04 12:56:42;Hening Rahayu;https://wilkerstat.bps.go.id/api/landmark/91582896/photo
91585126;HSKUYW;BELAKANG TEMBOK RUMAH PAK SLAMET;0011;RT 001 RW 009;3272040002;-6.9176984;106.9153373;1.9500000476837;1;150;Batas Wilkerstat;15040;Batas SLS;2025-08-04 13:00:04;2025-08-04 13:00:06;Hening Rahayu;https://wilkerstat.bps.go.id/api/landmark/91585126/photo
91586362;HSKWUK;BELOKAN MESJID BAITURROHMAN;0011;RT 001 RW 009;3272040002;-6.9180229;106.9151529;2.7999999523163;1;150;Batas Wilkerstat;15040;Batas SLS;2025-08-04 13:02:00;2025-08-04 13:02:02;Hening Rahayu;https://wilkerstat.bps.go.id/api/landmark/91586362/photo
91587385;HSKYHT;KANTOR SEKRETARIAT RW 009;0011;RT 001 RW 009;3272040002;-6.9181731;106.9154952;2.2000000476837;1;150;Batas Wilkerstat;15040;Batas SLS;2025-08-04 13:03:38;2025-08-04 13:03:39;Hening Rahayu;https://wilkerstat.bps.go.id/api/landmark/91587385/photo
91456354;HSDMMC;POOL DAMRI;0012;RT 002 RW 009;3272040002;-6.9187819;106.9149729;1.6799999475479;1;150;Batas Wilkerstat;15040;Batas SLS;2025-08-04 10:28:17;2025-08-04 10:28:19;Hening Rahayu;https://wilkerstat.bps.go.id/api/landmark/91456354/photo
91459091;HSDQNJ;DOKTER GIGI TETI;0012;RT 002 RW 009;3272040002;-6.918658;106.9144882;1.8500000238419;1;150;Batas Wilkerstat;15040;Batas SLS;2025-08-04 10:31:07;2025-08-04 10:31:09;Hening Rahayu;https://wilkerstat.bps.go.id/api/landmark/91459091/photo
91466372;HSEBHK;RUMAH ALM PAK UDAN;0012;RT 002 RW 009;3272040002;-6.9165196;106.9146027;1.8500000238419;1;150;Batas Wilkerstat;15040;Batas SLS;2025-08-04 10:37:45;2025-08-04 10:38:00;Hening Rahayu;https://wilkerstat.bps.go.id/api/landmark/91466372/photo
91466421;HSEBJH;RUMAH ALM PAK UDAN;0012;RT 002 RW 009;3272040002;-6.9165196;106.9146027;1.8500000238419;1;150;Batas Wilkerstat;15040;Batas SLS;2025-08-04 10:37:59;2025-08-04 10:38:03;Hening Rahayu;https://wilkerstat.bps.go.id/api/landmark/91466421/photo
91472819;HSEKVJ;BELAKANG RUMAH PAK UDAN ALM;0012;RT 002 RW 009;3272040002;-6.9166348;106.9146534;1.5;1;150;Batas Wilkerstat;15040;Batas SLS;2025-08-04 10:44:03;2025-08-04 10:44:05;Hening Rahayu;https://wilkerstat.bps.go.id/api/landmark/91472819/photo
91484080;HSFBMM;TANAH KOSONG TANJAKAN BATAS RT 03;0012;RT 002 RW 009;3272040002;-6.9170081;106.9146463;1.8329999446869;1;150;Batas Wilkerstat;15040;Batas SLS;2025-08-04 10:54:51;2025-08-04 10:54:56;Hening Rahayu;https://wilkerstat.bps.go.id/api/landmark/91484080/photo
91515881;HSGWNP;BELAKANG RUMAH PAK HARUDIN;0012;RT 002 RW 009;3272040002;-6.9179794;106.915002;8.7270002365112;1;150;Batas Wilkerstat;15040;Batas SLS;2025-08-04 11:27:42;2025-08-04 11:27:44;Hening Rahayu;https://wilkerstat.bps.go.id/api/landmark/91515881/photo
91517698;HSGZFM;RUMAH PAK CAHYADI;0012;RT 002 RW 009;3272040002;-6.9182355;106.91519;1.9329999685287;1;150;Batas Wilkerstat;15040;Batas SLS;2025-08-04 11:29:37;2025-08-04 11:29:39;Hening Rahayu;https://wilkerstat.bps.go.id/api/landmark/91517698/photo
91519684;HSHCDW;RUMAH PAK UNANG;0012;RT 002 RW 009;3272040002;-6.9182073;106.9154757;1.6499999761581;1;150;Batas Wilkerstat;15040;Batas SLS;2025-08-04 11:31:49;2025-08-04 11:31:51;Hening Rahayu;https://wilkerstat.bps.go.id/api/landmark/91519684/photo
91522111;HSHFTF;RUMAH PAK PANISEAN;0012;RT 002 RW 009;3272040002;-6.9183646;106.9153957;2;1;150;Batas Wilkerstat;15040;Batas SLS;2025-08-04 11:34:35;2025-08-04 11:34:37;Hening Rahayu;https://wilkerstat.bps.go.id/api/landmark/91522111/photo
90857425;HQVKMJ;RUMAH BU LUSI;0008;RT 001 RW 003;3272040002;-6.9145208;106.918878;14.977999687195;1;150;Batas Wilkerstat;15040;Batas SLS;2025-08-03 09:40:56;2025-08-03 09:41:09;Imas Ratna Dewi;https://wilkerstat.bps.go.id/api/landmark/90857425/photo
90857938;HQVLGC;RUMAH BU LUSI;0008;RT 001 RW 003;3272040002;-6.9145556778525;106.91896107048;14.977999687195;1;150;Batas Wilkerstat;15040;Batas SLS;2025-08-03 09:41:48;2025-08-03 09:41:52;Imas Ratna Dewi;https://wilkerstat.bps.go.id/api/landmark/90857938/photo
90862206;HQVROG;PANTI ASUHAN MUSLIMIN;0008;RT 001 RW 003;3272040002;-6.9149605;106.9197485;5.688000202179;1;150;Batas Wilkerstat;15040;Batas SLS;2025-08-03 09:46:08;2025-08-03 09:46:12;Imas Ratna Dewi;https://wilkerstat.bps.go.id/api/landmark/90862206/photo
90871748;HQWFRG;RUMAH WARUNG NASI BUDE;0008;RT 001 RW 003;3272040002;-6.9140454375468;106.92007619888;8.1169996261597;1;150;Batas Wilkerstat;15040;Batas SLS;2025-08-03 09:55:10;2025-08-03 09:55:15;Imas Ratna Dewi;https://wilkerstat.bps.go.id/api/landmark/90871748/photo
90895929;HQXPLH;RUMAH BU NELLA;0009;RT 002 RW 003;3272040002;-6.9141576;106.9186053;6.3720002174377;1;150;Batas Wilkerstat;15040;Batas SLS;2025-08-03 10:17:00;2025-08-03 10:17:26;Imas Ratna Dewi;https://wilkerstat.bps.go.id/api/landmark/90895929/photo
90896236;HQXPXC;RUMAH BU NELLA;0009;RT 002 RW 003;3272040002;-6.9141576;106.9186053;6.3720002174377;1;150;Batas Wilkerstat;15040;Batas SLS;2025-08-03 10:17:36;2025-08-03 10:17:42;Imas Ratna Dewi;https://wilkerstat.bps.go.id/api/landmark/90896236/photo
90899224;HQXUIA;RUMAH KONTRAKAN BU NIA;0009;RT 002 RW 003;3272040002;-6.9144042367234;106.91895470023;4.4879999160767;1;150;Batas Wilkerstat;15040;Batas SLS;2025-08-03 10:20:20;2025-08-03 10:20:27;Imas Ratna Dewi;https://wilkerstat.bps.go.id/api/landmark/90899224/photo
90906421;HQYEYV;RUMAH PA MAMAN LADU;0009;RT 002 RW 003;3272040002;-6.9133488071986;106.9190800935;5.5830001831055;1;150;Batas Wilkerstat;15040;Batas SLS;2025-08-03 10:26:53;2025-08-03 10:26:59;Imas Ratna Dewi;https://wilkerstat.bps.go.id/api/landmark/90906421/photo
90918616;HQYWZW;RUMAH BU  HAJI ZULFA;0009;RT 002 RW 003;3272040002;-6.9135724745795;106.91944051534;7.3020000457764;1;150;Batas Wilkerstat;15040;Batas SLS;2025-08-03 10:37:50;2025-08-03 10:37:54;Imas Ratna Dewi;https://wilkerstat.bps.go.id/api/landmark/90918616/photo
91053947;HRGPEX;RUMAH WARUNG PA YAYAN;0010;RT 003 RW 003;3272040002;-6.9143802724084;106.91823486239;1.307000041008;1;150;Batas Wilkerstat;15040;Batas SLS;2025-08-03 13:12:05;2025-08-03 13:12:06;Imas Ratna Dewi;https://wilkerstat.bps.go.id/api/landmark/91053947/photo
91092690;HRIUNA;RUMAH DOKTER RAHMAT;0010;RT 003 RW 003;3272040002;-6.9128619;106.919222;7.6960000991821;1;150;Batas Wilkerstat;15040;Batas SLS;2025-08-03 14:05:49;2025-08-03 14:05:51;Imas Ratna Dewi;https://wilkerstat.bps.go.id/api/landmark/91092690/photo
91001984;HRDQII;RUMAH PA DERI;0011;RT 004 RW 003;3272040002;-6.9126242173521;106.91800888628;9.4530000686646;1;150;Batas Wilkerstat;15040;Batas SLS;2025-08-03 11:57:04;2025-08-03 11:57:12;Imas Ratna Dewi;https://wilkerstat.bps.go.id/api/landmark/91001984/photo
91019747;HREQPN;RUMAH PA SURYANA;0011;RT 004 RW 003;3272040002;-6.9141094;106.9179681;3.654000043869;1;150;Batas Wilkerstat;15040;Batas SLS;2025-08-03 12:20:45;2025-08-03 12:20:52;Imas Ratna Dewi;https://wilkerstat.bps.go.id/api/landmark/91019747/photo
91040275;HRFUZB;RUMAH PA EDI RUSTANDI;0011;RT 004 RW 003;3272040002;-6.9132053538078;106.9173078239;9.9770002365112;1;150;Batas Wilkerstat;15040;Batas SLS;2025-08-03 12:51:24;2025-08-03 12:51:27;Imas Ratna Dewi;https://wilkerstat.bps.go.id/api/landmark/91040275/photo
90238495;HPMEXJ;BATAS SLS 1 (SDN LEMBUR SITU 2);0012;RT 001 RW 004;3272040002;-6.9129004;106.9193149;7.1149997711182;1;150;Batas Wilkerstat;15040;Batas SLS;2025-08-02 09:06:28;2025-08-02 09:06:31;Imas Ratna Dewi;https://wilkerstat.bps.go.id/api/landmark/90238495/photo
90553044;HQECFK;GUDANG KOSONG;0012;RT 001 RW 004;3272040002;-6.9139585668332;106.92000813782;0.88599997758865;1;150;Batas Wilkerstat;15040;Batas SLS;2025-08-02 14:58:48;2025-08-02 14:58:51;Imas Ratna Dewi;https://wilkerstat.bps.go.id/api/landmark/90553044/photo
91368509;HRYMNL;MUSHOLLA ALMUSYAWAROH;0012;RT 001 RW 004;3272040002;-6.9114932292346;106.91939827055;6.6560001373291;1;150;Batas Wilkerstat;15040;Batas SLS;2025-08-04 08:42:20;2025-08-04 08:42:22;Imas Ratna Dewi;https://wilkerstat.bps.go.id/api/landmark/91368509/photo
91374512;HRYVKI;AGEN JASA KIRIM REX;0012;RT 001 RW 004;3272040002;-6.9120271;106.9205057;8.0450000762939;1;150;Batas Wilkerstat;15040;Batas SLS;2025-08-04 08:52:42;2025-08-04 08:52:44;Imas Ratna Dewi;https://wilkerstat.bps.go.id/api/landmark/91374512/photo
90310821;HPQHXD;BATAS 1 ( RUMAH BU ATIN);0013;RT 002 RW 004;3272040002;-6.9109254042799;106.91949650645;8.2150001525879;1;150;Batas Wilkerstat;15040;Batas SLS;2025-08-02 10:22:07;2025-08-02 10:22:10;Imas Ratna Dewi;https://wilkerstat.bps.go.id/api/landmark/90310821/photo
90343676;HPSEMU;BATAS 4 ( RUMAH KONTRAKAN MA AAN);0013;RT 002 RW 004;3272040002;-6.9106371646222;106.91988777369;6.7519998550415;1;150;Batas Wilkerstat;15040;Batas SLS;2025-08-02 10:51:45;2025-08-02 10:51:48;Imas Ratna Dewi;https://wilkerstat.bps.go.id/api/landmark/90343676/photo
91192695;HROMLJ;BATAS BARU RT 002 RW 004 RUMAH BPK ARIS;0013;RT 002 RW 004;3272040002;-6.9111527340476;106.91995013505;7.3959999084473;1;150;Batas Wilkerstat;15040;Batas SLS;2025-08-03 15:59:12;2025-08-03 15:59:15;Imas Ratna Dewi;https://wilkerstat.bps.go.id/api/landmark/91192695/photo
91195836;HRORCE;BATAS BARU RT 002 RW 004 RUMAH PAK TIRTA;0013;RT 002 RW 004;3272040002;-6.9108115729349;106.92014962435;5.4980001449585;1;150;Batas Wilkerstat;15040;Batas SLS;2025-08-03 16:02:15;2025-08-03 16:02:16;Imas Ratna Dewi;https://wilkerstat.bps.go.id/api/landmark/91195836/photo
90452300;HPYJEQ;BATAS 1 (RUMAH PA DIDIK);0014;RT 003 RW 004;3272040002;-6.9114263284401;106.91939156502;7.125;1;150;Batas Wilkerstat;15040;Batas SLS;2025-08-02 12:54:13;2025-08-02 12:54:16;Imas Ratna Dewi;https://wilkerstat.bps.go.id/api/landmark/90452300/photo
90454018;HPYLSS;BATAS 3 ( RUMAH  PA YEYEN);0014;RT 003 RW 004;3272040002;-6.9110485551193;106.91957496107;6.7859997749329;1;150;Batas Wilkerstat;15040;Batas SLS;2025-08-02 12:56:39;2025-08-02 12:56:46;Imas Ratna Dewi;https://wilkerstat.bps.go.id/api/landmark/90454018/photo
91206878;HRPHKW;BATAS BARU RT 003 RW 004 (RUMAH UNDANG JAYUSMAN);0014;RT 003 RW 004;3272040002;-6.9111737029665;106.91997595131;7.6350002288818;1;150;Batas Wilkerstat;15040;Batas SLS;2025-08-03 16:13:30;2025-08-03 16:13:32;Imas Ratna Dewi;https://wilkerstat.bps.go.id/api/landmark/91206878/photo
91209344;HRPLBS;BATAS BARU RT 003 RW 004;0014;RT 003 RW 004;3272040002;-6.9108372016319;106.92015297711;5.6970000267029;1;150;Batas Wilkerstat;15040;Batas SLS;2025-08-03 16:15:54;2025-08-03 16:15:55;Imas Ratna Dewi;https://wilkerstat.bps.go.id/api/landmark/91209344/photo
91378107;HRZASP;RUMAH BU SURATI;0014;RT 003 RW 004;3272040002;-6.9111441;106.9208687;6.4250001907349;1;150;Batas Wilkerstat;15040;Batas SLS;2025-08-04 08:58:24;2025-08-04 08:58:25;Imas Ratna Dewi;https://wilkerstat.bps.go.id/api/landmark/91378107/photo
91385429;HRZLOF;RUMAH BPK WIDODO;0014;RT 003 RW 004;3272040002;-6.9119891;106.9205357;5.9539999961853;1;150;Batas Wilkerstat;15040;Batas SLS;2025-08-04 09:08:46;2025-08-04 09:08:48;Imas Ratna Dewi;https://wilkerstat.bps.go.id/api/landmark/91385429/photo
91365441;HRYHZL;BATAS SLS/GUDANG PAKAN DAN TELUR AYAM;0015;RT 001 RW 005;3272040002;-6.9159275;106.917454;5.951000213623;1;150;Batas Wilkerstat;15040;Batas SLS;2025-08-04 08:36:42;2025-08-04 08:36:44;Maesaroh;https://wilkerstat.bps.go.id/api/landmark/91365441/photo
91382953;HRZHWZ;BATAS SLS/WARUNG NASI KUNING DAN GORENGAN;0015;RT 001 RW 005;3272040002;-6.917149;106.9166348;4.9759998321533;1;150;Batas Wilkerstat;15040;Batas SLS;2025-08-04 09:05:33;2025-08-04 09:05:37;Maesaroh;https://wilkerstat.bps.go.id/api/landmark/91382953/photo
91389128;HRZRAM;BATAS SLS/BELAKANG GUDANG GARAM;0015;RT 001 RW 005;3272040002;-6.9159917;106.9166991;6.5840001106262;1;150;Batas Wilkerstat;15040;Batas SLS;2025-08-04 09:13:39;2025-08-04 09:13:42;Maesaroh;https://wilkerstat.bps.go.id/api/landmark/91389128/photo
91411439;HSAYAP;BATAS SLS/KIOS KOSONG;0017;RT 003 RW 005;3272040002;-6.9157272647276;106.91533405334;7.201000213623;1;150;Batas Wilkerstat;15040;Batas SLS;2025-08-04 09:40:49;2025-08-04 09:40:51;Maesaroh;https://wilkerstat.bps.go.id/api/landmark/91411439/photo
91417633;HSBHEV;BATAS SLS/BTT RUMAH PAK BUHORI;0017;RT 003 RW 005;3272040002;-6.915178749416;106.91601734608;4.9759998321533;1;150;Batas Wilkerstat;15040;Batas SLS;2025-08-04 09:47:58;2025-08-04 09:48:01;Maesaroh;https://wilkerstat.bps.go.id/api/landmark/91417633/photo
91419984;HSBKRG;BATAS SLSRUMAH PAK GUNAWAN;0017;RT 003 RW 005;3272040002;-6.9149421021401;106.91592682153;7.8610000610352;1;150;Batas Wilkerstat;15040;Batas SLS;2025-08-04 09:50:28;2025-08-04 09:50:31;Maesaroh;https://wilkerstat.bps.go.id/api/landmark/91419984/photo
91433391;HSCEMX;BATAS SLS / RUMAH BPK AGUS;0017;RT 003 RW 005;3272040002;-6.914821947852;106.91516675055;4.8420000076294;1;150;Batas Wilkerstat;15040;Batas SLS;2025-08-04 10:04:34;2025-08-04 10:04:38;Maesaroh;https://wilkerstat.bps.go.id/api/landmark/91433391/photo
91437082;HSCJYW;BATAS SLS;0017;RT 003 RW 005;3272040002;-6.9153398425711;106.91447742283;4.6570000648499;1;150;Batas Wilkerstat;15040;Batas SLS;2025-08-04 10:08:30;2025-08-04 10:08:33;Maesaroh;https://wilkerstat.bps.go.id/api/landmark/91437082/photo
91462624;HSDVTG;BATAS SLS / RUMAH BAPAK PAPAP;0019;RT 005 RW 005;3272040002;-6.9140858;106.9142773;3.8110001087189;1;150;Batas Wilkerstat;15040;Batas SLS;2025-08-04 10:34:22;2025-08-04 10:34:24;Maesaroh;https://wilkerstat.bps.go.id/api/landmark/91462624/photo
91465360;HSDZUM;BATAS SLS / PAK NANDI;0019;RT 005 RW 005;3272040002;-6.9137715;106.9146827;4.6180000305176;1;150;Batas Wilkerstat;15040;Batas SLS;2025-08-04 10:37:01;2025-08-04 10:37:04;Maesaroh;https://wilkerstat.bps.go.id/api/landmark/91465360/photo
91482372;HSEYYU;BATAS SLS / RUMAH BAPAK AJAT;0019;RT 005 RW 005;3272040002;-6.9152043778762;106.91441774368;4.826000213623;1;150;Batas Wilkerstat;15040;Batas SLS;2025-08-04 10:53:17;2025-08-04 10:53:20;Maesaroh;https://wilkerstat.bps.go.id/api/landmark/91482372/photo
91484693;HSFCKB;BATAS SLS/RUMAH BU NINA;0019;RT 005 RW 005;3272040002;-6.9147741;106.9151537;4.7490000724792;1;150;Batas Wilkerstat;15040;Batas SLS;2025-08-04 10:55:30;2025-08-04 10:55:33;Maesaroh;https://wilkerstat.bps.go.id/api/landmark/91484693/photo
90326457;HPRFAN;KONTRAKAN BAPA OLGA;0010;RT 001 RW 003;3272040003;-6.9178294;106.925653;4.8590002059937;1;150;Batas Wilkerstat;15040;Batas SLS;2025-08-02 10:36:17;2025-08-02 10:36:18;Sugianti lestari ;https://wilkerstat.bps.go.id/api/landmark/90326457/photo
90328117;HPRHMJ;RUMAH MAKAN PADANG MUTIARA;0010;RT 001 RW 003;3272040003;-6.9183828;106.9257922;4.9089999198914;1;150;Batas Wilkerstat;15040;Batas SLS;2025-08-02 10:37:36;2025-08-02 10:37:37;Sugianti lestari ;https://wilkerstat.bps.go.id/api/landmark/90328117/photo
90330437;HPRKXP;RUMAH BAPA.EKO;0010;RT 001 RW 003;3272040003;-6.9187998;106.9253575;4.5770001411438;1;150;Batas Wilkerstat;15040;Batas SLS;2025-08-02 10:39:37;2025-08-02 10:39:42;Sugianti lestari ;https://wilkerstat.bps.go.id/api/landmark/90330437/photo
90343765;HPSEQF;RUMAH BAPA ENDANG;0010;RT 001 RW 003;3272040003;-6.9186577;106.9249382;5.7459998130798;1;150;Batas Wilkerstat;15040;Batas SLS;2025-08-02 10:51:50;2025-08-02 10:51:53;Sugianti lestari ;https://wilkerstat.bps.go.id/api/landmark/90343765/photo
90345766;HPSHPE;RUMAH IBU NIA;0010;RT 001 RW 003;3272040003;-6.9183369;106.925159;5.0789999961853;1;150;Batas Wilkerstat;15040;Batas SLS;2025-08-02 10:53:49;2025-08-02 10:53:55;Sugianti lestari ;https://wilkerstat.bps.go.id/api/landmark/90345766/photo
90347039;HPSJMD;RUMAH BAPA.DEDI;0010;RT 001 RW 003;3272040003;-6.9179556;106.9249516;4.4099998474121;1;150;Batas Wilkerstat;15040;Batas SLS;2025-08-02 10:55:03;2025-08-02 10:55:05;Sugianti lestari ;https://wilkerstat.bps.go.id/api/landmark/90347039/photo
90311210;HPQIMC;RUMAH IBU EKA;0011;RT 002 RW 003;3272040003;-6.9184305;106.9249282;4.4219999313354;1;150;Batas Wilkerstat;15040;Batas SLS;2025-08-02 10:22:28;2025-08-02 10:22:31;Sugianti lestari ;https://wilkerstat.bps.go.id/api/landmark/90311210/photo
90314236;HPQMYM;RUMAH IBU ELA;0011;RT 002 RW 003;3272040003;-6.9183282;106.9251235;4.75;1;150;Batas Wilkerstat;15040;Batas SLS;2025-08-02 10:25:32;2025-08-02 10:25:37;Sugianti lestari ;https://wilkerstat.bps.go.id/api/landmark/90314236/photo
90315433;HPQOSN;RUMAH IBU YANI;0011;RT 002 RW 003;3272040003;-6.9179403;106.9249902;4.4039998054504;1;150;Batas Wilkerstat;15040;Batas SLS;2025-08-02 10:26:36;2025-08-02 10:26:38;Sugianti lestari ;https://wilkerstat.bps.go.id/api/landmark/90315433/photo
90316816;HPQQTS;RUMAH BAPA DEDI;0011;RT 002 RW 003;3272040003;-6.9176639;106.9251735;6.0859999656677;1;150;Batas Wilkerstat;15040;Batas SLS;2025-08-02 10:27:51;2025-08-02 10:27:55;Sugianti lestari ;https://wilkerstat.bps.go.id/api/landmark/90316816/photo
90318238;HPQSWK;MESJID ASSHOLEH;0011;RT 002 RW 003;3272040003;-6.9174241;106.9247679;5.4580001831055;1;150;Batas Wilkerstat;15040;Batas SLS;2025-08-02 10:28:59;2025-08-02 10:29:09;Sugianti lestari ;https://wilkerstat.bps.go.id/api/landmark/90318238/photo
90318457;HPQTEV;MESJID ASSHOLEH;0011;RT 002 RW 003;3272040003;-6.9174241;106.9247679;5.4580001831055;1;150;Batas Wilkerstat;15040;Batas SLS;2025-08-02 10:29:11;2025-08-02 10:29:21;Sugianti lestari ;https://wilkerstat.bps.go.id/api/landmark/90318457/photo
90318666;HPQTMW;MESJID ASSHOLEH;0011;RT 002 RW 003;3272040003;-6.9174241;106.9247679;5.4580001831055;1;150;Batas Wilkerstat;15040;Batas SLS;2025-08-02 10:29:29;2025-08-02 10:29:32;Sugianti lestari ;https://wilkerstat.bps.go.id/api/landmark/90318666/photo
90104393;HPEONP;RUMAH BAPA DWI;0012;RT 003 RW 003;3272040003;-6.9176733572992;106.92459739745;4.1820001602173;1;150;Batas Wilkerstat;15040;Batas SLS;2025-08-01 16:05:46;2025-08-01 16:09:31;Sugianti lestari ;https://wilkerstat.bps.go.id/api/landmark/90104393/photo
90109938;HPEWSW;RUMAH BAPA.YUSUF;0012;RT 003 RW 003;3272040003;-6.9184244;106.9247531;3.5;1;150;Batas Wilkerstat;15040;Batas SLS;2025-08-01 16:16:11;2025-08-01 16:17:37;Sugianti lestari ;https://wilkerstat.bps.go.id/api/landmark/90109938/photo
90289530;HPPCKG;RUMAH BAPA ZAENAL;0012;RT 003 RW 003;3272040003;-6.9186492296727;106.92419540137;1.75;1;150;Batas Wilkerstat;15040;Batas SLS;2025-08-02 10:00:19;2025-08-02 10:02:03;Sugianti lestari ;https://wilkerstat.bps.go.id/api/landmark/90289530/photo
90297743;HPPOOD;RUMAH BAPA UUM;0012;RT 003 RW 003;3272040003;-6.9182738;106.9238151;3;1;150;Batas Wilkerstat;15040;Batas SLS;2025-08-02 10:10:11;2025-08-02 10:10:15;Sugianti lestari ;https://wilkerstat.bps.go.id/api/landmark/90297743/photo
90919518;HQYYIO;RUMAH HJ TATIN;0013;RT 001 RW 004;3272040003;-6.9195117;106.9229832;8.4309997558594;1;150;Batas Wilkerstat;15040;Batas SLS;2025-08-03 10:38:51;2025-08-03 10:38:53;Sugianti lestari ;https://wilkerstat.bps.go.id/api/landmark/90919518/photo
90921823;HQZBTF;TANAH MILIK BAPA ADI;0013;RT 001 RW 004;3272040003;-6.9195792;106.9234689;4.2170000076294;1;150;Batas Wilkerstat;15040;Batas SLS;2025-08-03 10:40:54;2025-08-03 10:40:56;Sugianti lestari ;https://wilkerstat.bps.go.id/api/landmark/90921823/photo
90924208;HQZFGY;RUMAH BAPA LASMAN DIHOMBING;0013;RT 001 RW 004;3272040003;-6.9191997;106.9234951;5.1560001373291;1;150;Batas Wilkerstat;15040;Batas SLS;2025-08-03 10:42:49;2025-08-03 10:43:00;Sugianti lestari ;https://wilkerstat.bps.go.id/api/landmark/90924208/photo
90924507;HQZFSL;RUMAH BAPA LASMAN DIHOMBING;0013;RT 001 RW 004;3272040003;-6.9191997;106.9234951;5.1560001373291;1;150;Batas Wilkerstat;15040;Batas SLS;2025-08-03 10:43:07;2025-08-03 10:43:13;Sugianti lestari ;https://wilkerstat.bps.go.id/api/landmark/90924507/photo
90928753;HQZLZT;RUMAH BP SAMSUDIN;0013;RT 001 RW 004;3272040003;-6.9189417;106.9238473;2.816999912262;1;150;Batas Wilkerstat;15040;Batas SLS;2025-08-03 10:46:51;2025-08-03 10:46:54;Sugianti lestari ;https://wilkerstat.bps.go.id/api/landmark/90928753/photo
90930813;HQZPAZ;RUMAH IBU YANTI NINGRUM;0013;RT 001 RW 004;3272040003;-6.9187775;106.923863;5.1700000762939;1;150;Batas Wilkerstat;15040;Batas SLS;2025-08-03 10:48:41;2025-08-03 10:48:43;Sugianti lestari ;https://wilkerstat.bps.go.id/api/landmark/90930813/photo
90936590;HQZXPE;KONTRAKAN BU ANI;0013;RT 001 RW 004;3272040003;-6.9186239;106.9237798;4.771999835968;1;150;Batas Wilkerstat;15040;Batas SLS;2025-08-03 10:53:36;2025-08-03 10:53:41;Sugianti lestari ;https://wilkerstat.bps.go.id/api/landmark/90936590/photo
90943823;HRAIHJ;RUMAH IBU ICOH HABSAH;0013;RT 001 RW 004;3272040003;-6.9190988;106.9231059;3;1;150;Batas Wilkerstat;15040;Batas SLS;2025-08-03 10:57:39;2025-08-03 11:00:14;Sugianti lestari ;https://wilkerstat.bps.go.id/api/landmark/90943823/photo
90945477;HRAKSZ;RUMAH IBU ICOH;0013;RT 001 RW 004;3272040003;-6.9190553;106.9230905;5.951000213623;1;150;Batas Wilkerstat;15040;Batas SLS;2025-08-03 11:01:35;2025-08-03 11:01:53;Sugianti lestari ;https://wilkerstat.bps.go.id/api/landmark/90945477/photo
90946648;HRAMMA;RUMAH IBU ICOH;0013;RT 001 RW 004;3272040003;-6.9190553;106.9230905;5.951000213623;1;150;Batas Wilkerstat;15040;Batas SLS;2025-08-03 11:02:55;2025-08-03 11:03:00;Sugianti lestari ;https://wilkerstat.bps.go.id/api/landmark/90946648/photo
90950718;HRASMO;KONTRAKAN IBU UUM;0013;RT 001 RW 004;3272040003;-6.9184858;106.9233977;4.691999912262;1;150;Batas Wilkerstat;15040;Batas SLS;2025-08-03 11:06:53;2025-08-03 11:06:55;Sugianti lestari ;https://wilkerstat.bps.go.id/api/landmark/90950718/photo
90953326;HRAWIW;RUMA IBU UUM;0013;RT 001 RW 004;3272040003;-6.9183275;106.9237367;3.1059999465942;1;150;Batas Wilkerstat;15040;Batas SLS;2025-08-03 11:08:24;2025-08-03 11:09:08;Sugianti lestari ;https://wilkerstat.bps.go.id/api/landmark/90953326/photo
90237989;HPMEDX;PANGKALAN LPG SIAGA;0034;RT 001 RW 009;3272040003;-6.9177667;106.9243848;10.451999664307;1;150;Batas Wilkerstat;15040;Batas SLS;2025-08-02 09:05:47;2025-08-02 09:05:49;Fazar Nuraeni Susilawati;https://wilkerstat.bps.go.id/api/landmark/90237989/photo
90241863;HPMJWX;MESJID NURUL IMAN;0034;RT 001 RW 009;3272040003;-6.9180221;106.9239016;2.7569999694824;1;150;Batas Wilkerstat;15040;Batas SLS;2025-08-02 09:10:23;2025-08-02 09:10:24;Fazar Nuraeni Susilawati;https://wilkerstat.bps.go.id/api/landmark/90241863/photo
90243286;HPMLZQ;RUMAH BPK BANDI;0034;RT 001 RW 009;3272040003;-6.9181348;106.9236391;6.0929999351501;1;150;Batas Wilkerstat;15040;Batas SLS;2025-08-02 09:12:04;2025-08-02 09:12:06;Fazar Nuraeni Susilawati;https://wilkerstat.bps.go.id/api/landmark/90243286/photo
90245755;HPMPQP;RUMAH PAK GUNGUN;0034;RT 001 RW 009;3272040003;-6.9177813;106.9234147;4.0789999961853;1;150;Batas Wilkerstat;15040;Batas SLS;2025-08-02 09:15:38;2025-08-02 09:15:39;Fazar Nuraeni Susilawati;https://wilkerstat.bps.go.id/api/landmark/90245755/photo
90246783;HPMRED;RUMAH ALM SUJANA;0034;RT 001 RW 009;3272040003;-6.9176193;106.9234963;4.3229999542236;1;150;Batas Wilkerstat;15040;Batas SLS;2025-08-02 09:16:54;2025-08-02 09:16:56;Fazar Nuraeni Susilawati;https://wilkerstat.bps.go.id/api/landmark/90246783/photo
90249083;HPMUOP;KOSAN AL IHSAN;0034;RT 001 RW 009;3272040003;-6.9175779;106.9239517;5.4019999504089;1;150;Batas Wilkerstat;15040;Batas SLS;2025-08-02 09:19:27;2025-08-02 09:19:28;Fazar Nuraeni Susilawati;https://wilkerstat.bps.go.id/api/landmark/90249083/photo
90257022;HPNGHY;SUSUKAN CIBANDUNG;0035;RT 002 RW 009;3272040003;-6.9184853;106.9227852;2.0260000228882;1;150;Batas Wilkerstat;15040;Batas SLS;2025-08-02 09:28:25;2025-08-02 09:28:26;Fazar Nuraeni Susilawati;https://wilkerstat.bps.go.id/api/landmark/90257022/photo
90258829;HPNIZL;JEMBATAN KUNING;0035;RT 002 RW 009;3272040003;-6.9186907;106.9231022;4.2699999809265;1;150;Batas Wilkerstat;15040;Batas SLS;2025-08-02 09:30:28;2025-08-02 09:30:29;Fazar Nuraeni Susilawati;https://wilkerstat.bps.go.id/api/landmark/90258829/photo
90261822;HPNNKO;RUMAH PAK MIFTAH;0035;RT 002 RW 009;3272040003;-6.9181385;106.9234328;4.6139998435974;1;150;Batas Wilkerstat;15040;Batas SLS;2025-08-02 09:33:42;2025-08-02 09:33:43;Fazar Nuraeni Susilawati;https://wilkerstat.bps.go.id/api/landmark/90261822/photo
90264258;HPNRAG;RUMAH IBU YUYUN;0035;RT 002 RW 009;3272040003;-6.9185007853694;106.92293308675;4.3590002059937;1;150;Batas Wilkerstat;15040;Batas SLS;2025-08-02 09:36:21;2025-08-02 09:36:22;Fazar Nuraeni Susilawati;https://wilkerstat.bps.go.id/api/landmark/90264258/photo
90277935;HPOLGH;KONTRAKAN PAK ASEP;0036;RT 003 RW 009;3272040003;-6.9180368;106.9234132;9.7119998931885;1;150;Batas Wilkerstat;15040;Batas SLS;2025-08-02 09:50:25;2025-08-02 09:50:26;Fazar Nuraeni Susilawati;https://wilkerstat.bps.go.id/api/landmark/90277935/photo
90279454;HPONMS;RUMAH IBU NENENG;0036;RT 003 RW 009;3272040003;-6.9181129;106.923214;3.3499999046326;1;150;Batas Wilkerstat;15040;Batas SLS;2025-08-02 09:52:03;2025-08-02 09:52:04;Fazar Nuraeni Susilawati;https://wilkerstat.bps.go.id/api/landmark/90279454/photo
90281354;HPOQHU;RUMAH IBU AMAS;0036;RT 003 RW 009;3272040003;-6.9179695;106.9230332;11.732999801636;1;150;Batas Wilkerstat;15040;Batas SLS;2025-08-02 09:53:55;2025-08-02 09:53:56;Fazar Nuraeni Susilawati;https://wilkerstat.bps.go.id/api/landmark/90281354/photo
90955437;HRAZMB;RUMAH BPK USUP;0036;RT 003 RW 009;3272040003;-6.9175382;106.9230449;4.2480001449585;1;150;Batas Wilkerstat;15040;Batas SLS;2025-08-03 11:11:04;2025-08-03 11:11:05;Fazar Nuraeni Susilawati;https://wilkerstat.bps.go.id/api/landmark/90955437/photo
90297872;HPPOTC;RUMAH PAK EYE;0037;RT 004 RW 009;3272040003;-6.9175878;106.923505;3.8340001106262;1;150;Batas Wilkerstat;15040;Batas SLS;2025-08-02 10:10:20;2025-08-02 10:10:21;Fazar Nuraeni Susilawati;https://wilkerstat.bps.go.id/api/landmark/90297872/photo
90306192;HPQBBC;RUMAH IBU LANI;0037;RT 004 RW 009;3272040003;-6.9176896;106.9236971;4.3249998092651;1;150;Batas Wilkerstat;15040;Batas SLS;2025-08-02 10:18:01;2025-08-02 10:18:02;Fazar Nuraeni Susilawati;https://wilkerstat.bps.go.id/api/landmark/90306192/photo
90308782;HPQEWS;BIDAN LITA;0037;RT 004 RW 009;3272040003;-6.917429;106.9238144;4.4590001106262;1;150;Batas Wilkerstat;15040;Batas SLS;2025-08-02 10:20:22;2025-08-02 10:20:23;Fazar Nuraeni Susilawati;https://wilkerstat.bps.go.id/api/landmark/90308782/photo
90310734;HPQHTU;WARUNG PAK MAMAN;0037;RT 004 RW 009;3272040003;-6.9171261;106.9236468;4.811999797821;1;150;Batas Wilkerstat;15040;Batas SLS;2025-08-02 10:22:05;2025-08-02 10:22:06;Fazar Nuraeni Susilawati;https://wilkerstat.bps.go.id/api/landmark/90310734/photo
90313897;HPQMLL;MADRASAH ASIROJULMUNIR;0037;RT 004 RW 009;3272040003;-6.9171171;106.9234441;2.1879999637604;1;150;Batas Wilkerstat;15040;Batas SLS;2025-08-02 10:25:16;2025-08-02 10:25:17;Fazar Nuraeni Susilawati;https://wilkerstat.bps.go.id/api/landmark/90313897/photo
90317202;HPQRIO;SOLOKAN;0037;RT 004 RW 009;3272040003;-6.9173361;106.9226806;2.6819999217987;1;150;Batas Wilkerstat;15040;Batas SLS;2025-08-02 10:28:13;2025-08-02 10:28:14;Fazar Nuraeni Susilawati;https://wilkerstat.bps.go.id/api/landmark/90317202/photo
90320548;HPQWHG;RUMAH PAK ALI;0037;RT 004 RW 009;3272040003;-6.91672;106.9226995;2.7639999389648;1;150;Batas Wilkerstat;15040;Batas SLS;2025-08-02 10:31:11;2025-08-02 10:31:12;Fazar Nuraeni Susilawati;https://wilkerstat.bps.go.id/api/landmark/90320548/photo
90387028;HPUQQE;RUMAH SITI JENAB;0038;RT 005 RW 009;3272040003;-6.9171046;106.9232785;3.8840000629425;1;150;Batas Wilkerstat;15040;Batas SLS;2025-08-02 11:31:59;2025-08-02 11:32:00;Fazar Nuraeni Susilawati;https://wilkerstat.bps.go.id/api/landmark/90387028/photo
90390162;HPUVGS;RUMAH PAK NANANG;0038;RT 005 RW 009;3272040003;-6.9167493;106.9227809;5.4609999656677;1;150;Batas Wilkerstat;15040;Batas SLS;2025-08-02 11:34:56;2025-08-02 11:34:57;Fazar Nuraeni Susilawati;https://wilkerstat.bps.go.id/api/landmark/90390162/photo
90393115;HPUZQH;SOLOKAN MUSHOLA;0038;RT 005 RW 009;3272040003;-6.9161686;106.9234073;2.5999999046326;1;150;Batas Wilkerstat;15040;Batas SLS;2025-08-02 11:37:40;2025-08-02 11:37:42;Fazar Nuraeni Susilawati;https://wilkerstat.bps.go.id/api/landmark/90393115/photo
90405640;HPVSEA;JAMBATAN CIBANDUNG;0038;RT 005 RW 009;3272040003;-6.9173815;106.9245617;4.3769998550415;1;150;Batas Wilkerstat;15040;Batas SLS;2025-08-02 11:50:59;2025-08-02 11:51:00;Fazar Nuraeni Susilawati;https://wilkerstat.bps.go.id/api/landmark/90405640/photo
90828629;HQTTWV;KONTRAKAN IBU IIS;0039;RT 001 RW 010;3272040003;-6.9136869709359;106.92259278148;2.1440000534058;1;150;Batas Wilkerstat;15040;Batas SLS;2025-08-03 09:10:37;2025-08-03 09:10:38;Fazar Nuraeni Susilawati;https://wilkerstat.bps.go.id/api/landmark/90828629/photo
90962770;HRBKIC;WARUNG MPO;0039;RT 001 RW 010;3272040003;-6.9159268;106.9235583;1.5;1;150;Batas Wilkerstat;15040;Batas SLS;2025-08-03 11:17:43;2025-08-03 11:17:44;Fazar Nuraeni Susilawati;https://wilkerstat.bps.go.id/api/landmark/90962770/photo
90973129;HRBZQN;KOSAN TAMAN PURING;0039;RT 001 RW 010;3272040003;-6.9161152;106.9224684;4.0040001869202;1;150;Batas Wilkerstat;15040;Batas SLS;2025-08-03 11:27:32;2025-08-03 11:27:34;Fazar Nuraeni Susilawati;https://wilkerstat.bps.go.id/api/landmark/90973129/photo
90974665;HRCBXP;RUMAH ALM HJ SITI;0039;RT 001 RW 010;3272040003;-6.9154261;106.9227068;3.3780000209808;1;150;Batas Wilkerstat;15040;Batas SLS;2025-08-03 11:29:01;2025-08-03 11:29:02;Fazar Nuraeni Susilawati;https://wilkerstat.bps.go.id/api/landmark/90974665/photo
90611016;HQHJZC;KEBUN HJ UYUN;0044;RT 006 RW 010;3272040003;-6.9150763;106.9218182;5.3210000991821;1;150;Batas Wilkerstat;15040;Batas SLS;2025-08-02 15:58:19;2025-08-02 15:58:21;Fazar Nuraeni Susilawati;https://wilkerstat.bps.go.id/api/landmark/90611016/photo
90824328;HQTNNK;RUMAH IBU AYI;0044;RT 006 RW 010;3272040003;-6.9158258;106.9220026;2.6199998855591;1;150;Batas Wilkerstat;15040;Batas SLS;2025-08-03 09:05:07;2025-08-03 09:05:09;Fazar Nuraeni Susilawati;https://wilkerstat.bps.go.id/api/landmark/90824328/photo
90825626;HQTPLI;RUMAH IBU IKA;0044;RT 006 RW 010;3272040003;-6.9160894;106.9224262;2.2829999923706;1;150;Batas Wilkerstat;15040;Batas SLS;2025-08-03 09:07:03;2025-08-03 09:07:04;Fazar Nuraeni Susilawati;https://wilkerstat.bps.go.id/api/landmark/90825626/photo
90970724;HRBWCA;PEMANCINGAN;0044;RT 006 RW 010;3272040003;-6.9145513;106.9222981;2.2000000476837;1;150;Batas Wilkerstat;15040;Batas SLS;2025-08-03 11:25:11;2025-08-03 11:25:12;Fazar Nuraeni Susilawati;https://wilkerstat.bps.go.id/api/landmark/90970724/photo
90188539;HPJIZZ;BATAS SLS/ LAPANG GAJAH;0049;RT 001 RW 012;3272040003;-6.9200191;106.9205682;4.7109999656677;1;150;Batas Wilkerstat;15040;Batas SLS;2025-08-02 07:03:35;2025-08-02 07:03:35;Tri Nori Handayani;https://wilkerstat.bps.go.id/api/landmark/90188539/photo
90188813;HPJJKN;BATAS SLS /GG RAWASALAK;0049;RT 001 RW 012;3272040003;-6.9199237;106.9201001;4.9089999198914;1;150;Batas Wilkerstat;15040;Batas SLS;2025-08-02 07:05:36;2025-08-02 07:05:37;Tri Nori Handayani;https://wilkerstat.bps.go.id/api/landmark/90188813/photo
90259640;HPNKEQ;BATAS SLS / RUMAH BAPAK SUKARI;0049;RT 001 RW 012;3272040003;-6.9168589;106.920745;4.1779999732971;1;150;Batas Wilkerstat;15040;Batas SLS;2025-08-02 09:31:16;2025-08-02 09:31:17;Tri Nori Handayani;https://wilkerstat.bps.go.id/api/landmark/90259640/photo
91268819;HRSVBF;BATAS SLS;0049;RT 001 RW 012;3272040003;-6.9170934;106.9211566;4.6199998855591;1;150;Batas Wilkerstat;15040;Batas SLS;2025-08-03 17:14:34;2025-08-03 17:14:35;Tri Nori Handayani;https://wilkerstat.bps.go.id/api/landmark/91268819/photo
91355566;HRXTJQ;BATAS SLS / RUMAH BAPAK HENDRA;0023;RT 001 RW 006;3272040003;-6.9174100844273;106.92040678114;6.7170000076294;1;150;Batas Wilkerstat;15040;Batas SLS;2025-08-04 08:16:05;2025-08-04 08:16:06;Tri Nori Handayani;https://wilkerstat.bps.go.id/api/landmark/91355566/photo
91356354;HRXUNY;BATAS SLS / RUMAH IBU RIKA;0023;RT 001 RW 006;3272040003;-6.9173713;106.9200949;3.8550000190735;1;150;Batas Wilkerstat;15040;Batas SLS;2025-08-04 08:18:03;2025-08-04 08:18:03;Tri Nori Handayani;https://wilkerstat.bps.go.id/api/landmark/91356354/photo
91581321;HSKPIN;BATAS SLS;0023;RT 001 RW 006;3272040003;-6.9165294;106.9204377;5.7459998130798;1;150;Batas Wilkerstat;15040;Batas SLS;2025-08-04 12:54:05;2025-08-04 12:54:07;Tri Nori Handayani;https://wilkerstat.bps.go.id/api/landmark/91581321/photo
91582013;HSKQJD;BATAS SLS / KONTRAKAN;0023;RT 001 RW 006;3272040003;-6.9166114;106.9207245;4.9970002174377;1;150;Batas Wilkerstat;15040;Batas SLS;2025-08-04 12:55:15;2025-08-04 12:55:16;Tri Nori Handayani;https://wilkerstat.bps.go.id/api/landmark/91582013/photo
91562969;HSJOER;BATAS SLS / POSYANDU ASTER / IPAL;0024;RT 002 RW 006;3272040003;-6.9175298;106.9196295;5.0780000686646;1;150;Batas Wilkerstat;15040;Batas SLS;2025-08-04 12:25:36;2025-08-04 12:25:37;Tri Nori Handayani;https://wilkerstat.bps.go.id/api/landmark/91562969/photo
91566747;HSJTTZ;BATAS SLS / RUMAH BPK HERI;0024;RT 002 RW 006;3272040003;-6.9172464;106.9199301;4.1090002059937;1;150;Batas Wilkerstat;15040;Batas SLS;2025-08-04 12:31:15;2025-08-04 12:31:16;Tri Nori Handayani;https://wilkerstat.bps.go.id/api/landmark/91566747/photo
91568438;HSJWHA;BATAS SLS /RUMAH IBU TITOH;0024;RT 002 RW 006;3272040003;-6.9177019;106.9197056;6.3550000190735;1;150;Batas Wilkerstat;15040;Batas SLS;2025-08-04 12:33:47;2025-08-04 12:33:48;Tri Nori Handayani;https://wilkerstat.bps.go.id/api/landmark/91568438/photo
91579139;HSKMCP;BATAS SLS;0024;RT 002 RW 006;3272040003;-6.9161332;106.9201218;4.2810001373291;1;150;Batas Wilkerstat;15040;Batas SLS;2025-08-04 12:50:40;2025-08-04 12:50:41;Tri Nori Handayani;https://wilkerstat.bps.go.id/api/landmark/91579139/photo
91580737;HSKOMB;BATAS SLS;0024;RT 002 RW 006;3272040003;-6.9164922;106.9204074;8.25;1;150;Batas Wilkerstat;15040;Batas SLS;2025-08-04 12:53:11;2025-08-04 12:53:12;Tri Nori Handayani;https://wilkerstat.bps.go.id/api/landmark/91580737/photo
91546728;HSIQEA;BATAS SLS / RUMAH BPK H. REY;0025;RT 003 RW 006;3272040003;-6.9162081;106.9192439;4.2890000343323;1;150;Batas Wilkerstat;15040;Batas SLS;2025-08-04 12:02:58;2025-08-04 12:03:00;Tri Nori Handayani;https://wilkerstat.bps.go.id/api/landmark/91546728/photo
91555566;HSJDFY;BATAS SLS / ZTA CLINIC;0025;RT 003 RW 006;3272040003;-6.9179893;106.9190512;4.5939998626709;1;150;Batas Wilkerstat;15040;Batas SLS;2025-08-04 12:14:49;2025-08-04 12:14:50;Tri Nori Handayani;https://wilkerstat.bps.go.id/api/landmark/91555566/photo
91558462;HSJHNI;BATAS SLS;0025;RT 003 RW 006;3272040003;-6.9181597;106.9192728;3.7449998855591;1;150;Batas Wilkerstat;15040;Batas SLS;2025-08-04 12:19:00;2025-08-04 12:19:02;Tri Nori Handayani;https://wilkerstat.bps.go.id/api/landmark/91558462/photo
91560791;HSJKYX;BATAS SLS;0025;RT 003 RW 006;3272040003;-6.9177479;106.9196932;6.9800000190735;1;150;Batas Wilkerstat;15040;Batas SLS;2025-08-04 12:22:16;2025-08-04 12:22:17;Tri Nori Handayani;https://wilkerstat.bps.go.id/api/landmark/91560791/photo
90192289;HPJOOF;BATAS SLS / RUMAH IBU ESTER;0051;RT 003 RW 12;3272040003;-6.918438;106.9202047;7.4489998817444;1;150;Batas Wilkerstat;15040;Batas SLS;2025-08-02 07:25:43;2025-08-02 07:25:43;Tri Nori Handayani;https://wilkerstat.bps.go.id/api/landmark/90192289/photo
90192961;HPJPOB;BATAS SLS / RUMAH PAK ZAINAL;0051;RT 003 RW 12;3272040003;-6.9175447;106.9204976;4.0590000152588;1;150;Batas Wilkerstat;15040;Batas SLS;2025-08-02 07:29:04;2025-08-02 07:29:05;Tri Nori Handayani;https://wilkerstat.bps.go.id/api/landmark/90192961/photo
91557381;HSJFXT;BATAS SLS / RUMDIN PENGADILAN;0051;RT 003 RW 12;3272040003;-6.9181745;106.919326;4.4499998092651;1;150;Batas Wilkerstat;15040;Batas SLS;2025-08-04 12:17:23;2025-08-04 12:17:24;Tri Nori Handayani;https://wilkerstat.bps.go.id/api/landmark/91557381/photo
91565491;HSJRXR;BATAS SLS / WARUNG PAK HUDRI;0051;RT 003 RW 12;3272040003;-6.9172332;106.9199341;4.2249999046326;1;150;Batas Wilkerstat;15040;Batas SLS;2025-08-04 12:29:20;2025-08-04 12:29:21;Tri Nori Handayani;https://wilkerstat.bps.go.id/api/landmark/91565491/photo
91098152;HRJCPC;BATAS SLS;0056;RT 001 RW 014;3272040003;-6.9107762918692;106.92211434245;6.6479997634888;1;150;Batas Wilkerstat;15040;Batas SLS;2025-08-03 14:12:36;2025-08-03 14:12:38;Tri Nori Handayani;https://wilkerstat.bps.go.id/api/landmark/91098152/photo
91105004;HRJMSQ;BATAS SLS / RUMAH PAK TATANG;0056;RT 001 RW 014;3272040003;-6.9103096496016;106.92232355475;4.5419998168945;1;150;Batas Wilkerstat;15040;Batas SLS;2025-08-03 14:21:18;2025-08-03 14:21:19;Tri Nori Handayani;https://wilkerstat.bps.go.id/api/landmark/91105004/photo
91153549;HRMGNT;BATAS SLS/ RUMAH IBU DIOH;0056;RT 001 RW 014;3272040003;-6.9113667501126;106.92078497261;4.7649998664856;1;150;Batas Wilkerstat;15040;Batas SLS;2025-08-03 15:17:47;2025-08-03 15:17:49;Tri Nori Handayani;https://wilkerstat.bps.go.id/api/landmark/91153549/photo
91156478;HRMKWK;BATAS SLS;0056;RT 001 RW 014;3272040003;-6.9117578367618;106.92150212824;6.691999912262;1;150;Batas Wilkerstat;15040;Batas SLS;2025-08-03 15:20:56;2025-08-03 15:20:57;Tri Nori Handayani;https://wilkerstat.bps.go.id/api/landmark/91156478/photo
91068720;HRHLBC;BATAS SLS / BAPAK AGUS;0057;RT 002 RW 014;3272040003;-6.9128482179148;106.92091673613;4.566999912262;1;150;Batas Wilkerstat;15040;Batas SLS;2025-08-03 13:32:51;2025-08-03 13:32:52;Tri Nori Handayani;https://wilkerstat.bps.go.id/api/landmark/91068720/photo
91071137;HRHOQB;BATAS SLS / DTOP;0057;RT 002 RW 014;3272040003;-6.91266;106.9204551;4.3229999542236;1;150;Batas Wilkerstat;15040;Batas SLS;2025-08-03 13:36:30;2025-08-03 13:36:31;Tri Nori Handayani;https://wilkerstat.bps.go.id/api/landmark/91071137/photo
91158866;HRMOKG;BATAS SLS / CAR WASH;0057;RT 002 RW 014;3272040003;-6.9115253;106.9207721;4.7430000305176;1;150;Batas Wilkerstat;15040;Batas SLS;2025-08-03 15:23:36;2025-08-03 15:23:40;Tri Nori Handayani;https://wilkerstat.bps.go.id/api/landmark/91158866/photo
91163291;HRMUYL;BATAS SLS;0057;RT 002 RW 014;3272040003;-6.9117927849147;106.92160304636;4.6630001068115;1;150;Batas Wilkerstat;15040;Batas SLS;2025-08-03 15:28:23;2025-08-03 15:28:24;Tri Nori Handayani;https://wilkerstat.bps.go.id/api/landmark/91163291/photo
91056882;HRGTNU;BATAS SLS / GG BERINGIN;0058;RT 003 RW 014;3272040003;-6.9146014;106.9200217;3.8889999389648;1;150;Batas Wilkerstat;15040;Batas SLS;2025-08-03 13:16:20;2025-08-03 13:16:21;Tri Nori Handayani;https://wilkerstat.bps.go.id/api/landmark/91056882/photo
91061555;HRHALN;BATAS SLS / RUMAH MANIS HOTEL;0058;RT 003 RW 014;3272040003;-6.9127865;106.92044;4.3049998283386;1;150;Batas Wilkerstat;15040;Batas SLS;2025-08-03 13:23:04;2025-08-03 13:23:06;Tri Nori Handayani;https://wilkerstat.bps.go.id/api/landmark/91061555/photo
91064760;HRHFEU;BATAS SLS / BELAKANG RUMAH MANIS;0058;RT 003 RW 014;3272040003;-6.9129518;106.9208891;6.4759998321533;1;150;Batas Wilkerstat;15040;Batas SLS;2025-08-03 13:27:23;2025-08-03 13:27:24;Tri Nori Handayani;https://wilkerstat.bps.go.id/api/landmark/91064760/photo
91173316;HRNJUA;BATAS SLS / WARUNG UJANG;0058;RT 003 RW 014;3272040003;-6.9147014606958;106.92041650414;4.9739999771118;1;150;Batas Wilkerstat;15040;Batas SLS;2025-08-03 15:39:11;2025-08-03 15:39:12;Tri Nori Handayani;https://wilkerstat.bps.go.id/api/landmark/91173316/photo
91264623;HRSOVV;BATAS SLS / PONPES ITTIHADUL MUSLIMIN;0058;RT 003 RW 014;3272040003;-6.9153861069175;106.92032530904;4.311999797821;1;150;Batas Wilkerstat;15040;Batas SLS;2025-08-03 17:09:57;2025-08-03 17:09:59;Tri Nori Handayani;https://wilkerstat.bps.go.id/api/landmark/91264623/photo
90424705;HPWUJH;JEMBATAN CIBANDUNG;0005;RT 001 RW 002;3272040003;-6.91733;106.924775;3.3369998931885;1;150;Batas Wilkerstat;15040;Batas SLS;2025-08-02 12:13:47;2025-08-02 12:13:49;Rani virania sanusi;https://wilkerstat.bps.go.id/api/landmark/90424705/photo
90474153;HPZPND;RUMAH PAK RUSLI;0005;RT 001 RW 002;3272040003;-6.9166565;106.9260308;4.9260001182556;1;150;Batas Wilkerstat;15040;Batas SLS;2025-08-02 13:25:31;2025-08-02 13:25:33;Rani virania sanusi;https://wilkerstat.bps.go.id/api/landmark/90474153/photo
90477022;HPZTTM;TEMPAT SAMPAH;0005;RT 001 RW 002;3272040003;-6.9161725;106.9252663;4.0329999923706;1;150;Batas Wilkerstat;15040;Batas SLS;2025-08-02 13:29:34;2025-08-02 13:29:36;Rani virania sanusi;https://wilkerstat.bps.go.id/api/landmark/90477022/photo
90945631;HRAKYX;PANGKALAN OJEK SRIWIDARI;0005;RT 001 RW 002;3272040003;-6.9177124;106.9256419;3.2190001010895;1;150;Batas Wilkerstat;15040;Batas SLS;2025-08-03 11:01:59;2025-08-03 11:02:01;Rani virania sanusi;https://wilkerstat.bps.go.id/api/landmark/90945631/photo
90479889;HPZXZT;RUMAH PAK TJETJEP;0006;RT 002 RW 002;3272040003;-6.9158564053758;106.92539937794;2.7999999523163;1;150;Batas Wilkerstat;15040;Batas SLS;2025-08-02 13:33:49;2025-08-02 13:33:51;Rani virania sanusi;https://wilkerstat.bps.go.id/api/landmark/90479889/photo
90929276;HQZMTW;WARUNG BANG HENDRA;0006;RT 002 RW 002;3272040003;-6.9165736678695;106.92602131516;5.4120001792908;1;150;Batas Wilkerstat;15040;Batas SLS;2025-08-03 10:47:17;2025-08-03 10:47:18;Rani virania sanusi;https://wilkerstat.bps.go.id/api/landmark/90929276/photo
90930695;HQZOWL;RUMAH PAK SINDU;0006;RT 002 RW 002;3272040003;-6.916354661618;106.92614838481;1.9919999837875;1;150;Batas Wilkerstat;15040;Batas SLS;2025-08-03 10:48:36;2025-08-03 10:48:38;Rani virania sanusi;https://wilkerstat.bps.go.id/api/landmark/90930695/photo
90940244;HRACZS;RUMAH BU ISMA;0006;RT 002 RW 002;3272040003;-6.9161586209816;106.92530751228;1.8630000352859;1;150;Batas Wilkerstat;15040;Batas SLS;2025-08-03 10:57:08;2025-08-03 10:57:09;Rani virania sanusi;https://wilkerstat.bps.go.id/api/landmark/90940244/photo
91556643;HSJEVJ;LAPANGAN VOLI PATUGINO;0026;RT 001 RW 007;3272040003;-6.9161094;106.9199186;5.7439999580383;1;150;Batas Wilkerstat;15040;Batas SLS;2025-08-04 12:16:05;2025-08-04 12:16:15;Sugianti lestari ;https://wilkerstat.bps.go.id/api/landmark/91556643/photo
91558924;HSJIFC;RUMAH IBU ROSTINI;0026;RT 001 RW 007;3272040003;-6.9162984;106.9196585;4.2459998130798;1;150;Batas Wilkerstat;15040;Batas SLS;2025-08-04 12:19:19;2025-08-04 12:19:37;Sugianti lestari ;https://wilkerstat.bps.go.id/api/landmark/91558924/photo
91559413;HSJIXX;RUMAH IBU ROSTINI;0026;RT 001 RW 007;3272040003;-6.9162984;106.9196585;4.2459998130798;1;150;Batas Wilkerstat;15040;Batas SLS;2025-08-04 12:19:58;2025-08-04 12:20:20;Sugianti lestari ;https://wilkerstat.bps.go.id/api/landmark/91559413/photo
91559464;HSJIZW;RUMAH IBU ROSTINI;0026;RT 001 RW 007;3272040003;-6.9162984;106.9196585;4.2459998130798;1;150;Batas Wilkerstat;15040;Batas SLS;2025-08-04 12:19:43;2025-08-04 12:20:23;Sugianti lestari ;https://wilkerstat.bps.go.id/api/landmark/91559464/photo
91559840;HSJJOI;RUMAH IBU ROSTINI;0026;RT 001 RW 007;3272040003;-6.9162984;106.9196585;4.2459998130798;1;150;Batas Wilkerstat;15040;Batas SLS;2025-08-04 12:20:28;2025-08-04 12:20:53;Sugianti lestari ;https://wilkerstat.bps.go.id/api/landmark/91559840/photo
91560024;HSJJVK;RUMAH IBU ROSTINI;0026;RT 001 RW 007;3272040003;-6.9162984;106.9196585;4.2459998130798;1;150;Batas Wilkerstat;15040;Batas SLS;2025-08-04 12:21:07;2025-08-04 12:21:10;Sugianti lestari ;https://wilkerstat.bps.go.id/api/landmark/91560024/photo
91561454;HSJLYK;RUMAH BAPA YOSEP;0026;RT 001 RW 007;3272040003;-6.916183;106.9192997;3.8810000419617;1;150;Batas Wilkerstat;15040;Batas SLS;2025-08-04 12:23:19;2025-08-04 12:23:25;Sugianti lestari ;https://wilkerstat.bps.go.id/api/landmark/91561454/photo
91566354;HSJTEW;TOKO ROTI DAPUR MUNGIL;0026;RT 001 RW 007;3272040003;-6.9153006;106.9197455;19.006000518799;1;150;Batas Wilkerstat;15040;Batas SLS;2025-08-04 12:30:43;2025-08-04 12:30:44;Sugianti lestari ;https://wilkerstat.bps.go.id/api/landmark/91566354/photo
91570190;HSJYWK;RUMAH PA NANANG;0026;RT 001 RW 007;3272040003;-6.9160434;106.9200869;4.4169998168945;1;150;Batas Wilkerstat;15040;Batas SLS;2025-08-04 12:36:26;2025-08-04 12:36:29;Sugianti lestari ;https://wilkerstat.bps.go.id/api/landmark/91570190/photo
91534367;HSHXWP;RUMAH BP KURNIAWAN;0028;RT 003 RW 007;3272040003;-6.9145041;106.9210516;10.020000457764;1;150;Batas Wilkerstat;15040;Batas SLS;2025-08-04 11:48:56;2025-08-04 11:48:58;Sugianti lestari ;https://wilkerstat.bps.go.id/api/landmark/91534367/photo
91537259;HSICDV;RUMAH BAPA IWAN;0028;RT 003 RW 007;3272040003;-6.9144518;106.9208187;5.4479999542236;1;150;Batas Wilkerstat;15040;Batas SLS;2025-08-04 11:52:16;2025-08-04 11:52:17;Sugianti lestari ;https://wilkerstat.bps.go.id/api/landmark/91537259/photo
91540135;HSIGKL;RUMAH H MAMAT;0028;RT 003 RW 007;3272040003;-6.9151816;106.9207908;4.9270000457764;1;150;Batas Wilkerstat;15040;Batas SLS;2025-08-04 11:55:17;2025-08-04 11:55:24;Sugianti lestari ;https://wilkerstat.bps.go.id/api/landmark/91540135/photo
91544058;HSIMFI;RUMAH H MAMAT;0028;RT 003 RW 007;3272040003;-6.9151188;106.920648;3.8729999065399;1;150;Batas Wilkerstat;15040;Batas SLS;2025-08-04 11:59:30;2025-08-04 11:59:43;Sugianti lestari ;https://wilkerstat.bps.go.id/api/landmark/91544058/photo
91544132;HSIMIE;RUMAH H MAMAT;0028;RT 003 RW 007;3272040003;-6.9151188;106.920648;3.8729999065399;1;150;Batas Wilkerstat;15040;Batas SLS;2025-08-04 11:59:45;2025-08-04 11:59:49;Sugianti lestari ;https://wilkerstat.bps.go.id/api/landmark/91544132/photo
91547690;HSIRPA;RUMAH H DUDUH;0028;RT 003 RW 007;3272040003;-6.9162087;106.9202711;4.3299999237061;1;150;Batas Wilkerstat;15040;Batas SLS;2025-08-04 12:04:11;2025-08-04 12:04:17;Sugianti lestari ;https://wilkerstat.bps.go.id/api/landmark/91547690/photo
91548645;HSISZT;RUMAH BSPA UYUN;0028;RT 003 RW 007;3272040003;-6.915999;106.9201285;5.2760000228882;1;150;Batas Wilkerstat;15040;Batas SLS;2025-08-04 12:05:21;2025-08-04 12:05:27;Sugianti lestari ;https://wilkerstat.bps.go.id/api/landmark/91548645/photo
90189184;HPJJYU;BATAS SLS / ALFAMART;0050;RT 002 RW 012;3272040003;-6.9199311;106.9200838;4.4539999961853;1;150;Batas Wilkerstat;15040;Batas SLS;2025-08-02 07:08:13;2025-08-02 07:08:13;Tri Nori Handayani;https://wilkerstat.bps.go.id/api/landmark/90189184/photo
90189578;HPJKNY;BATAS SLS / TOKO HP;0050;RT 002 RW 012;3272040003;-6.9196766;106.919496;4.0079998970032;1;150;Batas Wilkerstat;15040;Batas SLS;2025-08-02 07:10:34;2025-08-02 07:10:35;Tri Nori Handayani;https://wilkerstat.bps.go.id/api/landmark/90189578/photo
90191164;HPJMWY;BATAS SLS / RUMAH IBU ETI;0050;RT 002 RW 012;3272040003;-6.9181426;106.9196125;4.6519999504089;1;150;Batas Wilkerstat;15040;Batas SLS;2025-08-02 07:19:49;2025-08-02 07:19:50;Tri Nori Handayani;https://wilkerstat.bps.go.id/api/landmark/90191164/photo
90191873;HPJNYF;BATAS SLS /RUMAH BPK JOHAN;0050;RT 002 RW 012;3272040003;-6.9184419;106.9201936;8.1879997253418;1;150;Batas Wilkerstat;15040;Batas SLS;2025-08-02 07:23:30;2025-08-02 07:23:31;Tri Nori Handayani;https://wilkerstat.bps.go.id/api/landmark/90191873/photo
90517449;HQCBOJ;RUMAH HIJAU;0007;RT 003 RW 002;3272040003;-6.9163524;106.9261971;4.8020000457764;1;150;Batas Wilkerstat;15040;Batas SLS;2025-08-02 14:19:56;2025-08-02 14:19:58;Rani virania sanusi;https://wilkerstat.bps.go.id/api/landmark/90517449/photo
90522634;HQCJFU;RUMAH PAK DICKI;0007;RT 003 RW 002;3272040003;-6.915844756092;106.92546240985;2.9400000572205;1;150;Batas Wilkerstat;15040;Batas SLS;2025-08-02 14:25:51;2025-08-02 14:25:52;Rani virania sanusi;https://wilkerstat.bps.go.id/api/landmark/90522634/photo
90916198;HQYTKW;RUMAH DAN PABRIK RYU;0007;RT 003 RW 002;3272040003;-6.9138379;106.9281287;3.2090001106262;1;150;Batas Wilkerstat;15040;Batas SLS;2025-08-03 10:35:37;2025-08-03 10:35:39;Rani virania sanusi;https://wilkerstat.bps.go.id/api/landmark/90916198/photo
90921147;HQZATF;MESJID MEGA BAROKAH;0007;RT 003 RW 002;3272040003;-6.9145328;106.9260344;2.1889998912811;1;150;Batas Wilkerstat;15040;Batas SLS;2025-08-03 10:40:18;2025-08-03 10:40:20;Rani virania sanusi;https://wilkerstat.bps.go.id/api/landmark/90921147/photo
90885305;HQWZSR;RUMAH PAK DADANG;0008;RT 004 RW 002;3272040003;-6.9130219;106.9285301;5.0869998931885;1;150;Batas Wilkerstat;15040;Batas SLS;2025-08-03 10:07:43;2025-08-03 10:07:44;Rani virania sanusi;https://wilkerstat.bps.go.id/api/landmark/90885305/photo
90903329;HQYAJX;ES KELAPA IJO;0008;RT 004 RW 002;3272040003;-6.9137285757097;106.92806247622;4.2709999084473;1;150;Batas Wilkerstat;15040;Batas SLS;2025-08-03 10:24:06;2025-08-03 10:24:08;Rani virania sanusi;https://wilkerstat.bps.go.id/api/landmark/90903329/photo
90912879;HQYONF;DJOGLO;0008;RT 004 RW 002;3272040003;-6.9133554639674;106.92792568356;4.9470000267029;1;150;Batas Wilkerstat;15040;Batas SLS;2025-08-03 10:32:31;2025-08-03 10:32:32;Rani virania sanusi;https://wilkerstat.bps.go.id/api/landmark/90912879/photo
91240102;HRREOS;SUNGAI CIBANDUNG;0008;RT 004 RW 002;3272040003;-6.9125719616335;106.92789115012;2.9579999446869;1;150;Batas Wilkerstat;15040;Batas SLS;2025-08-03 09:54:34;2025-08-03 16:45:48;Rani virania sanusi;https://wilkerstat.bps.go.id/api/landmark/91240102/photo
91234348;HRQWBK;RUMAH BU NENAH;0009;RT 005 RW 002;3272040003;-6.9125573167177;106.92807555199;4.8159999847412;1;150;Batas Wilkerstat;15040;Batas SLS;2025-08-03 09:50:53;2025-08-03 16:40:08;Rani virania sanusi;https://wilkerstat.bps.go.id/api/landmark/91234348/photo
91236461;HRQZER;WARUNG CEU ENTIN;0009;RT 005 RW 002;3272040003;-6.9129117901205;106.92865591496;4.853000164032;1;150;Batas Wilkerstat;15040;Batas SLS;2025-08-03 09:47:08;2025-08-03 16:42:28;Rani virania sanusi;https://wilkerstat.bps.go.id/api/landmark/91236461/photo
91238012;HRRBMI;RUMAH DEKAT JEMBATAN CIBANDUNG;0009;RT 005 RW 002;3272040003;-6.9119771779834;106.92855600268;3.3849999904633;1;150;Batas Wilkerstat;15040;Batas SLS;2025-08-03 09:43:07;2025-08-03 16:43:55;Rani virania sanusi;https://wilkerstat.bps.go.id/api/landmark/91238012/photo
91238433;HRRCCN;RUMAH PAK YUSUF;0009;RT 005 RW 002;3272040003;-6.9121567;106.929045;4;1;150;Batas Wilkerstat;15040;Batas SLS;2025-08-03 09:37:12;2025-08-03 16:44:22;Rani virania sanusi;https://wilkerstat.bps.go.id/api/landmark/91238433/photo
90929830;HQZNPE;GOR TENIS MEJA;0010;RT 004 RW 003;3272040004;-6.9062561;106.9201718;2.6849999427795;1;150;Batas Wilkerstat;15040;Batas SLS;2025-08-03 10:47:50;2025-08-03 10:47:52;Risna Marliana ;https://wilkerstat.bps.go.id/api/landmark/90929830/photo
90935303;HQZVRR;SAWAH BPK ERIS;0010;RT 004 RW 003;3272040004;-6.9054183;106.9201333;1.2999999523163;1;150;Batas Wilkerstat;15040;Batas SLS;2025-08-03 10:52:34;2025-08-03 10:52:37;Risna Marliana ;https://wilkerstat.bps.go.id/api/landmark/90935303/photo
90950599;HRASHZ;RUMAH BAPAK YUSUP;0010;RT 004 RW 003;3272040004;-6.905965;106.92271;1.2999999523163;1;150;Batas Wilkerstat;15040;Batas SLS;2025-08-03 11:06:48;2025-08-03 11:06:50;Risna Marliana ;https://wilkerstat.bps.go.id/api/landmark/90950599/photo
90956860;HRBBOU;RUMAH IBU TETY;0010;RT 004 RW 003;3272040004;-6.90711;106.92212;2.2309999465942;1;150;Batas Wilkerstat;15040;Batas SLS;2025-08-03 11:12:29;2025-08-03 11:12:31;Risna Marliana ;https://wilkerstat.bps.go.id/api/landmark/90956860/photo
91002471;HRDRBB;RUMAH BAPAK DENI;0028;RT 001 RW 008;3272040004;-6.9074692;106.9277094;4.5250000953674;1;150;Batas Wilkerstat;15040;Batas SLS;2025-08-03 11:57:50;2025-08-03 11:57:51;Risna Marliana ;https://wilkerstat.bps.go.id/api/landmark/91002471/photo
91007229;HRDYCB;RUMAH BPK ANDI;0028;RT 001 RW 008;3272040004;-6.9066871;106.9280445;3.3949999809265;1;150;Batas Wilkerstat;15040;Batas SLS;2025-08-03 12:03:44;2025-08-03 12:03:46;Risna Marliana ;https://wilkerstat.bps.go.id/api/landmark/91007229/photo
91008725;HREAHP;RUMAH BAPAK ANDRI;0028;RT 001 RW 008;3272040004;-6.9067239;106.9282012;4.1560001373291;1;150;Batas Wilkerstat;15040;Batas SLS;2025-08-03 12:05:36;2025-08-03 12:05:38;Risna Marliana ;https://wilkerstat.bps.go.id/api/landmark/91008725/photo
91013439;HREHGX;RUMAH BAPAK JUWAENI;0028;RT 001 RW 008;3272040004;-6.9077492;106.9284501;4.6079998016357;1;150;Batas Wilkerstat;15040;Batas SLS;2025-08-03 12:11:39;2025-08-03 12:11:41;Risna Marliana ;https://wilkerstat.bps.go.id/api/landmark/91013439/photo
90980072;HRCJXO;RUMAH IBU EEN;0029;RT 002 RW 008;3272040004;-6.90862;106.92836;1.2999999523163;1;150;Batas Wilkerstat;15040;Batas SLS;2025-08-03 11:34:10;2025-08-03 11:34:11;Risna Marliana ;https://wilkerstat.bps.go.id/api/landmark/90980072/photo
90983702;HRCPHE;KEBUN PAK CECEP;0029;RT 002 RW 008;3272040004;-6.9085939;106.9279598;3.3099999427795;1;150;Batas Wilkerstat;15040;Batas SLS;2025-08-03 11:37:37;2025-08-03 11:37:40;Risna Marliana ;https://wilkerstat.bps.go.id/api/landmark/90983702/photo
90997150;HRDJEK;MAJLIS TAKLIM AISYAH NURHALIMAJ;0029;RT 002 RW 008;3272040004;-6.9078504;106.9276409;3.9930000305176;1;150;Batas Wilkerstat;15040;Batas SLS;2025-08-03 11:51:53;2025-08-03 11:51:54;Risna Marliana ;https://wilkerstat.bps.go.id/api/landmark/90997150/photo
90999967;HRDNIT;RUMAH BAPAK ARIPIN;0029;RT 002 RW 008;3272040004;-6.90769;106.9278217;1.7999999523163;1;150;Batas Wilkerstat;15040;Batas SLS;2025-08-03 11:54:54;2025-08-03 11:54:56;Risna Marliana ;https://wilkerstat.bps.go.id/api/landmark/90999967/photo
91014817;HREJHX;RUMAH BPK TATANG;0029;RT 002 RW 008;3272040004;-6.9077517;106.928251;4.9130001068115;1;150;Batas Wilkerstat;15040;Batas SLS;2025-08-03 12:13:38;2025-08-03 12:13:40;Risna Marliana ;https://wilkerstat.bps.go.id/api/landmark/91014817/photo
90233698;HPLXUW;RUMAH SISWADI TOLE;0001;RT 001 RW 001;3272040004;-6.9106325048573;106.91963329911;3.819000005722;1;150;Batas Wilkerstat;15040;Batas SLS;2025-08-02 08:59:47;2025-08-02 08:59:50;yati murniati;https://wilkerstat.bps.go.id/api/landmark/90233698/photo
90237824;HPMDXO;MADRASAH SYAFAATUL IKHWAN;0001;RT 001 RW 001;3272040004;-6.9100234066132;106.92019321024;4.0110001564026;1;150;Batas Wilkerstat;15040;Batas SLS;2025-08-02 09:05:30;2025-08-02 09:05:32;yati murniati;https://wilkerstat.bps.go.id/api/landmark/90237824/photo
90242803;HPMLHB;RUMAH RITA;0001;RT 001 RW 001;3272040004;-6.9110395684375;106.92079033703;4.7389998435974;1;150;Batas Wilkerstat;15040;Batas SLS;2025-08-02 09:11:32;2025-08-02 09:11:34;yati murniati;https://wilkerstat.bps.go.id/api/landmark/90242803/photo
90245783;HPMPRR;RUMAH ELLIYANI;0001;RT 001 RW 001;3272040004;-6.9105066911859;106.92119132727;4.4990000724792;1;150;Batas Wilkerstat;15040;Batas SLS;2025-08-02 09:15:38;2025-08-02 09:15:41;yati murniati;https://wilkerstat.bps.go.id/api/landmark/90245783/photo
90585337;HQFXZL;ZAHIRAH LAUNDRY;0002;RT 002 RW 001;3272040004;-6.9091916367599;106.92164126784;4.6110000610352;1;150;Batas Wilkerstat;15040;Batas SLS;2025-08-02 15:32:04;2025-08-02 15:32:07;yati murniati;https://wilkerstat.bps.go.id/api/landmark/90585337/photo
90597444;HQGPXC;RUKO SOL SEPATU;0002;RT 002 RW 001;3272040004;-6.9096715937726;106.92159868777;7.6799998283386;1;150;Batas Wilkerstat;15040;Batas SLS;2025-08-02 15:44:39;2025-08-02 15:44:41;yati murniati;https://wilkerstat.bps.go.id/api/landmark/90597444/photo
90616298;HQHRUG;RUMAH INES;0002;RT 002 RW 001;3272040004;-6.9103649011352;106.92102972418;4.7800002098083;1;150;Batas Wilkerstat;15040;Batas SLS;2025-08-02 16:03:10;2025-08-02 16:03:12;yati murniati;https://wilkerstat.bps.go.id/api/landmark/90616298/photo
90626767;HQIHGX;RUMAH ETI SUPRIATI;0002;RT 002 RW 001;3272040004;-6.9101538801829;106.92064415663;4.2069997787476;1;150;Batas Wilkerstat;15040;Batas SLS;2025-08-02 16:13:00;2025-08-02 16:13:03;yati murniati;https://wilkerstat.bps.go.id/api/landmark/90626767/photo
90287424;HPOZHG;FRESH HOTEL;0003;RT 003 RW 001;3272040004;-6.9105401;106.9214053;3.7960000038147;1;150;Batas Wilkerstat;15040;Batas SLS;2025-08-02 10:00:04;2025-08-02 10:00:06;yati murniati;https://wilkerstat.bps.go.id/api/landmark/90287424/photo
90290725;HPPEEF;FRESH HOTEL;0003;RT 003 RW 001;3272040004;-6.9105302;106.9213941;4.6339998245239;1;150;Batas Wilkerstat;15040;Batas SLS;2025-08-02 10:03:18;2025-08-02 10:03:20;yati murniati;https://wilkerstat.bps.go.id/api/landmark/90290725/photo
90602823;HQGXVZ;RUMAH CUCU;0003;RT 003 RW 001;3272040004;-6.9097308394727;106.92159567028;4.3699998855591;1;150;Batas Wilkerstat;15040;Batas SLS;2025-08-02 15:50:09;2025-08-02 15:50:12;yati murniati;https://wilkerstat.bps.go.id/api/landmark/90602823/photo
90607696;HQHFBK;OPTIK 99K;0003;RT 003 RW 001;3272040004;-6.9101568757491;106.92181125283;5.1079998016357;1;150;Batas Wilkerstat;15040;Batas SLS;2025-08-02 15:54:57;2025-08-02 15:55:00;yati murniati;https://wilkerstat.bps.go.id/api/landmark/90607696/photo
90611699;HQHKZJ;FRESH HOTEL;0003;RT 003 RW 001;3272040004;-6.9103788804378;106.92135561258;4.0910000801086;1;150;Batas Wilkerstat;15040;Batas SLS;2025-08-02 15:58:52;2025-08-02 15:58:55;yati murniati;https://wilkerstat.bps.go.id/api/landmark/90611699/photo
90619626;HQHWSG;RUMAH WITA;0003;RT 003 RW 001;3272040004;-6.9101265872452;106.92113533616;3;1;150;Batas Wilkerstat;15040;Batas SLS;2025-08-02 16:06:12;2025-08-02 16:06:14;yati murniati;https://wilkerstat.bps.go.id/api/landmark/90619626/photo
90385384;HPUOEY;RUMAH HJ CUCUN;0004;RT 001 RW 002;3272040004;-6.9084610493873;106.92240837961;2.7999999523163;1;150;Batas Wilkerstat;15040;Batas SLS;2025-08-02 11:30:24;2025-08-02 11:30:26;Rina Rahmawati Fauzi;https://wilkerstat.bps.go.id/api/landmark/90385384/photo
90387996;HPUSBK;RUMAH SUPARDI;0004;RT 001 RW 002;3272040004;-6.9090894544481;106.92225985229;4.4000000953674;1;150;Batas Wilkerstat;15040;Batas SLS;2025-08-02 11:32:50;2025-08-02 11:32:52;Rina Rahmawati Fauzi;https://wilkerstat.bps.go.id/api/landmark/90387996/photo
90394297;HPVBJT;RUMAH BANG ENGHONG;0004;RT 001 RW 002;3272040004;-6.910006098892;106.92232221365;2;1;150;Batas Wilkerstat;15040;Batas SLS;2025-08-02 11:38:56;2025-08-02 11:38:59;Rina Rahmawati Fauzi;https://wilkerstat.bps.go.id/api/landmark/90394297/photo
90396173;HPVEDX;WARUNG SEMBAKO PORKOT;0004;RT 001 RW 002;3272040004;-6.9101235916788;106.92198056728;1.8999999761581;1;150;Batas Wilkerstat;15040;Batas SLS;2025-08-02 11:40:47;2025-08-02 11:40:49;Rina Rahmawati Fauzi;https://wilkerstat.bps.go.id/api/landmark/90396173/photo
90398712;HPVHXO;RO CAFE;0004;RT 001 RW 002;3272040004;-6.909123404274;106.92182164639;2.7999999523163;1;150;Batas Wilkerstat;15040;Batas SLS;2025-08-02 11:43:48;2025-08-02 11:43:50;Rina Rahmawati Fauzi;https://wilkerstat.bps.go.id/api/landmark/90398712/photo
90513133;HQBVEJ;KEBUN BAYAM PAK ASEP;0015;RT 005 RW 004;3272040004;-6.9087153;106.9173096;2;1;150;Batas Wilkerstat;15040;Batas SLS;2025-08-02 14:14:59;2025-08-02 14:15:01;Rina Rahmawati Fauzi;https://wilkerstat.bps.go.id/api/landmark/90513133/photo
90516843;HQCARB;SAWAH H ENDANG;0015;RT 005 RW 004;3272040004;-6.9094765488872;106.9172333926;2.0999999046326;1;150;Batas Wilkerstat;15040;Batas SLS;2025-08-02 14:19:06;2025-08-02 14:19:10;Rina Rahmawati Fauzi;https://wilkerstat.bps.go.id/api/landmark/90516843/photo
90545029;HQDQJD;RUMAH PAK JONI;0015;RT 005 RW 004;3272040004;-6.9095078359562;106.91868145019;9.0209999084473;1;150;Batas Wilkerstat;15040;Batas SLS;2025-08-02 14:50:18;2025-08-02 14:50:20;Rina Rahmawati Fauzi;https://wilkerstat.bps.go.id/api/landmark/90545029/photo
90547669;HQDUGR;LAPANG FUTSAL;0015;RT 005 RW 004;3272040004;-6.9082991;106.9194263;2.0999999046326;1;150;Batas Wilkerstat;15040;Batas SLS;2025-08-02 14:53:21;2025-08-02 14:53:23;Rina Rahmawati Fauzi;https://wilkerstat.bps.go.id/api/landmark/90547669/photo
90549540;HQDXAQ;RUMAH PAK IKBAL;0015;RT 005 RW 004;3272040004;-6.9081142;106.9182351;2.4000000953674;1;150;Batas Wilkerstat;15040;Batas SLS;2025-08-02 14:55:02;2025-08-02 14:55:05;Rina Rahmawati Fauzi;https://wilkerstat.bps.go.id/api/landmark/90549540/photo
90553098;HQECHM;UNLIP PGRI;0015;RT 005 RW 004;3272040004;-6.9081066;106.9180246;2.5;1;150;Batas Wilkerstat;15040;Batas SLS;2025-08-02 14:58:52;2025-08-02 14:58:54;Rina Rahmawati Fauzi;https://wilkerstat.bps.go.id/api/landmark/90553098/photo
90568275;HQEYTF;RUMAH PAK RIDWAN;0015;RT 005 RW 004;3272040004;-6.907322063086;106.91877298057;2;1;150;Batas Wilkerstat;15040;Batas SLS;2025-08-02 15:14:42;2025-08-02 15:14:45;Rina Rahmawati Fauzi;https://wilkerstat.bps.go.id/api/landmark/90568275/photo
90959331;HRBFFV;RUMAH BU YULI;0013;RT 003 RW 004;3272040004;-6.9083192;106.9162817;8;1;150;Batas Wilkerstat;15040;Batas SLS;2025-08-03 11:14:37;2025-08-03 11:14:38;Rina Rahmawati Fauzi;https://wilkerstat.bps.go.id/api/landmark/90959331/photo
91087399;HRIMRN;RIDHO COLLECTION;0013;RT 003 RW 004;3272040004;-6.9080286;106.9177404;2.2000000476837;1;150;Batas Wilkerstat;15040;Batas SLS;2025-08-03 13:58:51;2025-08-03 13:58:54;Rina Rahmawati Fauzi;https://wilkerstat.bps.go.id/api/landmark/91087399/photo
91133041;HRLCEZ;BATAS RT 003 DAN RT 004;0013;RT 003 RW 004;3272040004;-6.9078671;106.9169435;2;1;150;Batas Wilkerstat;15040;Batas SLS;2025-08-03 14:54:57;2025-08-03 14:54:59;Rina Rahmawati Fauzi;https://wilkerstat.bps.go.id/api/landmark/91133041/photo
91154749;HRMIHX;RUMAH PAK DUDIH;0013;RT 003 RW 004;3272040004;-6.9065368;106.9172866;2.5999999046326;1;150;Batas Wilkerstat;15040;Batas SLS;2025-08-03 15:19:01;2025-08-03 15:19:03;Rina Rahmawati Fauzi;https://wilkerstat.bps.go.id/api/landmark/91154749/photo
91161121;HRMRSZ;RUMAH PAK RUDI;0013;RT 003 RW 004;3272040004;-6.90568;106.918272;4.5;1;150;Batas Wilkerstat;15040;Batas SLS;2025-08-03 15:26:06;2025-08-03 15:26:09;Rina Rahmawati Fauzi;https://wilkerstat.bps.go.id/api/landmark/91161121/photo
91170183;HRNFDN;SMAN 2 KOTA SUKABUMI;0013;RT 003 RW 004;3272040004;-6.9056226;106.9171143;1.8999999761581;1;150;Batas Wilkerstat;15040;Batas SLS;2025-08-03 15:35:45;2025-08-03 15:35:47;Rina Rahmawati Fauzi;https://wilkerstat.bps.go.id/api/landmark/91170183/photo
90985591;HRCSBV;CIPELANG GEDE;0014;RT 004 RW 004;3272040004;-6.9090475;106.9153698;1.75;1;150;Batas Wilkerstat;15040;Batas SLS;2025-08-03 11:39:32;2025-08-03 11:39:35;Rina Rahmawati Fauzi;https://wilkerstat.bps.go.id/api/landmark/90985591/photo
91007168;HRDXZS;BATAS SMAN2;0014;RT 004 RW 004;3272040004;-6.9068649;106.9157434;2;1;150;Batas Wilkerstat;15040;Batas SLS;2025-08-03 12:03:40;2025-08-03 12:03:43;Rina Rahmawati Fauzi;https://wilkerstat.bps.go.id/api/landmark/91007168/photo
91134641;HRLEON;BATAS RT 003 DAN RT 004;0014;RT 004 RW 004;3272040004;-6.9078623;106.9169555;2;1;150;Batas Wilkerstat;15040;Batas SLS;2025-08-03 14:56:50;2025-08-03 14:56:52;Rina Rahmawati Fauzi;https://wilkerstat.bps.go.id/api/landmark/91134641/photo
91152848;HRMFMU;RUMAH PAK BENI;0014;RT 004 RW 004;3272040004;-6.9065648;106.9172225;2;1;150;Batas Wilkerstat;15040;Batas SLS;2025-08-03 15:16:59;2025-08-03 15:17:02;Rina Rahmawati Fauzi;https://wilkerstat.bps.go.id/api/landmark/91152848/photo
91603094;HSLVNY;RUMAH IBU SINAR;0011;RT 001 RW 004;3272040004;-6.905655;106.9180717;11;1;150;Batas Wilkerstat;15040;Batas SLS;2025-08-04 13:26:00;2025-08-04 13:26:02;Rina Rahmawati Fauzi;https://wilkerstat.bps.go.id/api/landmark/91603094/photo
91199545;HROWOV;RUMAH BABEH SYARIEF;0017;RT 001 RW 006;3272050001;-6.9192062;106.9302795;2.1619999408722;1;150;Batas Wilkerstat;15040;Batas SLS;2025-08-03 16:06:08;2025-08-03 16:06:12;Indah Widya Puspita;https://wilkerstat.bps.go.id/api/landmark/91199545/photo
91206086;HRPGGK;JL. IR H JUANDA DEPAN GG. AJID III;0017;RT 001 RW 006;3272050001;-6.919431;106.9312463;3.5789999961853;1;150;Batas Wilkerstat;15040;Batas SLS;2025-08-03 16:12:44;2025-08-03 16:12:45;Indah Widya Puspita;https://wilkerstat.bps.go.id/api/landmark/91206086/photo
90157383;HPHOXR;JLN. R SYAMSUDIN SH DEPAN GG. AJID I;0018;RT 002 RW 006;3272050001;-6.9176976542825;106.93001747131;1.6160000562668;1;150;Batas Wilkerstat;15040;Batas SLS;2025-08-01 17:31:25;2025-08-01 17:31:26;Indah Widya Puspita;https://wilkerstat.bps.go.id/api/landmark/90157383/photo
90268384;HPNXCY;GG AJID I RUMAH REZA AMSOR;0018;RT 002 RW 006;3272050001;-6.9189212;106.9297199;4.3000001907349;1;150;Batas Wilkerstat;15040;Batas SLS;2025-08-02 09:40:26;2025-08-02 09:40:28;Indah Widya Puspita;https://wilkerstat.bps.go.id/api/landmark/90268384/photo
90377462;HPUCMG;GG KECIL SEBELAH CI KIKIM;0018;RT 002 RW 006;3272050001;-6.9190835787675;106.93003021181;4.228000164032;1;150;Batas Wilkerstat;15040;Batas SLS;2025-08-02 11:22:49;2025-08-02 11:22:51;Indah Widya Puspita;https://wilkerstat.bps.go.id/api/landmark/90377462/photo
91219667;HRQAIT;GG KECIL SEBELAH LIKE EARTH COFFEE;0018;RT 002 RW 006;3272050001;-6.9178148123214;106.93046472967;4.8940000534058;1;150;Batas Wilkerstat;15040;Batas SLS;2025-08-03 16:25:57;2025-08-03 16:25:59;Indah Widya Puspita;https://wilkerstat.bps.go.id/api/landmark/91219667/photo
90379435;HPUFKD;GG KECIL SEBELAH MIE AYAM JAMUR;0019;RT 003 RW 006;3272050001;-6.9190855757739;106.93003188819;4.3249998092651;1;150;Batas Wilkerstat;15040;Batas SLS;2025-08-02 11:24:36;2025-08-02 11:24:38;Indah Widya Puspita;https://wilkerstat.bps.go.id/api/landmark/90379435/photo
91201860;HROZZW;GG AJID II PERTIGAAN;0019;RT 003 RW 006;3272050001;-6.9192779540184;106.93068467081;4.4879999160767;1;150;Batas Wilkerstat;15040;Batas SLS;2025-08-03 16:08:31;2025-08-03 16:08:33;Indah Widya Puspita;https://wilkerstat.bps.go.id/api/landmark/91201860/photo
91215004;HRPTLK;JL R SYAMSUDIN SH DEPAN RUMAH DINAS BNI;0019;RT 003 RW 006;3272050001;-6.9180344835661;106.93110175431;4.6979999542236;1;150;Batas Wilkerstat;15040;Batas SLS;2025-08-03 16:21:30;2025-08-03 16:21:32;Indah Widya Puspita;https://wilkerstat.bps.go.id/api/landmark/91215004/photo
91218171;HRPYDF;JL SYAMSUDIN SH GG KECIL SAMPING SIOMAY CRUNCHY;0019;RT 003 RW 006;3272050001;-6.9178131481449;106.93046640605;4.5659999847412;1;150;Batas Wilkerstat;15040;Batas SLS;2025-08-03 16:24:35;2025-08-03 16:24:37;Indah Widya Puspita;https://wilkerstat.bps.go.id/api/landmark/91218171/photo
91202884;HRPBNG;GG AJID III SEBELAH RUMAH PAK NOVEL;0020;RT 004 RW 006;3272050001;-6.9192575;106.9306923;4.8689999580383;1;150;Batas Wilkerstat;15040;Batas SLS;2025-08-03 16:09:31;2025-08-03 16:09:33;Indah Widya Puspita;https://wilkerstat.bps.go.id/api/landmark/91202884/photo
91204792;HRPEIQ;JL. IR H JUANDA DEPAN GG AJID III;0020;RT 004 RW 006;3272050001;-6.919474326194;106.93128246814;4.3920001983643;1;150;Batas Wilkerstat;15040;Batas SLS;2025-08-03 16:11:25;2025-08-03 16:11:26;Indah Widya Puspita;https://wilkerstat.bps.go.id/api/landmark/91204792/photo
91210865;HRPNIF;JL. R SYANSUDIN SH DEPAN RUMAH LYDIA;0020;RT 004 RW 006;3272050001;-6.9181909160568;106.93156410009;4.8769998550415;1;150;Batas Wilkerstat;15040;Batas SLS;2025-08-03 16:17:29;2025-08-03 16:17:30;Indah Widya Puspita;https://wilkerstat.bps.go.id/api/landmark/91210865/photo
91212277;HRPPKN;JL R SYAMSUDIN SH DEPAN GG AJID II;0020;RT 004 RW 006;3272050001;-6.9180311552146;106.93109773099;3.4349999427795;1;150;Batas Wilkerstat;15040;Batas SLS;2025-08-03 16:18:51;2025-08-03 16:18:53;Indah Widya Puspita;https://wilkerstat.bps.go.id/api/landmark/91212277/photo
91534696;HSHYJG;BUNDARAN ADIPURA;0003;RT 003 RW 001;3272050001;-6.9194703321845;106.92741204053;2.7599999904633;1;150;Batas Wilkerstat;15040;Batas SLS;2025-08-04 11:49:14;2025-08-04 11:49:15;Indah Widya Puspita;https://wilkerstat.bps.go.id/api/landmark/91534696/photo
91740922;HSTRLA;JLN CIWANGI DEPAN JLN MAYAWATI ATAS;0003;RT 003 RW 001;3272050001;-6.920903;106.9280321;4.5120000839233;1;150;Batas Wilkerstat;15040;Batas SLS;2025-08-04 15:45:19;2025-08-04 15:45:20;Indah Widya Puspita;https://wilkerstat.bps.go.id/api/landmark/91740922/photo
91745804;HSTYQU;JLN MAYAWATI ATAS DEPAN DINAS PENANAMAN MODAL;0003;RT 003 RW 001;3272050001;-6.9209898;106.9272965;4.0130000114441;1;150;Batas Wilkerstat;15040;Batas SLS;2025-08-04 15:49:37;2025-08-04 15:49:38;Indah Widya Puspita;https://wilkerstat.bps.go.id/api/landmark/91745804/photo
91751229;HSUGRL;JLN MAYAWATI ATAS SEBELAH AYAM GORENG BOGOR;0003;RT 003 RW 001;3272050001;-6.9204423;106.9266715;4.188000202179;1;150;Batas Wilkerstat;15040;Batas SLS;2025-08-04 15:54:12;2025-08-04 15:54:13;Indah Widya Puspita;https://wilkerstat.bps.go.id/api/landmark/91751229/photo
90084445;HPDLAJ;JALAN MESJID DEPAN GG KAUM VI;0011;RT 002 RW 004;3272050001;-6.9198617449587;106.92528706044;2.6210000514984;1;150;Batas Wilkerstat;15040;Batas SLS;2025-08-01 15:39:37;2025-08-01 15:39:38;Indah Widya Puspita;https://wilkerstat.bps.go.id/api/landmark/90084445/photo
90087333;HPDPHL;RUMAH NO. 14 A;0011;RT 002 RW 004;3272050001;-6.920168617672;106.92495781928;2.0999999046326;1;150;Batas Wilkerstat;15040;Batas SLS;2025-08-01 15:43:56;2025-08-01 15:44:02;Indah Widya Puspita;https://wilkerstat.bps.go.id/api/landmark/90087333/photo
90089090;HPDRXA;WARUNG NASI PURWADI TINUS;0011;RT 002 RW 004;3272050001;-6.9198976910135;106.92439321429;4.9990000724792;1;150;Batas Wilkerstat;15040;Batas SLS;2025-08-01 15:46:49;2025-08-01 15:46:51;Indah Widya Puspita;https://wilkerstat.bps.go.id/api/landmark/90089090/photo
90090595;HPDUCX;JLN. VETERAN II DEPAN GG KAUM IV;0011;RT 002 RW 004;3272050001;-6.9195738435875;106.9244197011;4.4130001068115;1;150;Batas Wilkerstat;15040;Batas SLS;2025-08-01 15:49:02;2025-08-01 15:49:03;Indah Widya Puspita;https://wilkerstat.bps.go.id/api/landmark/90090595/photo
90094661;HPEADH;MONUMEN PEMUDA;0011;RT 002 RW 004;3272050001;-6.9183463499909;106.92624662071;3.7730000019073;1;150;Batas Wilkerstat;15040;Batas SLS;2025-08-01 15:55:15;2025-08-01 15:55:16;Indah Widya Puspita;https://wilkerstat.bps.go.id/api/landmark/90094661/photo
91716775;HSSHSH;ALUN-ALUN KOTA SUKABUMI;0012;RT 003 RW 004;3272050001;-6.9219662;106.9259964;1.9329999685287;1;150;Batas Wilkerstat;15040;Batas SLS;2025-08-04 15:23:48;2025-08-04 15:23:49;Indah Widya Puspita;https://wilkerstat.bps.go.id/api/landmark/91716775/photo
90522884;HQCJPK;BATAS 1;0022;RT 002 RW 007;3272050001;-6.9223093987728;106.92905891687;1.2999999523163;1;150;Batas Wilkerstat;15040;Batas SLS;2025-08-02 14:25:29;2025-08-02 14:26:13;Teguh wiguna;https://wilkerstat.bps.go.id/api/landmark/90522884/photo
90533803;HQCZTJ;BATAS 2 TOKO BUCCHERI;0022;RT 002 RW 007;3272050001;-6.9221726047484;106.92778520286;4.625;1;150;Batas Wilkerstat;15040;Batas SLS;2025-08-02 14:38:25;2025-08-02 14:38:26;Teguh wiguna;https://wilkerstat.bps.go.id/api/landmark/90533803/photo
90537195;HQDETV;BATAS 3 TOKO MAJU;0022;RT 002 RW 007;3272050001;-6.9217455808116;106.9278492406;4.1139998435974;1;150;Batas Wilkerstat;15040;Batas SLS;2025-08-02 14:42:14;2025-08-02 14:42:15;Teguh wiguna;https://wilkerstat.bps.go.id/api/landmark/90537195/photo
90546189;HQDSBT;BATAS 4 PARKIRAN SUPERMALL BELAKANG;0022;RT 002 RW 007;3272050001;-6.9215718;106.929195;1.5;1;150;Batas Wilkerstat;15040;Batas SLS;2025-08-02 14:51:47;2025-08-02 14:51:49;Teguh wiguna;https://wilkerstat.bps.go.id/api/landmark/90546189/photo
90545345;HQDQVH;BATAS 2 PARKIRAN MOBIL BELAKANG SUPERMALL;0023;RT 003 RW 007;3272050001;-6.9215274;106.9292259;3.0299999713898;1;150;Batas Wilkerstat;15040;Batas SLS;2025-08-02 14:50:45;2025-08-02 14:50:47;Teguh wiguna;https://wilkerstat.bps.go.id/api/landmark/90545345/photo
90550656;HQDYRO;BATAS 4 ZONA BARBERSHOP KOPI DEPAN RUMAH;0023;RT 003 RW 007;3272050001;-6.9212219;106.929683;12.845000267029;1;150;Batas Wilkerstat;15040;Batas SLS;2025-08-02 14:56:11;2025-08-02 14:56:13;Teguh wiguna;https://wilkerstat.bps.go.id/api/landmark/90550656/photo
90592137;HQGIAZ;BATAS 5 TOKO ALOHA;0023;RT 003 RW 007;3272050001;-6.9224086;106.9294777;4.6020002365112;1;150;Batas Wilkerstat;15040;Batas SLS;2025-08-02 15:39:28;2025-08-02 15:39:32;Teguh wiguna;https://wilkerstat.bps.go.id/api/landmark/90592137/photo
90923194;HQZDTY;BATAS 3 RUKO DEKAT TIANG LISTRIK;0023;RT 003 RW 007;3272050001;-6.921065;106.9288433;2;1;150;Batas Wilkerstat;15040;Batas SLS;2025-08-03 10:42:10;2025-08-03 10:42:12;Teguh wiguna;https://wilkerstat.bps.go.id/api/landmark/90923194/photo
90940618;HRADOC;BATAS  1 POS SATPAM BANK BNI SAMPING SUPERMALL;0023;RT 003 RW 007;3272050001;-6.9223054047872;106.92890267819;1.8999999761581;1;150;Batas Wilkerstat;15040;Batas SLS;2025-08-03 10:57:29;2025-08-03 10:57:31;Teguh wiguna;https://wilkerstat.bps.go.id/api/landmark/90940618/photo
90551883;HQEAMT;BATAS 1 RUMAH PLANG JALAN PGRI;0024;RT 004 RW 007;3272050001;-6.92122;106.92969;1.3999999761581;1;150;Batas Wilkerstat;15040;Batas SLS;2025-08-02 14:57:31;2025-08-02 14:57:33;Teguh wiguna;https://wilkerstat.bps.go.id/api/landmark/90551883/photo
90555102;HQEFGO;BATAS 2 GANG KIDANG;0024;RT 004 RW 007;3272050001;-6.9213772;106.9302808;4.7969999313354;1;150;Batas Wilkerstat;15040;Batas SLS;2025-08-02 15:00:57;2025-08-02 15:00:59;Teguh wiguna;https://wilkerstat.bps.go.id/api/landmark/90555102/photo
90586481;HQFZRL;BATAS 3 TOKO SEPATU INTEN;0024;RT 004 RW 007;3272050001;-6.9224528;106.9301227;4.0380001068115;1;150;Batas Wilkerstat;15040;Batas SLS;2025-08-02 15:33:12;2025-08-02 15:33:21;Teguh wiguna;https://wilkerstat.bps.go.id/api/landmark/90586481/photo
90593672;HQGKIA;BATAS 4 TOKO MEBEUL BANDUNG;0024;RT 004 RW 007;3272050001;-6.9224018;106.92948;4.1269998550415;1;150;Batas Wilkerstat;15040;Batas SLS;2025-08-02 15:40:59;2025-08-02 15:41:01;Teguh wiguna;https://wilkerstat.bps.go.id/api/landmark/90593672/photo
90555772;HQEGGI;BATAS 1 GANG KIDANG;0025;RT 005 RW 007;3272050001;-6.9213448502809;106.93030815572;2.9059998989105;1;150;Batas Wilkerstat;15040;Batas SLS;2025-08-02 15:01:38;2025-08-02 15:01:40;Teguh wiguna;https://wilkerstat.bps.go.id/api/landmark/90555772/photo
90558241;HQEJXH;BATAS 2 TOKO TERANG;0025;RT 005 RW 007;3272050001;-6.9215535364054;106.93104039878;4.6319999694824;1;150;Batas Wilkerstat;15040;Batas SLS;2025-08-02 15:04:18;2025-08-02 15:04:20;Teguh wiguna;https://wilkerstat.bps.go.id/api/landmark/90558241/photo
90585766;HQFYPY;BATAS TOKO BUSAN TEXTILE;0025;RT 005 RW 007;3272050001;-6.9224504;106.9301366;4.1170001029968;1;150;Batas Wilkerstat;15040;Batas SLS;2025-08-02 15:32:29;2025-08-02 15:32:31;Teguh wiguna;https://wilkerstat.bps.go.id/api/landmark/90585766/photo
90588859;HQGDEX;BATAS 3 TOKO ROBINSON;0025;RT 005 RW 007;3272050001;-6.9225154218149;106.93086706102;4.8390002250671;1;150;Batas Wilkerstat;15040;Batas SLS;2025-08-02 15:35:59;2025-08-02 15:36:01;Teguh wiguna;https://wilkerstat.bps.go.id/api/landmark/90588859/photo
90529951;HQCUBF;BATAS 1 TOKO JAYA RAYA;0032;RT 002 RW 009;3272050001;-6.9222434;106.9283522;3.6089999675751;1;150;Batas Wilkerstat;15040;Batas SLS;2025-08-02 14:34:16;2025-08-02 14:34:18;Teguh wiguna;https://wilkerstat.bps.go.id/api/landmark/90529951/photo
90531580;HQCWLW;BATAS 2 GANG SURABAYA/ TOKO MILANO;0032;RT 002 RW 009;3272050001;-6.9222717;106.9282892;4.1789999008179;1;150;Batas Wilkerstat;15040;Batas SLS;2025-08-02 14:35:53;2025-08-02 14:35:56;Teguh wiguna;https://wilkerstat.bps.go.id/api/landmark/90531580/photo
90612669;HQHMKR;BATAS 3;0032;RT 002 RW 009;3272050001;-6.922855;106.9283098;5.0960001945496;1;150;Batas Wilkerstat;15040;Batas SLS;2025-08-02 15:59:43;2025-08-02 15:59:46;Teguh wiguna;https://wilkerstat.bps.go.id/api/landmark/90612669/photo
90524760;HQCMJO;BATAS 1 TOKO RATU BUSANA;0033;RT 003 RW 009;3272050001;-6.9223355;106.9290974;4.3229999542236;1;150;Batas Wilkerstat;15040;Batas SLS;2025-08-02 14:28:31;2025-08-02 14:28:33;Teguh wiguna;https://wilkerstat.bps.go.id/api/landmark/90524760/photo
90528240;HQCRNK;BATAS 1 SHOPING/TOKO JAYA RAYA;0033;RT 003 RW 009;3272050001;-6.9223117;106.9285467;2.4530000686646;1;150;Batas Wilkerstat;15040;Batas SLS;2025-08-02 14:32:14;2025-08-02 14:32:16;Teguh wiguna;https://wilkerstat.bps.go.id/api/landmark/90528240/photo
90604760;HQHASM;BATAS 2;0033;RT 003 RW 009;3272050001;-6.9229402;106.928955;4.7039999961853;1;150;Batas Wilkerstat;15040;Batas SLS;2025-08-02 15:52:09;2025-08-02 15:52:11;Teguh wiguna;https://wilkerstat.bps.go.id/api/landmark/90604760/photo
90610235;HQHIVB;BATAS 3;0033;RT 003 RW 009;3272050001;-6.9229659;106.9282589;4.9949998855591;1;150;Batas Wilkerstat;15040;Batas SLS;2025-08-02 15:57:35;2025-08-02 15:57:37;Teguh wiguna;https://wilkerstat.bps.go.id/api/landmark/90610235/photo
90598473;HQGRKR;LEE MING;0021;Rt 001 Rw 007;3272050001;-6.9209861;106.9279775;4.9660000801086;1;150;Batas Wilkerstat;15040;Batas SLS;2025-08-02 15:45:33;2025-08-02 15:45:46;Arief Firmansyah;https://wilkerstat.bps.go.id/api/landmark/90598473/photo
90606530;HQHDIO;SAMPING DLOCAL;0021;Rt 001 Rw 007;3272050001;-6.9215383;106.9278326;4.9400000572205;1;150;Batas Wilkerstat;15040;Batas SLS;2025-08-02 15:53:53;2025-08-02 15:53:57;Arief Firmansyah;https://wilkerstat.bps.go.id/api/landmark/90606530/photo
90637964;HQIXVO;RUMAH SAMPING GG.MESJID PATOKAN TIHANG LISTRIK;0021;Rt 001 Rw 007;3272050001;-6.9210416;106.9287927;6.4800000190735;1;150;Batas Wilkerstat;15040;Batas SLS;2025-08-02 16:22:47;2025-08-02 16:22:50;Arief Firmansyah;https://wilkerstat.bps.go.id/api/landmark/90637964/photo
90662314;HQKHWC;BELAKANG GEDUNG SUPERMAL;0021;Rt 001 Rw 007;3272050001;-6.9214762;106.9286196;4.0549998283386;1;150;Batas Wilkerstat;15040;Batas SLS;2025-08-02 16:43:58;2025-08-02 16:44:01;Arief Firmansyah;https://wilkerstat.bps.go.id/api/landmark/90662314/photo
90673938;HQKZBE;BELAKANG SUPERMAL DAN BELAKANG RUKO CIWANGI;0021;Rt 001 Rw 007;3272050001;-6.9216011;106.9283547;4.5229997634888;1;150;Batas Wilkerstat;15040;Batas SLS;2025-08-02 16:54:07;2025-08-02 16:54:11;Arief Firmansyah;https://wilkerstat.bps.go.id/api/landmark/90673938/photo
90523819;HQCKZJ;JALAN MASUK BALAI DESA SEBELAH ATAS LEEMING;0026;Rt 006 Rw 007;3272050001;-6.9208257;106.9280586;9;1;150;Batas Wilkerstat;15040;Batas SLS;2025-08-02 14:27:20;2025-08-02 14:27:24;Arief Firmansyah;https://wilkerstat.bps.go.id/api/landmark/90523819/photo
90572319;HQFEST;WARKOST BAHAGIA;0026;Rt 006 Rw 007;3272050001;-6.9215477;106.9310098;5.686999797821;1;150;Batas Wilkerstat;15040;Batas SLS;2025-08-02 15:18:45;2025-08-02 15:18:48;Arief Firmansyah;https://wilkerstat.bps.go.id/api/landmark/90572319/photo
90576391;HQFKTJ;BPK PENABUR;0026;Rt 006 Rw 007;3272050001;-6.9206544;106.93104;3.1270000934601;1;150;Batas Wilkerstat;15040;Batas SLS;2025-08-02 15:23:00;2025-08-02 15:23:04;Arief Firmansyah;https://wilkerstat.bps.go.id/api/landmark/90576391/photo
90588107;HQGCBZ;ASIA BARU TAILOR;0026;Rt 006 Rw 007;3272050001;-6.9204065;106.9281418;9.8500003814697;1;150;Batas Wilkerstat;15040;Batas SLS;2025-08-02 15:35:04;2025-08-02 15:35:07;Arief Firmansyah;https://wilkerstat.bps.go.id/api/landmark/90588107/photo
91159568;HRMPLG;TOKO PLASTIK SAMPING GG LIPUR;0027;Rt 001 Rw 008;3272050001;-6.9239326;106.9295904;4.9400000572205;1;150;Batas Wilkerstat;15040;Batas SLS;2025-08-03 15:24:19;2025-08-03 15:24:22;Arief Firmansyah;https://wilkerstat.bps.go.id/api/landmark/91159568/photo
91164834;HRMXFU;GROSIR KOTA BARU JL.PERNIAGAAN GG.PEDA;0027;Rt 001 Rw 008;3272050001;-6.9237125;106.9285228;8.0600004196167;1;150;Batas Wilkerstat;15040;Batas SLS;2025-08-03 15:29:52;2025-08-03 15:29:57;Arief Firmansyah;https://wilkerstat.bps.go.id/api/landmark/91164834/photo
91186291;HROCZB;TOKO MAS FAMILY;0027;Rt 001 Rw 008;3272050001;-6.9226555;106.9290602;4.7659997940063;1;150;Batas Wilkerstat;15040;Batas SLS;2025-08-03 15:53:01;2025-08-03 15:53:05;Arief Firmansyah;https://wilkerstat.bps.go.id/api/landmark/91186291/photo
91190284;HROIWQ;TOKO MARIBAYA GG.LIPUR;0027;Rt 001 Rw 008;3272050001;-6.922492;106.9299122;15.298000335693;1;150;Batas Wilkerstat;15040;Batas SLS;2025-08-03 15:56:59;2025-08-03 15:57:02;Arief Firmansyah;https://wilkerstat.bps.go.id/api/landmark/91190284/photo
91268759;HRSUYX;TOKO BUSANA MUSLIM DEPAN MESJID GG LIPUR SIMPANG GG NUGRAHA;0028;Rt 002 Rw 008;3272050001;-6.9231859;106.9296175;17.156999588013;1;150;Batas Wilkerstat;15040;Batas SLS;2025-08-03 17:14:28;2025-08-03 17:14:31;Arief Firmansyah;https://wilkerstat.bps.go.id/api/landmark/91268759/photo
91270478;HRSXNA;TOKO NS GG.LIPUR;0028;Rt 002 Rw 008;3272050001;-6.9224421;106.9300082;5.061999797821;1;150;Batas Wilkerstat;15040;Batas SLS;2025-08-03 17:16:13;2025-08-03 17:16:16;Arief Firmansyah;https://wilkerstat.bps.go.id/api/landmark/91270478/photo
91276301;HRTGCZ;TOKO SAKURA JAYA SIMPANG JL.STASIUN TIMUR;0028;Rt 002 Rw 008;3272050001;-6.9226365;106.9309574;5.5329999923706;1;150;Batas Wilkerstat;15040;Batas SLS;2025-08-03 17:23:14;2025-08-03 17:23:17;Arief Firmansyah;https://wilkerstat.bps.go.id/api/landmark/91276301/photo
91282134;HRTOTI;TOKO ANEKA RIA SAMPING GG NUGRAHA STASIUN TIMUR;0028;Rt 002 Rw 008;3272050001;-6.9235143;106.9307935;7.9660000801086;1;150;Batas Wilkerstat;15040;Batas SLS;2025-08-03 17:30:41;2025-08-03 17:30:44;Arief Firmansyah;https://wilkerstat.bps.go.id/api/landmark/91282134/photo
91081258;HRIDPI;KONTRAKAN SAKINAH DEPAN MESJID;0029;Rt 003 Rw 008;3272050001;-6.9232313;106.9296484;14.567999839783;1;150;Batas Wilkerstat;15040;Batas SLS;2025-08-03 13:50:22;2025-08-03 13:50:25;Arief Firmansyah;https://wilkerstat.bps.go.id/api/landmark/91081258/photo
91100181;HRJFPD;TOKO MUJUR SAMPING GG NUGRAHA STASIUN TIMUR;0029;Rt 003 Rw 008;3272050001;-6.9234416;106.9307454;7.0830001831055;1;150;Batas Wilkerstat;15040;Batas SLS;2025-08-03 14:15:13;2025-08-03 14:15:16;Arief Firmansyah;https://wilkerstat.bps.go.id/api/landmark/91100181/photo
91104301;HRJLRP;TOKO ASIN SEBRANG DUA JAYA;0029;Rt 003 Rw 008;3272050001;-6.9242376;106.9305932;3.960000038147;1;150;Batas Wilkerstat;15040;Batas SLS;2025-08-03 14:20:23;2025-08-03 14:20:26;Arief Firmansyah;https://wilkerstat.bps.go.id/api/landmark/91104301/photo
91154724;HRMIGY;KIOS SAYURAN SAMPING GG LIPUR;0029;Rt 003 Rw 008;3272050001;-6.9239407;106.9293858;4.9829998016357;1;150;Batas Wilkerstat;15040;Batas SLS;2025-08-03 15:18:59;2025-08-03 15:19:02;Arief Firmansyah;https://wilkerstat.bps.go.id/api/landmark/91154724/photo
91731211;HSTDBN;JL.A.YANI DEPAN JL MAYAWATI BAWAH;0001;RT 001 RW 001;3272050001;-6.9220417;106.9265867;1.3999999761581;1;150;Batas Wilkerstat;15040;Batas SLS;2025-08-04 15:36:43;2025-08-04 15:36:45;DETI SULASTRI;https://wilkerstat.bps.go.id/api/landmark/91731211/photo
91735673;HSTJRD;JL.CIWANGI DEPAN TOKO ANANDA;0001;RT 001 RW 001;3272050001;-6.9221256754025;106.92764069885;3;1;150;Batas Wilkerstat;15040;Batas SLS;2025-08-04 15:40:43;2025-08-04 15:40:44;DETI SULASTRI;https://wilkerstat.bps.go.id/api/landmark/91735673/photo
91740078;HSTQEO;JL.CIWANGI GANG MAYAWATI ATAS SEBELAH TOKO JIMS HONEY;0001;RT 001 RW 001;3272050001;-6.9209304732531;106.92795015872;3;1;150;Batas Wilkerstat;15040;Batas SLS;2025-08-04 15:44:32;2025-08-04 15:44:34;DETI SULASTRI;https://wilkerstat.bps.go.id/api/landmark/91740078/photo
91746286;HSTZJI;JL.MAYAWATI ATAS KANTOR KECAMATAN CIKOLE;0001;RT 001 RW 001;3272050001;-6.920915;106.927245;1.5;1;150;Batas Wilkerstat;15040;Batas SLS;2025-08-04 15:49:59;2025-08-04 15:50:01;DETI SULASTRI;https://wilkerstat.bps.go.id/api/landmark/91746286/photo
91714917;HSSEYV;JL.A.YANI BUNDARAN DEPAN OPTIKAL SUKABUMI;0002;RT 002 RW 001;3272050001;-6.921926974503;106.92594755441;1.7730000019073;1;150;Batas Wilkerstat;15040;Batas SLS;2025-08-04 15:22:04;2025-08-04 15:22:06;DETI SULASTRI;https://wilkerstat.bps.go.id/api/landmark/91714917/photo
91729646;HSTATI;JL.A.YANI RT 0002 RW 001  DEPAN WEDANG RONDE;0002;RT 002 RW 001;3272050001;-6.9220569;106.926592;2.4349999427795;1;150;Batas Wilkerstat;15040;Batas SLS;2025-08-04 15:35:18;2025-08-04 15:35:20;DETI SULASTRI;https://wilkerstat.bps.go.id/api/landmark/91729646/photo
91745288;HSTXWY;JL.MAYAWATI ATAS RUMAH DINAS KECAMATAN CIKOLE;0002;RT 002 RW 001;3272050001;-6.9209577;106.9272485;1.4659999608994;1;150;Batas Wilkerstat;15040;Batas SLS;2025-08-04 15:49:10;2025-08-04 15:49:12;DETI SULASTRI;https://wilkerstat.bps.go.id/api/landmark/91745288/photo
91751125;HSUGNL;JL.PERINTIS KEMERDEKAAN SEBELAH KOPI DARI HATI;0002;RT 002 RW 001;3272050001;-6.9205746745349;106.92667208612;4.6360001564026;1;150;Batas Wilkerstat;15040;Batas SLS;2025-08-04 15:54:05;2025-08-04 15:54:07;DETI SULASTRI;https://wilkerstat.bps.go.id/api/landmark/91751125/photo
91497472;HSFVHO;GANG AJID 3 DEPAN RUMAH YUNIWATI;0013;RT 001 RW 005;3272050001;-6.919249663105;106.93024042994;6.8489999771118;1;150;Batas Wilkerstat;15040;Batas SLS;2025-08-04 11:08:10;2025-08-04 11:08:12;DETI SULASTRI;https://wilkerstat.bps.go.id/api/landmark/91497472/photo
91509636;HSGNHK;JL.RE. MARTADINATA SUKABUMI INDAH PLAZA;0013;RT 001 RW 005;3272050001;-6.9203759729826;106.9301187247;1.7999999523163;1;150;Batas Wilkerstat;15040;Batas SLS;2025-08-04 11:21:24;2025-08-04 11:21:26;DETI SULASTRI;https://wilkerstat.bps.go.id/api/landmark/91509636/photo
91513304;HSGSSM;JL.RE MARTADINATA GANG AJID 1 SEBELAH BANK PERMATA;0013;RT 001 RW 005;3272050001;-6.9203420239652;106.92946258932;3.0480000972748;1;150;Batas Wilkerstat;15040;Batas SLS;2025-08-04 11:24:53;2025-08-04 11:24:55;DETI SULASTRI;https://wilkerstat.bps.go.id/api/landmark/91513304/photo
91764634;HSVANA;PERTIGAAN GANG AJID 1&3 DEPAN RUMAH PAK DJONI AMSOR;0013;RT 001 RW 005;3272050001;-6.9192378;106.9296724;3.4249999523163;1;150;Batas Wilkerstat;15040;Batas SLS;2025-08-04 16:05:20;2025-08-04 16:05:22;DETI SULASTRI;https://wilkerstat.bps.go.id/api/landmark/91764634/photo
91519648;HSHCCM;JL.RE MARTADINATA YOGYA SUKABUMI DEPTSTORE;0014;RT 002 RW 005;3272050001;-6.9202288605566;106.92805878818;3.0869998931885;1;150;Batas Wilkerstat;15040;Batas SLS;2025-08-04 11:31:47;2025-08-04 11:31:49;DETI SULASTRI;https://wilkerstat.bps.go.id/api/landmark/91519648/photo
91759932;HSUTOE;JL.RE.MARTADINATA SEBELAH ATHIAM;0014;RT 002 RW 005;3272050001;-6.9203744;106.9293577;3.5450000762939;1;150;Batas Wilkerstat;15040;Batas SLS;2025-08-04 16:01:29;2025-08-04 16:01:32;DETI SULASTRI;https://wilkerstat.bps.go.id/api/landmark/91759932/photo
91780327;HSVXSP;GANG AJID 1 DEPAN RUMAH PAK MULIANA;0014;RT 002 RW 005;3272050001;-6.9189317;106.9298367;1.7530000209808;1;150;Batas Wilkerstat;15040;Batas SLS;2025-08-04 16:18:13;2025-08-04 16:18:15;DETI SULASTRI;https://wilkerstat.bps.go.id/api/landmark/91780327/photo
91784055;HSWDFZ;UJUNG KONTRAKAN BELAKANG PAK HJ DUDUH;0014;RT 002 RW 005;3272050001;-6.9190433058031;106.9292915985;4.0560002326965;1;150;Batas Wilkerstat;15040;Batas SLS;2025-08-04 16:21:14;2025-08-04 16:21:16;DETI SULASTRI;https://wilkerstat.bps.go.id/api/landmark/91784055/photo
91531650;HSHTWC;JL.SURYAKENCANA DEPAN MESJID DAARUT TAAIBIIN;0015;RT 001 RW 005;3272050001;-6.9197495799367;106.92769937217;1.6160000562668;1;150;Batas Wilkerstat;15040;Batas SLS;2025-08-04 11:45:49;2025-08-04 11:45:52;DETI SULASTRI;https://wilkerstat.bps.go.id/api/landmark/91531650/photo
91755415;HSUMWL;JL.RE.MARTADINATA KANTOR PAJAK;0015;RT 001 RW 005;3272050001;-6.9200978;106.9278147;3;1;150;Batas Wilkerstat;15040;Batas SLS;2025-08-04 15:57:44;2025-08-04 15:57:46;DETI SULASTRI;https://wilkerstat.bps.go.id/api/landmark/91755415/photo
91769997;HSVILH;JL.R.SYAMSUDIN SH DEPAN TANAH KOSONG;0015;RT 001 RW 005;3272050001;-6.9176131140886;106.92974824458;1.8500000238419;1;150;Batas Wilkerstat;15040;Batas SLS;2025-08-04 16:09:47;2025-08-04 16:09:49;DETI SULASTRI;https://wilkerstat.bps.go.id/api/landmark/91769997/photo
91772601;HSVMHL;PERTIGAAN JL.SURYAKENCANA DAN JL.R.SYAMSUDIN SH DEPAN RUMAH BAPAK YUNADI;0015;RT 001 RW 005;3272050001;-6.9174773172101;106.92947600037;3.039999961853;1;150;Batas Wilkerstat;15040;Batas SLS;2025-08-04 16:11:55;2025-08-04 16:11:58;DETI SULASTRI;https://wilkerstat.bps.go.id/api/landmark/91772601/photo
90156863;HPHODR;JL.R.SYAMSUDIN SH DEPAN GANG AJID 1  RT 04 RW 05;0016;RT 004 RW 005;3272050001;-6.9176814;106.9299941;4.9800000190735;1;150;Batas Wilkerstat;15040;Batas SLS;2025-08-01 17:30:20;2025-08-01 17:30:22;DETI SULASTRI;https://wilkerstat.bps.go.id/api/landmark/90156863/photo
90518703;HQCDKP;GANG AJID 1 DEPAN RUMAH BU ULAN;0016;RT 004 RW 005;3272050001;-6.9188501;106.9297311;2.7799999713898;1;150;Batas Wilkerstat;15040;Batas SLS;2025-08-02 09:37:43;2025-08-02 14:21:23;DETI SULASTRI;https://wilkerstat.bps.go.id/api/landmark/90518703/photo
90518910;HQCDSO;UJUNG RUMAH TEH NINA;0016;RT 004 RW 005;3272050001;-6.9189487808153;106.9292480126;6.1399998664856;1;150;Batas Wilkerstat;15040;Batas SLS;2025-08-02 10:02:43;2025-08-02 14:21:39;DETI SULASTRI;https://wilkerstat.bps.go.id/api/landmark/90518910/photo
90608037;HQHFON;BELAKANG RUMAH ASEP JUNAEDI;0016;RT 004 RW 005;3272050001;-6.9191524754837;106.92955613136;4.9829998016357;1;150;Batas Wilkerstat;15040;Batas SLS;2025-08-02 09:58:26;2025-08-02 15:55:20;DETI SULASTRI;https://wilkerstat.bps.go.id/api/landmark/90608037/photo
90618457;HQHUZH;BATAS 1;0035;RT. 005 RW.009;3272050001;-6.9234510115901;106.92758873105;7.1609997749329;1;150;Batas Wilkerstat;15040;Batas SLS;2025-08-02 16:05:05;2025-08-02 16:05:07;FUAD ABDURRAHMAN SUJANA;https://wilkerstat.bps.go.id/api/landmark/90618457/photo
90621667;HQHZST;BATAS 2;0035;RT. 005 RW.009;3272050001;-6.924234163042;106.92742981017;5.7550001144409;1;150;Batas Wilkerstat;15040;Batas SLS;2025-08-02 16:08:06;2025-08-02 16:08:08;FUAD ABDURRAHMAN SUJANA;https://wilkerstat.bps.go.id/api/landmark/90621667/photo
90623327;HQICEP;BATAS 3;0035;RT. 005 RW.009;3272050001;-6.9242191;106.927828;3.9260001182556;1;150;Batas Wilkerstat;15040;Batas SLS;2025-08-02 16:09:52;2025-08-02 16:09:54;FUAD ABDURRAHMAN SUJANA;https://wilkerstat.bps.go.id/api/landmark/90623327/photo
90626955;HQIHOD;BATAS 4;0035;RT. 005 RW.009;3272050001;-6.924688143994;106.92931339145;7.5500001907349;1;150;Batas Wilkerstat;15040;Batas SLS;2025-08-02 16:13:12;2025-08-02 16:13:14;FUAD ABDURRAHMAN SUJANA;https://wilkerstat.bps.go.id/api/landmark/90626955/photo
90629628;HQILMY;BATAS 5;0035;RT. 005 RW.009;3272050001;-6.923944;106.9294606;16.167999267578;1;150;Batas Wilkerstat;15040;Batas SLS;2025-08-02 16:15:35;2025-08-02 16:15:38;FUAD ABDURRAHMAN SUJANA;https://wilkerstat.bps.go.id/api/landmark/90629628/photo
90857585;HQVKSN;DEWA MOTOR;0002;RT 002 RW 001;3272050002;-6.9255379;106.9335638;3;1;150;Batas Wilkerstat;15040;Batas SLS;2025-08-03 09:41:19;2025-08-03 09:41:22;Kania Sona;https://wilkerstat.bps.go.id/api/landmark/90857585/photo
90858846;HQVMPA;BATAS GUDANG 57A;0002;RT 002 RW 001;3272050002;-6.9257574;106.9339958;3.3329999446869;1;150;Batas Wilkerstat;15040;Batas SLS;2025-08-03 09:42:44;2025-08-03 09:42:48;Kania Sona;https://wilkerstat.bps.go.id/api/landmark/90858846/photo
90976383;HRCELR;BATAS RUMAH BPK JULI;0002;RT 002 RW 001;3272050002;-6.9264485;106.9351436;4.875;1;150;Batas Wilkerstat;15040;Batas SLS;2025-08-03 11:30:42;2025-08-03 11:30:44;Kania Sona;https://wilkerstat.bps.go.id/api/landmark/90976383/photo
90993505;HRDDUF;LAHAN PT UNINGA;0002;RT 002 RW 001;3272050002;-6.9256655;106.935072;4.7199997901917;1;150;Batas Wilkerstat;15040;Batas SLS;2025-08-03 11:47:53;2025-08-03 11:47:56;Kania Sona;https://wilkerstat.bps.go.id/api/landmark/90993505/photo
90999720;HRDMZG;PINTU REL KAI;0002;RT 002 RW 001;3272050002;-6.9261568;106.9336102;2.7000000476837;1;150;Batas Wilkerstat;15040;Batas SLS;2025-08-03 11:54:35;2025-08-03 11:54:37;Kania Sona;https://wilkerstat.bps.go.id/api/landmark/90999720/photo
90816772;HQTCIU;DIGITAL PRINTING JL.A.YANI;0008;RT 001 RW 002;3272050002;-6.9228315;106.9329881;1.7829999923706;1;150;Batas Wilkerstat;15040;Batas SLS;2025-08-03 08:55:03;2025-08-03 08:55:06;Rani Rahmayanti;https://wilkerstat.bps.go.id/api/landmark/90816772/photo
90824302;HQTNMK;LINGGA FORNITURE PERSIMPANGAN JL OTISTA DAN JL A.YANI;0008;RT 001 RW 002;3272050002;-6.9229662;106.9339445;2.1500000953674;1;150;Batas Wilkerstat;15040;Batas SLS;2025-08-03 09:05:06;2025-08-03 09:05:07;Rani Rahmayanti;https://wilkerstat.bps.go.id/api/landmark/90824302/photo
91957245;HTFZLD;BATAS RT 001 RW 002;0008;RT 001 RW 002;3272050002;-6.9237283;106.9329483;1.4830000400543;1;150;Batas Wilkerstat;15040;Batas SLS;2025-08-05 08:56:10;2025-08-05 08:56:12;Rani Rahmayanti;https://wilkerstat.bps.go.id/api/landmark/91957245/photo
91979737;HTHGSF;BATAS RT 001 RW 002;0008;RT 001 RW 002;3272050002;-6.924006;106.9338566;1.7330000400543;1;150;Batas Wilkerstat;15040;Batas SLS;2025-08-05 09:23:43;2025-08-05 09:23:45;Rani Rahmayanti;https://wilkerstat.bps.go.id/api/landmark/91979737/photo
91942124;HTFDBO;RUMAH SONIA;0011;RT 004 RW 002;3272050002;-6.92444;106.9322233;2;1;150;Batas Wilkerstat;15040;Batas SLS;2025-08-05 08:32:51;2025-08-05 08:32:53;Rani Rahmayanti;https://wilkerstat.bps.go.id/api/landmark/91942124/photo
91946076;HTFIXO;POSYANDU SALUYU 2;0011;RT 004 RW 002;3272050002;-6.9245517;106.93263;1.5659999847412;1;150;Batas Wilkerstat;15040;Batas SLS;2025-08-05 08:39:39;2025-08-05 08:39:41;Rani Rahmayanti;https://wilkerstat.bps.go.id/api/landmark/91946076/photo
91950702;HTFPTM;MESJID AL QOMARIAH;0011;RT 004 RW 002;3272050002;-6.9242233;106.932685;1.7330000400543;1;150;Batas Wilkerstat;15040;Batas SLS;2025-08-05 08:46:52;2025-08-05 08:46:54;Rani Rahmayanti;https://wilkerstat.bps.go.id/api/landmark/91950702/photo
91956468;HTFYHG;BATAS RT 004 RW 002;0011;RT 004 RW 002;3272050002;-6.9237283;106.9329483;1.5329999923706;1;150;Batas Wilkerstat;15040;Batas SLS;2025-08-05 08:55:06;2025-08-05 08:55:08;Rani Rahmayanti;https://wilkerstat.bps.go.id/api/landmark/91956468/photo
91962241;HTGGVH;BATAS RT 004 RW 002;0011;RT 004 RW 002;3272050002;-6.9238217;106.9331783;1.6660000085831;1;150;Batas Wilkerstat;15040;Batas SLS;2025-08-05 09:02:46;2025-08-05 09:02:48;Rani Rahmayanti;https://wilkerstat.bps.go.id/api/landmark/91962241/photo
91150793;HRMCLT;TOKO KASIH BUNDA;0012;RT 001 RW 003;3272050002;-6.9226517;106.9316867;1.6499999761581;1;150;Batas Wilkerstat;15040;Batas SLS;2025-08-03 15:14:28;2025-08-03 15:14:29;Rani Rahmayanti;https://wilkerstat.bps.go.id/api/landmark/91150793/photo
91146558;HRLWEW;PKPRI;0013;RT 002 RW 003;3272050002;-6.9227749;106.9324943;1.7330000400543;1;150;Batas Wilkerstat;15040;Batas SLS;2025-08-03 15:10:15;2025-08-03 15:10:17;Rani Rahmayanti;https://wilkerstat.bps.go.id/api/landmark/91146558/photo
91149838;HRMBBA;TOKO LISTRIK;0013;RT 002 RW 003;3272050002;-6.9226517;106.9316867;1.7660000324249;1;150;Batas Wilkerstat;15040;Batas SLS;2025-08-03 15:13:32;2025-08-03 15:13:33;Rani Rahmayanti;https://wilkerstat.bps.go.id/api/landmark/91149838/photo
91937192;HTEVTW;BATAS RT 002 RW 003;0013;RT 002 RW 003;3272050002;-6.9233474;106.9322865;1.9400000572205;1;150;Batas Wilkerstat;15040;Batas SLS;2025-08-05 08:23:53;2025-08-05 08:23:55;Rani Rahmayanti;https://wilkerstat.bps.go.id/api/landmark/91937192/photo
89996967;HOYLPV;MIE AYAM BASO MANG AJAT;0015;RT 004 RW 003;3272050002;-6.9242974008841;106.93129319698;14.767999649048;1;150;Batas Wilkerstat;15040;Batas SLS;2025-08-01 13:11:00;2025-08-01 13:11:01;Rani Rahmayanti;https://wilkerstat.bps.go.id/api/landmark/89996967/photo
90003986;HOYVZU;MESJID AL IKHWAN;0015;RT 004 RW 003;3272050002;-6.9244107;106.9315907;14.770999908447;1;150;Batas Wilkerstat;15040;Batas SLS;2025-08-01 13:28:42;2025-08-01 13:28:44;Rani Rahmayanti;https://wilkerstat.bps.go.id/api/landmark/90003986/photo
91153138;HRMFXY;PERCETAKKAN DARREL PRINTING;0019;RT 003 RW 004;3272050002;-6.9226732;106.93197;1.7159999608994;1;150;Batas Wilkerstat;15040;Batas SLS;2025-08-03 15:17:22;2025-08-03 15:17:23;Rani Rahmayanti;https://wilkerstat.bps.go.id/api/landmark/91153138/photo
91155768;HRMJVC;RUMAH KOSONG JL CIKIRAY;0019;RT 003 RW 004;3272050002;-6.921827;106.9321091;1.7660000324249;1;150;Batas Wilkerstat;15040;Batas SLS;2025-08-03 15:20:08;2025-08-03 15:20:10;Rani Rahmayanti;https://wilkerstat.bps.go.id/api/landmark/91155768/photo
90781309;HQRBWV;SMA MARDIYUANA JL.RE MARTADINATA;0020;RT 004 RW 004;3272050002;-6.9208156458196;106.93219441921;4.4530000686646;1;150;Batas Wilkerstat;15040;Batas SLS;2025-08-03 07:47:23;2025-08-03 07:47:24;Rani Rahmayanti;https://wilkerstat.bps.go.id/api/landmark/90781309/photo
90782928;HQREHC;CIMB NIAGA JL.RE.MARTADINATA;0020;RT 004 RW 004;3272050002;-6.920693163193;106.93140953779;1.6499999761581;1;150;Batas Wilkerstat;15040;Batas SLS;2025-08-03 07:52:01;2025-08-03 07:52:03;Rani Rahmayanti;https://wilkerstat.bps.go.id/api/landmark/90782928/photo
90786437;HQRJMB;TOKO KENTJANA JL.A.YANI;0020;RT 004 RW 004;3272050002;-6.9225320634137;106.93102665246;1.7330000400543;1;150;Batas Wilkerstat;15040;Batas SLS;2025-08-03 08:01:25;2025-08-03 08:01:29;Rani Rahmayanti;https://wilkerstat.bps.go.id/api/landmark/90786437/photo
90787792;HQRLME;TOKO BAGJA JL.A.YANI;0020;RT 004 RW 004;3272050002;-6.9225573586428;106.93126771599;1.5499999523163;1;150;Batas Wilkerstat;15040;Batas SLS;2025-08-03 08:04:45;2025-08-03 08:04:51;Rani Rahmayanti;https://wilkerstat.bps.go.id/api/landmark/90787792/photo
90802963;HQSHXR;GANG TARIKOLOT JL.CIKIRAY;0020;RT 004 RW 004;3272050002;-6.9217851878804;106.93206433207;1.8329999446869;1;150;Batas Wilkerstat;15040;Batas SLS;2025-08-03 08:34:38;2025-08-03 08:34:39;Rani Rahmayanti;https://wilkerstat.bps.go.id/api/landmark/90802963/photo
90849544;HQUYVG;TOKO BANGUNAN MASLAHAT JL SILIWANGI;0023;RT 002 RW 005;3272050002;-6.9223058;106.9356157;2.0499999523163;1;150;Batas Wilkerstat;15040;Batas SLS;2025-08-03 09:33:33;2025-08-03 09:33:35;Rani Rahmayanti;https://wilkerstat.bps.go.id/api/landmark/90849544/photo
91130316;HRKYEE;GUDANG KOSONG PERTIGAAN JL .A.YANI DAN JL.SILIWANGI;0023;RT 002 RW 005;3272050002;-6.9231183;106.9354833;1.9830000400543;1;150;Batas Wilkerstat;15040;Batas SLS;2025-08-03 14:51:36;2025-08-03 14:51:38;Rani Rahmayanti;https://wilkerstat.bps.go.id/api/landmark/91130316/photo
91135692;HRLGCY;TOKO KOSONG PEREMPATAN JL.AYANIJL GUDANG;0023;RT 002 RW 005;3272050002;-6.9228833;106.9340494;2.0160000324249;1;150;Batas Wilkerstat;15040;Batas SLS;2025-08-03 14:58:12;2025-08-03 14:58:17;Rani Rahmayanti;https://wilkerstat.bps.go.id/api/landmark/91135692/photo
90814626;HQSZEG;TOKO KOSONG GG CEREME I;0024;RT 003 RW 005;3272050002;-6.9228367;106.93287;1.75;1;150;Batas Wilkerstat;15040;Batas SLS;2025-08-03 08:52:12;2025-08-03 08:52:16;Rani Rahmayanti;https://wilkerstat.bps.go.id/api/landmark/90814626/photo
90829990;HQTVXE;RUMAH BARU JL GUDANG GG CEREME III;0024;RT 003 RW 005;3272050002;-6.9220983;106.9341533;1.5659999847412;1;150;Batas Wilkerstat;15040;Batas SLS;2025-08-03 09:12:13;2025-08-03 09:12:15;Rani Rahmayanti;https://wilkerstat.bps.go.id/api/landmark/90829990/photo
90834959;HQUDGH;TOKO LIEM JANG SOEN PERSIMPANGAN JL GUDANG JL.A.YANI;0024;RT 003 RW 005;3272050002;-6.9228813;106.9340388;1.6330000162125;1;150;Batas Wilkerstat;15040;Batas SLS;2025-08-03 09:17:42;2025-08-03 09:17:44;Rani Rahmayanti;https://wilkerstat.bps.go.id/api/landmark/90834959/photo
90902352;HQXYYI;MIE AYAM BANGKA;0046;RT 001 RW 009;3272050002;-6.9208393;106.9365661;1.7159999608994;1;150;Batas Wilkerstat;15040;Batas SLS;2025-08-03 10:23:15;2025-08-03 10:23:18;Rani Rahmayanti;https://wilkerstat.bps.go.id/api/landmark/90902352/photo
90911609;HQYMQJ;IRA SKIN CARE / KEDAI KOPI JL SILIWANGI;0046;RT 001 RW 009;3272050002;-6.9207383;106.9357233;1.6330000162125;1;150;Batas Wilkerstat;15040;Batas SLS;2025-08-03 10:31:25;2025-08-03 10:31:27;Rani Rahmayanti;https://wilkerstat.bps.go.id/api/landmark/90911609/photo
91361506;HRYCEC;IMAGI FOTO;0046;RT 001 RW 009;3272050002;-6.9198989;106.93591;2.5659999847412;1;150;Batas Wilkerstat;15040;Batas SLS;2025-08-04 08:29:11;2025-08-04 08:29:13;Rani Rahmayanti;https://wilkerstat.bps.go.id/api/landmark/91361506/photo
91363362;HRYEXM;BELAKANG IMAGI FOTO;0046;RT 001 RW 009;3272050002;-6.9199532742596;106.93611111492;1.8329999446869;1;150;Batas Wilkerstat;15040;Batas SLS;2025-08-04 08:32:46;2025-08-04 08:32:48;Rani Rahmayanti;https://wilkerstat.bps.go.id/api/landmark/91363362/photo
91538498;HSIDZM;RUMAH BAPAK AGUS;0046;RT 001 RW 009;3272050002;-6.9202265307214;106.93675216287;2.6159999370575;1;150;Batas Wilkerstat;15040;Batas SLS;2025-08-04 11:53:42;2025-08-04 11:53:44;Rani Rahmayanti;https://wilkerstat.bps.go.id/api/landmark/91538498/photo
91141221;HRLOHP;JAZZ FAMILY KARAOKE;0051;RT 001 RW 010;3272050002;-6.922865;106.9330317;1.7000000476837;1;150;Batas Wilkerstat;15040;Batas SLS;2025-08-03 15:04:28;2025-08-03 15:04:29;Rani Rahmayanti;https://wilkerstat.bps.go.id/api/landmark/91141221/photo
91144433;HRLTBD;WARUNG GADGET;0051;RT 001 RW 010;3272050002;-6.9227683;106.9324467;1.6499999761581;1;150;Batas Wilkerstat;15040;Batas SLS;2025-08-03 15:07:55;2025-08-03 15:07:57;Rani Rahmayanti;https://wilkerstat.bps.go.id/api/landmark/91144433/photo
91937787;HTEWQT;PERCETAKAN CANDRA PUTRA;0051;RT 001 RW 010;3272050002;-6.9234968;106.9322583;1.7330000400543;1;150;Batas Wilkerstat;15040;Batas SLS;2025-08-05 08:24:59;2025-08-05 08:25:01;Rani Rahmayanti;https://wilkerstat.bps.go.id/api/landmark/91937787/photo
91955229;HTFWLP;BATAS RT 001 RW 010;0051;RT 001 RW 010;3272050002;-6.923695;106.9328883;1.75;1;150;Batas Wilkerstat;15040;Batas SLS;2025-08-05 08:53:21;2025-08-05 08:53:23;Rani Rahmayanti;https://wilkerstat.bps.go.id/api/landmark/91955229/photo
90681926;HQLKWK;POSYANDU SALUYU 02;0009;RT 002 RW 002;3272050002;-6.923802;106.9334607;2.8159999847412;1;150;Batas Wilkerstat;15040;Batas SLS;2025-08-02 17:01:30;2025-08-02 17:01:33;Kania Sona;https://wilkerstat.bps.go.id/api/landmark/90681926/photo
90685908;HQLQTO;RUMAH PENGAMPUL RONGSOKAN;0009;RT 002 RW 002;3272050002;-6.9240106;106.9338526;3.2239999771118;1;150;Batas Wilkerstat;15040;Batas SLS;2025-08-02 17:05:00;2025-08-02 17:05:03;Kania Sona;https://wilkerstat.bps.go.id/api/landmark/90685908/photo
90817297;HQTDCZ;RUMAH BPK TATANG;0009;RT 002 RW 002;3272050002;-6.9246693;106.9329136;4.8689999580383;1;150;Batas Wilkerstat;15040;Batas SLS;2025-08-03 08:55:42;2025-08-03 08:55:45;Kania Sona;https://wilkerstat.bps.go.id/api/landmark/90817297/photo
90829997;HQTVXL;POS POLISI JALAN OTISTA;0009;RT 002 RW 002;3272050002;-6.9261139874862;106.93347886205;3.7829999923706;1;150;Batas Wilkerstat;15040;Batas SLS;2025-08-03 09:12:12;2025-08-03 09:12:15;Kania Sona;https://wilkerstat.bps.go.id/api/landmark/90829997/photo
90838945;HQUJDP;TOLO MAINAN KAMAL;0009;RT 002 RW 002;3272050002;-6.9254168;106.9316442;3.7699999809265;1;150;Batas Wilkerstat;15040;Batas SLS;2025-08-03 09:22:24;2025-08-03 09:22:26;Kania Sona;https://wilkerstat.bps.go.id/api/landmark/90838945/photo
90842514;HQUOKW;BELAKANG PT BARATA;0009;RT 002 RW 002;3272050002;-6.9246597;106.9319314;4.6609997749329;1;150;Batas Wilkerstat;15040;Batas SLS;2025-08-03 09:26:05;2025-08-03 09:26:08;Kania Sona;https://wilkerstat.bps.go.id/api/landmark/90842514/photo
90851918;HQVCIO;JL TEMBUS STATSIUN TIMUR;0009;RT 002 RW 002;3272050002;-6.9258288;106.932989;3.5199999809265;1;1720;Konsentrasi Ekonomi;162020;Pertokoan;2025-08-03 09:35:46;2025-08-03 09:35:49;Kania Sona;https://wilkerstat.bps.go.id/api/landmark/90851918/photo
91951532;HTFQZK;RUMAHBP DASEP;0052;RT 002 RW 010;3272050002;-6.9242383;106.9326083;1.8500000238419;1;150;Batas Wilkerstat;15040;Batas SLS;2025-08-05 08:48:08;2025-08-05 08:48:09;Rani Rahmayanti;https://wilkerstat.bps.go.id/api/landmark/91951532/photo
91954488;HTFVJC;BATAS RT 002 RW 010;0052;RT 002 RW 010;3272050002;-6.9236817;106.932875;1.6330000162125;1;150;Batas Wilkerstat;15040;Batas SLS;2025-08-05 08:52:19;2025-08-05 08:52:21;Rani Rahmayanti;https://wilkerstat.bps.go.id/api/landmark/91954488/photo
90867424;HQVZGY;HOTEL JAYA WIJAYA;0010;RT 003 RW 002;3272050002;-6.9238264;106.933471;3.0999999046326;1;150;Batas Wilkerstat;15040;Batas SLS;2025-08-03 09:50:58;2025-08-03 09:51:00;Kania Sona;https://wilkerstat.bps.go.id/api/landmark/90867424/photo
90869808;HQWCUQ;BELAKANG RADIO FORTUNA;0010;RT 003 RW 002;3272050002;-6.923792;106.9331343;3.2039999961853;1;150;Batas Wilkerstat;15040;Batas SLS;2025-08-03 09:53:19;2025-08-03 09:53:21;Kania Sona;https://wilkerstat.bps.go.id/api/landmark/90869808/photo
90870973;HQWENL;RADIO FORTUNA;0010;RT 003 RW 002;3272050002;-6.9238335;106.9332947;3.2669999599457;1;150;Batas Wilkerstat;15040;Batas SLS;2025-08-03 09:54:28;2025-08-03 09:54:31;Kania Sona;https://wilkerstat.bps.go.id/api/landmark/90870973/photo
91931626;HTENNU;BATAS RT 03  RUMAH BU HJ NENENG;0010;RT 003 RW 002;3272050002;-6.9246754;106.9331123;5.0799999237061;1;150;Batas Wilkerstat;15040;Batas SLS;2025-08-05 08:11:50;2025-08-05 08:11:52;Kania Sona;https://wilkerstat.bps.go.id/api/landmark/91931626/photo
91936017;HTEUAR;BATAS 1 KAMAR HOTRL WIJAYA;0010;RT 003 RW 002;3272050002;-6.9242131;106.9326644;4.0300002098083;1;150;Batas Wilkerstat;15040;Batas SLS;2025-08-05 08:21:36;2025-08-05 08:21:38;Kania Sona;https://wilkerstat.bps.go.id/api/landmark/91936017/photo
91952509;HTFSKZ;KONTRAKAN BU HJ EUIS;0053;RT 003 RW 010;3272050002;-6.9242146;106.9326215;1.8999999761581;1;150;Batas Wilkerstat;15040;Batas SLS;2025-08-05 08:49:33;2025-08-05 08:49:35;Rani Rahmayanti;https://wilkerstat.bps.go.id/api/landmark/91952509/photo
91838552;HSZFWA;TANAHKOSONG SAMPING RUMAH BU ETI;0017;RT 001 RW 004;3272050002;-6.9219667;106.9334298;2.0999999046326;1;150;Batas Wilkerstat;15040;Batas SLS;2025-08-04 17:05:49;2025-08-04 17:05:52;RIA OKTAVIANI;https://wilkerstat.bps.go.id/api/landmark/91838552/photo
91843705;HSZNMF;RUMAH IBU ETI;0017;RT 001 RW 004;3272050002;-6.9218869;106.9332948;2.1500000953674;1;150;Batas Wilkerstat;15040;Batas SLS;2025-08-04 17:10:51;2025-08-04 17:10:54;RIA OKTAVIANI;https://wilkerstat.bps.go.id/api/landmark/91843705/photo
91961419;HTGFPR;SAMPING RUMAH BARU;0017;RT 001 RW 004;3272050002;-6.9215317;106.9334909;4.8280000686646;1;150;Batas Wilkerstat;15040;Batas SLS;2025-08-05 09:01:40;2025-08-05 09:01:43;RIA OKTAVIANI;https://wilkerstat.bps.go.id/api/landmark/91961419/photo
90026013;HPACOZ;TANAH KOSONG;0018;RT 002 RW 004;3272050002;-6.9224147;106.9326448;2.25;1;150;Batas Wilkerstat;15040;Batas SLS;2025-08-01 14:09:25;2025-08-01 14:09:27;RIA OKTAVIANI;https://wilkerstat.bps.go.id/api/landmark/90026013/photo
90029122;HPAHEO;RUMAH BAPA DADAN MULYADI;0018;RT 002 RW 004;3272050002;-6.9215132636517;106.93258468062;4.6050000190735;1;150;Batas Wilkerstat;15040;Batas SLS;2025-08-01 14:14:25;2025-08-01 14:14:27;RIA OKTAVIANI;https://wilkerstat.bps.go.id/api/landmark/90029122/photo
90553330;HQECQK;PERTIGAAN JL.A YANI -JL.CIKIRAY RUKO KOSONG;0018;RT 002 RW 004;3272050002;-6.9226215952053;106.93202912807;2.1760001182556;1;150;Batas Wilkerstat;15040;Batas SLS;2025-08-02 14:59:06;2025-08-02 14:59:09;RIA OKTAVIANI;https://wilkerstat.bps.go.id/api/landmark/90553330/photo
91157919;HRMMZV;PERCETAKAN PANDAWA JL.CIKIRAY;0018;RT 002 RW 004;3272050002;-6.9214333837995;106.93221990019;4.6040000915527;1;150;Batas Wilkerstat;15040;Batas SLS;2025-08-03 15:22:38;2025-08-03 15:22:40;RIA OKTAVIANI;https://wilkerstat.bps.go.id/api/landmark/91157919/photo
91827220;HSYPCE;TOKO RAMAI SAMPING GG.CEREME 2;0018;RT 002 RW 004;3272050002;-6.922741081845;106.93259708583;2;1;150;Batas Wilkerstat;15040;Batas SLS;2025-08-04 16:55:48;2025-08-04 16:55:51;RIA OKTAVIANI;https://wilkerstat.bps.go.id/api/landmark/91827220/photo
90530817;HQCVIN;JL.RE.MARTADINATA RUKO KOSONG;0021;RT 005 RW 004;3272050002;-6.9206056280356;106.93270236254;5.5700001716614;1;150;Batas Wilkerstat;15040;Batas SLS;2025-08-02 14:35:06;2025-08-02 14:35:08;RIA OKTAVIANI;https://wilkerstat.bps.go.id/api/landmark/90530817/photo
90535869;HQDCUV;PERTIGAAN JL.RE.MARTADINATA- JL.CIKIRAY TANAH KOSONG;0021;RT 005 RW 004;3272050002;-6.9207141316884;106.93231310695;1.7000000476837;1;150;Batas Wilkerstat;15040;Batas SLS;2025-08-02 14:40:36;2025-08-02 14:40:40;RIA OKTAVIANI;https://wilkerstat.bps.go.id/api/landmark/90535869/photo
90542001;HQDLWR;TOKO GAS;0021;RT 005 RW 004;3272050002;-6.9214224003188;106.93222224712;4.1199998855591;1;150;Batas Wilkerstat;15040;Batas SLS;2025-08-02 14:47:01;2025-08-02 14:47:03;RIA OKTAVIANI;https://wilkerstat.bps.go.id/api/landmark/90542001/photo
91165329;HRMXYV;MESJID AL IKHLAS;0021;RT 005 RW 004;3272050002;-6.9215026130055;106.93260915577;3.2239999771118;1;150;Batas Wilkerstat;15040;Batas SLS;2025-08-03 15:30:28;2025-08-03 15:30:30;RIA OKTAVIANI;https://wilkerstat.bps.go.id/api/landmark/91165329/photo
90702109;HQMOSR;TOKO SEPEDA GG.CEREME 2;0025;RT 004 RW 005;3272050002;-6.9227813544939;106.9326255843;3.7420001029968;1;150;Batas Wilkerstat;15040;Batas SLS;2025-08-02 17:20:17;2025-08-02 17:20:19;RIA OKTAVIANI;https://wilkerstat.bps.go.id/api/landmark/90702109/photo
90705250;HQMTJM;RAMEN SHODAI GG.CEREME 1;0025;RT 004 RW 005;3272050002;-6.9228146376722;106.93294778466;3.2460000514984;1;150;Batas Wilkerstat;15070;Batas Segmen;2025-08-02 17:23:30;2025-08-02 17:23:32;RIA OKTAVIANI;https://wilkerstat.bps.go.id/api/landmark/90705250/photo
91172355;HRNIJB;MUSHOLA AL IKHLAS;0025;RT 004 RW 005;3272050002;-6.9216031284692;106.93256288767;1.7999999523163;1;150;Batas Wilkerstat;15040;Batas SLS;2025-08-03 15:38:04;2025-08-03 15:38:06;RIA OKTAVIANI;https://wilkerstat.bps.go.id/api/landmark/91172355/photo
91179945;HRNTOZ;RUMAH IBU SELA GG.CEREME 1;0025;RT 004 RW 005;3272050002;-6.9217545672897;106.93328808993;1.75;1;150;Batas Wilkerstat;15040;Batas SLS;2025-08-03 15:46:24;2025-08-03 15:46:28;RIA OKTAVIANI;https://wilkerstat.bps.go.id/api/landmark/91179945/photo
90886673;HQXBTH;BASO MAS DEDI GG.H MUHTAR;0033;RT 001 RW 007;3272050002;-6.9210484;106.9371216;17.898000717163;1;150;Batas Wilkerstat;15040;Batas SLS;2025-08-03 10:08:57;2025-08-03 10:09:00;RIA OKTAVIANI;https://wilkerstat.bps.go.id/api/landmark/90886673/photo
90911100;HQYLWU;TRAVEL BHINEKA JL.SILIWANGI GG.MUHTAR;0033;RT 001 RW 007;3272050002;-6.9206897;106.9357141;4.5960001945496;1;150;Batas Wilkerstat;15040;Batas SLS;2025-08-03 10:30:57;2025-08-03 10:31:04;RIA OKTAVIANI;https://wilkerstat.bps.go.id/api/landmark/90911100/photo
90954455;HRAYAH;PAUD ANNUR;0033;RT 001 RW 007;3272050002;-6.9216182;106.9367983;8.8290004730225;1;150;Batas Wilkerstat;15040;Batas SLS;2025-08-03 11:10:04;2025-08-03 11:10:06;RIA OKTAVIANI;https://wilkerstat.bps.go.id/api/landmark/90954455/photo
91111272;HRJVZS;TOKO SKATER JL.SILIWANGI;0033;RT 001 RW 007;3272050002;-6.9211203;106.9357117;1.5499999523163;1;150;Batas Wilkerstat;15040;Batas SLS;2025-08-03 14:29:19;2025-08-03 14:29:21;RIA OKTAVIANI;https://wilkerstat.bps.go.id/api/landmark/91111272/photo
90875408;HQWLCA;AGEN AQUA GG.MUHTAR;0034;RT 002 RW 007;3272050002;-6.9219615;106.9365545;3.2560000419617;1;150;Batas Wilkerstat;15040;Batas SLS;2025-08-03 09:58:54;2025-08-03 09:58:56;RIA OKTAVIANI;https://wilkerstat.bps.go.id/api/landmark/90875408/photo
90963529;HRBLLH;SMP ANNUR;0034;RT 002 RW 007;3272050002;-6.9215825;106.936868;2.0999999046326;1;150;Batas Wilkerstat;15040;Batas SLS;2025-08-03 11:18:25;2025-08-03 11:18:27;RIA OKTAVIANI;https://wilkerstat.bps.go.id/api/landmark/90963529/photo
90972538;HRBYTU;BELAKANG SMP ANNUR;0034;RT 002 RW 007;3272050002;-6.9216678;106.9370748;3.2999999523163;1;150;Batas Wilkerstat;15040;Batas SLS;2025-08-03 11:26:55;2025-08-03 11:26:57;RIA OKTAVIANI;https://wilkerstat.bps.go.id/api/landmark/90972538/photo
91108407;HRJRTN;ODC BAKERY JL.SILIWANGI;0034;RT 002 RW 007;3272050002;-6.9212267;106.9356882;5.058000087738;1;150;Batas Wilkerstat;15040;Batas SLS;2025-08-03 14:25:38;2025-08-03 14:25:41;RIA OKTAVIANI;https://wilkerstat.bps.go.id/api/landmark/91108407/photo
91119039;HRKHML;TOKO PLASTIK HONOLULU JL.SILIWANGI;0034;RT 002 RW 007;3272050002;-6.9217975;106.9356247;5.2870001792908;1;150;Batas Wilkerstat;15040;Batas SLS;2025-08-03 14:38:14;2025-08-03 14:38:17;RIA OKTAVIANI;https://wilkerstat.bps.go.id/api/landmark/91119039/photo
91575745;HSKHCB;SDN PINTUKISI JL.SILIWANGI;0035;RT 003 RW 007;3272050002;-6.9218309;106.9356662;8.3249998092651;1;150;Batas Wilkerstat;15040;Batas SLS;2025-08-04 12:45:14;2025-08-04 12:45:18;RIA OKTAVIANI;https://wilkerstat.bps.go.id/api/landmark/91575745/photo
91578044;HSKKMM;UCHI PARFUM;0035;RT 003 RW 007;3272050002;-6.9224013;106.9356546;4.423999786377;1;150;Batas Wilkerstat;15040;Batas SLS;2025-08-04 12:48:58;2025-08-04 12:49:01;RIA OKTAVIANI;https://wilkerstat.bps.go.id/api/landmark/91578044/photo
91587017;HSKXTP;RUMAH DEKAT UST;0035;RT 003 RW 007;3272050002;-6.9226117;106.9364067;4.1669998168945;1;150;Batas Wilkerstat;15040;Batas SLS;2025-08-04 13:03:04;2025-08-04 13:03:07;RIA OKTAVIANI;https://wilkerstat.bps.go.id/api/landmark/91587017/photo
91590622;HSLDCG;YANLY KOST;0035;RT 003 RW 007;3272050002;-6.92226;106.936605;2.2999999523163;1;150;Batas Wilkerstat;15040;Batas SLS;2025-08-04 13:08:33;2025-08-04 13:08:37;RIA OKTAVIANI;https://wilkerstat.bps.go.id/api/landmark/91590622/photo
91628692;HSNHKM;RUMAH BU DANTI;0035;RT 003 RW 007;3272050002;-6.9221577;106.9364585;4.4759998321533;1;150;Batas Wilkerstat;15040;Batas SLS;2025-08-04 13:57:08;2025-08-04 13:57:11;RIA OKTAVIANI;https://wilkerstat.bps.go.id/api/landmark/91628692/photo
91130273;HRKYCN;TOKO KOSONG JL.RA KOSASIH;0036;RT 004 RW 007;3272050002;-6.9230708;106.9355962;3.3810000419617;1;150;Batas Wilkerstat;15040;Batas SLS;2025-08-03 14:51:32;2025-08-03 14:51:34;RIA OKTAVIANI;https://wilkerstat.bps.go.id/api/landmark/91130273/photo
91634645;HSNQFL;WARUNG;0036;RT 004 RW 007;3272050002;-6.922418;106.9360252;2.8610000610352;1;150;Batas Wilkerstat;15070;Batas Segmen;2025-08-04 14:03:53;2025-08-04 14:03:56;RIA OKTAVIANI;https://wilkerstat.bps.go.id/api/landmark/91634645/photo
90336319;HPRTPV;MASJID ALFURQOON;0047;RT 002 RW 009;3272050002;-6.920232;106.9372293;4.2519998550415;1;150;Batas Wilkerstat;15040;Batas SLS;2025-08-02 10:44:56;2025-08-02 10:45:00;Fitriani Putri Lesmana;https://wilkerstat.bps.go.id/api/landmark/90336319/photo
90344284;HPSFKE;WARUNG BAPA EKO;0047;RT 002 RW 009;3272050002;-6.9208518;106.936565;3;1;150;Batas Wilkerstat;15040;Batas SLS;2025-08-02 10:52:20;2025-08-02 10:52:22;Fitriani Putri Lesmana;https://wilkerstat.bps.go.id/api/landmark/90344284/photo
90859942;HQVOFE;RUMAH IBU NANI;0047;RT 002 RW 009;3272050002;-6.9201721;106.936983;4.8330001831055;1;150;Batas Wilkerstat;15040;Batas SLS;2025-08-03 09:43:58;2025-08-03 09:44:01;Fitriani Putri Lesmana;https://wilkerstat.bps.go.id/api/landmark/90859942/photo
90861671;HQVQTR;RUMAH BAPA IPONG;0047;RT 002 RW 009;3272050002;-6.919939;106.9371702;4.7210001945496;1;150;Batas Wilkerstat;15040;Batas SLS;2025-08-03 09:45:44;2025-08-03 09:45:46;Fitriani Putri Lesmana;https://wilkerstat.bps.go.id/api/landmark/90861671/photo
90866207;HQVXMD;MAJELIS ALFURQON;0047;RT 002 RW 009;3272050002;-6.9205924;106.9370221;7.8319997787476;1;150;Batas Wilkerstat;15040;Batas SLS;2025-08-03 09:49:55;2025-08-03 09:49:58;Fitriani Putri Lesmana;https://wilkerstat.bps.go.id/api/landmark/90866207/photo
90350707;HPSOXF;RUMAH BU ELI;0048;RT 003 RW 009;3272050002;-6.9209181;106.9368492;3.1849999427795;1;150;Batas Wilkerstat;15040;Batas SLS;2025-08-02 10:58:13;2025-08-02 10:58:16;Fitriani Putri Lesmana;https://wilkerstat.bps.go.id/api/landmark/90350707/photo
90353528;HPSTBS;PARKIRAN BAPA SANANG;0048;RT 003 RW 009;3272050002;-6.9210679333035;106.93729095161;4.018000125885;1;150;Batas Wilkerstat;15040;Batas SLS;2025-08-02 11:00:59;2025-08-02 11:01:01;Fitriani Putri Lesmana;https://wilkerstat.bps.go.id/api/landmark/90353528/photo
90849627;HQUYYL;RUMAH IBU INTAN;0048;RT 003 RW 009;3272050002;-6.9203016;106.9373316;4.9800000190735;1;150;Batas Wilkerstat;15040;Batas SLS;2025-08-03 09:33:37;2025-08-03 09:33:39;Fitriani Putri Lesmana;https://wilkerstat.bps.go.id/api/landmark/90849627/photo
90857509;HQVKPP;KONTRAKAN;0048;RT 003 RW 009;3272050002;-6.920621;106.9374385;3.5999999046326;1;150;Batas Wilkerstat;15040;Batas SLS;2025-08-03 09:41:11;2025-08-03 09:41:17;Fitriani Putri Lesmana;https://wilkerstat.bps.go.id/api/landmark/90857509/photo
90284206;HPOUNM;RUMAH BAPA OBOY;0049;RT 004 RW 009;3272050002;-6.9207999;106.9379814;3.5;1;150;Batas Wilkerstat;15040;Batas SLS;2025-08-02 09:56:31;2025-08-02 09:56:40;Fitriani Putri Lesmana;https://wilkerstat.bps.go.id/api/landmark/90284206/photo
90334061;HPRQGZ;RUMAH PA H. ASEP;0049;RT 004 RW 009;3272050002;-6.9202607;106.9373138;3.6510000228882;1;150;Batas Wilkerstat;15040;Batas SLS;2025-08-02 10:43:05;2025-08-02 10:43:09;Fitriani Putri Lesmana;https://wilkerstat.bps.go.id/api/landmark/90334061/photo
90835546;HQUECW;BATAS JEMBATAN CISARUA-KBJATI;0049;RT 004 RW 009;3272050002;-6.9203843;106.9378586;10.930999755859;1;150;Batas Wilkerstat;15040;Batas SLS;2025-08-03 09:18:26;2025-08-03 09:18:28;Fitriani Putri Lesmana;https://wilkerstat.bps.go.id/api/landmark/90835546/photo
90840094;HQUKVU;RUMAH IBU SUCI;0049;RT 004 RW 009;3272050002;-6.9206949;106.9376441;7.25;1;150;Batas Wilkerstat;15040;Batas SLS;2025-08-03 09:23:32;2025-08-03 09:23:35;Fitriani Putri Lesmana;https://wilkerstat.bps.go.id/api/landmark/90840094/photo
91636173;HSNSMF;RUMAH BU RATU TOYIBAH;0049;RT 004 RW 009;3272050002;-6.9199985396527;106.93732213229;5.1339998245239;1;150;Batas Wilkerstat;15040;Batas SLS;2025-08-04 14:05:39;2025-08-04 14:05:42;Fitriani Putri Lesmana;https://wilkerstat.bps.go.id/api/landmark/91636173/photo
90272421;HPODCF;MASJID AL IKHLAS;0050;RT 005 RW 009;3272050002;-6.9206702;106.9376533;4.3029999732971;1;150;Batas Wilkerstat;15040;Batas SLS;2025-08-02 09:44:34;2025-08-02 09:44:36;Fitriani Putri Lesmana;https://wilkerstat.bps.go.id/api/landmark/90272421/photo
90277450;HPOKNQ;RUMAH MA ICAH;0050;RT 005 RW 009;3272050002;-6.9208293;106.9379049;4.0130000114441;1;150;Batas Wilkerstat;15040;Batas SLS;2025-08-02 09:49:54;2025-08-02 09:49:57;Fitriani Putri Lesmana;https://wilkerstat.bps.go.id/api/landmark/90277450/photo
90279504;HPONOQ;JEMBATAN KEL CISARUA - KBJATI;0050;RT 005 RW 009;3272050002;-6.9212573;106.9376647;4.3870000839233;1;150;Batas Wilkerstat;15040;Batas SLS;2025-08-02 09:52:05;2025-08-02 09:52:08;Fitriani Putri Lesmana;https://wilkerstat.bps.go.id/api/landmark/90279504/photo
90280874;HPOPPI;KONTRAKAN;0050;RT 005 RW 009;3272050002;-6.921173;106.9373586;3.7160000801086;1;150;Batas Wilkerstat;15040;Batas SLS;2025-08-02 09:53:25;2025-08-02 09:53:27;Fitriani Putri Lesmana;https://wilkerstat.bps.go.id/api/landmark/90280874/photo
90549894;HQDXOG;GAPURA GANG MAKSUDI;0027;RT 001 RW 006;3272050002;-6.9190508;106.9360247;3.6840000152588;1;150;Batas Wilkerstat;15040;Batas SLS;2025-08-02 14:55:24;2025-08-02 14:55:26;Fitriani Putri Lesmana;https://wilkerstat.bps.go.id/api/landmark/90549894/photo
90871536;HQWFJC;KANTOR KELURAHAN KEBONJATI;0027;RT 001 RW 006;3272050002;-6.9199805666295;106.93610910326;6.731999874115;1;150;Batas Wilkerstat;15040;Batas SLS;2025-08-03 09:55:01;2025-08-03 09:55:03;Fitriani Putri Lesmana;https://wilkerstat.bps.go.id/api/landmark/90871536/photo
90874413;HQWJPT;BANGUNAN KOSONG NOTARIS;0027;RT 001 RW 006;3272050002;-6.9198722;106.9358365;4.1420001983643;1;150;Batas Wilkerstat;15040;Batas SLS;2025-08-03 09:57:53;2025-08-03 09:57:55;Fitriani Putri Lesmana;https://wilkerstat.bps.go.id/api/landmark/90874413/photo
90879216;HQWQSM;KOS KOSAN;0027;RT 001 RW 006;3272050002;-6.9190878;106.9365283;4.9749999046326;1;150;Batas Wilkerstat;15040;Batas SLS;2025-08-03 10:02:23;2025-08-03 10:02:27;Fitriani Putri Lesmana;https://wilkerstat.bps.go.id/api/landmark/90879216/photo
91032852;HRFJZO;RUMAH BAPA JONI;0027;RT 001 RW 006;3272050002;-6.9201303;106.9366815;6.5830001831055;1;150;Batas Wilkerstat;15040;Batas SLS;2025-08-03 12:39:38;2025-08-03 12:39:42;Fitriani Putri Lesmana;https://wilkerstat.bps.go.id/api/landmark/91032852/photo
90880709;HQWSXX;RUMAH;0028;RT 002 RW 006;3272050002;-6.9190947;106.9367007;4.3449997901917;1;150;Batas Wilkerstat;15040;Batas SLS;2025-08-03 10:03:36;2025-08-03 10:03:40;Fitriani Putri Lesmana;https://wilkerstat.bps.go.id/api/landmark/90880709/photo
90884524;HQWYOQ;RUMAH IBU ANI;0028;RT 002 RW 006;3272050002;-6.9194793;106.9370298;4.3220000267029;1;150;Batas Wilkerstat;15040;Batas SLS;2025-08-03 10:07:06;2025-08-03 10:07:10;Fitriani Putri Lesmana;https://wilkerstat.bps.go.id/api/landmark/90884524/photo
90886702;HQXBUK;RUMAH IBU SANTI;0028;RT 002 RW 006;3272050002;-6.9192934;106.9372058;5.3249998092651;1;150;Batas Wilkerstat;15040;Batas SLS;2025-08-03 10:08:59;2025-08-03 10:09:02;Fitriani Putri Lesmana;https://wilkerstat.bps.go.id/api/landmark/90886702/photo
90890313;HQXHDH;RUMAH BAPA RT 02 RW 06;0028;RT 002 RW 006;3272050002;-6.9192727;106.9373788;4.3720002174377;1;150;Batas Wilkerstat;15040;Batas SLS;2025-08-03 10:12:05;2025-08-03 10:12:11;Fitriani Putri Lesmana;https://wilkerstat.bps.go.id/api/landmark/90890313/photo
90898306;HQXSYS;RUMAH;0028;RT 002 RW 006;3272050002;-6.9190496;106.9374819;4.2170000076294;1;150;Batas Wilkerstat;15040;Batas SLS;2025-08-03 10:19:29;2025-08-03 10:19:32;Fitriani Putri Lesmana;https://wilkerstat.bps.go.id/api/landmark/90898306/photo
90902517;HQXZER;RUMAH BAPA ANWAR;0028;RT 002 RW 006;3272050002;-6.9190424;106.9373584;4.7350001335144;1;150;Batas Wilkerstat;15040;Batas SLS;2025-08-03 10:23:24;2025-08-03 10:23:28;Fitriani Putri Lesmana;https://wilkerstat.bps.go.id/api/landmark/90902517/photo
91041262;HRFWLA;RUMAH NOTARIS;0029;RT 003 RW 006;3272050002;-6.9201496;106.9367445;5.8899998664856;1;150;Batas Wilkerstat;15040;Batas SLS;2025-08-03 12:52:47;2025-08-03 12:52:53;Fitriani Putri Lesmana;https://wilkerstat.bps.go.id/api/landmark/91041262/photo
91042245;HRFXWV;RUMAH BAPA ADIM;0029;RT 003 RW 006;3272050002;-6.9199274;106.9370216;4.7729997634888;1;150;Batas Wilkerstat;15040;Batas SLS;2025-08-03 12:54:09;2025-08-03 12:54:18;Fitriani Putri Lesmana;https://wilkerstat.bps.go.id/api/landmark/91042245/photo
91052462;HRGMZU;TANAH KOSONG;0029;RT 003 RW 006;3272050002;-6.9193521;106.9376702;4.2360000610352;1;150;Batas Wilkerstat;15040;Batas SLS;2025-08-03 13:09:54;2025-08-03 13:09:59;Fitriani Putri Lesmana;https://wilkerstat.bps.go.id/api/landmark/91052462/photo
91056228;HRGSOQ;KOS KOSAN;0029;RT 003 RW 006;3272050002;-6.9199794;106.9375348;3.4049999713898;1;150;Batas Wilkerstat;15040;Batas SLS;2025-08-03 13:15:19;2025-08-03 13:15:24;Fitriani Putri Lesmana;https://wilkerstat.bps.go.id/api/landmark/91056228/photo
91074608;HRHTTO;WC UMUM;0029;RT 003 RW 006;3272050002;-6.9193165;106.9372655;4.6589999198914;1;150;Batas Wilkerstat;15040;Batas SLS;2025-08-03 13:41:07;2025-08-03 13:41:09;Fitriani Putri Lesmana;https://wilkerstat.bps.go.id/api/landmark/91074608/photo
91149308;HRMAGQ;SELOKAN BATAS RW 6 RW 9;0029;RT 003 RW 006;3272050002;-6.9199553;106.9373639;4.0840001106262;1;150;Batas Wilkerstat;15040;Batas SLS;2025-08-03 15:12:58;2025-08-03 15:13:01;Fitriani Putri Lesmana;https://wilkerstat.bps.go.id/api/landmark/91149308/photo
91175966;HRNNRY;MCK;0030;RT 004 RW 006;3272050002;-6.9184487;106.9376299;4.7210001945496;1;150;Batas Wilkerstat;15040;Batas SLS;2025-08-03 15:42:24;2025-08-03 15:42:27;Fitriani Putri Lesmana;https://wilkerstat.bps.go.id/api/landmark/91175966/photo
91428521;HSBXHP;RUMAH PAK WAWAN;0030;RT 004 RW 006;3272050002;-6.9190124;106.9374389;8.2659997940063;1;150;Batas Wilkerstat;15040;Batas SLS;2025-08-04 09:59:40;2025-08-04 09:59:43;Fitriani Putri Lesmana;https://wilkerstat.bps.go.id/api/landmark/91428521/photo
91440060;HSCOJK;KOS KOSAN;0030;RT 004 RW 006;3272050002;-6.9189201;106.9372902;4.2509999275208;1;150;Batas Wilkerstat;15040;Batas SLS;2025-08-04 10:11:26;2025-08-04 10:11:31;Fitriani Putri Lesmana;https://wilkerstat.bps.go.id/api/landmark/91440060/photo
91443451;HSCTJV;KOS KOSAN;0030;RT 004 RW 006;3272050002;-6.9187834;106.93777;3.7890000343323;1;150;Batas Wilkerstat;15040;Batas SLS;2025-08-04 10:15:00;2025-08-04 10:15:02;Fitriani Putri Lesmana;https://wilkerstat.bps.go.id/api/landmark/91443451/photo
91448349;HSDAQF;RUMAH;0031;RT 005 RW 006;3272050002;-6.9199635;106.9381586;3.0409998893738;1;150;Batas Wilkerstat;15040;Batas SLS;2025-08-04 10:20:02;2025-08-04 10:20:05;Fitriani Putri Lesmana;https://wilkerstat.bps.go.id/api/landmark/91448349/photo
91461735;HSDULB;RUMAH BU DEDAH;0031;RT 005 RW 006;3272050002;-6.9205929;106.937706;4.5190000534058;1;150;Batas Wilkerstat;15040;Batas SLS;2025-08-04 10:33:32;2025-08-04 10:33:35;Fitriani Putri Lesmana;https://wilkerstat.bps.go.id/api/landmark/91461735/photo
91472277;HSEKAN;KOS KOSAN;0031;RT 005 RW 006;3272050002;-6.9200447;106.9375389;3.5810000896454;1;150;Batas Wilkerstat;15040;Batas SLS;2025-08-04 10:43:34;2025-08-04 10:43:36;Fitriani Putri Lesmana;https://wilkerstat.bps.go.id/api/landmark/91472277/photo
91475893;HSEPJP;MASJID ALHIKMAH;0031;RT 005 RW 006;3272050002;-6.9198435;106.9377237;4.3559999465942;1;150;Batas Wilkerstat;15040;Batas SLS;2025-08-04 10:46:51;2025-08-04 10:46:57;Fitriani Putri Lesmana;https://wilkerstat.bps.go.id/api/landmark/91475893/photo
91479339;HSEUMD;SELOKAN RT 5 RW 6 RT 4 RW 9;0031;RT 005 RW 006;3272050002;-6.9201325;106.9374834;3.6019999980927;1;150;Batas Wilkerstat;15040;Batas SLS;2025-08-04 10:50:18;2025-08-04 10:50:20;Fitriani Putri Lesmana;https://wilkerstat.bps.go.id/api/landmark/91479339/photo
91163144;HRMUSU;WARUNG IBU JEK;0032;RT 006 RW 006;3272050002;-6.9189966;106.9383505;4.0229997634888;1;150;Batas Wilkerstat;15040;Batas SLS;2025-08-03 15:28:12;2025-08-03 15:28:14;Fitriani Putri Lesmana;https://wilkerstat.bps.go.id/api/landmark/91163144/photo
91170044;HRNEYE;POSYANDU;0032;RT 006 RW 006;3272050002;-6.9189415;106.9383529;3.0840001106262;1;150;Batas Wilkerstat;15040;Batas SLS;2025-08-03 15:35:37;2025-08-03 15:35:39;Fitriani Putri Lesmana;https://wilkerstat.bps.go.id/api/landmark/91170044/photo
91174509;HRNLNX;KOS KOSAN;0032;RT 006 RW 006;3272050002;-6.9187898;106.9378372;2.7999999523163;1;150;Batas Wilkerstat;15040;Batas SLS;2025-08-03 15:40:38;2025-08-03 15:40:41;Fitriani Putri Lesmana;https://wilkerstat.bps.go.id/api/landmark/91174509/photo
91179601;HRNTBT;LAHAN KOSONG;0032;RT 006 RW 006;3272050002;-6.9193782;106.9377218;3.3299999237061;1;150;Batas Wilkerstat;15040;Batas SLS;2025-08-03 15:45:59;2025-08-03 15:46:02;Fitriani Putri Lesmana;https://wilkerstat.bps.go.id/api/landmark/91179601/photo
91187948;HROFKU;RUMAH H MAMI;0032;RT 006 RW 006;3272050002;-6.9199282;106.93819;2.4000000953674;1;150;Batas Wilkerstat;15040;Batas SLS;2025-08-03 15:54:38;2025-08-03 15:54:41;Fitriani Putri Lesmana;https://wilkerstat.bps.go.id/api/landmark/91187948/photo
91190545;HROJGR;MASJID ALHIKMAH;0032;RT 006 RW 006;3272050002;-6.919770548474;106.93773686886;4;1;150;Batas Wilkerstat;15040;Batas SLS;2025-08-03 15:57:14;2025-08-03 15:57:17;Fitriani Putri Lesmana;https://wilkerstat.bps.go.id/api/landmark/91190545/photo
90667018;HQKOVA;MESJID AL LATIF;0025;RT 001 RW 006;3272050003;-6.9184635078689;106.93291090429;1.6829999685287;1;150;Batas Wilkerstat;15040;Batas SLS;2025-08-02 16:48:05;2025-08-02 16:48:07;Linda Rusniawati;https://wilkerstat.bps.go.id/api/landmark/90667018/photo
91340085;HRWWMF;KANTOR PLN;0025;RT 001 RW 006;3272050003;-6.9206685335306;106.93219073117;1.6000000238419;1;150;Batas Wilkerstat;15040;Batas SLS;2025-08-04 07:22:34;2025-08-04 07:22:37;Linda Rusniawati;https://wilkerstat.bps.go.id/api/landmark/91340085/photo
91964809;HTGKQB;RUMAH BPK HASONUDIN;0025;RT 001 RW 006;3272050003;-6.9181882533765;106.93155907094;1.7999999523163;1;150;Batas Wilkerstat;15040;Batas SLS;2025-08-05 09:06:07;2025-08-05 09:06:10;Linda Rusniawati;https://wilkerstat.bps.go.id/api/landmark/91964809/photo
91971640;HTGUSU;YAYASAN MARDI WALUYA;0025;RT 001 RW 006;3272050003;-6.9204243;106.9310934;1.4830000400543;1;150;Batas Wilkerstat;15040;Batas SLS;2025-08-05 09:14:31;2025-08-05 09:14:33;Linda Rusniawati;https://wilkerstat.bps.go.id/api/landmark/91971640/photo
91334897;HRWOUR;BELAKANG RUMAH PAK ZENI;0026;RT 002 RW 006;3272050003;-6.9194963;106.9329874;1.9329999685287;1;150;Batas Wilkerstat;15040;Batas SLS;2025-08-04 06:47:49;2025-08-04 06:47:52;Linda Rusniawati;https://wilkerstat.bps.go.id/api/landmark/91334897/photo
91336237;HRWQUF;JEMBATAN DEKAT FRESH MILK;0026;RT 002 RW 006;3272050003;-6.9184515258145;106.93306546658;1.5829999446869;1;150;Batas Wilkerstat;15040;Batas SLS;2025-08-04 06:59:33;2025-08-04 06:59:35;Linda Rusniawati;https://wilkerstat.bps.go.id/api/landmark/91336237/photo
91336761;HRWROJ;JEMBATAN DEKAT MASJID;0026;RT 002 RW 006;3272050003;-6.9184135826403;106.93291593343;1.9160000085831;1;150;Batas Wilkerstat;15040;Batas SLS;2025-08-04 07:03:23;2025-08-04 07:03:25;Linda Rusniawati;https://wilkerstat.bps.go.id/api/landmark/91336761/photo
91339716;HRWVYA;NAAVAGREEN;0026;RT 002 RW 006;3272050003;-6.9205656880344;106.93261418492;1.6330000162125;1;150;Batas Wilkerstat;15040;Batas SLS;2025-08-04 07:20:44;2025-08-04 07:20:47;Linda Rusniawati;https://wilkerstat.bps.go.id/api/landmark/91339716/photo
91339908;HRWWFK;RUMAH BPK ANDY;0026;RT 002 RW 006;3272050003;-6.9207048123573;106.93219441921;1.5;1;150;Batas Wilkerstat;15040;Batas SLS;2025-08-04 07:21:42;2025-08-04 07:21:44;Linda Rusniawati;https://wilkerstat.bps.go.id/api/landmark/91339908/photo
91341222;HRWYDY;RUMAH BU LILIS;0026;RT 002 RW 006;3272050003;-6.9193888;106.9324624;2.3829998970032;1;150;Batas Wilkerstat;15040;Batas SLS;2025-08-04 07:28:24;2025-08-04 07:28:26;Linda Rusniawati;https://wilkerstat.bps.go.id/api/landmark/91341222/photo
89925084;HOUJHC;RUMAH IBU OTIH;0027;RT 003 RW 006;3272050003;-6.919457;106.932895;4.0999999046326;1;150;Batas Wilkerstat;15040;Batas SLS;2025-08-01 09:27:16;2025-08-01 09:28:00;Linda Rusniawati;https://wilkerstat.bps.go.id/api/landmark/89925084/photo
89927177;HOUMJP;BELAKANG RUMAH BU UCI;0027;RT 003 RW 006;3272050003;-6.9194817;106.9337067;2.2000000476837;1;150;Batas Wilkerstat;15040;Batas SLS;2025-08-01 09:34:42;2025-08-01 09:35:32;Linda Rusniawati;https://wilkerstat.bps.go.id/api/landmark/89927177/photo
89928777;HOUOTD;BELAKANG RUMAH BU UCI;0027;RT 003 RW 006;3272050003;-6.91947965154;106.93378027529;2.2000000476837;1;150;Batas Wilkerstat;15040;Batas SLS;2025-08-01 09:35:28;2025-08-01 09:51:07;Linda Rusniawati;https://wilkerstat.bps.go.id/api/landmark/89928777/photo
90766541;HQQGAV;RUMAH PAK ANDRI;0027;RT 003 RW 006;3272050003;-6.9190785862514;106.93306747824;4.3400001525879;1;150;Batas Wilkerstat;15040;Batas SLS;2025-08-03 06:44:21;2025-08-03 06:44:24;Linda Rusniawati;https://wilkerstat.bps.go.id/api/landmark/90766541/photo
91335007;HRWOYX;BELAKANG RUMAH IBU OTIH;0027;RT 003 RW 006;3272050003;-6.919463;106.9329687;2.183000087738;1;150;Batas Wilkerstat;15040;Batas SLS;2025-08-04 06:48:44;2025-08-04 06:48:47;Linda Rusniawati;https://wilkerstat.bps.go.id/api/landmark/91335007/photo
91335892;HRWQGY;FRESHMILK;0027;RT 003 RW 006;3272050003;-6.9184502;106.9331556;1.6000000238419;1;150;Batas Wilkerstat;15040;Batas SLS;2025-08-04 06:56:37;2025-08-04 06:56:39;Linda Rusniawati;https://wilkerstat.bps.go.id/api/landmark/91335892/photo
91337138;HRWSCW;RUMAH BPK YULIANTO;0027;RT 003 RW 006;3272050003;-6.9184183;106.9339133;1.8159999847412;1;150;Batas Wilkerstat;15040;Batas SLS;2025-08-04 07:06:03;2025-08-04 07:06:05;Linda Rusniawati;https://wilkerstat.bps.go.id/api/landmark/91337138/photo
91927098;HTEGVQ;RUMAH PAK ROBBY;0028;RT 004 RW 006;3272050003;-6.9194435;106.9327631;4.9559998512268;1;150;Batas Wilkerstat;15040;Batas SLS;2025-08-05 08:00:22;2025-08-05 08:00:24;Linda Rusniawati;https://wilkerstat.bps.go.id/api/landmark/91927098/photo
91930982;HTEMPA;VIHARA DHARMA RATNA;0028;RT 004 RW 006;3272050003;-6.92048;106.93264;1.4500000476837;1;150;Batas Wilkerstat;15040;Batas SLS;2025-08-05 08:10:24;2025-08-05 08:10:26;Linda Rusniawati;https://wilkerstat.bps.go.id/api/landmark/91930982/photo
91936019;HTEUAT;RM IBU MUSLICH;0028;RT 004 RW 006;3272050003;-6.9207833;106.9354033;1.5;1;150;Batas Wilkerstat;15040;Batas SLS;2025-08-05 08:21:35;2025-08-05 08:21:38;Linda Rusniawati;https://wilkerstat.bps.go.id/api/landmark/91936019/photo
91936767;HTEVDN;RUKO KAGE;0029;RT 005 RW 006;3272050003;-6.9207655;106.9354669;1.5829999446869;1;150;Batas Wilkerstat;15040;Batas SLS;2025-08-05 08:23:03;2025-08-05 08:23:06;Linda Rusniawati;https://wilkerstat.bps.go.id/api/landmark/91936767/photo
91938360;HTEXMU;RUKO PARFUM;0029;RT 005 RW 006;3272050003;-6.9206783;106.935635;1.5;1;150;Batas Wilkerstat;15040;Batas SLS;2025-08-05 08:26:05;2025-08-05 08:26:07;Linda Rusniawati;https://wilkerstat.bps.go.id/api/landmark/91938360/photo
91942174;HTFDDM;BPK PENABUR;0029;RT 005 RW 006;3272050003;-6.918525415145;106.93599443883;1.9160000085831;1;150;Batas Wilkerstat;15040;Batas SLS;2025-08-05 08:32:56;2025-08-05 08:32:59;Linda Rusniawati;https://wilkerstat.bps.go.id/api/landmark/91942174/photo
91955248;HTFWMI;LAPANG BASKET UMMI;0029;RT 005 RW 006;3272050003;-6.9197447;106.933971;1.7159999608994;1;150;Batas Wilkerstat;15040;Batas SLS;2025-08-05 08:53:21;2025-08-05 08:53:25;Linda Rusniawati;https://wilkerstat.bps.go.id/api/landmark/91955248/photo
91956887;HTFYXJ;MASJID UMMI;0029;RT 005 RW 006;3272050003;-6.9193482;106.9340327;2.433000087738;1;150;Batas Wilkerstat;15040;Batas SLS;2025-08-05 08:55:37;2025-08-05 08:55:40;Linda Rusniawati;https://wilkerstat.bps.go.id/api/landmark/91956887/photo
91959251;HTGCKH;KAMPUS UMMI;0029;RT 005 RW 006;3272050003;-6.9184196;106.9340116;1.9329999685287;1;150;Batas Wilkerstat;15040;Batas SLS;2025-08-05 08:58:51;2025-08-05 08:58:54;Linda Rusniawati;https://wilkerstat.bps.go.id/api/landmark/91959251/photo
90833498;HQUBCC;PAGAR RUMAH BPK UNEH;0001;Rt 001  RW001;3272050003;-6.905813;106.9379821;4.2220001220703;1;150;Batas Wilkerstat;15040;Batas SLS;2025-08-03 09:16:12;2025-08-03 09:16:13;Asep suhendi;https://wilkerstat.bps.go.id/api/landmark/90833498/photo
90856017;HQVIKF;RUMAH PK H ASEP;0001;Rt 001  RW001;3272050003;-6.905324;106.9381508;3.8099999427795;1;150;Batas Wilkerstat;15040;Batas SLS;2025-08-03 09:39:51;2025-08-03 09:39:53;Asep suhendi;https://wilkerstat.bps.go.id/api/landmark/90856017/photo
90876874;HQWNGK;SUNGAI CISARUA;0002;Rt 002 Rw 001;3272050003;-6.9063398;106.9384999;4.7369999885559;1;150;Batas Wilkerstat;15040;Batas SLS;2025-08-03 10:00:24;2025-08-03 10:00:26;Asep suhendi;https://wilkerstat.bps.go.id/api/landmark/90876874/photo
90400964;HPVLGE;JEMBATAN;0003;Rt 003 Rw 001;3272050003;-6.9063785;106.938537;4.8410000801086;1;150;Batas Wilkerstat;15040;Batas SLS;2025-08-02 11:45:59;2025-08-02 11:46:00;Asep suhendi;https://wilkerstat.bps.go.id/api/landmark/90400964/photo
90405049;HPVRHH;TIANG INTERNET;0003;Rt 003 Rw 001;3272050003;-6.9058473;106.937961;4.6729998588562;1;150;Batas Wilkerstat;15040;Batas SLS;2025-08-02 11:50:16;2025-08-02 11:50:18;Asep suhendi;https://wilkerstat.bps.go.id/api/landmark/90405049/photo
90411772;HPWBFW;TEMBOK WISMA;0003;Rt 003 Rw 001;3272050003;-6.9067775;106.9372057;4.6500000953674;1;150;Batas Wilkerstat;15040;Batas SLS;2025-08-02 11:57:44;2025-08-02 11:57:45;Asep suhendi;https://wilkerstat.bps.go.id/api/landmark/90411772/photo
90379167;HPUEZV;SUNGAI CISARUA;0004;Rt 004 Rw 001;3272050003;-6.9071113736186;106.93888586015;4.8639998435974;1;150;Batas Wilkerstat;15040;Batas SLS;2025-08-02 11:24:20;2025-08-02 11:24:21;Asep suhendi;https://wilkerstat.bps.go.id/api/landmark/90379167/photo
90429497;HPXBLP;RUMAH BU UJUM;0004;Rt 004 Rw 001;3272050003;-6.908414;106.9365351;4.4990000724792;1;150;Batas Wilkerstat;15040;Batas SLS;2025-08-02 10:50:41;2025-08-02 12:20:15;Asep suhendi;https://wilkerstat.bps.go.id/api/landmark/90429497/photo
90429771;HPXBWD;RUMAH P PUPU;0004;Rt 004 Rw 001;3272050003;-6.9067771992946;106.93715684116;4.701000213623;1;150;Batas Wilkerstat;15040;Batas SLS;2025-08-02 10:59:12;2025-08-02 12:20:38;Asep suhendi;https://wilkerstat.bps.go.id/api/landmark/90429771/photo
90909609;HQYJRL;TEMBOK TANAH KOSONG;0004;Rt 004 Rw 001;3272050003;-6.9086368;106.9373607;4.8330001831055;1;150;Batas Wilkerstat;15040;Batas SLS;2025-08-03 10:29:47;2025-08-03 10:29:48;Asep suhendi;https://wilkerstat.bps.go.id/api/landmark/90909609/photo
91483582;HSFATI;WARUNG BASO MAZ GIMIN;0005;Rt 001 Rw 002;3272050003;-6.9093783;106.9370484;4.9710001945496;1;150;Batas Wilkerstat;15040;Batas SLS;2025-08-04 10:54:31;2025-08-04 10:54:32;Asep suhendi;https://wilkerstat.bps.go.id/api/landmark/91483582/photo
91432543;HSCDGH;PRAKTEK DR JEFRI;0006;Rt 002 Rw 002;3272050003;-6.9099812;106.9357391;19.254999160767;1;150;Batas Wilkerstat;15040;Batas SLS;2025-08-04 10:03:44;2025-08-04 10:03:45;Asep suhendi;https://wilkerstat.bps.go.id/api/landmark/91432543/photo
91491797;HSFMXH;GG YAKUB;0006;Rt 002 Rw 002;3272050003;-6.9089797;106.9362557;4.0380001068115;1;150;Batas Wilkerstat;15040;Batas SLS;2025-08-04 11:02:20;2025-08-04 11:02:21;Asep suhendi;https://wilkerstat.bps.go.id/api/landmark/91491797/photo
91176998;HRNPFQ;SUNGAI CI MANDIRI;0030;RT 001 RW 006;3272050004;-6.9023841;106.9341578;1.7599999904633;1;150;Batas Wilkerstat;15040;Batas SLS;2025-08-03 15:43:19;2025-08-03 15:43:34;NOVIANSYAH WIGUNA;https://wilkerstat.bps.go.id/api/landmark/91176998/photo
91386252;HRZMTW;RUMAH BU CUCUM;0031;RT 002 RW 006;3272050004;-6.9034578;106.9325189;2.960000038147;1;150;Batas Wilkerstat;15040;Batas SLS;2025-08-04 09:09:32;2025-08-04 09:09:46;NOVIANSYAH WIGUNA;https://wilkerstat.bps.go.id/api/landmark/91386252/photo
91391679;HRZUUP;KEBUN PAK MAMAT;0031;RT 002 RW 006;3272050004;-6.9034783;106.9330028;3.0920000076294;1;150;Batas Wilkerstat;15040;Batas SLS;2025-08-04 09:16:44;2025-08-04 09:16:59;NOVIANSYAH WIGUNA;https://wilkerstat.bps.go.id/api/landmark/91391679/photo
91409179;HSAURR;DING DING SMK 1;0031;RT 002 RW 006;3272050004;-6.90572;106.931869;3;1;150;Batas Wilkerstat;15040;Batas SLS;2025-08-04 09:38:05;2025-08-04 09:38:20;NOVIANSYAH WIGUNA;https://wilkerstat.bps.go.id/api/landmark/91409179/photo
91419202;HSBJNE;KEBUN PUNYA ROYAL KABANDUNGAN DI KELOLA WARGA;0031;RT 002 RW 006;3272050004;-6.9063302;106.9323297;3;1;150;Batas Wilkerstat;15040;Batas SLS;2025-08-04 09:49:22;2025-08-04 09:49:38;NOVIANSYAH WIGUNA;https://wilkerstat.bps.go.id/api/landmark/91419202/photo
91433901;HSCFGN;BASO MAS RYAN;0031;RT 002 RW 006;3272050004;-6.904682;106.9297564;2.1080000400543;1;150;Batas Wilkerstat;15040;Batas SLS;2025-08-04 10:04:55;2025-08-04 10:05:10;NOVIANSYAH WIGUNA;https://wilkerstat.bps.go.id/api/landmark/91433901/photo
91435902;HSCIFM;RUMAH PAK ENGKOS;0031;RT 002 RW 006;3272050004;-6.9051868724337;106.92952796817;3.0420000553131;1;150;Batas Wilkerstat;15040;Batas SLS;2025-08-04 10:07:03;2025-08-04 10:07:18;NOVIANSYAH WIGUNA;https://wilkerstat.bps.go.id/api/landmark/91435902/photo
91462736;HSDVXO;RUMAH BU KEKEN;0032;RT 003 RW 006;3272050004;-6.9061417;106.9287494;3.0480000972748;1;150;Batas Wilkerstat;15040;Batas SLS;2025-08-04 10:34:18;2025-08-04 10:34:33;NOVIANSYAH WIGUNA;https://wilkerstat.bps.go.id/api/landmark/91462736/photo
91497816;HSFVUU;TB GELAR WANGI;0032;RT 003 RW 006;3272050004;-6.9052833;106.92936;1.4939999580383;1;150;Batas Wilkerstat;15040;Batas SLS;2025-08-04 11:08:17;2025-08-04 11:08:33;NOVIANSYAH WIGUNA;https://wilkerstat.bps.go.id/api/landmark/91497816/photo
91508841;HSGMCV;SMK N 1 KELAS GEOMATIKA;0032;RT 003 RW 006;3272050004;-6.9068856;106.9307424;3.0239999294281;1;150;Batas Wilkerstat;15040;Batas SLS;2025-08-04 11:20:19;2025-08-04 11:20:34;NOVIANSYAH WIGUNA;https://wilkerstat.bps.go.id/api/landmark/91508841/photo
91517439;HSGYVN;SMK 3 LAPANG BASKET;0032;RT 003 RW 006;3272050004;-6.9043721;106.9318794;3.2850000858307;1;150;Batas Wilkerstat;15040;Batas SLS;2025-08-04 11:29:07;2025-08-04 11:29:22;NOVIANSYAH WIGUNA;https://wilkerstat.bps.go.id/api/landmark/91517439/photo
91250833;HRRULL;RUMAH BU HENI;0033;RT 004 RW006;3272050004;-6.9064833;106.9292767;4.3150000572205;1;150;Batas Wilkerstat;15040;Batas SLS;2025-08-03 16:55:44;2025-08-03 16:55:59;NOVIANSYAH WIGUNA;https://wilkerstat.bps.go.id/api/landmark/91250833/photo
91255148;HRSAVK;PEMAKAMAN KELUARGA PAK DASRIP;0033;RT 004 RW006;3272050004;-6.9072252058544;106.92894559354;3;1;150;Batas Wilkerstat;15040;Batas SLS;2025-08-03 16:59:56;2025-08-03 17:00:11;NOVIANSYAH WIGUNA;https://wilkerstat.bps.go.id/api/landmark/91255148/photo
91259070;HRSGQG;RUMAH WAHYU;0033;RT 004 RW006;3272050004;-6.9068962;106.9283177;3;1;150;Batas Wilkerstat;15040;Batas SLS;2025-08-03 17:03:46;2025-08-03 17:04:01;NOVIANSYAH WIGUNA;https://wilkerstat.bps.go.id/api/landmark/91259070/photo
91288784;HRTYPC;WARUNG GAD BARIL;0033;RT 004 RW006;3272050004;-6.906175;106.9286583;1.5829999446869;1;150;Batas Wilkerstat;15040;Batas SLS;2025-08-03 17:35:02;2025-08-03 17:40:25;NOVIANSYAH WIGUNA;https://wilkerstat.bps.go.id/api/landmark/91288784/photo
91461249;HSDTSJ;WARUNG BARLI;0033;RT 004 RW006;3272050004;-6.9062006;106.9286875;2.7000000476837;1;150;Batas Wilkerstat;15040;Batas SLS;2025-08-04 10:32:56;2025-08-04 10:33:11;NOVIANSYAH WIGUNA;https://wilkerstat.bps.go.id/api/landmark/91461249/photo
90779071;HQQYOT;RUMAH PAK BUDI;0039;RT 002 RW 007;3272050004;-6.9048814;106.9367887;4.1020002365112;1;150;Batas Wilkerstat;15040;Batas SLS;2025-08-03 07:40:09;2025-08-03 07:40:24;NOVIANSYAH WIGUNA;https://wilkerstat.bps.go.id/api/landmark/90779071/photo
90780222;HQRAHA;RUMAH PAK ADE SERVICE ELEKTRONIK;0039;RT 002 RW 007;3272050004;-6.9051476;106.9370364;2.2590000629425;1;150;Batas Wilkerstat;15040;Batas SLS;2025-08-03 07:43:50;2025-08-03 07:44:05;NOVIANSYAH WIGUNA;https://wilkerstat.bps.go.id/api/landmark/90780222/photo
90780807;HQRBDN;TUGU BATAS KOTA BAGIAN UTARA;0039;RT 002 RW 007;3272050004;-6.9052348;106.9375211;2.0880000591278;1;150;Batas Wilkerstat;15040;Batas SLS;2025-08-03 07:45:36;2025-08-03 07:45:51;NOVIANSYAH WIGUNA;https://wilkerstat.bps.go.id/api/landmark/90780807/photo
90782091;HQRDAX;RUMAH PAK MPAK ( TEMPAT PERKAITAN POHON SUJI );0039;RT 002 RW 007;3272050004;-6.9063567;106.9372267;3.0999999046326;1;150;Batas Wilkerstat;15040;Batas SLS;2025-08-03 07:49:19;2025-08-03 07:49:34;NOVIANSYAH WIGUNA;https://wilkerstat.bps.go.id/api/landmark/90782091/photo
90652165;HQJSVT;WARUNG ABAH DIDI;0014;Rt 001 Rw 003;3272050004;-6.914816;106.9274565;3.1630001068115;1;150;Batas Wilkerstat;15040;Batas SLS;2025-08-02 16:35:10;2025-08-02 16:35:12;sri rohmah;https://wilkerstat.bps.go.id/api/landmark/90652165/photo
90653988;HQJVNW;RUMAH HJ DEHTI;0014;Rt 001 Rw 003;3272050004;-6.9151324850493;106.92772250623;4.6770000457764;1;150;Batas Wilkerstat;15040;Batas SLS;2025-08-02 16:36:46;2025-08-02 16:36:51;sri rohmah;https://wilkerstat.bps.go.id/api/landmark/90653988/photo
90656505;HQJZGR;RUMAH ADE HERLINA;0014;Rt 001 Rw 003;3272050004;-6.9149916948983;106.92798938602;16.524000167847;1;150;Batas Wilkerstat;15040;Batas SLS;2025-08-02 16:39:11;2025-08-02 16:39:13;sri rohmah;https://wilkerstat.bps.go.id/api/landmark/90656505/photo
90657879;HQKBHN;RUMAH HERMIT;0014;Rt 001 Rw 003;3272050004;-6.9149512;106.9282301;4.688000202179;1;150;Batas Wilkerstat;15040;Batas SLS;2025-08-02 16:40:19;2025-08-02 16:40:20;sri rohmah;https://wilkerstat.bps.go.id/api/landmark/90657879/photo
90661148;HQKGDG;WARUNG DIDIN;0014;Rt 001 Rw 003;3272050004;-6.9146505365571;106.92855130881;4.9980001449585;1;150;Batas Wilkerstat;15040;Batas SLS;2025-08-02 16:43:03;2025-08-02 16:43:04;sri rohmah;https://wilkerstat.bps.go.id/api/landmark/90661148/photo
90664650;HQKLHY;HARLEY DAVIDSON CLUB;0014;Rt 001 Rw 003;3272050004;-6.9142338237904;106.9279545173;9.3500003814697;1;150;Batas Wilkerstat;15040;Batas SLS;2025-08-02 16:45:58;2025-08-02 16:46:02;sri rohmah;https://wilkerstat.bps.go.id/api/landmark/90664650/photo
90796650;HQRYOW;RUMAH AKMAL;0015;Rt 002 Rw 003;3272050004;-6.9144807893882;106.92852213979;16.371999740601;1;150;Batas Wilkerstat;15040;Batas SLS;2025-08-03 08:23:24;2025-08-03 08:23:26;sri rohmah;https://wilkerstat.bps.go.id/api/landmark/90796650/photo
91564369;HSJQGN;YUMMY TIME MOM AND BABY SPA;0015;Rt 002 Rw 003;3272050004;-6.9138394108093;106.92820765078;5.7360000610352;1;150;Batas Wilkerstat;15040;Batas SLS;2025-08-04 12:27:34;2025-08-04 12:27:36;sri rohmah;https://wilkerstat.bps.go.id/api/landmark/91564369/photo
91566909;HSJUAF;RUMAH KONTRAKAN REVITA;0015;Rt 002 Rw 003;3272050004;-6.9137149;106.9284617;5.2210001945496;1;150;Batas Wilkerstat;15040;Batas SLS;2025-08-04 12:31:28;2025-08-04 12:31:30;sri rohmah;https://wilkerstat.bps.go.id/api/landmark/91566909/photo
91568711;HSJWRN;KEDAI 68;0015;Rt 002 Rw 003;3272050004;-6.9141216574318;106.92803297192;4.6339998245239;1;150;Batas Wilkerstat;15040;Batas SLS;2025-08-04 12:34:07;2025-08-04 12:34:09;sri rohmah;https://wilkerstat.bps.go.id/api/landmark/91568711/photo
90797420;HQRZSM;RUMAH PAK DADAN;0016;Rt 003 Rw 003;3272050004;-6.9145932884991;106.92872766405;4.2729997634888;1;150;Batas Wilkerstat;15040;Batas SLS;2025-08-03 08:24:45;2025-08-03 08:24:47;sri rohmah;https://wilkerstat.bps.go.id/api/landmark/90797420/photo
90834865;HQUDCR;RUMAH SUPRI M JUSE;0016;Rt 003 Rw 003;3272050004;-6.9127630111754;106.92883662879;13.623000144958;1;150;Batas Wilkerstat;15040;Batas SLS;2025-08-03 09:17:37;2025-08-03 09:17:39;sri rohmah;https://wilkerstat.bps.go.id/api/landmark/90834865/photo
91563493;HSJOYV;HALEYORA;0016;Rt 003 Rw 003;3272050004;-6.9136766529514;106.92823246121;5.6680002212524;1;150;Batas Wilkerstat;15040;Batas SLS;2025-08-04 12:26:17;2025-08-04 12:26:19;sri rohmah;https://wilkerstat.bps.go.id/api/landmark/91563493/photo
90799722;HQSDDA;RMH UUS;0017;Rt 004 Rw 003;3272050004;-6.9132845693747;106.92931272089;7.3220000267029;1;150;Batas Wilkerstat;15040;Batas SLS;2025-08-03 08:28:54;2025-08-03 08:28:55;sri rohmah;https://wilkerstat.bps.go.id/api/landmark/90799722/photo
90802649;HQSHLP;RUMAH KIKI NORA;0017;Rt 004 Rw 003;3272050004;-6.9132047;106.9290015;5.0840001106262;1;150;Batas Wilkerstat;15040;Batas SLS;2025-08-03 08:34:03;2025-08-03 08:34:06;sri rohmah;https://wilkerstat.bps.go.id/api/landmark/90802649/photo
90828386;HQTTNM;MESJID ALHUDA;0017;Rt 004 Rw 003;3272050004;-6.912915118508;106.9291651994;3.3180000782013;1;150;Batas Wilkerstat;15040;Batas SLS;2025-08-03 09:10:15;2025-08-03 09:10:18;sri rohmah;https://wilkerstat.bps.go.id/api/landmark/90828386/photo
90850427;HQVADF;RUMAH OCAN HODIJAH;0017;Rt 004 Rw 003;3272050004;-6.9134023941849;106.92969862372;5.673999786377;1;150;Batas Wilkerstat;15040;Batas SLS;2025-08-03 09:34:20;2025-08-03 09:34:22;sri rohmah;https://wilkerstat.bps.go.id/api/landmark/90850427/photo
90867984;HQWACM;PAUD CENDIKIA;0017;Rt 004 Rw 003;3272050004;-6.9132046881307;106.92974992096;8.1820001602173;1;150;Batas Wilkerstat;15040;Batas SLS;2025-08-03 09:51:35;2025-08-03 09:51:38;sri rohmah;https://wilkerstat.bps.go.id/api/landmark/90867984/photo
90825274;HQTOXU;KONTRAKAN GALIH;0018;Rt 005 Rw 003;3272050004;-6.9131351248697;106.92964799702;5.2950000762939;1;150;Batas Wilkerstat;15040;Batas SLS;2025-08-03 09:06:33;2025-08-03 09:06:35;sri rohmah;https://wilkerstat.bps.go.id/api/landmark/90825274/photo
90831807;HQTYPB;RUMAH SUMIYEM;0018;Rt 005 Rw 003;3272050004;-6.9128745121789;106.92918933928;3.5859999656677;1;150;Batas Wilkerstat;15040;Batas SLS;2025-08-03 09:14:19;2025-08-03 09:14:21;sri rohmah;https://wilkerstat.bps.go.id/api/landmark/90831807/photo
90835418;HQUDXY;WARUNG FAHRI;0018;Rt 005 Rw 003;3272050004;-6.9126764730649;106.92885842174;12.128000259399;1;150;Batas Wilkerstat;15040;Batas SLS;2025-08-03 09:18:18;2025-08-03 09:18:20;sri rohmah;https://wilkerstat.bps.go.id/api/landmark/90835418/photo
90846320;HQUUBG;RUMAH ASEP PRIBADI;0018;Rt 005 Rw 003;3272050004;-6.9128195937775;106.93015459925;6.058000087738;1;150;Batas Wilkerstat;15040;Batas SLS;2025-08-03 09:30:14;2025-08-03 09:30:17;sri rohmah;https://wilkerstat.bps.go.id/api/landmark/90846320/photo
91559818;HSJJNM;BRI GG ISNEN;0018;Rt 005 Rw 003;3272050004;-6.9122832;106.9291584;15.395000457764;1;150;Batas Wilkerstat;15040;Batas SLS;2025-08-04 12:20:50;2025-08-04 12:20:51;sri rohmah;https://wilkerstat.bps.go.id/api/landmark/91559818/photo
90260514;HPNLMG;BATAS 1 TEMBOK RUMAH PAK H. EMAN;0028;RT 005 RW 005;3272050004;-6.9109488;106.9301203;6.0999999046326;1;150;Batas Wilkerstat;15040;Batas SLS;2025-08-02 09:32:20;2025-08-02 09:32:23;Lusy Arabella Judith;https://wilkerstat.bps.go.id/api/landmark/90260514/photo
90263931;HPNQNR;BATAS 2 RUMAH PAK DADUN;0028;RT 005 RW 005;3272050004;-6.9111408;106.930587;6.6659998893738;1;150;Batas Wilkerstat;15040;Batas SLS;2025-08-02 09:35:59;2025-08-02 09:36:01;Lusy Arabella Judith;https://wilkerstat.bps.go.id/api/landmark/90263931/photo
90269667;HPNZAH;BATAS 3 TANAH PAK ALM PAK DINI;0028;RT 005 RW 005;3272050004;-6.9104482;106.9310553;4.6700000762939;1;150;Batas Wilkerstat;15040;Batas SLS;2025-08-02 09:41:45;2025-08-02 09:41:48;Lusy Arabella Judith;https://wilkerstat.bps.go.id/api/landmark/90269667/photo
90275503;HPOHQT;BATAS 4 PEMANCINGAN ALM PAK DINI;0028;RT 005 RW 005;3272050004;-6.9102422;106.9308389;3.8069999217987;1;150;Batas Wilkerstat;15040;Batas SLS;2025-08-02 09:47:55;2025-08-02 09:47:58;Lusy Arabella Judith;https://wilkerstat.bps.go.id/api/landmark/90275503/photo
90323012;HPQZYA;BATAS 2 SOLOKAN SAMPING RUMAH BU LINA;0029;RT 006 RW 005;3272050004;-6.9116236;106.9311493;5.3819999694824;1;150;Batas Wilkerstat;15040;Batas SLS;2025-08-02 10:33:13;2025-08-02 10:33:15;Lusy Arabella Judith;https://wilkerstat.bps.go.id/api/landmark/90323012/photo
90330793;HPRLLH;BATAS 3 RUMAH PAK JAYA SUMPENA;0029;RT 006 RW 005;3272050004;-6.9095196;106.9319719;4.5289998054504;1;150;Batas Wilkerstat;15040;Batas SLS;2025-08-02 10:39:58;2025-08-02 10:39:59;Lusy Arabella Judith;https://wilkerstat.bps.go.id/api/landmark/90330793/photo
90337235;HPRUZB;BATAS 4 JALAN BELAKANG RUMAH BU AAM;0029;RT 006 RW 005;3272050004;-6.9101131;106.931267;6.2430000305176;1;150;Batas Wilkerstat;15040;Batas SLS;2025-08-02 10:45:46;2025-08-02 10:45:48;Lusy Arabella Judith;https://wilkerstat.bps.go.id/api/landmark/90337235/photo
91970212;HTGSPW;BATAS 1 POS RW;0050;RT 003 RW 008;3272050004;-6.9106686;106.9325094;5.2709999084473;1;150;Batas Wilkerstat;15040;Batas SLS;2025-08-05 09:12:51;2025-08-05 09:12:52;Lusy Arabella Judith;https://wilkerstat.bps.go.id/api/landmark/91970212/photo
91971320;HTGUGM;BATAS 2 RUMAH IBU YUNI;0050;RT 003 RW 008;3272050004;-6.9104866;106.9323176;4.683000087738;1;150;Batas Wilkerstat;15040;Batas SLS;2025-08-05 09:14:09;2025-08-05 09:14:10;Lusy Arabella Judith;https://wilkerstat.bps.go.id/api/landmark/91971320/photo
91975438;HTHAIW;BATAS 4 KONTRAKAN PAK ROBIKA;0050;RT 003 RW 008;3272050004;-6.9107150492584;106.93174749613;4.4939999580383;1;150;Batas Wilkerstat;15040;Batas SLS;2025-08-05 09:18:54;2025-08-05 09:18:56;Lusy Arabella Judith;https://wilkerstat.bps.go.id/api/landmark/91975438/photo
91976394;HTHBTQ;BATAS 3 RUMAH PAK ROBIKA;0050;RT 003 RW 008;3272050004;-6.9103714;106.9319133;5.0859999656677;1;150;Batas Wilkerstat;15040;Batas SLS;2025-08-05 09:20:00;2025-08-05 09:20:02;Lusy Arabella Judith;https://wilkerstat.bps.go.id/api/landmark/91976394/photo
91945807;HTFINF;BATAS 1 RUMAH PAK MUHIDIN;0053;RT 006 RW 008;3272050004;-6.9110562104407;106.93227186799;10.699999809265;1;150;Batas Wilkerstat;15040;Batas SLS;2025-08-05 08:39:12;2025-08-05 08:39:14;Lusy Arabella Judith;https://wilkerstat.bps.go.id/api/landmark/91945807/photo
91952383;HTFSGD;BATAS 3 KANTOR PSDA;0053;RT 006 RW 008;3272050004;-6.9121136;106.9312819;6;1;150;Batas Wilkerstat;15040;Batas SLS;2025-08-05 08:49:22;2025-08-05 08:49:24;Lusy Arabella Judith;https://wilkerstat.bps.go.id/api/landmark/91952383/photo
91953679;HTFUDZ;BATAS 4 RUMAH BAPAK AKBAR ( YANTI INDRI);0053;RT 006 RW 008;3272050004;-6.912325;106.9316515;9.0649995803833;1;150;Batas Wilkerstat;15040;Batas SLS;2025-08-05 08:51:11;2025-08-05 08:51:13;Lusy Arabella Judith;https://wilkerstat.bps.go.id/api/landmark/91953679/photo
91963734;HTGJAS;BATAS 2 RUMAH PAK ERIK;0053;RT 006 RW 008;3272050004;-6.9107934;106.9317593;4.3959999084473;1;150;Batas Wilkerstat;15040;Batas SLS;2025-08-05 09:04:45;2025-08-05 09:04:48;Lusy Arabella Judith;https://wilkerstat.bps.go.id/api/landmark/91963734/photo
91979476;HTHGIE;BATAS 1 PAK KIKI;0054;RT 007 RW 008;3272050004;-6.9103472;106.9318595;4.7740001678467;1;150;Batas Wilkerstat;15040;Batas SLS;2025-08-05 09:23:27;2025-08-05 09:23:29;Lusy Arabella Judith;https://wilkerstat.bps.go.id/api/landmark/91979476/photo
91980084;HTHHFO;BATAS 2 RUMAH IBU IDA;0054;RT 007 RW 008;3272050004;-6.9099582;106.9320062;6.7030000686646;1;150;Batas Wilkerstat;15040;Batas SLS;2025-08-05 09:24:07;2025-08-05 09:24:08;Lusy Arabella Judith;https://wilkerstat.bps.go.id/api/landmark/91980084/photo
90281396;HPOQJK;AHLI GIGI;0001;RT 01 RW 01;3272050004;-6.9182764546521;106.92589692771;4.3839998245239;1;150;Batas Wilkerstat;15040;Batas SLS;2025-08-02 09:53:58;2025-08-02 09:54:00;mirnawati;https://wilkerstat.bps.go.id/api/landmark/90281396/photo
90286411;HPOXUH;RUMAH PA ALI;0001;RT 01 RW 01;3272050004;-6.9174843067562;106.92586641759;4.1389999389648;1;150;Batas Wilkerstat;15040;Batas SLS;2025-08-02 09:58:56;2025-08-02 09:58:58;mirnawati;https://wilkerstat.bps.go.id/api/landmark/90286411/photo
90294269;HPPJKN;RUMAH BU ENTIN;0001;RT 01 RW 01;3272050004;-6.9177873;106.9263401;4.6939997673035;1;150;Batas Wilkerstat;15040;Batas SLS;2025-08-02 10:07:13;2025-08-02 10:07:17;mirnawati;https://wilkerstat.bps.go.id/api/landmark/90294269/photo
90299860;HPPRRO;RUMAH PA ACEP;0001;RT 01 RW 01;3272050004;-6.9178223;106.9257002;9.9350004196167;1;150;Batas Wilkerstat;15040;Batas SLS;2025-08-02 10:12:05;2025-08-02 10:12:08;mirnawati;https://wilkerstat.bps.go.id/api/landmark/90299860/photo
90315706;HPQPDA;RUMAH BU MARNI;0002;RT 02 RW 01;3272050004;-6.9174616;106.926744;4.4479999542236;1;150;Batas Wilkerstat;15040;Batas SLS;2025-08-02 10:26:39;2025-08-02 10:26:54;mirnawati;https://wilkerstat.bps.go.id/api/landmark/90315706/photo
90317914;HPQSJY;RUMAH BU MARNI;0002;RT 02 RW 01;3272050004;-6.9174616;106.926744;4.4479999542236;1;150;Batas Wilkerstat;15040;Batas SLS;2025-08-02 10:28:10;2025-08-02 10:28:53;mirnawati;https://wilkerstat.bps.go.id/api/landmark/90317914/photo
90318142;HPQSSS;RUMAH BU MARNI;0002;RT 02 RW 01;3272050004;-6.9174616;106.926744;4.4479999542236;1;150;Batas Wilkerstat;15040;Batas SLS;2025-08-02 10:28:58;2025-08-02 10:29:04;mirnawati;https://wilkerstat.bps.go.id/api/landmark/90318142/photo
90322587;HPQZHR;GARASI;0002;RT 02 RW 01;3272050004;-6.9172238;106.9260607;4.9489998817444;1;150;Batas Wilkerstat;15040;Batas SLS;2025-08-02 10:32:49;2025-08-02 10:32:51;mirnawati;https://wilkerstat.bps.go.id/api/landmark/90322587/photo
90323875;HPRBFF;MESS ANANDA;0002;RT 02 RW 01;3272050004;-6.9173717;106.9259761;4.9829998016357;1;150;Batas Wilkerstat;15040;Batas SLS;2025-08-02 10:34:04;2025-08-02 10:34:05;mirnawati;https://wilkerstat.bps.go.id/api/landmark/90323875/photo
90328269;HPRHSF;DEPOT EZHARA;0002;RT 02 RW 01;3272050004;-6.917797;106.9263828;4.5060000419617;1;150;Batas Wilkerstat;15040;Batas SLS;2025-08-02 10:37:43;2025-08-02 10:37:45;mirnawati;https://wilkerstat.bps.go.id/api/landmark/90328269/photo
90365451;HPTKSH;RUMAH PA ARYANTO;0003;RT 03 RW 01;3272050004;-6.9175399;106.9267503;11.399000167847;1;150;Batas Wilkerstat;15040;Batas SLS;2025-08-02 11:11:04;2025-08-02 11:11:30;mirnawati;https://wilkerstat.bps.go.id/api/landmark/90365451/photo
90365857;HPTLHX;RUMAH PA ARYANTO;0003;RT 03 RW 01;3272050004;-6.9175399;106.9267503;11.399000167847;1;150;Batas Wilkerstat;15040;Batas SLS;2025-08-02 11:11:47;2025-08-02 11:11:53;mirnawati;https://wilkerstat.bps.go.id/api/landmark/90365857/photo
90372045;HPTULX;RUMAH GANDIE SEN;0003;RT 03 RW 01;3272050004;-6.916431546803;106.92627545446;4.6810002326965;1;150;Batas Wilkerstat;15040;Batas SLS;2025-08-02 11:17:52;2025-08-02 11:17:54;mirnawati;https://wilkerstat.bps.go.id/api/landmark/90372045/photo
90374078;HPTXMC;RUMAH RIFQI;0003;RT 03 RW 01;3272050004;-6.9166282529984;106.92650612444;5.4320001602173;1;150;Batas Wilkerstat;15040;Batas SLS;2025-08-02 11:19:42;2025-08-02 11:19:45;mirnawati;https://wilkerstat.bps.go.id/api/landmark/90374078/photo
90918965;HQYXNH;RUMAH PA DENI;0003;RT 03 RW 01;3272050004;-6.9174048;106.9269218;9.3979997634888;1;150;Batas Wilkerstat;15040;Batas SLS;2025-08-03 10:38:12;2025-08-03 10:38:17;mirnawati;https://wilkerstat.bps.go.id/api/landmark/90918965/photo
91045225;HRGCHL;RUMAH PA ARI;0003;RT 03 RW 01;3272050004;-6.9171631;106.9261187;5.3559999465942;1;150;Batas Wilkerstat;15040;Batas SLS;2025-08-03 12:58:39;2025-08-03 12:58:42;mirnawati;https://wilkerstat.bps.go.id/api/landmark/91045225/photo
91056293;HRGSRD;KOSONG;0003;RT 03 RW 01;3272050004;-6.9170108;106.9264825;3.789999961853;1;150;Batas Wilkerstat;15040;Batas SLS;2025-08-03 13:15:26;2025-08-03 13:15:32;mirnawati;https://wilkerstat.bps.go.id/api/landmark/91056293/photo
90916193;HQYTKR;MASJID ALHIDAYAH;0004;RT 04 RW 01;3272050004;-6.9173535;106.9269028;4.960000038147;1;150;Batas Wilkerstat;15040;Batas SLS;2025-08-03 10:35:32;2025-08-03 10:35:39;mirnawati;https://wilkerstat.bps.go.id/api/landmark/90916193/photo
90934988;HQZVFO;RUMAH PA RUDI;0004;RT 04 RW 01;3272050004;-6.9169618;106.9264672;3.789999961853;1;150;Batas Wilkerstat;15040;Batas SLS;2025-08-03 10:52:19;2025-08-03 10:52:23;mirnawati;https://wilkerstat.bps.go.id/api/landmark/90934988/photo
90939370;HRABSC;RUMAH;0004;RT 04 RW 01;3272050004;-6.9166097;106.9266237;4.2560000419617;1;150;Batas Wilkerstat;15040;Batas SLS;2025-08-03 10:56:16;2025-08-03 10:56:19;mirnawati;https://wilkerstat.bps.go.id/api/landmark/90939370/photo
90943858;HRAIIS;JELITA WEDDING;0004;RT 04 RW 01;3272050004;-6.9169072;106.927313;7.3600001335144;1;150;Batas Wilkerstat;15040;Batas SLS;2025-08-03 11:00:11;2025-08-03 11:00:15;mirnawati;https://wilkerstat.bps.go.id/api/landmark/90943858/photo
90966907;HRBQLF;RUMAH KOSONG;0005;RT 05 RW 01;3272050004;-6.9158888;106.9268401;4.268000125885;1;150;Batas Wilkerstat;15040;Batas SLS;2025-08-03 11:21:48;2025-08-03 11:21:51;mirnawati;https://wilkerstat.bps.go.id/api/landmark/90966907/photo
90969244;HRBTXC;RUMAH;0005;RT 05 RW 01;3272050004;-6.9163902;106.9263665;4.0659999847412;1;150;Batas Wilkerstat;15040;Batas SLS;2025-08-03 11:23:54;2025-08-03 11:23:57;mirnawati;https://wilkerstat.bps.go.id/api/landmark/90969244/photo
90976648;HRCEVW;RUMAH;0005;RT 05 RW 01;3272050004;-6.9168983;106.927386;4.9539999961853;1;150;Batas Wilkerstat;15040;Batas SLS;2025-08-03 11:30:56;2025-08-03 11:31:01;mirnawati;https://wilkerstat.bps.go.id/api/landmark/90976648/photo
90983364;HRCOUE;RUMAH IBU SITI ROHMAH;0006;RT 06 RW 01;3272050004;-6.9165743335418;106.92751195282;5.7449998855591;1;150;Batas Wilkerstat;15040;Batas SLS;2025-08-03 11:37:12;2025-08-03 11:37:15;mirnawati;https://wilkerstat.bps.go.id/api/landmark/90983364/photo
90995785;HRDHDX;RUMAH;0006;RT 06 RW 01;3272050004;-6.9156496;106.9280144;7.0710000991821;1;150;Batas Wilkerstat;15040;Batas SLS;2025-08-03 11:50:27;2025-08-03 11:50:30;mirnawati;https://wilkerstat.bps.go.id/api/landmark/90995785/photo
91006984;HRDXSQ;ENGKUSU;0006;RT 06 RW 01;3272050004;-6.9148344;106.9273483;4.8709998130798;1;150;Batas Wilkerstat;15040;Batas SLS;2025-08-03 12:03:30;2025-08-03 12:03:32;mirnawati;https://wilkerstat.bps.go.id/api/landmark/91006984/photo
91007546;HRDYOG;TANAH KAVLING;0006;RT 06 RW 01;3272050004;-6.915801;106.9268657;4.0970001220703;1;150;Batas Wilkerstat;15040;Batas SLS;2025-08-03 12:04:06;2025-08-03 12:04:09;mirnawati;https://wilkerstat.bps.go.id/api/landmark/91007546/photo
91000164;HRDNQI;GUDANG BU IJAH;0026;RT 001 RW 007;3272050005;-6.919502617094;106.94173134863;4.4930000305176;1;150;Batas Wilkerstat;15040;Batas SLS;2025-08-03 11:55:07;2025-08-03 11:55:09;Nur watty;https://wilkerstat.bps.go.id/api/landmark/91000164/photo
91019529;HREQHD;SAWAH;0026;RT 001 RW 007;3272050005;-6.9204219040021;106.94264095277;4.4619998931885;1;150;Batas Wilkerstat;15040;Batas SLS;2025-08-03 12:20:29;2025-08-03 12:20:31;Nur watty;https://wilkerstat.bps.go.id/api/landmark/91019529/photo
91021851;HRETSL;RUMAH;0026;RT 001 RW 007;3272050005;-6.9208136;106.9414815;4.4109997749329;1;150;Batas Wilkerstat;15040;Batas SLS;2025-08-03 12:23:58;2025-08-03 12:24:00;Nur watty;https://wilkerstat.bps.go.id/api/landmark/91021851/photo
91024407;HREXMT;LAPANGAN KIBODAS;0027;RT002 RW007;3272050005;-6.9226002939628;106.94101117551;3.1500000953674;1;150;Batas Wilkerstat;15040;Batas SLS;2025-08-03 12:27:35;2025-08-03 12:27:37;Nur watty;https://wilkerstat.bps.go.id/api/landmark/91024407/photo
91027562;HRFCEC;RUMAH;0027;RT002 RW007;3272050005;-6.9212113;106.9422084;6.1820001602173;1;150;Batas Wilkerstat;15040;Batas SLS;2025-08-03 12:31:43;2025-08-03 12:31:46;Nur watty;https://wilkerstat.bps.go.id/api/landmark/91027562/photo
91029411;HRFEXF;RAMDAN TAILOR;0027;RT002 RW007;3272050005;-6.922198232829;106.94306239486;2.7000000476837;1;150;Batas Wilkerstat;15040;Batas SLS;2025-08-03 12:34:30;2025-08-03 12:34:33;Nur watty;https://wilkerstat.bps.go.id/api/landmark/91029411/photo
90409224;HPVXLW;KONTRAKAN;0028;RT 003 RW 007;3272050005;-6.9237192735598;106.94138567895;4.5440001487732;1;150;Batas Wilkerstat;15040;Batas SLS;2025-08-02 11:55:02;2025-08-02 11:55:04;Nur watty;https://wilkerstat.bps.go.id/api/landmark/90409224/photo
90442595;HPXUVJ;RUMAH PA ROJUDIN;0028;RT 003 RW 007;3272050005;-6.9234563368912;106.94119457155;6.3990001678467;1;150;Batas Wilkerstat;15040;Batas SLS;2025-08-02 12:39:10;2025-08-02 12:39:33;Nur watty;https://wilkerstat.bps.go.id/api/landmark/90442595/photo
90937352;HQZYSM;BASO CETOK;0028;RT 003 RW 007;3272050005;-6.9226538798993;106.94189295173;5.8449997901917;1;150;Batas Wilkerstat;15040;Batas SLS;2025-08-03 10:54:24;2025-08-03 10:54:27;Nur watty;https://wilkerstat.bps.go.id/api/landmark/90937352/photo
91008041;HRDZHH;WARUNG ASSALAM;0028;RT 003 RW 007;3272050005;-6.9227650457357;106.94123648107;2.7000000476837;1;150;Batas Wilkerstat;15040;Batas SLS;2025-08-03 11:19:59;2025-08-03 12:04:41;Nur watty;https://wilkerstat.bps.go.id/api/landmark/91008041/photo
90392176;HPUYGE;PEMANCINGAN PA ENGKUS;0029;RT 004 RW 0029;3272050005;-6.9240298049049;106.94056659937;4.5650000572205;1;150;Batas Wilkerstat;15040;Batas SLS;2025-08-02 11:36:45;2025-08-02 11:36:47;Nur watty;https://wilkerstat.bps.go.id/api/landmark/90392176/photo
90395429;HPVDBH;KEBUN BU INA;0029;RT 004 RW 0029;3272050005;-6.9243197005422;106.94049552083;4.8610000610352;1;150;Batas Wilkerstat;15040;Batas SLS;2025-08-02 11:39:58;2025-08-02 11:40:01;Nur watty;https://wilkerstat.bps.go.id/api/landmark/90395429/photo
90398231;HPVHFB;RUMAH PA ACUN;0029;RT 004 RW 0029;3272050005;-6.9251740762005;106.94031145424;4.7039999961853;1;150;Batas Wilkerstat;15040;Batas SLS;2025-08-02 11:43:08;2025-08-02 11:43:16;Nur watty;https://wilkerstat.bps.go.id/api/landmark/90398231/photo
90408566;HPVWMO;RUMAH BU WAWAT;0029;RT 004 RW 0029;3272050005;-6.9236946440552;106.94141853601;5.646999835968;1;150;Batas Wilkerstat;15040;Batas SLS;2025-08-02 11:53:01;2025-08-02 11:54:22;Nur watty;https://wilkerstat.bps.go.id/api/landmark/90408566/photo
90443754;HPXWNY;RUMAH BU IKA;0029;RT 004 RW 0029;3272050005;-6.9237239331956;106.94058369845;3.0450000762939;1;150;Batas Wilkerstat;15040;Batas SLS;2025-08-02 12:41:17;2025-08-02 12:41:19;Nur watty;https://wilkerstat.bps.go.id/api/landmark/90443754/photo
90967546;HRBRJU;TOKO BAHAN KUE DIRA;0029;RT 004 RW 0029;3272050005;-6.9228409313814;106.940709427;3.4179999828339;1;150;Batas Wilkerstat;15040;Batas SLS;2025-08-03 11:21:37;2025-08-03 11:22:34;Nur watty;https://wilkerstat.bps.go.id/api/landmark/90967546/photo
91031443;HRFHXJ;RUMAH KOSONG;0029;RT 004 RW 0029;3272050005;-6.9227800231667;106.94113790989;3.0999999046326;1;150;Batas Wilkerstat;15040;Batas SLS;2025-08-03 12:37:26;2025-08-03 12:37:29;Nur watty;https://wilkerstat.bps.go.id/api/landmark/91031443/photo
90866704;HQVYFG;RUMAH;0053;RT 001 RW 014;3272050005;-6.9223515;106.9401331;2;1;150;Batas Wilkerstat;15040;Batas SLS;2025-08-03 09:50:21;2025-08-03 09:50:23;Nur watty;https://wilkerstat.bps.go.id/api/landmark/90866704/photo
90882347;HQWVIX;RUMAH PA WAHYU;0054;RT 002 RW 014;3272050005;-6.9211647876975;106.94101084024;4.4759998321533;1;150;Batas Wilkerstat;15040;Batas SLS;2025-08-03 10:02:26;2025-08-03 10:05:06;Nur watty;https://wilkerstat.bps.go.id/api/landmark/90882347/photo
90974788;HRCCCI;RUMAH MAKAN PADANG;0054;RT 002 RW 014;3272050005;-6.9226631991919;106.94085996598;2.4000000953674;1;150;Batas Wilkerstat;15040;Batas SLS;2025-08-03 11:29:07;2025-08-03 11:29:09;Nur watty;https://wilkerstat.bps.go.id/api/landmark/90974788/photo
90917740;HQYVSE;RUMAH BU LENI;0056;RT 004 RW 014;3272050005;-6.9216078;106.9410552;4.811999797821;1;150;Batas Wilkerstat;15040;Batas SLS;2025-08-03 10:36:50;2025-08-03 10:36:53;Nur watty;https://wilkerstat.bps.go.id/api/landmark/90917740/photo
90497647;HQAYGT;RUMAH PA RAHMAT;0060;RT 001 RW 015;3272050005;-6.923400088395;106.94005563855;5.2880001068115;1;150;Batas Wilkerstat;15040;Batas SLS;2025-08-01 13:23:39;2025-08-02 13:56:40;Nur watty;https://wilkerstat.bps.go.id/api/landmark/90497647/photo
90498670;HQAZUC;ROBISON ELECTRONIC;0060;RT 001 RW 015;3272050005;-6.9229171498467;106.93991012871;4.5840001106262;1;150;Batas Wilkerstat;15040;Batas SLS;2025-08-01 13:10:05;2025-08-02 13:58:01;Nur watty;https://wilkerstat.bps.go.id/api/landmark/90498670/photo
91033052;HRFKHG;GUDANG PAK IYA;0060;RT 001 RW 015;3272050005;-6.9239493;106.9398225;3.885999917984;1;150;Batas Wilkerstat;15040;Batas SLS;2025-08-03 12:40:03;2025-08-03 12:40:05;Nur watty;https://wilkerstat.bps.go.id/api/landmark/91033052/photo
89992792;HOYFLG;RUMAH PA JUANDI;0061;RT 002 RW 015;3272050005;-6.9237209;106.940737;2.75;1;150;Batas Wilkerstat;15040;Batas SLS;2025-08-01 12:57:25;2025-08-01 12:57:31;Nur watty;https://wilkerstat.bps.go.id/api/landmark/89992792/photo
91035871;HRFOLR;RUMAH IKRA;0061;RT 002 RW 015;3272050005;-6.9236508;106.9402698;4.3689999580383;1;150;Batas Wilkerstat;15040;Batas SLS;2025-08-03 12:44:12;2025-08-03 12:44:14;Nur watty;https://wilkerstat.bps.go.id/api/landmark/91035871/photo
90337670;HPRVPU;RUMAH ERNA;0016;Rt001 rw005;3272050005;-6.9239667;106.9390483;1.7400000095367;1;150;Batas Wilkerstat;15040;Batas SLS;2025-08-02 10:46:13;2025-08-02 10:46:16;Dede ani fitriani;https://wilkerstat.bps.go.id/api/landmark/90337670/photo
90342181;HPSCHH;WARUNG BU TONAH;0016;Rt001 rw005;3272050005;-6.9244357;106.9389117;2.3399999141693;1;150;Batas Wilkerstat;15040;Batas SLS;2025-08-02 10:50:26;2025-08-02 10:50:30;Dede ani fitriani;https://wilkerstat.bps.go.id/api/landmark/90342181/photo
90346324;HPSIKQ;MASJID NURUL FALAH;0016;Rt001 rw005;3272050005;-6.9245583401007;106.9392137602;2.1659998893738;1;150;Batas Wilkerstat;15040;Batas SLS;2025-08-02 10:54:25;2025-08-02 10:54:27;Dede ani fitriani;https://wilkerstat.bps.go.id/api/landmark/90346324/photo
90354199;HPSUBN;RUMAH KONTRAK BU YOYOH;0016;Rt001 rw005;3272050005;-6.9242857;106.939547;1.7000000476837;1;150;Batas Wilkerstat;15040;Batas SLS;2025-08-02 11:01:31;2025-08-02 11:01:34;Dede ani fitriani;https://wilkerstat.bps.go.id/api/landmark/90354199/photo
90357420;HPSYVK;RUMAH MMH HAIYA;0016;Rt001 rw005;3272050005;-6.9239765;106.9396009;2.0329999923706;1;150;Batas Wilkerstat;15040;Batas SLS;2025-08-02 11:04:11;2025-08-02 11:04:14;Dede ani fitriani;https://wilkerstat.bps.go.id/api/landmark/90357420/photo
90400164;HPVKBK;NONA PASTRY;0018;rt003 rw005;3272050005;-6.9246962;106.9392975;1.75;1;150;Batas Wilkerstat;15040;Batas SLS;2025-08-02 11:45:11;2025-08-02 11:45:13;Dede ani fitriani;https://wilkerstat.bps.go.id/api/landmark/90400164/photo
90410533;HPVZKF;RUMAH BU OKOM;0018;rt003 rw005;3272050005;-6.9253418225446;106.939625144;2;1;150;Batas Wilkerstat;15040;Batas SLS;2025-08-02 11:56:26;2025-08-02 11:56:28;Dede ani fitriani;https://wilkerstat.bps.go.id/api/landmark/90410533/photo
90417830;HPWKEW;RUMAH LENI;0018;rt003 rw005;3272050005;-6.9254390088912;106.93977802992;1.8200000524521;1;150;Batas Wilkerstat;15040;Batas SLS;2025-08-02 12:05:05;2025-08-02 12:05:08;Dede ani fitriani;https://wilkerstat.bps.go.id/api/landmark/90417830/photo
90422668;HPWRIY;RUMAH NURI;0018;rt003 rw005;3272050005;-6.9252011;106.9399668;2.183000087738;1;150;Batas Wilkerstat;15040;Batas SLS;2025-08-02 12:11:11;2025-08-02 12:11:13;Dede ani fitriani;https://wilkerstat.bps.go.id/api/landmark/90422668/photo
90425377;HPWVJD;RUMAH IBU JUJU;0018;rt003 rw005;3272050005;-6.9252643;106.9404931;1.8799999952316;1;150;Batas Wilkerstat;15040;Batas SLS;2025-08-02 12:14:37;2025-08-02 12:14:39;Dede ani fitriani;https://wilkerstat.bps.go.id/api/landmark/90425377/photo
90428091;HPWZJN;KEBUN;0018;rt003 rw005;3272050005;-6.9256962863493;106.94036878645;1.9160000085831;1;150;Batas Wilkerstat;15040;Batas SLS;2025-08-02 12:18:28;2025-08-02 12:18:32;Dede ani fitriani;https://wilkerstat.bps.go.id/api/landmark/90428091/photo
90504879;HQBIYX;RUMAH KOSONG;0018;rt003 rw005;3272050005;-6.925239643727;106.93936027586;1.8400000333786;1;150;Batas Wilkerstat;15040;Batas SLS;2025-08-02 11:49:22;2025-08-02 14:05:11;Dede ani fitriani;https://wilkerstat.bps.go.id/api/landmark/90504879/photo
90366430;HPTMDY;RUMAH PA EMAN ALMARHUM;0019;rt004 rw 005;3272050005;-6.9244807;106.9390317;2.0160000324249;1;150;Batas Wilkerstat;15040;Batas SLS;2025-08-02 11:12:23;2025-08-02 11:12:26;Dede ani fitriani;https://wilkerstat.bps.go.id/api/landmark/90366430/photo
90370792;HPTSPS;RUMAH KOSONG BU AJENG;0019;rt004 rw 005;3272050005;-6.92438;106.93857;1.8329999446869;1;150;Batas Wilkerstat;15040;Batas SLS;2025-08-02 11:16:38;2025-08-02 11:16:41;Dede ani fitriani;https://wilkerstat.bps.go.id/api/landmark/90370792/photo
90375368;HPTZJS;WARUNG BU OPA;0019;rt004 rw 005;3272050005;-6.9249941;106.9383182;2.1600000858307;1;150;Batas Wilkerstat;15040;Batas SLS;2025-08-02 11:20:56;2025-08-02 11:20:59;Dede ani fitriani;https://wilkerstat.bps.go.id/api/landmark/90375368/photo
90397824;HPVGPK;RUMAH ENDAH;0019;rt004 rw 005;3272050005;-6.9246183;106.9393082;1.9400000572205;1;150;Batas Wilkerstat;15040;Batas SLS;2025-08-02 11:42:43;2025-08-02 11:42:44;Dede ani fitriani;https://wilkerstat.bps.go.id/api/landmark/90397824/photo
90503177;HQBGLL;RUMAH BU HJI UNING;0019;rt004 rw 005;3272050005;-6.9252150143019;106.93925634027;1.7000000476837;1;150;Batas Wilkerstat;15040;Batas SLS;2025-08-02 11:29:45;2025-08-02 14:03:21;Dede ani fitriani;https://wilkerstat.bps.go.id/api/landmark/90503177/photo
90880863;HQWTDV;RUMAH PA MAKMUM;0020;rt005 rw 005;3272050005;-6.92513;106.9382683;2.1329998970032;1;150;Batas Wilkerstat;15040;Batas SLS;2025-08-03 10:03:45;2025-08-03 10:03:47;Dede ani fitriani;https://wilkerstat.bps.go.id/api/landmark/90880863/photo
90883207;HQWWPZ;RUMAH BAPAK IDIN;0020;rt005 rw 005;3272050005;-6.925815;106.9380817;1.7000000476837;1;150;Batas Wilkerstat;15040;Batas SLS;2025-08-03 10:05:46;2025-08-03 10:05:49;Dede ani fitriani;https://wilkerstat.bps.go.id/api/landmark/90883207/photo
90886003;HQXATN;RUMAH IBU ANIS;0020;rt005 rw 005;3272050005;-6.9259733;106.9385367;2.1329998970032;1;150;Batas Wilkerstat;15040;Batas SLS;2025-08-03 10:08:20;2025-08-03 10:08:22;Dede ani fitriani;https://wilkerstat.bps.go.id/api/landmark/90886003/photo
90895418;HQXORQ;IBU AI;0020;rt005 rw 005;3272050005;-6.9260244;106.9389256;2.1400001049042;1;150;Batas Wilkerstat;15040;Batas SLS;2025-08-03 10:16:58;2025-08-03 10:17:00;Dede ani fitriani;https://wilkerstat.bps.go.id/api/landmark/90895418/photo
90896677;HQXQOB;RUMAH BAPA AHMAD;0020;rt005 rw 005;3272050005;-6.9258591;106.9391494;1.8799999952316;1;150;Batas Wilkerstat;15040;Batas SLS;2025-08-03 10:18:04;2025-08-03 10:18:06;Dede ani fitriani;https://wilkerstat.bps.go.id/api/landmark/90896677/photo
90900675;HQXWLV;RUMAH KONTRAK PA BINI;0020;rt005 rw 005;3272050005;-6.9253269;106.9393002;1.7999999523163;1;150;Batas Wilkerstat;15040;Batas SLS;2025-08-03 10:21:39;2025-08-03 10:21:41;Dede ani fitriani;https://wilkerstat.bps.go.id/api/landmark/90900675/photo
90429593;HPXBPH;MASJID ALWAFA;0021;rt 006 rw 05;3272050005;-6.925828;106.9403915;2.1659998893738;1;150;Batas Wilkerstat;15040;Batas SLS;2025-08-02 12:20:20;2025-08-02 12:20:25;Dede ani fitriani;https://wilkerstat.bps.go.id/api/landmark/90429593/photo
90432088;HPXFHG;PEMAKAMAN;0021;rt 006 rw 05;3272050005;-6.9264267;106.9402983;1.4659999608994;1;150;Batas Wilkerstat;15040;Batas SLS;2025-08-02 12:24:09;2025-08-02 12:24:11;Dede ani fitriani;https://wilkerstat.bps.go.id/api/landmark/90432088/photo
90435166;HPXJVQ;KONTRAKAN YULI;0021;rt 006 rw 05;3272050005;-6.9263;106.9398233;1.7599999904633;1;150;Batas Wilkerstat;15040;Batas SLS;2025-08-02 12:28:24;2025-08-02 12:28:26;Dede ani fitriani;https://wilkerstat.bps.go.id/api/landmark/90435166/photo
90437926;HPXNXU;RUMAH BU EEN;0021;rt 006 rw 05;3272050005;-6.925895;106.9392977;1.9400000572205;1;150;Batas Wilkerstat;15040;Batas SLS;2025-08-02 12:32:20;2025-08-02 12:32:22;Dede ani fitriani;https://wilkerstat.bps.go.id/api/landmark/90437926/photo
90439174;HPXPTU;PA IRVAN;0021;rt 006 rw 05;3272050005;-6.9254957;106.9396438;2.0999999046326;1;150;Batas Wilkerstat;15040;Batas SLS;2025-08-02 12:34:01;2025-08-02 12:34:02;Dede ani fitriani;https://wilkerstat.bps.go.id/api/landmark/90439174/photo
90441439;HPXTCX;RUMAH PA YADI;0021;rt 006 rw 05;3272050005;-6.9250783;106.9395167;1.8200000524521;1;150;Batas Wilkerstat;15040;Batas SLS;2025-08-02 12:37:43;2025-08-02 12:37:45;Dede ani fitriani;https://wilkerstat.bps.go.id/api/landmark/90441439/photo
90221292;HPLFLS;TUPERWARE;0058;RT 006 RW 014;3272050005;-6.9200191753452;106.94060113281;2.2000000476837;1;150;Batas Wilkerstat;15040;Batas SLS;2025-08-02 08:41:19;2025-08-02 08:41:21;Reni Herawati;https://wilkerstat.bps.go.id/api/landmark/90221292/photo
90224530;HPLKGG;BELAKANG PENGINAPAN SYARIAH;0058;RT 006 RW 014;3272050005;-6.9200694332377;106.94094546139;1.9500000476837;1;150;Batas Wilkerstat;15040;Batas SLS;2025-08-02 08:46:32;2025-08-02 08:46:34;Reni Herawati;https://wilkerstat.bps.go.id/api/landmark/90224530/photo
90234766;HPLZJY;BELAKANG RUMAH DADI HASIAN;0058;RT 006 RW 014;3272050005;-6.919872062808;106.94161165506;1.7999999523163;1;150;Batas Wilkerstat;15040;Batas SLS;2025-08-02 09:01:16;2025-08-02 09:01:24;Reni Herawati;https://wilkerstat.bps.go.id/api/landmark/90234766/photo
90249445;HPMVCN;RUMAH BAPAK ANFWIR;0058;RT 006 RW 014;3272050005;-6.9190592818555;106.94091528654;4.2550001144409;1;150;Batas Wilkerstat;15040;Batas SLS;2025-08-02 09:19:48;2025-08-02 09:19:52;Reni Herawati;https://wilkerstat.bps.go.id/api/landmark/90249445/photo
91091815;HRITFJ;BELAKANG RUMAH PA AJANG;0058;RT 006 RW 014;3272050005;-6.919542224351;106.94162573665;4.0289998054504;1;150;Batas Wilkerstat;15040;Batas SLS;2025-08-03 14:04:41;2025-08-03 14:04:45;Reni Herawati;https://wilkerstat.bps.go.id/api/landmark/91091815/photo
91123727;HRKOKT;RUMAH BAPA UNANG;0058;RT 006 RW 014;3272050005;-6.9190090238555;106.94075938314;2.0999999046326;1;150;Batas Wilkerstat;15040;Batas SLS;2025-08-03 14:43:43;2025-08-03 14:43:46;Reni Herawati;https://wilkerstat.bps.go.id/api/landmark/91123727/photo
90332580;HPROCA;RUMAH SAEPUL ANWAR;0059;RT 007 RW 014;3272050005;-6.9182215368787;106.94138869643;3.3039999008179;1;150;Batas Wilkerstat;15040;Batas SLS;2025-08-02 10:41:34;2025-08-02 10:41:41;Reni Herawati;https://wilkerstat.bps.go.id/api/landmark/90332580/photo
91110977;HRJVOJ;RUMAH PA AJAT;0059;RT 007 RW 014;3272050005;-6.9180318208849;106.94174610078;4.7519998550415;1;150;Batas Wilkerstat;15040;Batas SLS;2025-08-03 14:28:49;2025-08-03 14:28:55;Reni Herawati;https://wilkerstat.bps.go.id/api/landmark/91110977/photo
91113809;HRJZTH;RUMAH IBU MARTINI;0059;RT 007 RW 014;3272050005;-6.9182481636787;106.94208674133;2.4349999427795;1;150;Batas Wilkerstat;15040;Batas SLS;2025-08-03 14:32:15;2025-08-03 14:32:17;Reni Herawati;https://wilkerstat.bps.go.id/api/landmark/91113809/photo
91115775;HRKCQX;WARUNG DEN8;0059;RT 007 RW 014;3272050005;-6.9184418736038;106.94204617292;1.8999999761581;1;150;Batas Wilkerstat;15040;Batas SLS;2025-08-03 14:34:29;2025-08-03 14:34:31;Reni Herawati;https://wilkerstat.bps.go.id/api/landmark/91115775/photo
91119541;HRKIFT;KONTRAKAN H BODAY;0059;RT 007 RW 014;3272050005;-6.9192190423498;106.94095283747;1.75;1;150;Batas Wilkerstat;15040;Batas SLS;2025-08-03 14:38:48;2025-08-03 14:38:50;Reni Herawati;https://wilkerstat.bps.go.id/api/landmark/91119541/photo
91121791;HRKLOH;RUMAH PA DADANG MUHARAM;0059;RT 007 RW 014;3272050005;-6.9190223372335;106.94073490798;2.0999999046326;1;150;Batas Wilkerstat;15040;Batas SLS;2025-08-03 14:41:28;2025-08-03 14:41:30;Reni Herawati;https://wilkerstat.bps.go.id/api/landmark/91121791/photo
90926883;HQZJFV;RONGSOK PA NANANG;0071;Rt 001 RW 018;3272050005;-6.9106092060317;106.94158952683;2.2530000209808;1;150;Batas Wilkerstat;15040;Batas SLS;2025-08-03 10:45:11;2025-08-03 10:45:13;Reni Herawati;https://wilkerstat.bps.go.id/api/landmark/90926883/photo
90986601;HRCTOR;KEBUN PA HADMA;0071;Rt 001 RW 018;3272050005;-6.9082233;106.9429467;1.5;1;150;Batas Wilkerstat;15040;Batas SLS;2025-08-03 11:40:30;2025-08-03 11:40:33;Reni Herawati;https://wilkerstat.bps.go.id/api/landmark/90986601/photo
91004656;HRDUHC;RUMAH PA UKAR;0071;Rt 001 RW 018;3272050005;-6.9080114;106.9423156;3.0950000286102;1;150;Batas Wilkerstat;15040;Batas SLS;2025-08-03 12:00:34;2025-08-03 12:00:36;Reni Herawati;https://wilkerstat.bps.go.id/api/landmark/91004656/photo
90833216;HQUARG;RUMAH IBU MEGA;0072;RT 002 RW 018;3272050005;-6.9101775118715;106.9409987703;15.354999542236;1;150;Batas Wilkerstat;15040;Batas SLS;2025-08-03 09:15:50;2025-08-03 09:15:52;Reni Herawati;https://wilkerstat.bps.go.id/api/landmark/90833216/photo
90856432;HQVJAE;KEBON WIMDI;0072;RT 002 RW 018;3272050005;-6.907493809881;106.94168608636;2.4249999523163;1;150;Batas Wilkerstat;15040;Batas SLS;2025-08-03 09:40:12;2025-08-03 09:40:15;Reni Herawati;https://wilkerstat.bps.go.id/api/landmark/90856432/photo
90940062;HRACSS;RUMAH BAPA AEP;0072;RT 002 RW 018;3272050005;-6.9078855654183;106.94196570665;1.8500000238419;1;150;Batas Wilkerstat;15040;Batas SLS;2025-08-03 09:34:28;2025-08-03 10:56:58;Reni Herawati;https://wilkerstat.bps.go.id/api/landmark/90940062/photo
91337659;HRWSWX;KAPLING KOPRAL;0073;RT 001 RW 019;3272050005;-6.9159715;106.9407322;2;1;150;Batas Wilkerstat;15040;Batas SLS;2025-08-04 07:09:21;2025-08-04 07:09:23;Reni Herawati;https://wilkerstat.bps.go.id/api/landmark/91337659/photo
91338939;HRWUUD;SELOKAN PERJMAHAN AKHIR;0073;RT 001 RW 019;3272050005;-6.9156733451681;106.94178264588;2.5659999847412;1;150;Batas Wilkerstat;15040;Batas SLS;2025-08-04 07:16:35;2025-08-04 07:16:38;Reni Herawati;https://wilkerstat.bps.go.id/api/landmark/91338939/photo
91339573;HRWVSN;TOREN BIRU;0073;RT 001 RW 019;3272050005;-6.9162972;106.9413582;1.7999999523163;1;150;Batas Wilkerstat;15040;Batas SLS;2025-08-04 07:20:01;2025-08-04 07:20:04;Reni Herawati;https://wilkerstat.bps.go.id/api/landmark/91339573/photo
91343933;HRXCEF;WARUNG BU AI;0073;RT 001 RW 019;3272050005;-6.9173711426626;106.94007240236;2.8829998970032;1;150;Batas Wilkerstat;15040;Batas SLS;2025-08-04 07:40:03;2025-08-04 07:40:06;Reni Herawati;https://wilkerstat.bps.go.id/api/landmark/91343933/photo
91345661;HRXESR;RUMAH BAPAK KUSNDI;0073;RT 001 RW 019;3272050005;-6.9187890202296;106.93958256394;4.6149997711182;1;150;Batas Wilkerstat;15040;Batas SLS;2025-08-04 07:46:19;2025-08-04 07:46:23;Reni Herawati;https://wilkerstat.bps.go.id/api/landmark/91345661/photo
91346658;HRXGFA;KONTRAKAN PA IMAM;0073;RT 001 RW 019;3272050005;-6.918972412064;106.94009553641;4.414999961853;1;150;Batas Wilkerstat;15040;Batas SLS;2025-08-04 07:49:50;2025-08-04 07:49:54;Reni Herawati;https://wilkerstat.bps.go.id/api/landmark/91346658/photo
91347353;HRXHFT;RUMAH PA ELFIN;0073;RT 001 RW 019;3272050005;-6.9186944951909;106.94034799933;5.3769998550415;1;150;Batas Wilkerstat;15040;Batas SLS;2025-08-04 07:52:11;2025-08-04 07:52:15;Reni Herawati;https://wilkerstat.bps.go.id/api/landmark/91347353/photo
91438827;HSCMNZ;TANAH KOSONG IBU TATI;0074;RT 002 RW 019;3272050005;-6.9183789678121;106.94050624967;4.0170001983643;1;150;Batas Wilkerstat;15040;Batas SLS;2025-08-04 10:10:15;2025-08-04 10:10:19;Reni Herawati;https://wilkerstat.bps.go.id/api/landmark/91438827/photo
91446313;HSCXPX;BELAKANG TANAH KOSONG IBU TATI;0074;RT 002 RW 019;3272050005;-6.9185167614402;106.9408961758;5.2620000839233;1;150;Batas Wilkerstat;15040;Batas SLS;2025-08-04 10:17:59;2025-08-04 10:18:06;Reni Herawati;https://wilkerstat.bps.go.id/api/landmark/91446313/photo
91450237;HSDDKV;RUMAH BAPA EMAN;0074;RT 002 RW 019;3272050005;-6.917957598642;106.94121669978;4.9109997749329;1;150;Batas Wilkerstat;15040;Batas SLS;2025-08-04 10:21:55;2025-08-04 10:21:58;Reni Herawati;https://wilkerstat.bps.go.id/api/landmark/91450237/photo
91454782;HSDKDQ;KEBUN PA MAMAT;0074;RT 002 RW 019;3272050005;-6.9180085224243;106.94174543023;3.9240000247955;1;150;Batas Wilkerstat;15040;Batas SLS;2025-08-04 10:26:36;2025-08-04 10:26:40;Reni Herawati;https://wilkerstat.bps.go.id/api/landmark/91454782/photo
91477520;HSERUE;KEBUN BAMBU SIDULANG;0074;RT 002 RW 019;3272050005;-6.9160228236848;106.94225504994;2.2999999523163;1;150;Batas Wilkerstat;15040;Batas SLS;2025-08-04 10:48:27;2025-08-04 10:48:30;Reni Herawati;https://wilkerstat.bps.go.id/api/landmark/91477520/photo
91548498;HSISUC;TOREN BIRU;0074;RT 002 RW 019;3272050005;-6.9163886;106.9413319;3.9270000457764;1;150;Batas Wilkerstat;15040;Batas SLS;2025-08-04 12:05:14;2025-08-04 12:05:16;Reni Herawati;https://wilkerstat.bps.go.id/api/landmark/91548498/photo
91551189;HSIWTP;SAWAH PA AHMAD;0074;RT 002 RW 019;3272050005;-6.9163320287473;106.94176185876;4.5060000419617;1;150;Batas Wilkerstat;15040;Batas SLS;2025-08-04 12:08:47;2025-08-04 12:08:49;Reni Herawati;https://wilkerstat.bps.go.id/api/landmark/91551189/photo
91406100;HSAQDG;SELOKAN WARUNG PA BUBUN;0075;RT 003 RW 019;3272050005;-6.9189950448082;106.94024641067;1.7000000476837;1;150;Batas Wilkerstat;15040;Batas SLS;2025-08-04 09:34:52;2025-08-04 09:34:55;Reni Herawati;https://wilkerstat.bps.go.id/api/landmark/91406100/photo
91420723;HSBLTR;RUMAH BU EVI;0075;RT 003 RW 019;3272050005;-6.9190003701596;106.94073457271;4.0250000953674;1;150;Batas Wilkerstat;15040;Batas SLS;2025-08-04 09:51:15;2025-08-04 09:51:19;Reni Herawati;https://wilkerstat.bps.go.id/api/landmark/91420723/photo
91425849;HSBTIV;WARUNG BU DEDE MARDIANA;0075;RT 003 RW 019;3272050005;-6.9185077;106.9409028;4.8810000419617;1;150;Batas Wilkerstat;15040;Batas SLS;2025-08-04 09:56:41;2025-08-04 09:56:45;Reni Herawati;https://wilkerstat.bps.go.id/api/landmark/91425849/photo
91432320;HSCCXS;WARUNG BU ELI;0075;RT 003 RW 019;3272050005;-6.9183822961611;106.94049786776;3.8529999256134;1;150;Batas Wilkerstat;15040;Batas SLS;2025-08-04 10:03:26;2025-08-04 10:03:29;Reni Herawati;https://wilkerstat.bps.go.id/api/landmark/91432320/photo
91739912;HSTPYE;RUMAH DEKI JANUAR;0001;RT 001 RW 001;3272050005;-6.9252894;106.9373628;1.8999999761581;1;150;Batas Wilkerstat;15040;Batas SLS;2025-08-04 15:44:23;2025-08-04 15:44:25;Kiki lukman nurhakim;https://wilkerstat.bps.go.id/api/landmark/91739912/photo
91744908;HSTXII;IBU AISIAH;0001;RT 001 RW 001;3272050005;-6.9253479;106.9370937;4.9130001068115;1;150;Batas Wilkerstat;15040;Batas SLS;2025-08-04 15:48:51;2025-08-04 15:48:52;Kiki lukman nurhakim;https://wilkerstat.bps.go.id/api/landmark/91744908/photo
91750273;HSUFGR;RMH PA DADANG;0001;RT 001 RW 001;3272050005;-6.9252707;106.9369685;4.2890000343323;1;150;Batas Wilkerstat;15040;Batas SLS;2025-08-04 15:53:23;2025-08-04 15:53:26;Kiki lukman nurhakim;https://wilkerstat.bps.go.id/api/landmark/91750273/photo
91753762;HSUKKW;RMH BPK BOGI;0001;RT 001 RW 001;3272050005;-6.9253836;106.9367859;4.4000000953674;1;150;Batas Wilkerstat;15040;Batas SLS;2025-08-04 15:56:17;2025-08-04 15:56:20;Kiki lukman nurhakim;https://wilkerstat.bps.go.id/api/landmark/91753762/photo
91760279;HSUUBN;RUMAH BAPAK IYUS;0001;RT 001 RW 001;3272050005;-6.9257887;106.936885;4.3889999389648;1;150;Batas Wilkerstat;15040;Batas SLS;2025-08-04 16:01:44;2025-08-04 16:01:48;Kiki lukman nurhakim;https://wilkerstat.bps.go.id/api/landmark/91760279/photo
91761280;HSUVOA;LAPANG SERBA GUNA;0001;RT 001 RW 001;3272050005;-6.9258363;106.9369082;4.9670000076294;1;150;Batas Wilkerstat;15040;Batas SLS;2025-08-04 16:02:36;2025-08-04 16:02:39;Kiki lukman nurhakim;https://wilkerstat.bps.go.id/api/landmark/91761280/photo
91763222;HSUYKS;RUMAH IBU MITA;0001;RT 001 RW 001;3272050005;-6.9259342;106.9371888;3.4969999790192;1;150;Batas Wilkerstat;15040;Batas SLS;2025-08-04 16:04:15;2025-08-04 16:04:17;Kiki lukman nurhakim;https://wilkerstat.bps.go.id/api/landmark/91763222/photo
91766989;HSVDZP;RUMAH BAPAK ARIS G;0001;RT 001 RW 001;3272050005;-6.9261553;106.9370326;4.9710001945496;1;150;Batas Wilkerstat;15040;Batas SLS;2025-08-04 16:07:08;2025-08-04 16:07:17;Kiki lukman nurhakim;https://wilkerstat.bps.go.id/api/landmark/91766989/photo
91757575;HSUQBN;RUMAH BU TETI;0002;RT 002 RW 001;3272050005;-6.9256898;106.9367715;4.7439999580383;1;150;Batas Wilkerstat;15040;Batas SLS;2025-08-04 15:59:34;2025-08-04 15:59:36;Kiki lukman nurhakim;https://wilkerstat.bps.go.id/api/landmark/91757575/photo
91759128;HSUSJG;RUMAH BAPAK WAWAN;0002;RT 002 RW 001;3272050005;-6.9257815;106.9368838;3.3870000839233;1;150;Batas Wilkerstat;15040;Batas SLS;2025-08-04 16:00:51;2025-08-04 16:00:53;Kiki lukman nurhakim;https://wilkerstat.bps.go.id/api/landmark/91759128/photo
91771653;HSVKWZ;JLN SIKIB;0002;RT 002 RW 001;3272050005;-6.9270362569731;106.93663112819;2.3759999275208;1;150;Batas Wilkerstat;15040;Batas SLS;2025-08-04 16:11:09;2025-08-04 16:11:12;Kiki lukman nurhakim;https://wilkerstat.bps.go.id/api/landmark/91771653/photo
91773987;HSVOIT;JALAN SIKIB;0002;RT 002 RW 001;3272050005;-6.926891476426;106.93620331585;4.0970001220703;1;150;Batas Wilkerstat;15040;Batas SLS;2025-08-04 16:13:04;2025-08-04 16:13:07;Kiki lukman nurhakim;https://wilkerstat.bps.go.id/api/landmark/91773987/photo
90609535;HQHHUD;RUMAH BAPAK ECE;0003;RT 003 RW 001;3272050005;-6.9267186;106.9374836;4.3070001602173;1;150;Batas Wilkerstat;15040;Batas SLS;2025-08-02 15:56:49;2025-08-02 15:56:51;Kiki lukman nurhakim;https://wilkerstat.bps.go.id/api/landmark/90609535/photo
90611559;HQHKTZ;JLN SIKIB;0003;RT 003 RW 001;3272050005;-6.9272099;106.9373687;1.4019999504089;1;150;Batas Wilkerstat;15040;Batas SLS;2025-08-02 15:58:47;2025-08-02 15:58:49;Kiki lukman nurhakim;https://wilkerstat.bps.go.id/api/landmark/90611559/photo
90626763;HQIHGT;JALAN SIKIN;0003;RT 003 RW 001;3272050005;-6.9270115;106.936652;1.2999999523163;1;150;Batas Wilkerstat;15040;Batas SLS;2025-08-02 16:13:01;2025-08-02 16:13:03;Kiki lukman nurhakim;https://wilkerstat.bps.go.id/api/landmark/90626763/photo
90637196;HQIWSA;RUMAH BU IJAH;0003;RT 003 RW 001;3272050005;-6.9262544;106.9368417;1.8999999761581;1;150;Batas Wilkerstat;15040;Batas SLS;2025-08-02 16:22:08;2025-08-02 16:22:10;Kiki lukman nurhakim;https://wilkerstat.bps.go.id/api/landmark/90637196/photo
90576826;HQFLKC;RUMAH BAPAK UBAEDILLAH;0004;RT 004 RW 001;3272050005;-6.926;106.9372;4.4250001907349;1;150;Batas Wilkerstat;15040;Batas SLS;2025-08-02 15:23:30;2025-08-02 15:23:32;Kiki lukman nurhakim;https://wilkerstat.bps.go.id/api/landmark/90576826/photo
90607702;HQHFBQ;KONTRAKAN HJ ANSHOR;0004;RT 004 RW 001;3272050005;-6.9265973;106.9371329;1.8370000123978;1;150;Batas Wilkerstat;15040;Batas SLS;2025-08-02 15:54:57;2025-08-02 15:55:00;Kiki lukman nurhakim;https://wilkerstat.bps.go.id/api/landmark/90607702/photo
90614023;HQHOKT;JLN SIKIB;0004;RT 004 RW 001;3272050005;-6.9273058482184;106.93779923022;4.701000213623;1;150;Batas Wilkerstat;15040;Batas SLS;2025-08-02 16:01:03;2025-08-02 16:01:05;Kiki lukman nurhakim;https://wilkerstat.bps.go.id/api/landmark/90614023/photo
90648720;HQJNTG;RUMAH BAPAK AJI;0004;RT 004 RW 001;3272050005;-6.926173;106.9379921;4.6009998321533;1;150;Batas Wilkerstat;15040;Batas SLS;2025-08-02 16:32:03;2025-08-02 16:32:04;Kiki lukman nurhakim;https://wilkerstat.bps.go.id/api/landmark/90648720/photo
91778355;HSVUUT;JLN SIKIB;0004;RT 004 RW 001;3272050005;-6.9272066652843;106.93737979978;6.3420000076294;1;150;Batas Wilkerstat;15040;Batas SLS;2025-08-04 16:16:33;2025-08-04 16:16:37;Kiki lukman nurhakim;https://wilkerstat.bps.go.id/api/landmark/91778355/photo
91743030;HSTUOC;RUMAH IBU ICAH;0005;RT 005 RW 001;3272050005;-6.9253743;106.9373627;4.5879998207092;1;150;Batas Wilkerstat;15040;Batas SLS;2025-08-04 15:47:11;2025-08-04 15:47:13;Kiki lukman nurhakim;https://wilkerstat.bps.go.id/api/landmark/91743030/photo
91764425;HSVAEZ;RUMAH IBU ERUS;0005;RT 005 RW 001;3272050005;-6.9259618;106.937218;4.2519998550415;1;150;Batas Wilkerstat;15040;Batas SLS;2025-08-04 16:05:03;2025-08-04 16:05:13;Kiki lukman nurhakim;https://wilkerstat.bps.go.id/api/landmark/91764425/photo
91782990;HSWBRA;RUMAH BAPAK DARUS;0005;RT 005 RW 001;3272050005;-6.9261821;106.9379868;3.4360001087189;1;150;Batas Wilkerstat;15040;Batas SLS;2025-08-04 16:20:24;2025-08-04 16:20:26;Kiki lukman nurhakim;https://wilkerstat.bps.go.id/api/landmark/91782990/photo
91785111;HSWEUP;TANAH BAPAK IYUS;0005;RT 005 RW 001;3272050005;-6.9257613;106.9380876;4.1690001487732;1;150;Batas Wilkerstat;15040;Batas SLS;2025-08-04 16:22:02;2025-08-04 16:22:05;Kiki lukman nurhakim;https://wilkerstat.bps.go.id/api/landmark/91785111/photo
90822005;HQTKCB;RUMAH IBU CUCUM;0017;rt 002 rw 005;3272050005;-6.9240134961899;106.93953361362;8.835000038147;1;150;Batas Wilkerstat;15040;Batas SLS;2025-08-03 09:01:51;2025-08-03 09:01:54;Dede ani fitriani;https://wilkerstat.bps.go.id/api/landmark/90822005/photo
90824144;HQTNGI;RUMAH KATRI;0017;rt 002 rw 005;3272050005;-6.9240033;106.9399383;1.6160000562668;1;150;Batas Wilkerstat;15040;Batas SLS;2025-08-03 09:04:51;2025-08-03 09:04:53;Dede ani fitriani;https://wilkerstat.bps.go.id/api/landmark/90824144/photo
90830753;HQTXAN;PEMANCINGAN;0017;rt 002 rw 005;3272050005;-6.9241017;106.9405817;1.7660000324249;1;150;Batas Wilkerstat;15040;Batas SLS;2025-08-03 09:13:05;2025-08-03 09:13:08;Dede ani fitriani;https://wilkerstat.bps.go.id/api/landmark/90830753/photo
90852354;HQVCZI;RUMAH IBU NIA;0017;rt 002 rw 005;3272050005;-6.9246179;106.9395624;2.1400001049042;1;150;Batas Wilkerstat;15040;Batas SLS;2025-08-03 09:36:11;2025-08-03 09:36:13;Dede ani fitriani;https://wilkerstat.bps.go.id/api/landmark/90852354/photo
90861412;HQVQJS;RUMAH PA DADANG;0017;rt 002 rw 005;3272050005;-6.9246367;106.9392701;1.6330000162125;1;150;Batas Wilkerstat;15040;Batas SLS;2025-08-03 09:45:30;2025-08-03 09:45:32;Dede ani fitriani;https://wilkerstat.bps.go.id/api/landmark/90861412/photo
90873739;HQWIPV;PKBM BINA HARAPAN MANDIRI;0017;rt 002 rw 005;3272050005;-6.9245573416091;106.9398920238;2;1;150;Batas Wilkerstat;15040;Batas SLS;2025-08-03 09:56:14;2025-08-03 09:57:14;Dede ani fitriani;https://wilkerstat.bps.go.id/api/landmark/90873739/photo
91741982;HSTSZU;RMH ALH BU DEDAH;0008;RT 003 RW 002;3272050005;-6.925305;106.9373447;4.231999874115;1;150;Batas Wilkerstat;15040;Batas SLS;2025-08-04 15:46:16;2025-08-04 15:46:18;Kiki lukman nurhakim;https://wilkerstat.bps.go.id/api/landmark/91741982/photo
91747386;HSUAZQ;RUMAH BPK NANANG;0008;RT 003 RW 002;3272050005;-6.9253162;106.9371487;4.3239998817444;1;150;Batas Wilkerstat;15040;Batas SLS;2025-08-04 15:50:53;2025-08-04 15:50:55;Kiki lukman nurhakim;https://wilkerstat.bps.go.id/api/landmark/91747386/photo
91752027;HSUHWD;RMH BPK SURYANA;0008;RT 003 RW 002;3272050005;-6.9251826;106.9369712;3.4979999065399;1;150;Batas Wilkerstat;15040;Batas SLS;2025-08-04 15:54:50;2025-08-04 15:54:53;Kiki lukman nurhakim;https://wilkerstat.bps.go.id/api/landmark/91752027/photo
91755729;HSUNIN;RMH ALMARHUM BPK SUKARNA;0008;RT 003 RW 002;3272050005;-6.9253447;106.9367091;2.6219999790192;1;150;Batas Wilkerstat;15040;Batas SLS;2025-08-04 15:57:59;2025-08-04 15:58:02;Kiki lukman nurhakim;https://wilkerstat.bps.go.id/api/landmark/91755729/photo
91786450;HSWGUC;KONTRAKAN IBU MIRA;0008;RT 003 RW 002;3272050005;-6.9256885;106.9380894;4.356999874115;1;150;Batas Wilkerstat;15040;Batas SLS;2025-08-04 16:23:04;2025-08-04 16:23:07;Kiki lukman nurhakim;https://wilkerstat.bps.go.id/api/landmark/91786450/photo
90963560;HRBLMM;ANEKA BAN;0009;Rt001 Rw 005;3272050005;-6.9229274;106.9379468;1.6799999475479;1;150;Batas Wilkerstat;15040;Batas SLS;2025-08-03 11:18:27;2025-08-03 11:18:29;Dede ani fitriani;https://wilkerstat.bps.go.id/api/landmark/90963560/photo
90966557;HRBPXT;FORCEUM;0009;Rt001 Rw 005;3272050005;-6.922905;106.9373417;1.5199999809265;1;150;Batas Wilkerstat;15040;Batas SLS;2025-08-03 11:21:27;2025-08-03 11:21:30;Dede ani fitriani;https://wilkerstat.bps.go.id/api/landmark/90966557/photo
90978597;HRCHSV;RUMAH IBU NANA;0009;Rt001 Rw 005;3272050005;-6.9237333;106.93765;1.7159999608994;1;150;Batas Wilkerstat;15040;Batas SLS;2025-08-03 11:32:46;2025-08-03 11:32:47;Dede ani fitriani;https://wilkerstat.bps.go.id/api/landmark/90978597/photo
90981830;HRCMNE;RUMAH PA ODANG;0009;Rt001 Rw 005;3272050005;-6.9236902;106.9373241;2.1600000858307;1;150;Batas Wilkerstat;15040;Batas SLS;2025-08-03 11:35:49;2025-08-03 11:35:51;Dede ani fitriani;https://wilkerstat.bps.go.id/api/landmark/90981830/photo
90985285;HRCRQB;RUMAH PA ANDI;0009;Rt001 Rw 005;3272050005;-6.9235614;106.9369963;2.1600000858307;1;150;Batas Wilkerstat;15040;Batas SLS;2025-08-03 11:39:14;2025-08-03 11:39:16;Dede ani fitriani;https://wilkerstat.bps.go.id/api/landmark/90985285/photo
90987604;HRCVBG;BATAS RT 01 RW 03;0009;Rt001 Rw 005;3272050005;-6.923210707314;106.93704418838;2.1199998855591;1;150;Batas Wilkerstat;15040;Batas SLS;2025-08-03 11:41:46;2025-08-03 11:41:48;Dede ani fitriani;https://wilkerstat.bps.go.id/api/landmark/90987604/photo
91001042;HRDOYC;RUMAH PA HERI;0011;rt003 Rw 003;3272050005;-6.923865;106.9371917;1.6599999666214;1;150;Batas Wilkerstat;15040;Batas SLS;2025-08-03 11:56:06;2025-08-03 11:56:08;Dede ani fitriani;https://wilkerstat.bps.go.id/api/landmark/91001042/photo
91003413;HRDSLH;RUMAH BU JUJU;0011;rt003 Rw 003;3272050005;-6.9237067;106.936755;1.6599999666214;1;150;Batas Wilkerstat;15040;Batas SLS;2025-08-03 11:59:06;2025-08-03 11:59:10;Dede ani fitriani;https://wilkerstat.bps.go.id/api/landmark/91003413/photo
91006139;HRDWMD;RUMAH PA HADI;0011;rt003 Rw 003;3272050005;-6.9241517;106.9366773;2.2200000286102;1;150;Batas Wilkerstat;15040;Batas SLS;2025-08-03 12:02:35;2025-08-03 12:02:37;Dede ani fitriani;https://wilkerstat.bps.go.id/api/landmark/91006139/photo
91008342;HRDZSW;RUMAH DARYATI;0011;rt003 Rw 003;3272050005;-6.9244133;106.9371318;1.8400000333786;1;150;Batas Wilkerstat;15040;Batas SLS;2025-08-03 12:05:05;2025-08-03 12:05:06;Dede ani fitriani;https://wilkerstat.bps.go.id/api/landmark/91008342/photo
90933271;HQZSRN;RUMAH KONTRAKAN;0012;rt 004 rw 005;3272050005;-6.9249667;106.93771;1.6799999475479;1;150;Batas Wilkerstat;15040;Batas SLS;2025-08-03 10:50:55;2025-08-03 10:50:57;Dede ani fitriani;https://wilkerstat.bps.go.id/api/landmark/90933271/photo
90934948;HQZVEA;RUMAH JEPRI;0012;rt 004 rw 005;3272050005;-6.9247407312022;106.9373710826;1.8999999761581;1;150;Batas Wilkerstat;15040;Batas SLS;2025-08-03 10:52:19;2025-08-03 10:52:21;Dede ani fitriani;https://wilkerstat.bps.go.id/api/landmark/90934948/photo
90938578;HRAANQ;WARUNG IDA;0012;rt 004 rw 005;3272050005;-6.9247067;106.9374533;2.0199999809265;1;150;Batas Wilkerstat;15040;Batas SLS;2025-08-03 10:55:33;2025-08-03 10:55:35;Dede ani fitriani;https://wilkerstat.bps.go.id/api/landmark/90938578/photo
90950870;HRASSK;RUMAH KOSONG;0012;rt 004 rw 005;3272050005;-6.9234017;106.9377583;1.539999961853;1;150;Batas Wilkerstat;15040;Batas SLS;2025-08-03 11:07:00;2025-08-03 11:07:02;Dede ani fitriani;https://wilkerstat.bps.go.id/api/landmark/90950870/photo
90954365;HRAXWV;BATAS SLS TERUSAN AMPERA;0012;rt 004 rw 005;3272050005;-6.9238416;106.9382075;1.8400000333786;1;150;Batas Wilkerstat;15040;Batas SLS;2025-08-03 11:10:01;2025-08-03 11:10:03;Dede ani fitriani;https://wilkerstat.bps.go.id/api/landmark/90954365/photo
90957837;HRBDAJ;GG AMPERA;0012;rt 004 rw 005;3272050005;-6.9228767;106.9380967;1.5;1;150;Batas Wilkerstat;15040;Batas SLS;2025-08-03 11:13:23;2025-08-03 11:13:24;Dede ani fitriani;https://wilkerstat.bps.go.id/api/landmark/90957837/photo
90959669;HRBFSV;WARUNG SEMBAKO MADURA;0012;rt 004 rw 005;3272050005;-6.9229423;106.9379963;1.8500000238419;1;150;Batas Wilkerstat;15040;Batas SLS;2025-08-03 11:14:52;2025-08-03 11:14:54;Dede ani fitriani;https://wilkerstat.bps.go.id/api/landmark/90959669/photo
90321111;HPQXCX;BATAS 2 RT 003 RW 008 (SUNGAI BAWAH RUMAH KOSIH);0041;RT 003 RW 008;3272050006;-6.9192393;106.9455151;4.1389999389648;1;150;Batas Wilkerstat;15040;Batas SLS;2025-08-02 10:31:35;2025-08-02 10:31:37;Mayasari;https://wilkerstat.bps.go.id/api/landmark/90321111/photo
90327840;HPRHBS;BATAS 1 RT 003 RW 008 (RUMAH IVAN);0041;RT 003 RW 008;3272050006;-6.9188443;106.9447771;4.0749998092651;1;150;Batas Wilkerstat;15040;Batas SLS;2025-08-02 10:37:22;2025-08-02 10:37:23;Mayasari;https://wilkerstat.bps.go.id/api/landmark/90327840/photo
90349260;HPSMTO;BATAS 3 RT 003 RW 008 (SUNGAI BAWAH DEDE SURYANA);0041;RT 003 RW 008;3272050006;-6.9183378;106.9454299;3.9990000724792;1;150;Batas Wilkerstat;15040;Batas SLS;2025-08-02 10:57:07;2025-08-02 10:57:09;Mayasari;https://wilkerstat.bps.go.id/api/landmark/90349260/photo
90351370;HPSPWS;BATAS 4 RT 003 RW 008 (SDN SUBANG JAYA 2);0041;RT 003 RW 008;3272050006;-6.918262;106.9450749;3.7190001010895;1;150;Batas Wilkerstat;15040;Batas SLS;2025-08-02 10:58:53;2025-08-02 10:58:54;Mayasari;https://wilkerstat.bps.go.id/api/landmark/90351370/photo
90222296;HPLGYI;BATAS 6 RT 002 RW 012 (TANAH BIDAN YAYAH);0058;RT 002 RW 012;3272050006;-6.9195267;106.9468401;2.2000000476837;1;150;Batas Wilkerstat;15040;Batas SLS;2025-08-02 08:42:56;2025-08-02 08:42:58;Mayasari;https://wilkerstat.bps.go.id/api/landmark/90222296/photo
90225202;HPLLGC;BATAS 5 RT 002 RW 012 (JALAN KOKON KOMARIYAH DEPAN TANAH BIDAN YAYAH);0058;RT 002 RW 012;3272050006;-6.919609;106.9469838;3.2320001125336;1;150;Batas Wilkerstat;15040;Batas SLS;2025-08-02 08:47:40;2025-08-02 08:47:41;Mayasari;https://wilkerstat.bps.go.id/api/landmark/90225202/photo
90286920;HPOYNW;BATAS 4 RT 002 RW 012 ( DLUNA BILLIAR);0058;RT 002 RW 012;3272050006;-6.9204327;106.9467242;4.3020000457764;1;150;Batas Wilkerstat;15040;Batas SLS;2025-08-02 09:59:35;2025-08-02 09:59:37;Mayasari;https://wilkerstat.bps.go.id/api/landmark/90286920/photo
90290906;HPPELE;BATAS 3 RT 002 RW 012 (RUMAH BAPAK ECE);0058;RT 002 RW 012;3272050006;-6.9200978;106.9465729;3.9140000343323;1;150;Batas Wilkerstat;15040;Batas SLS;2025-08-02 10:03:28;2025-08-02 10:03:30;Mayasari;https://wilkerstat.bps.go.id/api/landmark/90290906/photo
90292832;HPPHHG;BATAS 2 RT 002 RW 012 (MESJID NURUL ARIFIN);0058;RT 002 RW 012;3272050006;-6.9201822;106.9462903;3.4100000858307;1;150;Batas Wilkerstat;15040;Batas SLS;2025-08-02 10:05:29;2025-08-02 10:05:31;Mayasari;https://wilkerstat.bps.go.id/api/landmark/90292832/photo
90294714;HPPKBQ;BATAS 1 RT 002 RW 012 (POSYANDU DURIAN 12B);0058;RT 002 RW 012;3272050006;-6.9204108;106.9459531;3.5009999275208;1;150;Batas Wilkerstat;15040;Batas SLS;2025-08-02 10:07:39;2025-08-02 10:07:40;Mayasari;https://wilkerstat.bps.go.id/api/landmark/90294714/photo
90308660;HPQESA;BATAS 10 RT 002 RW 012 (SUNGAI DEPAN RUMAH BENI SYAMSUDIN);0058;RT 002 RW 012;3272050006;-6.9197996;106.9456635;4.789999961853;1;150;Batas Wilkerstat;15040;Batas SLS;2025-08-02 10:20:11;2025-08-02 10:20:13;Mayasari;https://wilkerstat.bps.go.id/api/landmark/90308660/photo
90315181;HPQOIV;BATAS 9 RT 002 RW 012 (SUNGAI DEPAN RUMAH YADIN);0058;RT 002 RW 012;3272050006;-6.9198067;106.9454683;2.7330000400543;1;150;Batas Wilkerstat;15040;Batas SLS;2025-08-02 10:26:24;2025-08-02 10:26:26;Mayasari;https://wilkerstat.bps.go.id/api/landmark/90315181/photo
90227097;HPLOAZ;BATAS 2 RT 003 RW 012 (JALAN KOKON KOMARIYAH BAWAH RUMAH BURHAN);0059;RT 003 RW 012;3272050006;-6.9195235;106.9470387;4.6609997749329;1;150;Batas Wilkerstat;15040;Batas SLS;2025-08-02 08:50:23;2025-08-02 08:50:24;Mayasari;https://wilkerstat.bps.go.id/api/landmark/90227097/photo
90252602;HPMZTY;BATAS 3 RT 003 RW 012 (BELAKANG RUMAH NYAI KOMIK)@;0059;RT 003 RW 012;3272050006;-6.9195798346005;106.94763287902;1.9500000476837;1;150;Batas Wilkerstat;15040;Batas SLS;2025-08-02 09:23:23;2025-08-02 09:23:25;Mayasari;https://wilkerstat.bps.go.id/api/landmark/90252602/photo
90254755;HPNCYT;BATAS 4 RT 003 RW 012 (DEPAN RUMAH NYAI KOMIK);0059;RT 003 RW 012;3272050006;-6.9197448;106.9476986;4.3140001296997;1;150;Batas Wilkerstat;15040;Batas SLS;2025-08-02 09:25:48;2025-08-02 09:25:50;Mayasari;https://wilkerstat.bps.go.id/api/landmark/90254755/photo
90256713;HPNFWB;BATAS 5 RT 003 RW 012  ( BAWAH RUMAH ARA);0059;RT 003 RW 012;3272050006;-6.9197846;106.9477555;4.1960000991821;1;150;Batas Wilkerstat;15040;Batas SLS;2025-08-02 09:27:54;2025-08-02 09:27:56;Mayasari;https://wilkerstat.bps.go.id/api/landmark/90256713/photo
90259514;HPNJZU;BATAS 6 RT 003 RW 012 (BELAKANG MASJID MIFTAHUSSAADAH);0059;RT 003 RW 012;3272050006;-6.9199054;106.9477539;4.0659999847412;1;150;Batas Wilkerstat;15040;Batas SLS;2025-08-02 09:31:06;2025-08-02 09:31:08;Mayasari;https://wilkerstat.bps.go.id/api/landmark/90259514/photo
90260770;HPNLWC;BATAS 7 RT 003 RW 012 (SUNGAI DEPAN RUMAH AWA);0059;RT 003 RW 012;3272050006;-6.919955;106.9478968;4.6890001296997;1;150;Batas Wilkerstat;15040;Batas SLS;2025-08-02 09:32:37;2025-08-02 09:32:39;Mayasari;https://wilkerstat.bps.go.id/api/landmark/90260770/photo
90267389;HPNVQR;BATAS 8 RT 003 RW 012 (MASJID AL MUBAROKAH);0059;RT 003 RW 012;3272050006;-6.9206083;106.9474917;1.8999999761581;1;150;Batas Wilkerstat;15040;Batas SLS;2025-08-02 09:39:25;2025-08-02 09:39:27;Mayasari;https://wilkerstat.bps.go.id/api/landmark/90267389/photo
90269006;HPNYAW;BATAS 9 RT 003 RW 012 (RUMAH AGUS/NIA);0059;RT 003 RW 012;3272050006;-6.9206253;106.9473038;4.6760001182556;1;150;Batas Wilkerstat;15040;Batas SLS;2025-08-02 09:41:05;2025-08-02 09:41:07;Mayasari;https://wilkerstat.bps.go.id/api/landmark/90269006/photo
90270791;HPOARN;BATAS 10 RT 003 RW 012 (DEPAN RUMAH SULAIMAN);0059;RT 003 RW 012;3272050006;-6.9205242;106.947327;3.1519999504089;1;150;Batas Wilkerstat;15040;Batas SLS;2025-08-02 09:42:55;2025-08-02 09:42:57;Mayasari;https://wilkerstat.bps.go.id/api/landmark/90270791/photo
90274715;HPOGML;BATAS 11 RT 003 RW 012 (TOWER PROVIDER);0059;RT 003 RW 012;3272050006;-6.92043;106.9470667;2.2590000629425;1;150;Batas Wilkerstat;15040;Batas SLS;2025-08-02 09:47:06;2025-08-02 09:47:08;Mayasari;https://wilkerstat.bps.go.id/api/landmark/90274715/photo
90277101;HPOKAF;BATAS 12 RT 003 RW 012 (RUMAH LUKI);0059;RT 003 RW 012;3272050006;-6.920535;106.946957;4.5199999809265;1;150;Batas Wilkerstat;15040;Batas SLS;2025-08-02 09:49:36;2025-08-02 09:49:38;Mayasari;https://wilkerstat.bps.go.id/api/landmark/90277101/photo
90278954;HPOMTM;BATAS 1 RT 003 RW 012;0059;RT 003 RW 012;3272050006;-6.9204531903462;106.94666393101;4.3439998626709;1;150;Batas Wilkerstat;15040;Batas SLS;2025-08-02 09:51:30;2025-08-02 09:51:32;Mayasari;https://wilkerstat.bps.go.id/api/landmark/90278954/photo
90856041;HQVILD;BATAS 1 RT 001 RW 004 (GANG SAMPING FOTOCOPY);0017;RT01RW04;3272050006;-6.9174844;106.9508999;1.6000000238419;1;150;Batas Wilkerstat;15040;Batas SLS;2025-08-03 09:39:53;2025-08-03 09:39:54;Dahlan Jaelani;https://wilkerstat.bps.go.id/api/landmark/90856041/photo
90873134;HQWHSO;BATAS 2 RT001RW004 (RUMAH IBU PUPU);0017;RT01RW04;3272050006;-6.917503;106.9510721;4.4930000305176;1;150;Batas Wilkerstat;15040;Batas SLS;2025-08-03 09:56:39;2025-08-03 09:56:40;Dahlan Jaelani;https://wilkerstat.bps.go.id/api/landmark/90873134/photo
90885170;HQWZNM;BATAS 3 RT001RW004 (RUMAH HIJAU TOSCA);0017;RT01RW04;3272050006;-6.9173082;106.9513355;4.2270002365112;1;150;Batas Wilkerstat;15040;Batas SLS;2025-08-03 10:07:37;2025-08-03 10:07:38;Dahlan Jaelani;https://wilkerstat.bps.go.id/api/landmark/90885170/photo
90892421;HQXKGJ;BATAS 4 RT001RW004 (SUNGAI BELAKANG CISUDA RIVERSIDE);0017;RT01RW04;3272050006;-6.9173067;106.9517967;2.9479999542236;1;150;Batas Wilkerstat;15040;Batas SLS;2025-08-03 10:14:08;2025-08-03 10:14:10;Dahlan Jaelani;https://wilkerstat.bps.go.id/api/landmark/90892421/photo
90978511;HRCHPN;BATAS 6 RT001RW004 (RUMAH IBU RESNA);0017;RT01RW04;3272050006;-6.9153202;106.9513057;3.8499999046326;1;150;Batas Wilkerstat;15040;Batas SLS;2025-08-03 11:32:41;2025-08-03 11:32:43;Dahlan Jaelani;https://wilkerstat.bps.go.id/api/landmark/90978511/photo
91025460;HREZBG;BATAS 5 RT001RW004 (JAMBATAN KAYU SUNGAI CISUDA);0017;RT01RW04;3272050006;-6.9155183;106.9548117;3.5420000553131;1;150;Batas Wilkerstat;15040;Batas SLS;2025-08-03 12:28:58;2025-08-03 12:29:00;Dahlan Jaelani;https://wilkerstat.bps.go.id/api/landmark/91025460/photo
90845710;HQUTDU;BATAS 1 RT 004 RW 004 (SEBRANG BENGKEL LAS PERUM BCI);0020;RT04RW04;3272050006;-6.9192290273789;106.95017192513;2.4909999370575;1;150;Batas Wilkerstat;15040;Batas SLS;2025-08-03 09:29:33;2025-08-03 09:29:36;Dahlan Jaelani;https://wilkerstat.bps.go.id/api/landmark/90845710/photo
90853186;HQVEFI;BATAS 2 RT 004 RW 004 (GANG SAMPING KIOS BERAS BERKAH);0020;RT04RW04;3272050006;-6.9174709933349;106.95089746267;1.8500000238419;1;150;Batas Wilkerstat;15040;Batas SLS;2025-08-03 09:37:02;2025-08-03 09:37:03;Dahlan Jaelani;https://wilkerstat.bps.go.id/api/landmark/90853186/photo
90866685;HQVYEN;BATAS 3 RT004RW004 (RUMAH CATUR WAHIDIN);0020;RT04RW04;3272050006;-6.917503278381;106.95105973631;2.4000000953674;1;150;Batas Wilkerstat;15040;Batas SLS;2025-08-03 09:50:21;2025-08-03 09:50:22;Dahlan Jaelani;https://wilkerstat.bps.go.id/api/landmark/90866685/photo
90886770;HQXBXA;BATAS 4 RT004RW004 (RUMAH CAT HIJAU TELUR ASIN);0020;RT04RW04;3272050006;-6.9172717;106.9513633;3.9519999027252;1;150;Batas Wilkerstat;15040;Batas SLS;2025-08-03 10:09:05;2025-08-03 10:09:06;Dahlan Jaelani;https://wilkerstat.bps.go.id/api/landmark/90886770/photo
90890656;HQXHQM;BATAS 5 RT004RW004 (SUNGAI BELAKANG CISUDA RIVERSIDE);0020;RT04RW04;3272050006;-6.9173125;106.9517934;4.414999961853;1;150;Batas Wilkerstat;15040;Batas SLS;2025-08-03 10:12:23;2025-08-03 10:12:28;Dahlan Jaelani;https://wilkerstat.bps.go.id/api/landmark/90890656/photo
90903615;HQYAUX;BATAS 6 RT004RW004 (SUNGAI CISUDA);0020;RT04RW04;3272050006;-6.919484976886;106.95051893592;2.2000000476837;1;150;Batas Wilkerstat;15040;Batas SLS;2025-08-03 10:24:19;2025-08-03 10:24:21;Dahlan Jaelani;https://wilkerstat.bps.go.id/api/landmark/90903615/photo
90979792;HRCJMU;BATAS 1 RT007RW004 (KIOS WARNA BIRU);0081;RT06RW04;3272050006;-6.9152837;106.9513298;2.7349998950958;1;150;Batas Wilkerstat;15040;Batas SLS;2025-08-03 11:33:52;2025-08-03 11:33:53;Dahlan Jaelani;https://wilkerstat.bps.go.id/api/landmark/90979792/photo
91007973;HRDZER;BATAS 3 RT007RW004 (BENDUNGAN SUNGAI CISUDA);0081;RT06RW04;3272050006;-6.9119617;106.9542917;2.0999999046326;1;150;Batas Wilkerstat;15040;Batas SLS;2025-08-03 12:04:32;2025-08-03 12:04:36;Dahlan Jaelani;https://wilkerstat.bps.go.id/api/landmark/91007973/photo
91024334;HREXJY;BATAS 4 RT007RW004 (JAMBATAN KAYU SUNGAI CISUDA);0081;RT06RW04;3272050006;-6.9155333;106.9547851;4.1669998168945;1;150;Batas Wilkerstat;15040;Batas SLS;2025-08-03 12:27:25;2025-08-03 12:27:27;Dahlan Jaelani;https://wilkerstat.bps.go.id/api/landmark/91024334/photo
91038515;HRFSJJ;BATAS 2 RT007RW004 (GERBANG AL-AZHAR);0081;RT06RW04;3272050006;-6.9118802;106.9519334;4.7979998588562;1;150;Batas Wilkerstat;15040;Batas SLS;2025-08-03 12:48:33;2025-08-03 12:48:36;Dahlan Jaelani;https://wilkerstat.bps.go.id/api/landmark/91038515/photo
90632962;HQIQLE;BATAS 3 RT 003 RW 006 (SAWAH SEBRANG SUBANG JAYA VILLAGE);0033;RT03RW06;3272050006;-6.9041294252643;106.94983765483;2.5739998817444;1;150;Batas Wilkerstat;15040;Batas SLS;2025-08-02 16:18:25;2025-08-02 16:18:25;Dahlan Jaelani;https://wilkerstat.bps.go.id/api/landmark/90632962/photo
90661422;HQKGNU;BATAS 4 RT003RW006 (POHON BAMBU SUNGAI CISUDA);0033;RT03RW06;3272050006;-6.9036279;106.9513489;2.9679999351501;1;150;Batas Wilkerstat;15040;Batas SLS;2025-08-02 16:43:18;2025-08-02 16:43:18;Dahlan Jaelani;https://wilkerstat.bps.go.id/api/landmark/90661422/photo
90671607;HQKVPN;BATAS 2 RT003RW006 (PERTIGAAN SUBANGJAYA);0033;RT03RW06;3272050006;-6.9075801;106.9497698;3.8389999866486;1;150;Batas Wilkerstat;15040;Batas SLS;2025-08-02 16:52:13;2025-08-02 16:52:13;Dahlan Jaelani;https://wilkerstat.bps.go.id/api/landmark/90671607/photo
90674471;HQKZVR;BATAS 1 RT003RW006 (DEPAN HALDA BAKERY);0033;RT03RW06;3272050006;-6.9089799;106.9498083;1.6000000238419;1;150;Batas Wilkerstat;15040;Batas SLS;2025-08-02 16:54:44;2025-08-02 16:54:45;Dahlan Jaelani;https://wilkerstat.bps.go.id/api/landmark/90674471/photo
90676705;HQLDDP;BATAS 5 RT 003 RW 006 (SUNGAI);0033;RT03RW06;3272050006;-6.909051;106.9505115;3.1500000953674;1;150;Batas Wilkerstat;15070;Batas Segmen;2025-08-02 16:56:43;2025-08-02 16:56:44;Dahlan Jaelani;https://wilkerstat.bps.go.id/api/landmark/90676705/photo
90679013;HQLGOJ;BATAS 5 RT 004 RW 006 (SUNGAI);0034;RT04RW06;3272050006;-6.909181;106.9505199;2.9010000228882;1;150;Batas Wilkerstat;15040;Batas SLS;2025-08-02 16:58:53;2025-08-02 16:58:53;Dahlan Jaelani;https://wilkerstat.bps.go.id/api/landmark/90679013/photo
90680592;HQLIXC;BATAS 4. (MESJID);0034;RT04RW06;3272050006;-6.9090218;106.9497383;1.5;1;150;Batas Wilkerstat;15040;Batas SLS;2025-08-02 17:00:14;2025-08-02 17:00:16;Dahlan Jaelani;https://wilkerstat.bps.go.id/api/landmark/90680592/photo
90849541;HQUYVD;BATAS 1 RT 001 RW 003 RUMAH BAPAK OIS;0012;RT 001 RW 003;3272050006;-6.92196;106.9478183;3.0999999046326;1;150;Batas Wilkerstat;15040;Batas SLS;2025-08-03 09:32:43;2025-08-03 09:33:35;Erna Abriyanti;https://wilkerstat.bps.go.id/api/landmark/90849541/photo
90869427;HQWCFZ;BATAS 2 RT 001 RW 003 RUMAH IBU NURLELA;0012;RT 001 RW 003;3272050006;-6.921598;106.9476579;2.3499999046326;1;150;Batas Wilkerstat;15040;Batas SLS;2025-08-03 09:52:58;2025-08-03 09:53:00;Erna Abriyanti;https://wilkerstat.bps.go.id/api/landmark/90869427/photo
90872844;HQWHHK;BATAS 3 RT 001 RW 003 RUMAH IBU HESTI;0012;RT 001 RW 003;3272050006;-6.9217355;106.9477052;4.8600001335144;1;150;Batas Wilkerstat;15040;Batas SLS;2025-08-03 09:56:21;2025-08-03 09:56:23;Erna Abriyanti;https://wilkerstat.bps.go.id/api/landmark/90872844/photo
90914958;HQYRPE;BATAS 4 RT 001 RW 003 GG KENANGA 1;0012;RT 001 RW 003;3272050006;-6.9212130484705;106.94794334471;1.7000000476837;1;150;Batas Wilkerstat;15040;Batas SLS;2025-08-03 10:33:16;2025-08-03 10:34:22;Erna Abriyanti;https://wilkerstat.bps.go.id/api/landmark/90914958/photo
90927920;HQZKTS;BATAS 5 RT 001 RW 003 BENGKEL BUBUT PA UJANG;0012;RT 001 RW 003;3272050006;-6.921335;106.9475417;1.6000000238419;1;150;Batas Wilkerstat;15040;Batas SLS;2025-08-03 10:46:08;2025-08-03 10:46:09;Erna Abriyanti;https://wilkerstat.bps.go.id/api/landmark/90927920/photo
90213394;HPKTTY;BATAS 1 RT 002 RW 003 TAPAL KUDA;0013;RT 002 RW 003;3272050006;-6.9221238;106.9483632;7.5859999656677;1;150;Batas Wilkerstat;15040;Batas SLS;2025-08-02 08:27:30;2025-08-02 08:27:32;Erna Abriyanti;https://wilkerstat.bps.go.id/api/landmark/90213394/photo
90223061;HPLIBT;BATAS 2 RT 002 RW 003 SUNGAI CISUDA;0013;RT 002 RW 003;3272050006;-6.9221021;106.947927;3.8510000705719;1;150;Batas Wilkerstat;15040;Batas SLS;2025-08-02 08:44:10;2025-08-02 08:44:12;Erna Abriyanti;https://wilkerstat.bps.go.id/api/landmark/90223061/photo
90238517;HPMEYF;BATAS 5 RT 002 RW 003 RUMAH BAPAK DIDANG;0013;RT 002 RW 003;3272050006;-6.9214387;106.948409;5.3020000457764;1;150;Batas Wilkerstat;15040;Batas SLS;2025-08-02 09:06:32;2025-08-02 09:06:33;Erna Abriyanti;https://wilkerstat.bps.go.id/api/landmark/90238517/photo
90262064;HPNNTW;BATAS 4 RT 002 RW 003 J&T EXPRESS;0013;RT 002 RW 003;3272050006;-6.921115;106.9485083;1.2999999523163;1;150;Batas Wilkerstat;15040;Batas SLS;2025-08-02 09:33:43;2025-08-02 09:33:57;Erna Abriyanti;https://wilkerstat.bps.go.id/api/landmark/90262064/photo
90264312;HPNRCI;BATAS 3 RT 002 RW 003 J&T CARGO;0013;RT 002 RW 003;3272050006;-6.9211882;106.9479797;2.2999999523163;1;150;Batas Wilkerstat;15040;Batas SLS;2025-08-02 09:36:21;2025-08-02 09:36:24;Erna Abriyanti;https://wilkerstat.bps.go.id/api/landmark/90264312/photo
89921981;HOUERT;BATAS 2 RT 003 RW 003 (KEBUN BELAKANG MESJID AL MUNAJAT);0014;RT 003 RW 003;3272050006;-6.9217869;106.948801;4.8499999046326;1;150;Batas Wilkerstat;15040;Batas SLS;2025-08-01 09:21:15;2025-08-01 09:21:18;Erna Abriyanti;https://wilkerstat.bps.go.id/api/landmark/89921981/photo
90209739;HPKOJJ;BATAS 6 RT 003 RW 003 RUMAH BAPAK LUKMAN;0014;RT 003 RW 003;3272050006;-6.9214713;106.9484485;6.2740001678467;1;150;Batas Wilkerstat;15040;Batas SLS;2025-08-02 08:20:14;2025-08-02 08:20:16;Erna Abriyanti;https://wilkerstat.bps.go.id/api/landmark/90209739/photo
90212164;HPKRYQ;BATAS 1 RT 003 RW 003 RUMAH BAPAK NANANG;0014;RT 003 RW 003;3272050006;-6.9221917;106.9483617;14.453000068665;1;150;Batas Wilkerstat;15040;Batas SLS;2025-08-02 08:25:08;2025-08-02 08:25:09;Erna Abriyanti;https://wilkerstat.bps.go.id/api/landmark/90212164/photo
90258839;HPNIZV;BATAS 7 RT 003 RW 003 GUDANG DEKAT HTM;0014;RT 003 RW 003;3272050006;-6.9210903;106.9484959;4.0479998588562;1;150;Batas Wilkerstat;15040;Batas SLS;2025-08-02 09:30:27;2025-08-02 09:30:29;Erna Abriyanti;https://wilkerstat.bps.go.id/api/landmark/90258839/photo
89920104;HOUBXO;BATAS 1 RT 004 RW 003 (KEBUN BELAKANG RUMAH BAPA INONG);0015;RT 004 RW 003;3272050006;-6.921846429056;106.94871883839;2.5999999046326;1;150;Batas Wilkerstat;15040;Batas SLS;2025-08-01 09:16:32;2025-08-01 09:16:34;Erna Abriyanti;https://wilkerstat.bps.go.id/api/landmark/89920104/photo
89924276;HOUICA;BATAS 2 RT 004 RW 003 (SUNGAI CISUDA BELAKANG RUMAH FIRMANSYAH);0015;RT 004 RW 003;3272050006;-6.9218863689488;106.9491077587;2.2000000476837;1;150;Batas Wilkerstat;15040;Batas SLS;2025-08-01 09:25:30;2025-08-01 09:25:57;Erna Abriyanti;https://wilkerstat.bps.go.id/api/landmark/89924276/photo
89926059;HOUKSP;BATAS 3 RT 004 RW 003 (RUMAH MUHIDIN);0015;RT 004 RW 003;3272050006;-6.9215098;106.9488169;4.6999998092651;1;150;Batas Wilkerstat;15040;Batas SLS;2025-08-01 09:30:41;2025-08-01 09:31:04;Erna Abriyanti;https://wilkerstat.bps.go.id/api/landmark/89926059/photo
89927559;HOUMYH;BATAS 4 RT 004 RW 003 (DEPAN RUMAH NANANG);0015;RT 004 RW 003;3272050006;-6.9214067;106.9487583;1.7999999523163;1;150;Batas Wilkerstat;15040;Batas SLS;2025-08-01 09:36:57;2025-08-01 09:39:34;Erna Abriyanti;https://wilkerstat.bps.go.id/api/landmark/89927559/photo
90035535;HPAQRF;BATAS 3 RT 004 RW 003 (RUMAH MUHIDIN);0015;RT 004 RW 003;3272050006;-6.9215062741652;106.94887876511;4.6999998092651;1;150;Batas Wilkerstat;15040;Batas SLS;2025-08-01 09:31:06;2025-08-01 14:24:33;Erna Abriyanti;https://wilkerstat.bps.go.id/api/landmark/90035535/photo
90035555;HPAQRZ;BATAS 4 RT 004 RW 003 (DEPAN RUMAH NANANG);0015;RT 004 RW 003;3272050006;-6.9214010990221;106.94877281785;1.7999999523163;1;150;Batas Wilkerstat;15040;Batas SLS;2025-08-01 09:37:36;2025-08-01 14:24:34;Erna Abriyanti;https://wilkerstat.bps.go.id/api/landmark/90035555/photo
90035577;HPAQSV;BATAS 5 RT 004 RW 003 (RUKO RAJAWALI);0015;RT 004 RW 003;3272050006;-6.920968416225;106.94884255528;3.8480000495911;1;150;Batas Wilkerstat;15040;Batas SLS;2025-08-01 09:46:52;2025-08-01 14:24:35;Erna Abriyanti;https://wilkerstat.bps.go.id/api/landmark/90035577/photo
90035594;HPAQTM;BATAS 6 RT 004 RW 003 (SUNGAI CISUDA JEMBATAN  CIANDAM);0015;RT 004 RW 003;3272050006;-6.9206835110282;106.94990035146;5.4400000572205;1;150;Batas Wilkerstat;15040;Batas SLS;2025-08-01 09:51:17;2025-08-01 14:24:36;Erna Abriyanti;https://wilkerstat.bps.go.id/api/landmark/90035594/photo
90035612;HPAQUE;BATAS 7 RT 004 RW 003 (SUNGAI CISUDA DEKAT MCK);0015;RT 004 RW 003;3272050006;-6.9213668172457;106.94927673787;1.9659999608994;1;150;Batas Wilkerstat;15040;Batas SLS;2025-08-01 09:54:21;2025-08-01 14:24:38;Erna Abriyanti;https://wilkerstat.bps.go.id/api/landmark/90035612/photo
90226056;HPLMMY;BATAS 5 RT 005 RW 003 SUNGAI CISUDA;0016;RT 005 RW 003;3272050006;-6.9221243440735;106.94796580821;3.0260000228882;1;150;Batas Wilkerstat;15040;Batas SLS;2025-08-02 08:48:49;2025-08-02 08:48:53;Erna Abriyanti;https://wilkerstat.bps.go.id/api/landmark/90226056/photo
90414109;HPWERT;BATAS 2 RT 005 RW 003 (SUNGAI CISARAY);0016;RT 005 RW 003;3272050006;-6.9233008;106.9470442;2.5;1;150;Batas Wilkerstat;15040;Batas SLS;2025-08-02 12:00:41;2025-08-02 12:00:42;Erna Abriyanti;https://wilkerstat.bps.go.id/api/landmark/90414109/photo
90418100;HPWKPG;BATAS 1 RT 005 RW 003 (RUMAH ROHIM);0016;RT 005 RW 003;3272050006;-6.9232239;106.9464789;4.6100001335144;1;150;Batas Wilkerstat;15040;Batas SLS;2025-08-02 12:05:25;2025-08-02 12:05:26;Erna Abriyanti;https://wilkerstat.bps.go.id/api/landmark/90418100/photo
90435296;HPXKAQ;BATAS 3 RT 005 RW 003;0016;RT 005 RW 003;3272050006;-6.9229232;106.9474027;1.75;1;150;Batas Wilkerstat;15040;Batas SLS;2025-08-02 12:28:34;2025-08-02 12:28:37;Erna Abriyanti;https://wilkerstat.bps.go.id/api/landmark/90435296/photo
90438105;HPXOER;BATAS 4 RT 005 RW 003 (SUNGAI CISUDA BELAKANG KOLAM RENANG);0016;RT 005 RW 003;3272050006;-6.9227400833495;106.94776732475;2.2000000476837;1;150;Batas Wilkerstat;15040;Batas SLS;2025-08-02 12:32:35;2025-08-02 12:32:38;Erna Abriyanti;https://wilkerstat.bps.go.id/api/landmark/90438105/photo
90853161;HQVEEJ;BATAS 6 RT 005 RW 003 DEPAN RUMAH BAPAK OIS;0016;RT 005 RW 003;3272050006;-6.9219833;106.9478317;1.7000000476837;1;150;Batas Wilkerstat;15040;Batas SLS;2025-08-03 09:36:10;2025-08-03 09:37:01;Erna Abriyanti;https://wilkerstat.bps.go.id/api/landmark/90853161/photo
90863832;HQVTYU;BATAS 7 RT 005 RW 003 RUMAH MAS PUR;0016;RT 005 RW 003;3272050006;-6.9216094;106.9476721;12.788999557495;1;150;Batas Wilkerstat;15040;Batas SLS;2025-08-03 09:47:40;2025-08-03 09:47:43;Erna Abriyanti;https://wilkerstat.bps.go.id/api/landmark/90863832/photo
90874732;HQWKCA;BATAS 8 RT 005 RW 001 BELANG RUMAH MAS PUR;0016;RT 005 RW 003;3272050006;-6.9217808;106.9477051;2.0999999046326;1;150;Batas Wilkerstat;15040;Batas SLS;2025-08-03 09:58:13;2025-08-03 09:58:15;Erna Abriyanti;https://wilkerstat.bps.go.id/api/landmark/90874732/photo
90930650;HQZOUS;BATAS 9 RT 005 RW 003 GG MONAS;0016;RT 005 RW 003;3272050006;-6.9212934;106.9474733;1.7999999523163;1;150;Batas Wilkerstat;15040;Batas SLS;2025-08-03 10:48:33;2025-08-03 10:48:35;Erna Abriyanti;https://wilkerstat.bps.go.id/api/landmark/90930650/photo
90935810;HQZWLE;BATAS 10;0016;RT 005 RW 003;3272050006;-6.9214337;106.9472433;1.7000000476837;1;150;Batas Wilkerstat;15040;Batas SLS;2025-08-03 10:53:01;2025-08-03 10:53:05;Erna Abriyanti;https://wilkerstat.bps.go.id/api/landmark/90935810/photo
91936090;HTEUDM;BATAS 3 RT 003 RW 010 POSYANDU DURIAN 10;0050;RT 003 RW 010;3272050006;-6.9206634;106.9485539;1.8999999761581;1;150;Batas Wilkerstat;15040;Batas SLS;2025-08-05 08:21:45;2025-08-05 08:21:46;Erna Abriyanti;https://wilkerstat.bps.go.id/api/landmark/91936090/photo
91937284;HTEVXK;BATAS 2 RT 003 RE 010 RUMAH BU IMAS;0050;RT 003 RW 010;3272050006;-6.920695;106.9486633;1.6000000238419;1;150;Batas Wilkerstat;15040;Batas SLS;2025-08-05 08:24:03;2025-08-05 08:24:05;Erna Abriyanti;https://wilkerstat.bps.go.id/api/landmark/91937284/photo
91939567;HTEZHF;BATAS 4 RT 003 RT 010 KEBUN IBU YANTI;0050;RT 003 RW 010;3272050006;-6.9204133;106.9484117;8.8800001144409;1;150;Batas Wilkerstat;15040;Batas SLS;2025-08-05 08:28:21;2025-08-05 08:28:23;Erna Abriyanti;https://wilkerstat.bps.go.id/api/landmark/91939567/photo
91942726;HTFDYS;BATAS 5 RT 003 RW 010 RUMAH BPAK YUSTANDI;0050;RT 003 RW 010;3272050006;-6.9205333;106.9480667;4.3600001335144;1;150;Batas Wilkerstat;15040;Batas SLS;2025-08-05 08:33:50;2025-08-05 08:33:52;Erna Abriyanti;https://wilkerstat.bps.go.id/api/landmark/91942726/photo
91945400;HTFHXO;BATAS 6 RT 003 RW 010 GUDANG PD MAJU TERUS;0050;RT 003 RW 010;3272050006;-6.9211215;106.9480398;12.586000442505;1;150;Batas Wilkerstat;15040;Batas SLS;2025-08-05 08:38:31;2025-08-05 08:38:32;Erna Abriyanti;https://wilkerstat.bps.go.id/api/landmark/91945400/photo
91958631;HTGBML;BATAS RT006 RW 010 RUMAH PA UJANG SULAEMAN;0053;RT 006 RW 010;3272050006;-6.9209106;106.9476514;2.75;1;150;Batas Wilkerstat;15040;Batas SLS;2025-08-05 08:58:05;2025-08-05 08:58:06;Erna Abriyanti;https://wilkerstat.bps.go.id/api/landmark/91958631/photo
91973803;HTGXXZ;BATAS 1 RT 006 RW 010 SUNGAI CISARAY;0053;RT 006 RW 010;3272050006;-6.9211518;106.9472627;3.3819999694824;1;150;Batas Wilkerstat;15040;Batas SLS;2025-08-05 09:17:05;2025-08-05 09:17:07;Erna Abriyanti;https://wilkerstat.bps.go.id/api/landmark/91973803/photo
91979409;HTHGFP;BATAS 3 RT 006 RW 010 SUNGAI CISARAY BELAKANG MESJID ALMUBAROKAH;0053;RT 006 RW 010;3272050006;-6.9205841;106.947492;2.2000000476837;1;150;Batas Wilkerstat;15040;Batas SLS;2025-08-05 09:23:23;2025-08-05 09:23:24;Erna Abriyanti;https://wilkerstat.bps.go.id/api/landmark/91979409/photo
91981787;HTHJTB;BATAS 4 RT 006 RW 010 RUMAH BAPAK YUDI HARTONO;0053;RT 006 RW 010;3272050006;-6.9203838;106.9476114;2.5;1;150;Batas Wilkerstat;15040;Batas SLS;2025-08-05 09:25:57;2025-08-05 09:25:58;Erna Abriyanti;https://wilkerstat.bps.go.id/api/landmark/91981787/photo
90268717;HPNXPT;BATAS 1 RT 003 RW 007 TAMBAL BAN MELLY;0037;RT 003 RW 007;3272050006;-6.9213837917178;106.94718595594;3.9549999237061;1;150;Batas Wilkerstat;15040;Batas SLS;2025-08-02 09:40:48;2025-08-02 09:40:49;Nina Sumaryati;https://wilkerstat.bps.go.id/api/landmark/90268717/photo
90272150;HPOCRU;BATAS 2 RT 003 RW 007 KEBUN DEKAT HOTEL MELATI;0037;RT 003 RW 007;3272050006;-6.9217269421898;106.94566145539;4.4279999732971;1;150;Batas Wilkerstat;15040;Batas SLS;2025-08-02 09:44:18;2025-08-02 09:44:19;Nina Sumaryati;https://wilkerstat.bps.go.id/api/landmark/90272150/photo
90429779;HPXBWL;BATAS 4 RT 003 RW 007 (SUNGAI CISARAY BELAKANG RUKO PERINDO);0037;RT 003 RW 007;3272050006;-6.9222338458737;106.94673500955;4.4860000610352;1;150;Batas Wilkerstat;15040;Batas SLS;2025-08-02 12:20:37;2025-08-02 12:20:39;Nina Sumaryati;https://wilkerstat.bps.go.id/api/landmark/90429779/photo
90809062;HQSQYG;BATAS 3 RT 003 RW 007 (TANAH BEKAS PABRIK ACI);0037;RT 003 RW 007;3272050006;-6.9223559952683;106.94581266493;4.1680002212524;1;150;Batas Wilkerstat;15040;Batas SLS;2025-08-03 08:44:33;2025-08-03 08:44:34;Nina Sumaryati;https://wilkerstat.bps.go.id/api/landmark/90809062/photo
90985435;HRCRVV;BATAS 1 RT 05 RW 01 (RMH.USTD.SOPIAN);0005;RT 005 RW 001;3272050006;-6.9247607010265;106.94484941661;4.5989999771118;1;150;Batas Wilkerstat;15040;Batas SLS;2025-08-03 11:39:24;2025-08-03 11:39:25;Nina Sumaryati;https://wilkerstat.bps.go.id/api/landmark/90985435/photo
90988593;HRCWNH;BATAS 2 RT 05 RW 01 (SUNGAI CISAYAR);0005;RT 005 RW 001;3272050006;-6.9246798232327;106.94520648569;4.8140001296997;1;150;Batas Wilkerstat;15040;Batas SLS;2025-08-03 11:42:45;2025-08-03 11:42:47;Nina Sumaryati;https://wilkerstat.bps.go.id/api/landmark/90988593/photo
90990614;HRCZNA;BATAS 3 RT 05 RW 01 KEBUN H.ADE;0005;RT 005 RW 001;3272050006;-6.9243473254903;106.94544821978;5.768000125885;1;150;Batas Wilkerstat;15040;Batas SLS;2025-08-03 11:44:50;2025-08-03 11:44:52;Nina Sumaryati;https://wilkerstat.bps.go.id/api/landmark/90990614/photo
91016859;HREMIL;BATAS 4 RT 05 RW 01 ( BELAKANG SUKABUMI HOME CENTER);0005;RT 005 RW 001;3272050006;-6.9239911965173;106.94449134171;3.8829998970032;1;150;Batas Wilkerstat;15040;Batas SLS;2025-08-03 12:16:35;2025-08-03 12:16:36;Nina Sumaryati;https://wilkerstat.bps.go.id/api/landmark/91016859/photo
91031810;HRFILM;BATAS 5  RT 05 RW 01 (GUDANG KASUR);0005;RT 005 RW 001;3272050006;-6.924124;106.9434732;4.1319999694824;1;150;Batas Wilkerstat;15040;Batas SLS;2025-08-03 12:38:01;2025-08-03 12:38:03;Nina Sumaryati;https://wilkerstat.bps.go.id/api/landmark/91031810/photo
91035895;HRFOMP;BATAS 6 05 RW 01 (RMH.BP.EDI SUPARDI);0005;RT 005 RW 001;3272050006;-6.9229128230346;106.9437289238;4.7020001411438;1;150;Batas Wilkerstat;15040;Batas SLS;2025-08-03 12:44:16;2025-08-03 12:44:17;Nina Sumaryati;https://wilkerstat.bps.go.id/api/landmark/91035895/photo
91038770;HRFSTE;BATAS 7 RT 05 RW 01 (RMH BP.NANDA JUANDA);0005;RT 005 RW 001;3272050006;-6.922836;106.9441705;6.3800001144409;1;150;Batas Wilkerstat;15040;Batas SLS;2025-08-03 12:49:02;2025-08-03 12:49:04;Nina Sumaryati;https://wilkerstat.bps.go.id/api/landmark/91038770/photo
91070610;HRHNVU;BATAS 1 RT 01 RW 02 (CAFE HOUSE OASE);0008;RT 001 RW 002;3272050006;-6.922807648205;106.94410510361;5.1620001792908;1;150;Batas Wilkerstat;15040;Batas SLS;2025-08-03 13:35:42;2025-08-03 13:35:44;Nina Sumaryati;https://wilkerstat.bps.go.id/api/landmark/91070610/photo
91094749;HRIXOF;BATAS 2 RT 01 RW 02 (RMH.BP.ENUH MUHAEMIN);0008;RT 001 RW 002;3272050006;-6.9229254706391;106.94372691214;4.039999961853;1;150;Batas Wilkerstat;15040;Batas SLS;2025-08-03 14:08:25;2025-08-03 14:08:27;Nina Sumaryati;https://wilkerstat.bps.go.id/api/landmark/91094749/photo
91102456;HRJIYQ;BATAS 3 RT 01 RW 03 (RMH BP.MISBAH);0008;RT 001 RW 002;3272050006;-6.9225370558932;106.94328434765;6.0339999198914;1;150;Batas Wilkerstat;15040;Batas SLS;2025-08-03 14:17:59;2025-08-03 14:18:00;Nina Sumaryati;https://wilkerstat.bps.go.id/api/landmark/91102456/photo
91106608;HRJPCI;BATAS 4  RT 01 RW 02 (KEBUN SINGKONG);0008;RT 001 RW 002;3272050006;-6.9233002389768;106.94306507707;5.9640002250671;1;150;Batas Wilkerstat;15040;Batas SLS;2025-08-03 14:23:30;2025-08-03 14:23:31;Nina Sumaryati;https://wilkerstat.bps.go.id/api/landmark/91106608/photo
91109975;HRJUBV;BATAS 5 RT 01 RW 02 (GERBANG PAS BELOKAN);0008;RT 001 RW 002;3272050006;-6.9233602;106.9436299;5.164999961853;1;150;Batas Wilkerstat;15040;Batas SLS;2025-08-03 14:27:30;2025-08-03 14:27:32;Nina Sumaryati;https://wilkerstat.bps.go.id/api/landmark/91109975/photo
91114938;HRKBKS;BATAS 6 RT 01 RW 02 (AGEN LPJ);0008;RT 001 RW 002;3272050006;-6.9221023771439;106.94422245026;4.5139999389648;1;150;Batas Wilkerstat;15040;Batas SLS;2025-08-03 14:33:34;2025-08-03 14:33:36;Nina Sumaryati;https://wilkerstat.bps.go.id/api/landmark/91114938/photo
91117622;HRKFJY;BATAS 7 RT 01 RW 02 (MR.DIY);0008;RT 001 RW 002;3272050006;-6.9222486;106.9433283;9.5109996795654;1;150;Batas Wilkerstat;15040;Batas SLS;2025-08-03 14:36:43;2025-08-03 14:36:44;Nina Sumaryati;https://wilkerstat.bps.go.id/api/landmark/91117622/photo
90283385;HPOTHX;BATAS 4 RT 002 RW 007 (LION & PARCEL);0036;RT 002 RW 007;3272050006;-6.9217517;106.9456136;6.7389998435974;1;150;Batas Wilkerstat;15040;Batas SLS;2025-08-02 09:55:49;2025-08-02 09:55:51;Nina Sumaryati;https://wilkerstat.bps.go.id/api/landmark/90283385/photo
90297536;HPPOGE;BATAS 2 RT 002 RW 007 RUMAH BAPAK KARNA LINMAS;0036;RT 002 RW 007;3272050006;-6.9243466598289;106.94533724338;4.0689997673035;1;150;Batas Wilkerstat;15040;Batas SLS;2025-08-02 10:10:03;2025-08-02 10:10:04;Nina Sumaryati;https://wilkerstat.bps.go.id/api/landmark/90297536/photo
90454677;HPYMSB;BATAS 3 RT 002 RW 007 (SUNGAI CISARAY BAWAH RUMAH IWAN);0036;RT 002 RW 007;3272050006;-6.9238520731633;106.94589816034;4.710000038147;1;150;Batas Wilkerstat;15040;Batas SLS;2025-08-02 12:57:35;2025-08-02 12:57:37;Nina Sumaryati;https://wilkerstat.bps.go.id/api/landmark/90454677/photo
90461114;HPYWFQ;BATAS 1 RT 002 RW 007 (BELAKANG GUDANG SUKABUMI HOME CENTER);0036;RT 002 RW 007;3272050006;-6.9239096529296;106.94450944662;4.3899998664856;1;150;Batas Wilkerstat;15040;Batas SLS;2025-08-02 13:06:34;2025-08-02 13:06:41;Nina Sumaryati;https://wilkerstat.bps.go.id/api/landmark/90461114/photo
90466264;HPZDVS;BATAS 7 RT 002 RW 007 (BELAKANG SUPERINDO);0036;RT 002 RW 007;3272050006;-6.9229351227581;106.94458521903;5.6479997634888;1;150;Batas Wilkerstat;15040;Batas SLS;2025-08-02 13:14:11;2025-08-02 13:14:13;Nina Sumaryati;https://wilkerstat.bps.go.id/api/landmark/90466264/photo
90468043;HPZGMD;BATAS 6 RT 002 RW 007 (SUKABUMI SHOPING CENTER);0036;RT 002 RW 007;3272050006;-6.9227239;106.9441104;4.9429998397827;1;150;Batas Wilkerstat;15040;Batas SLS;2025-08-02 13:16:38;2025-08-02 13:16:40;Nina Sumaryati;https://wilkerstat.bps.go.id/api/landmark/90468043/photo
90470100;HPZJNG;BATAS 5 RT 002 RW 007 (TALANG SUPERINDO);0036;RT 002 RW 007;3272050006;-6.9220986;106.9442647;4.6290001869202;1;150;Batas Wilkerstat;15040;Batas SLS;2025-08-02 13:19:36;2025-08-02 13:19:37;Nina Sumaryati;https://wilkerstat.bps.go.id/api/landmark/90470100/photo
91560494;HSJKNM;BATAS 1 RT 002 RW 005 (WARUNG BU EHA);0023;RT 002 RW 005;3272050006;-6.9094746;106.9526716;3;1;150;Batas Wilkerstat;15040;Batas SLS;2025-08-04 12:21:51;2025-08-04 12:21:53;M SUMARNA HAKIKI;https://wilkerstat.bps.go.id/api/landmark/91560494/photo
91415621;HSBEFL;BATAS 3 RT 003 RW 005 (BENDUNGAN SUNGAI CISUDA);0024;RT 003 RW 005;3272050006;-6.9039240598963;106.95437863469;2.3399999141693;1;150;Batas Wilkerstat;15040;Batas SLS;2025-08-04 09:45:29;2025-08-04 09:45:31;M SUMARNA HAKIKI;https://wilkerstat.bps.go.id/api/landmark/91415621/photo
91420835;HSBLXZ;BATAS 4 RT 003 RW 005 (SELOKAN);0024;RT 003 RW 005;3272050006;-6.9038408486197;106.9537929073;1.4329999685287;1;150;Batas Wilkerstat;15040;Batas SLS;2025-08-04 09:51:24;2025-08-04 09:51:27;M SUMARNA HAKIKI;https://wilkerstat.bps.go.id/api/landmark/91420835/photo
91427209;HSBVJD;BATAS 5 RT 003 RW 005 SELOKAN;0024;RT 003 RW 005;3272050006;-6.9042139678696;106.95371478796;3;1;150;Batas Wilkerstat;15040;Batas SLS;2025-08-04 09:58:14;2025-08-04 09:58:16;M SUMARNA HAKIKI;https://wilkerstat.bps.go.id/api/landmark/91427209/photo
91431234;HSCBHY;BATAS 6 RT 003 RW 005 LAHAN KOSONG;0024;RT 003 RW 005;3272050006;-6.9040883;106.9532833;1.3999999761581;1;150;Batas Wilkerstat;15040;Batas SLS;2025-08-04 10:02:21;2025-08-04 10:02:24;M SUMARNA HAKIKI;https://wilkerstat.bps.go.id/api/landmark/91431234/photo
91433353;HSCELL;BATAS 7 RT 003 RW 005 LAHAN KOSONG;0024;RT 003 RW 005;3272050006;-6.9037708;106.9533725;3;1;150;Batas Wilkerstat;15040;Batas SLS;2025-08-04 10:04:33;2025-08-04 10:04:36;M SUMARNA HAKIKI;https://wilkerstat.bps.go.id/api/landmark/91433353/photo
91436888;HSCJRK;BATAS 8 RT 003 RW 005 KEBON DEPAN RUMAH PAK JAKA;0024;RT 003 RW 005;3272050006;-6.9037192;106.9528736;3;1;150;Batas Wilkerstat;15040;Batas SLS;2025-08-04 10:08:16;2025-08-04 10:08:19;M SUMARNA HAKIKI;https://wilkerstat.bps.go.id/api/landmark/91436888/photo
91452835;HSDHGT;KOLAM KERING RT 003 RW 005;0024;RT 003 RW 005;3272050006;-6.904645;106.9529183;1.2599999904633;1;150;Batas Wilkerstat;15040;Batas SLS;2025-08-04 10:24:44;2025-08-04 10:24:47;M SUMARNA HAKIKI;https://wilkerstat.bps.go.id/api/landmark/91452835/photo
91456210;HSDMGO;BATAS 9 RT 003 RW 005;0024;RT 003 RW 005;3272050006;-6.9045727745069;106.95262648165;1.4160000085831;1;150;Batas Wilkerstat;15040;Batas SLS;2025-08-04 10:28:08;2025-08-04 10:28:11;M SUMARNA HAKIKI;https://wilkerstat.bps.go.id/api/landmark/91456210/photo
91524586;HSHJKK;BATAS 1 RT 004 RW 005;0025;RT 004 RW 005;3272050006;-6.9090685;106.9505903;3;1;150;Batas Wilkerstat;15040;Batas SLS;2025-08-04 11:37:09;2025-08-04 11:37:12;M SUMARNA HAKIKI;https://wilkerstat.bps.go.id/api/landmark/91524586/photo
91528881;HSHPTP;BATAS 2 RT 04 RW 05;0025;RT 004 RW 005;3272050006;-6.9081664842275;106.95078581572;3;1;150;Batas Wilkerstat;15040;Batas SLS;2025-08-04 11:42:35;2025-08-04 11:42:38;M SUMARNA HAKIKI;https://wilkerstat.bps.go.id/api/landmark/91528881/photo
91570739;HSJZRN;BATAS 14 RT 004 RW 005 (RUMAH SEBRANG WARUNG BU EHA);0025;RT 004 RW 005;3272050006;-6.9094605725108;106.95264089853;3;1;150;Batas Wilkerstat;15040;Batas SLS;2025-08-04 12:37:25;2025-08-04 12:37:28;M SUMARNA HAKIKI;https://wilkerstat.bps.go.id/api/landmark/91570739/photo
91439122;HSCMZI;BATAS 9 RT 005 RW 005 (KEBUN BELAKANG RUMAH JAKA);0026;RT 005 RW 005;3272050006;-6.9036533;106.9529133;3;1;150;Batas Wilkerstat;15040;Batas SLS;2025-08-04 10:10:34;2025-08-04 10:10:37;M SUMARNA HAKIKI;https://wilkerstat.bps.go.id/api/landmark/91439122/photo
91446796;HSCYIM;BATAS 8 RT 005 RW 005;0026;RT 005 RW 005;3272050006;-6.9045346;106.9525828;3;1;150;Batas Wilkerstat;15040;Batas SLS;2025-08-04 10:18:31;2025-08-04 10:18:34;M SUMARNA HAKIKI;https://wilkerstat.bps.go.id/api/landmark/91446796/photo
91451156;HSDEUE;BATAS 7 RT 005 RW 005 KOLAM KERING;0026;RT 005 RW 005;3272050006;-6.904645;106.9529193;3;1;150;Batas Wilkerstat;15040;Batas SLS;2025-08-04 10:23:01;2025-08-04 10:23:04;M SUMARNA HAKIKI;https://wilkerstat.bps.go.id/api/landmark/91451156/photo
91531395;HSHTMH;BATAS 1 RT 5 RW 5 GAWIR;0026;RT 005 RW 005;3272050006;-6.9081302044381;106.95076838136;3;1;150;Batas Wilkerstat;15040;Batas SLS;2025-08-04 11:45:30;2025-08-04 11:45:33;M SUMARNA HAKIKI;https://wilkerstat.bps.go.id/api/landmark/91531395/photo
91534168;HSHXOY;BATAS 2 RT 005 RW 005 KDAWAH);0026;RT 005 RW 005;3272050006;-6.9081917;106.95104;1.3500000238419;1;150;Batas Wilkerstat;15040;Batas SLS;2025-08-04 11:48:39;2025-08-04 11:48:42;M SUMARNA HAKIKI;https://wilkerstat.bps.go.id/api/landmark/91534168/photo
91546650;HSIQBA;BATAS 10 RT 5 RW 5 SUNGAI CISARAY;0026;RT 005 RW 005;3272050006;-6.9035775680442;106.9513323158;3;1;150;Batas Wilkerstat;15040;Batas SLS;2025-08-04 12:02:51;2025-08-04 12:02:54;M SUMARNA HAKIKI;https://wilkerstat.bps.go.id/api/landmark/91546650/photo
90482993;HQACPD;RUMAH PAK ASEP;0062;RT 001 RW 013;3272050006;-6.9123339816954;106.94996371865;3.0039999485016;1;150;Batas Wilkerstat;15040;Batas SLS;2025-08-02 13:38:09;2025-08-02 13:38:11;M SUMARNA HAKIKI;https://wilkerstat.bps.go.id/api/landmark/90482993/photo
90485127;HQAFTF;RUMAH KOSONG;0062;RT 001 RW 013;3272050006;-6.912018117229;106.94996841252;3;1;150;Batas Wilkerstat;15040;Batas SLS;2025-08-02 13:39:22;2025-08-02 13:41:00;M SUMARNA HAKIKI;https://wilkerstat.bps.go.id/api/landmark/90485127/photo
90486601;HQAHXX;RUMAH BU RATNA;0062;RT 001 RW 013;3272050006;-6.9109653450962;106.94929786026;1.5449999570847;1;150;Batas Wilkerstat;15040;Batas SLS;2025-08-02 13:42:58;2025-08-02 13:43:00;M SUMARNA HAKIKI;https://wilkerstat.bps.go.id/api/landmark/90486601/photo
90487909;HQAJWF;VILA BU MIMI;0062;RT 001 RW 013;3272050006;-6.9107043983687;106.94935619831;1.779000043869;1;150;Batas Wilkerstat;15040;Batas SLS;2025-08-02 13:44:42;2025-08-02 13:44:44;M SUMARNA HAKIKI;https://wilkerstat.bps.go.id/api/landmark/90487909/photo
90489041;HQALNT;VILA BU MIMI;0062;RT 001 RW 013;3272050006;-6.9107929338817;106.9497635588;1.5249999761581;1;150;Batas Wilkerstat;15040;Batas SLS;2025-08-02 13:46:01;2025-08-02 13:46:03;M SUMARNA HAKIKI;https://wilkerstat.bps.go.id/api/landmark/90489041/photo
90491117;HQAOPP;SAWAH PAK HERI;0062;RT 001 RW 013;3272050006;-6.910970337698;106.94890860468;3;1;150;Batas Wilkerstat;15040;Batas SLS;2025-08-02 13:48:42;2025-08-02 13:48:45;M SUMARNA HAKIKI;https://wilkerstat.bps.go.id/api/landmark/90491117/photo
90494334;HQATJI;RUMAH PAK DEDE;0062;RT 001 RW 013;3272050006;-6.911324812291;106.94922477007;3;1;150;Batas Wilkerstat;15040;Batas SLS;2025-08-02 13:52:44;2025-08-02 13:52:46;M SUMARNA HAKIKI;https://wilkerstat.bps.go.id/api/landmark/90494334/photo
90622600;HQIBCQ;RUMAH SUPRIATNA;0062;RT 001 RW 013;3272050006;-6.9117585024409;106.94989230484;1.6499999761581;1;150;Batas Wilkerstat;15040;Batas SLS;2025-08-02 16:09:05;2025-08-02 16:09:07;M SUMARNA HAKIKI;https://wilkerstat.bps.go.id/api/landmark/90622600/photo
90647125;HQJLJX;MAKAM TPU;0062;RT 001 RW 013;3272050006;-6.9131850506561;106.95064265281;3;1;150;Batas Wilkerstat;15040;Batas SLS;2025-08-02 16:30:38;2025-08-02 16:30:40;M SUMARNA HAKIKI;https://wilkerstat.bps.go.id/api/landmark/90647125/photo
90648882;HQJNZM;RUMAH IBU ENYI;0062;RT 001 RW 013;3272050006;-6.9133451459757;106.95042002946;3;1;150;Batas Wilkerstat;15040;Batas SLS;2025-08-02 16:32:10;2025-08-02 16:32:13;M SUMARNA HAKIKI;https://wilkerstat.bps.go.id/api/landmark/90648882/photo
91130983;HRKZDV;RUMAH BU ERIN;0063;RT 002 RW 013;3272050006;-6.9139838625216;106.95054542273;3;1;150;Batas Wilkerstat;15040;Batas SLS;2025-08-03 14:52:19;2025-08-03 14:52:21;M SUMARNA HAKIKI;https://wilkerstat.bps.go.id/api/landmark/91130983/photo
91134143;HRLDVJ;GANG RT 2;0063;RT 002 RW 013;3272050006;-6.9136430362908;106.95067115128;3;1;150;Batas Wilkerstat;15040;Batas SLS;2025-08-03 14:56:16;2025-08-03 14:56:19;M SUMARNA HAKIKI;https://wilkerstat.bps.go.id/api/landmark/91134143/photo
91136449;HRLHGB;RUMAH PAK DERI;0063;RT 002 RW 013;3272050006;-6.913511232331;106.9493689388;1.3500000238419;1;150;Batas Wilkerstat;15040;Batas SLS;2025-08-03 14:59:11;2025-08-03 14:59:13;M SUMARNA HAKIKI;https://wilkerstat.bps.go.id/api/landmark/91136449/photo
91137919;HRLJKP;RUMAH BU ROSNA;0063;RT 002 RW 013;3272050006;-6.9151015311899;106.94886032492;1.6200000047684;1;150;Batas Wilkerstat;15040;Batas SLS;2025-08-03 15:00:58;2025-08-03 15:01:01;M SUMARNA HAKIKI;https://wilkerstat.bps.go.id/api/landmark/91137919/photo
91141252;HRLOIU;MUSOLA;0063;RT 002 RW 013;3272050006;-6.9146105960522;106.95032414049;3;1;150;Batas Wilkerstat;15040;Batas SLS;2025-08-03 15:04:28;2025-08-03 15:04:31;M SUMARNA HAKIKI;https://wilkerstat.bps.go.id/api/landmark/91141252/photo
91142778;HRLQPM;BATAS RT 2;0063;RT 002 RW 013;3272050006;-6.914644212644;106.95068657398;3;1;150;Batas Wilkerstat;15040;Batas SLS;2025-08-03 15:06:11;2025-08-03 15:06:14;M SUMARNA HAKIKI;https://wilkerstat.bps.go.id/api/landmark/91142778/photo
90257884;HPNHPC;BATAS RT;0064;RT 003 RW 013;3272050006;-6.9118829844212;106.94925125688;2;1;150;Batas Wilkerstat;15040;Batas SLS;2025-08-02 09:29:26;2025-08-02 09:29:29;M SUMARNA HAKIKI;https://wilkerstat.bps.go.id/api/landmark/90257884/photo
90259808;HPNKLC;KONTRAKAN BU HARIS;0064;RT 003 RW 013;3272050006;-6.9121312826048;106.94990772754;2.3180000782013;1;150;Batas Wilkerstat;15040;Batas SLS;2025-08-02 09:31:29;2025-08-02 09:31:31;M SUMARNA HAKIKI;https://wilkerstat.bps.go.id/api/landmark/90259808/photo
90262382;HPNOGC;SAWAH HAJI ADAM;0064;RT 003 RW 013;3272050006;-6.9130732168872;106.94966230541;1.25;1;150;Batas Wilkerstat;15040;Batas SLS;2025-08-02 09:34:14;2025-08-02 09:34:17;M SUMARNA HAKIKI;https://wilkerstat.bps.go.id/api/landmark/90262382/photo
90264896;HPNRYU;GUDANG CIKI;0064;RT 003 RW 013;3272050006;-6.9137748402139;106.9492650032;1.3159999847412;1;150;Batas Wilkerstat;15040;Batas SLS;2025-08-02 09:36:59;2025-08-02 09:37:01;M SUMARNA HAKIKI;https://wilkerstat.bps.go.id/api/landmark/90264896/photo
90267307;HPNVNN;SAWAH RUDI;0064;RT 003 RW 013;3272050006;-6.9136107509808;106.94872487336;3;1;150;Batas Wilkerstat;15040;Batas SLS;2025-08-02 09:39:20;2025-08-02 09:39:23;M SUMARNA HAKIKI;https://wilkerstat.bps.go.id/api/landmark/90267307/photo
91146957;HRLWUF;RUMAH ERIK;0066;RT 005 RW 013;3272050006;-6.9139675534595;106.9505655393;1.6330000162125;1;150;Batas Wilkerstat;15040;Batas SLS;2025-08-03 15:10:36;2025-08-03 15:10:39;M SUMARNA HAKIKI;https://wilkerstat.bps.go.id/api/landmark/91146957/photo
91149243;HRMAED;KOLAM BUDI;0066;RT 005 RW 013;3272050006;-6.9140574197129;106.95073351264;3;1;150;Batas Wilkerstat;15040;Batas SLS;2025-08-03 15:12:55;2025-08-03 15:12:57;M SUMARNA HAKIKI;https://wilkerstat.bps.go.id/api/landmark/91149243/photo
91151746;HRMDWK;JALAN RT 5;0066;RT 005 RW 013;3272050006;-6.9136257287022;106.95067986846;1.8500000238419;1;150;Batas Wilkerstat;15040;Batas SLS;2025-08-03 15:15:41;2025-08-03 15:15:44;M SUMARNA HAKIKI;https://wilkerstat.bps.go.id/api/landmark/91151746/photo
91153339;HRMGFR;RUMAH PAK UU;0066;RT 005 RW 013;3272050006;-6.9132219957347;106.95067483932;3;1;150;Batas Wilkerstat;15040;Batas SLS;2025-08-03 15:17:31;2025-08-03 15:17:34;M SUMARNA HAKIKI;https://wilkerstat.bps.go.id/api/landmark/91153339/photo
91155146;HRMIXE;RUMAH HERUL;0066;RT 005 RW 013;3272050006;-6.9131554280235;106.94968476892;1.2999999523163;1;150;Batas Wilkerstat;15040;Batas SLS;2025-08-03 15:19:31;2025-08-03 15:19:33;M SUMARNA HAKIKI;https://wilkerstat.bps.go.id/api/landmark/91155146/photo
91156034;HRMKFI;RUMAH DAMAN;0066;RT 005 RW 013;3272050006;-6.9134466616908;106.94962106645;1.3999999761581;1;150;Batas Wilkerstat;15040;Batas SLS;2025-08-03 15:20:26;2025-08-03 15:20:28;M SUMARNA HAKIKI;https://wilkerstat.bps.go.id/api/landmark/91156034/photo
91157659;HRMMPV;RUMAH DERI;0066;RT 005 RW 013;3272050006;-6.9134772828202;106.94936659187;3;1;150;Batas Wilkerstat;15040;Batas SLS;2025-08-03 15:22:19;2025-08-03 15:22:22;M SUMARNA HAKIKI;https://wilkerstat.bps.go.id/api/landmark/91157659/photo
91946597;HTFJRP;BATAS 1 RT002 RW 010 TOKO ANWAR LUBIS;0049;RT 002 RW 010;3272050006;-6.9211736;106.9480304;1.8999999761581;1;150;Batas Wilkerstat;15040;Batas SLS;2025-08-05 08:40:28;2025-08-05 08:40:30;Erna Abriyanti;https://wilkerstat.bps.go.id/api/landmark/91946597/photo
91948553;HTFMOV;BATAS 2 RT 002 RW 010 SUNGAI CISAYAR;0049;RT 002 RW 010;3272050006;-6.92133;106.9473351;10.119000434875;1;150;Batas Wilkerstat;15040;Batas SLS;2025-08-05 08:43:35;2025-08-05 08:43:38;Erna Abriyanti;https://wilkerstat.bps.go.id/api/landmark/91948553/photo
91954922;HTFVZU;BATAS 3 RT 002 RW 010 TAJUG BU RT IMAS;0049;RT 002 RW 010;3272050006;-6.9211361;106.9472741;2.0999999046326;1;150;Batas Wilkerstat;15040;Batas SLS;2025-08-05 08:52:57;2025-08-05 08:52:58;Erna Abriyanti;https://wilkerstat.bps.go.id/api/landmark/91954922/photo
91956339;HTFYCH;BATAS 4 RT 003 RW 010 KONTRAKAN PA IJUN;0049;RT 002 RW 010;3272050006;-6.920949;106.9474738;3.2400000095367;1;150;Batas Wilkerstat;15040;Batas SLS;2025-08-05 08:54:55;2025-08-05 08:54:57;Erna Abriyanti;https://wilkerstat.bps.go.id/api/landmark/91956339/photo
91957645;HTGAAN;BATAS 5 RT 002 RW 010 RUMAH PA IJUN;0049;RT 002 RW 010;3272050006;-6.9208103;106.9476366;4.0500001907349;1;150;Batas Wilkerstat;15040;Batas SLS;2025-08-05 08:56:44;2025-08-05 08:56:45;Erna Abriyanti;https://wilkerstat.bps.go.id/api/landmark/91957645/photo
91962593;HTGHIV;BATAS 6 RT 002 RW 010 RUMAH BAPAK U. SUNARTO;0049;RT 002 RW 010;3272050006;-6.9207653;106.9479275;3.7999999523163;1;150;Batas Wilkerstat;15040;Batas SLS;2025-08-05 09:03:15;2025-08-05 09:03:16;Erna Abriyanti;https://wilkerstat.bps.go.id/api/landmark/91962593/photo
90384793;HPUNIF;BATAS 1 RT 004 RW 007 (SUNGAI CISARAYBAWAH RUMAH GUNGUN);0038;RT 004 RW 007;3272050006;-6.923751;106.9459123;4.5359997749329;1;150;Batas Wilkerstat;15040;Batas SLS;2025-08-02 11:29:54;2025-08-02 11:29:55;Nina Sumaryati;https://wilkerstat.bps.go.id/api/landmark/90384793/photo
90399218;HPVIRA;BATAS 2 RT 004 RW 007 (SUNGAI CISARAY BELAKANG RUMAH JEJEN);0038;RT 004 RW 007;3272050006;-6.9235359;106.9469764;4.3629999160767;1;150;Batas Wilkerstat;15040;Batas SLS;2025-08-02 11:44:17;2025-08-02 11:44:19;Nina Sumaryati;https://wilkerstat.bps.go.id/api/landmark/90399218/photo
90419811;HPWNDB;BATAS 3 RT 004 RW 007 (RUMAH ROHIM);0038;RT 004 RW 007;3272050006;-6.9232342;106.9464724;3.6689999103546;1;150;Batas Wilkerstat;15040;Batas SLS;2025-08-02 12:07:33;2025-08-02 12:07:34;Nina Sumaryati;https://wilkerstat.bps.go.id/api/landmark/90419811/photo
90427296;HPWYEY;BATAS 4 RT 004 RW 007 (SUNGAI CISARAY);0038;RT 004 RW 007;3272050006;-6.9223209;106.9466982;3.789999961853;1;150;Batas Wilkerstat;15040;Batas SLS;2025-08-02 12:17:23;2025-08-02 12:17:25;Nina Sumaryati;https://wilkerstat.bps.go.id/api/landmark/90427296/photo
90812105;HQSVLH;BATAS 5 RT 004 RW 007(TANAH BEKAS PABRIK ACI);0038;RT 004 RW 007;3272050006;-6.9223491;106.9458452;3.0899999141693;1;150;Batas Wilkerstat;15040;Batas SLS;2025-08-03 08:48:56;2025-08-03 08:48:57;Nina Sumaryati;https://wilkerstat.bps.go.id/api/landmark/90812105/photo
