id;wid;nama;nm_project;deskripsi_project;iddesa;latitude;longitude;accuracy;status;kode_kategori;kategori_landmark;kode_landmark_tipe;tipe_landmark;user_created_at;user_upload_at;user_creator_nama;photo_url
90692668;HQMATO;BATAS RT 008 RW 002(KOLAM IKAN);0008;RT 008 RW 002;3279010001;-7.380375;108.48834;1.4500000476837;1;150;Batas Wilkerstat;15040;Batas SLS;2025-08-02 17:11:16;2025-08-02 17:11:19;Emuh Muhtar;https://wilkerstat.bps.go.id/api/landmark/90692668/photo
90696031;HQMFSX;BATAS RT 008 RW 002(SAWAH PANUUSAN);0008;RT 008 RW 002;3279010001;-7.3807817;108.488345;1.8289999961853;1;150;Batas Wilkerstat;15040;Batas SLS;2025-08-02 17:14:23;2025-08-02 17:14:26;Emuh Muhtar;https://wilkerstat.bps.go.id/api/landmark/90696031/photo
90548626;HQDVRM;BATAS RT 009 RW 003(SALURAN AIR);0009;RT 009 RW 003;3279010001;-7.3779432;108.4890331;2.7339999675751;1;150;Batas Wilkerstat;15040;Batas SLS;2025-08-02 14:54:07;2025-08-02 14:54:10;Emuh Muhtar;https://wilkerstat.bps.go.id/api/landmark/90548626/photo
90563501;HQERRP;BATAS RT 009 RW 003(SAWAH BUNGUR);0009;RT 009 RW 003;3279010001;-7.3761083;108.4907483;1.7000000476837;1;150;Batas Wilkerstat;15040;Batas SLS;2025-08-02 15:09:53;2025-08-02 15:09:55;Emuh Muhtar;https://wilkerstat.bps.go.id/api/landmark/90563501/photo
90574660;HQFIEU;BATAS RT 009 RW 003(SAWAH BUNGUR);0009;RT 009 RW 003;3279010001;-7.3750569166249;108.49081635475;1.3999999761581;1;150;Batas Wilkerstat;15040;Batas SLS;2025-08-02 15:21:09;2025-08-02 15:21:13;Emuh Muhtar;https://wilkerstat.bps.go.id/api/landmark/90574660/photo
90697882;HQMIMC;BATAS RT 009 RW 003(PINGGIR SAWAH PANUUSAN);0009;RT 009 RW 003;3279010001;-7.3807717;108.4882983;2.6860001087189;1;150;Batas Wilkerstat;15040;Batas SLS;2025-08-02 17:16:08;2025-08-02 17:16:10;Emuh Muhtar;https://wilkerstat.bps.go.id/api/landmark/90697882/photo
90551675;HQEAET;BATAS 2 RT 014 RW 004(SALURAN AIR);0014;RT 014 RW 004;3279010001;-7.3773983925703;108.48908331245;3.2300000190735;1;150;Batas Wilkerstat;15040;Batas SLS;2025-08-02 14:57:16;2025-08-02 14:57:19;Emuh Muhtar;https://wilkerstat.bps.go.id/api/landmark/90551675/photo
90572448;HQFEXS;BATAS 3 RT 014 RW 004(SAWAH BUNGUR);0014;RT 014 RW 004;3279010001;-7.3750652291857;108.49079087377;3.2179999351501;1;150;Batas Wilkerstat;15040;Batas SLS;2025-08-02 15:18:46;2025-08-02 15:18:54;Emuh Muhtar;https://wilkerstat.bps.go.id/api/landmark/90572448/photo
90611378;HQHKNA;BATAS 4 RT 014 RW 004(SELOKAN);0014;RT 014 RW 004;3279010001;-7.3732500947126;108.48644837737;1.5;1;150;Batas Wilkerstat;15040;Batas SLS;2025-08-02 15:58:37;2025-08-02 15:58:41;Emuh Muhtar;https://wilkerstat.bps.go.id/api/landmark/90611378/photo
90633978;HQIRYG;BATAS 5 RT 014 RW 004(SAWAH CIKUPA);0014;RT 014 RW 004;3279010001;-7.3753279060255;108.48494432867;2.7850000858307;1;150;Batas Wilkerstat;15040;Batas SLS;2025-08-02 16:19:18;2025-08-02 16:19:21;Emuh Muhtar;https://wilkerstat.bps.go.id/api/landmark/90633978/photo
91025682;HREZJU;BATAS 1 RT 014 RW 004(KEBUN);0014;RT 014 RW 004;3279010001;-7.3778343007401;108.4870518744;3.2760000228882;1;150;Batas Wilkerstat;15040;Batas SLS;2025-08-03 12:29:00;2025-08-03 12:29:17;Emuh Muhtar;https://wilkerstat.bps.go.id/api/landmark/91025682/photo
90047687;HPBIQP;BATAS 5 RT 015 RW 006(KEBUN);0015;RT 015 RW 005;3279010001;-7.378077;108.486;2.5999999046326;1;150;Batas Wilkerstat;15040;Batas SLS;2025-08-01 14:43:10;2025-08-01 14:43:12;Emuh Muhtar;https://wilkerstat.bps.go.id/api/landmark/90047687/photo
90520236;HQCFRO;BATAS 6 RT 015 RW 005(JALAN AWILUAR);0015;RT 015 RW 005;3279010001;-7.3791001277512;108.48592165858;4.1640000343323;1;150;Batas Wilkerstat;15040;Batas SLS;2025-08-02 14:23:02;2025-08-02 14:23:05;Emuh Muhtar;https://wilkerstat.bps.go.id/api/landmark/90520236/photo
90543184;HQDNQE;BATAS 4 RT 015 RW 005(SALURAN AIR);0015;RT 015 RW 005;3279010001;-7.3774113600964;108.4890896827;1.7000000476837;1;150;Batas Wilkerstat;15040;Batas SLS;2025-08-02 14:48:11;2025-08-02 14:48:14;Emuh Muhtar;https://wilkerstat.bps.go.id/api/landmark/90543184/photo
90666430;HQKNYK;BATAS 1 RT 015 RW 005 (SAWAH PANUUSAN);0015;RT 015 RW 005;3279010001;-7.3807872264691;108.48541639745;2.6779999732971;1;150;Batas Wilkerstat;15040;Batas SLS;2025-08-02 16:47:37;2025-08-02 16:47:40;Emuh Muhtar;https://wilkerstat.bps.go.id/api/landmark/90666430/photo
90671459;HQKVJV;BATAS 2 RT 015 RW 005(SAWAH PANUUSAN);0015;RT 015 RW 005;3279010001;-7.3815971911669;108.48625324667;3.7239999771118;1;150;Batas Wilkerstat;15040;Batas SLS;2025-08-02 16:52:03;2025-08-02 16:52:05;Emuh Muhtar;https://wilkerstat.bps.go.id/api/landmark/90671459/photo
90690473;HQLXND;BATAS 3 RT 015 RW 005(SAWAH PANUUSAN);0015;RT 015 RW 005;3279010001;-7.3803945460058;108.48836347461;3.1779999732971;1;150;Batas Wilkerstat;15040;Batas SLS;2025-08-02 17:09:05;2025-08-02 17:09:08;Emuh Muhtar;https://wilkerstat.bps.go.id/api/landmark/90690473/photo
90042559;HPBBBJ;BATAS 3 RT 016 RW 005(KEBUN);0016;RT 016 RW 005;3279010001;-7.3776075;108.4871606;8.1590003967285;1;150;Batas Wilkerstat;15040;Batas SLS;2025-08-01 14:35:07;2025-08-01 14:35:10;erin kusumadewi;https://wilkerstat.bps.go.id/api/landmark/90042559/photo
90940046;HRACSC;BATAS RT 016 RW 005(JLN LINKUNGAN);0016;RT 016 RW 005;3279010001;-7.3799727;108.4837595;3.385999917984;1;150;Batas Wilkerstat;15040;Batas SLS;2025-08-03 10:56:53;2025-08-03 10:56:57;erin kusumadewi;https://wilkerstat.bps.go.id/api/landmark/90940046/photo
90947782;HRAODQ;BATAS RT 016 RE 005(SELOKAN AIR);0016;RT 016 RW 005;3279010001;-7.3800353;108.4843897;4.6139998435974;1;150;Batas Wilkerstat;15040;Batas SLS;2025-08-03 11:04:06;2025-08-03 11:04:11;erin kusumadewi;https://wilkerstat.bps.go.id/api/landmark/90947782/photo
90952567;HRAVFR;BATAS RT 016 RW 005( SAWAH PANUUSAN);0016;RT 016 RW 005;3279010001;-7.380765;108.4853561;3;1;150;Batas Wilkerstat;15040;Batas SLS;2025-08-03 11:08:24;2025-08-03 11:08:28;erin kusumadewi;https://wilkerstat.bps.go.id/api/landmark/90952567/photo
90975766;HRCDNY;BATAS RT 0016 RW 005(KEBUN);0016;RT 016 RW 005;3279010001;-7.380559;108.4823285;3.1600000858307;1;150;Batas Wilkerstat;15040;Batas SLS;2025-08-03 11:30:05;2025-08-03 11:30:09;erin kusumadewi;https://wilkerstat.bps.go.id/api/landmark/90975766/photo
90988395;HRCWFR;BAYAS RT 017 RW 005;0016;RT 016 RW 005;3279010001;-7.3753179;108.4848351;3;1;150;Batas Wilkerstat;15040;Batas SLS;2025-08-03 11:42:32;2025-08-03 11:42:36;erin kusumadewi;https://wilkerstat.bps.go.id/api/landmark/90988395/photo
91018431;HREOQX;BATAS RT 016 RW 005(JLN LINGK AWILUAR);0016;RT 016 RW 005;3279010001;-7.3789118;108.4857323;0.84200000762939;1;150;Batas Wilkerstat;15040;Batas SLS;2025-08-03 12:18:42;2025-08-03 12:18:46;erin kusumadewi;https://wilkerstat.bps.go.id/api/landmark/91018431/photo
91025560;HREZFC;BATAS RT 016 RW 005(DPN RMH BAPAK KASWIN);0016;RT 016 RW 005;3279010001;-7.3780823459296;108.48601721227;4.548999786377;1;150;Batas Wilkerstat;15040;Batas SLS;2025-08-03 12:29:02;2025-08-03 12:29:06;erin kusumadewi;https://wilkerstat.bps.go.id/api/landmark/91025560/photo
90850347;HQVAAD;BATAS 017 RW 005 DEPAN MASJID;0017;RT 017 RW 005;3279010001;-7.3778137;108.4836642;9.6070003509521;1;150;Batas Wilkerstat;15040;Batas SLS;2025-08-03 09:34:15;2025-08-03 09:34:18;erin kusumadewi;https://wilkerstat.bps.go.id/api/landmark/90850347/photo
90859581;HQVNRH;BATAS RT 17 RW 005 PERTIGAAN JALAN;0017;RT 017 RW 005;3279010001;-7.3772271;108.4829622;5.5510001182556;1;150;Batas Wilkerstat;15040;Batas SLS;2025-08-03 09:43:39;2025-08-03 09:43:43;erin kusumadewi;https://wilkerstat.bps.go.id/api/landmark/90859581/photo
90884882;HQWZCK;BATAS 017 RW 005(JLN SMP 10);0017;RT 017 RW 005;3279010001;-7.3828663;108.4802617;6.1350002288818;1;150;Batas Wilkerstat;15040;Batas SLS;2025-08-03 10:07:23;2025-08-03 10:07:26;erin kusumadewi;https://wilkerstat.bps.go.id/api/landmark/90884882/photo
90899309;HQXULH;BATAS RT 017 RW005 (JLAN RAYA CIMARAGAS);0017;RT 017 RW 005;3279010001;-7.3829838;108.4808236;6.5469999313354;1;150;Batas Wilkerstat;15040;Batas SLS;2025-08-03 10:20:26;2025-08-03 10:20:32;erin kusumadewi;https://wilkerstat.bps.go.id/api/landmark/90899309/photo
90921484;HQZBGE;BATAS RT 17 RW 005 (BES);0017;RT 017 RW 005;3279010001;-7.3758131;108.4823156;6.4770002365112;1;150;Batas Wilkerstat;15040;Batas SLS;2025-08-03 10:40:28;2025-08-03 10:40:36;erin kusumadewi;https://wilkerstat.bps.go.id/api/landmark/90921484/photo
90990289;HRCZAN;BATAS RT 017 RW 005;0017;RT 017 RW 005;3279010001;-7.375348;108.4848154;5.3709998130798;1;150;Batas Wilkerstat;15040;Batas SLS;2025-08-03 11:44:27;2025-08-03 11:44:31;erin kusumadewi;https://wilkerstat.bps.go.id/api/landmark/90990289/photo
90451027;HPYHHR;BATAS RT 019 RW 006;0019;RT 019 RW 006;3279010001;-7.3835054;108.4825366;4.4710001945496;1;150;Batas Wilkerstat;15040;Batas SLS;2025-08-02 12:52:20;2025-08-02 12:52:27;erin kusumadewi;https://wilkerstat.bps.go.id/api/landmark/90451027/photo
90480486;HPZYWS;BARAS RT 09 RW 006;0019;RT 019 RW 006;3279010001;-7.3830818;108.4810872;5.1380000114441;1;150;Batas Wilkerstat;15040;Batas SLS;2025-08-02 13:34:39;2025-08-02 13:34:43;erin kusumadewi;https://wilkerstat.bps.go.id/api/landmark/90480486/photo
91410182;HSAWEG;BATAS RT 019 RW 006(JLN SAWAH PANUUSAN);0019;RT 019 RW 006;3279010001;-7.3803011139391;108.48361697048;4.1500000953674;1;150;Batas Wilkerstat;15040;Batas SLS;2025-08-04 09:39:26;2025-08-04 09:39:30;erin kusumadewi;https://wilkerstat.bps.go.id/api/landmark/91410182/photo
90590985;HQGGIR;BATAS RT 018 RW 006 (SAWAH);0018;RT 018 RW 006;3279010001;-7.3826153;108.4859272;5.0780000686646;1;150;Batas Wilkerstat;15040;Batas SLS;2025-08-02 15:38:17;2025-08-02 15:38:20;erin kusumadewi;https://wilkerstat.bps.go.id/api/landmark/90590985/photo
90607020;HQHEBK;BATAS RT 018 RW006 ( SAWAH);0018;RT 018 RW 006;3279010001;-7.3816612;108.4856461;4.0910000801086;1;150;Batas Wilkerstat;15040;Batas SLS;2025-08-02 15:54:22;2025-08-02 15:54:25;erin kusumadewi;https://wilkerstat.bps.go.id/api/landmark/90607020/photo
90629248;HQIKYI;BATAS RT 018 RW 006 (PABEIK BK);0018;RT 018 RW 006;3279010001;-7.3849938;108.4860428;3.7539999485016;1;150;Batas Wilkerstat;15040;Batas SLS;2025-08-02 16:15:17;2025-08-02 16:15:21;erin kusumadewi;https://wilkerstat.bps.go.id/api/landmark/90629248/photo
90701050;HQMNDY;BATAS RT 018 RW 006 (DEPAN TOKO KELONTONGAN);0018;RT 018 RW 006;3279010001;-7.3856278;108.4875752;4.4679999351501;1;150;Batas Wilkerstat;15040;Batas SLS;2025-08-02 17:19:14;2025-08-02 17:19:18;erin kusumadewi;https://wilkerstat.bps.go.id/api/landmark/90701050/photo
90279530;HPONPQ;BATAS SLS RT 029 RW 006(SAWAH);0020;RT 029 RW 006(rmh bapak ida);3279010001;-7.3800748;108.4837357;8.2959995269775;1;150;Batas Wilkerstat;15040;Batas SLS;2025-08-02 09:51:56;2025-08-02 09:52:09;erin kusumadewi;https://wilkerstat.bps.go.id/api/landmark/90279530/photo
90290243;HPPDLR;BATAS RT 029 RW 006 JLN RAYA CIMARAGAS(SD3);0020;RT 029 RW 006(rmh bapak ida);3279010001;-7.3835234;108.4825644;7.6840000152588;1;150;Batas Wilkerstat;15040;Batas SLS;2025-08-02 10:02:48;2025-08-02 10:02:52;erin kusumadewi;https://wilkerstat.bps.go.id/api/landmark/90290243/photo
90295441;HPPLDP;BATAS SLS RT 029 RW 006(JLN RAYA CIMARAGAS);0020;RT 029 RW 006(rmh bapak ida);3279010001;-7.3837381;108.483189;6.0749998092651;1;150;Batas Wilkerstat;15040;Batas SLS;2025-08-02 10:08:09;2025-08-02 10:08:13;erin kusumadewi;https://wilkerstat.bps.go.id/api/landmark/90295441/photo
91416643;HSBFST;BATAS RT 029 RW 006(SELOKAN);0020;RT 029 RW 006(rmh bapak ida);3279010001;-7.3799935527259;108.48437737674;3;1;150;Batas Wilkerstat;15040;Batas SLS;2025-08-04 09:46:47;2025-08-04 09:46:50;erin kusumadewi;https://wilkerstat.bps.go.id/api/landmark/91416643/photo
91423539;HSBPXZ;BATAS RT 029 RW 006(SAWAH);0020;RT 029 RW 006(rmh bapak ida);3279010001;-7.381417;108.4856084;3;1;150;Batas Wilkerstat;15040;Batas SLS;2025-08-04 09:54:24;2025-08-04 09:54:27;erin kusumadewi;https://wilkerstat.bps.go.id/api/landmark/91423539/photo
91439297;HSCNGB;BATAS RT 029 RW 006(KEBUN SINGKONG);0020;RT 029 RW 006(rmh bapak ida);3279010001;-7.3845324;108.4839249;5.978000164032;1;150;Batas Wilkerstat;15040;Batas SLS;2025-08-04 10:10:44;2025-08-04 10:10:48;erin kusumadewi;https://wilkerstat.bps.go.id/api/landmark/91439297/photo
91454456;HSDJRC;BATAS RT 029 RW 006(IBU NUR);0020;RT 029 RW 006(rmh bapak ida);3279010001;-7.3841134;108.4831196;3.7200000286102;1;150;Batas Wilkerstat;15040;Batas SLS;2025-08-04 10:26:15;2025-08-04 10:26:18;erin kusumadewi;https://wilkerstat.bps.go.id/api/landmark/91454456/photo
90403826;HPVPMG;BATAS 2 RT 031 RW 15 RUMAH RASMANAH;0031;RT 031 RW 016 DUSUN WARUNGBUAH;3279010002;-7.3850184;108.4966116;2.1059999465942;1;150;Batas Wilkerstat;15040;Batas SLS;2025-08-02 11:49:04;2025-08-02 11:49:05;Ani Noviani;https://wilkerstat.bps.go.id/api/landmark/90403826/photo
90398146;HPVHBU;BATAS 1 RT 030 RW 015 RUMAH IBU EUIS;0030;RT 030 RW 015 DUSUN WARUNGBUAH;3279010002;-7.384785;108.49844;2.4000000953674;1;150;Batas Wilkerstat;15040;Batas SLS;2025-08-02 11:43:08;2025-08-02 11:43:10;Ani Noviani;https://wilkerstat.bps.go.id/api/landmark/90398146/photo
90411187;HPWAJJ;BATAS 2 RT 030 RW 015 RUMAH BAPAK GIAN;0030;RT 030 RW 015 DUSUN WARUNGBUAH;3279010002;-7.3852268;108.5001164;3.1470000743866;1;150;Batas Wilkerstat;15040;Batas SLS;2025-08-02 11:57:04;2025-08-02 11:57:05;Ani Noviani;https://wilkerstat.bps.go.id/api/landmark/90411187/photo
90808941;HQSQTP;BATAS 1 RT017 RW009 (PATUNG GAJAH);0017;RT017 RW009 Dusun. Cilengkong;3279010002;-7.3823270226187;108.50996699184;2;1;150;Batas Wilkerstat;15040;Batas SLS;2025-08-03 08:44:16;2025-08-03 08:44:23;AGUS YUDI;https://wilkerstat.bps.go.id/api/landmark/90808941/photo
90820072;HQTHFS;BATAS 4 RT017 RW009 ( POHON BAMBU);0017;RT017 RW009 Dusun. Cilengkong;3279010002;-7.385631032667;108.51023454219;1.9199999570847;1;150;Batas Wilkerstat;15040;Batas SLS;2025-08-03 08:59:21;2025-08-03 08:59:27;AGUS YUDI;https://wilkerstat.bps.go.id/api/landmark/90820072/photo
90937164;HQZYLG;BATAS 3 RT017 RW009 (JL.CIMARAGAS);0017;RT017 RW009 Dusun. Cilengkong;3279010002;-7.3840821;108.506256;4.0450000762939;1;150;Batas Wilkerstat;15040;Batas SLS;2025-08-03 10:54:14;2025-08-03 10:54:18;AGUS YUDI;https://wilkerstat.bps.go.id/api/landmark/90937164/photo
90941800;HRAFHO;BATAS 2 RT017 RW009 (JL.CIMARAGAS);0017;RT017 RW009 Dusun. Cilengkong;3279010002;-7.3825235282844;108.50739173591;1.539999961853;1;150;Batas Wilkerstat;15040;Batas SLS;2025-08-03 10:58:27;2025-08-03 10:58:30;AGUS YUDI;https://wilkerstat.bps.go.id/api/landmark/90941800/photo
90375695;HPTZWH;BATAS 1 (JL.KANAYANTANI );0018;RT018 RW009 Dusun.Cilengkong;3279010002;-7.3798891481141;108.51185459644;1.8660000562668;1;150;Batas Wilkerstat;15040;Batas SLS;2025-08-02 11:21:13;2025-08-02 11:21:16;AGUS YUDI;https://wilkerstat.bps.go.id/api/landmark/90375695/photo
90811365;HQSUIV;BATAS 3 RT019 RW010 (JL.CIMARAGAS);0019;RT019 RW010 DUSUN. WARUNG BUAH;3279010002;-7.3822931079264;108.5099606216;1.5499999523163;1;150;Batas Wilkerstat;15040;Batas SLS;2025-08-03 08:47:49;2025-08-03 08:47:55;AGUS YUDI;https://wilkerstat.bps.go.id/api/landmark/90811365/photo
90409190;HPVXKO;BATAS 1 RT 029 RW 14 RUMAH;0029;RT 27 RW 15 DUSUN WARUNGBUAH;3279010002;-7.3852955;108.5003488;2.2850000858307;1;150;Batas Wilkerstat;15040;Batas SLS;2025-08-02 11:54:59;2025-08-02 11:55:01;Ani Noviani;https://wilkerstat.bps.go.id/api/landmark/90409190/photo
90877908;HQWOUE;BATAS RT 007 RW 004 ( SUTET );0007;Rt 007 Rw 004 Dusun;3279010002;-7.3941025784491;108.49993385375;1.6499999761581;1;150;Batas Wilkerstat;15040;Batas SLS;2025-08-03 10:01:20;2025-08-03 10:01:22;NANANG JUHANA;https://wilkerstat.bps.go.id/api/landmark/90877908/photo
90883972;HQWXTK;BATAS 2 RT 007 RW 004 ( KEBUN BAMBU);0007;Rt 007 Rw 004 Dusun;3279010002;-7.3904997225979;108.50092023611;1.9800000190735;1;150;Batas Wilkerstat;15040;Batas SLS;2025-08-03 10:06:38;2025-08-03 10:06:38;NANANG JUHANA;https://wilkerstat.bps.go.id/api/landmark/90883972/photo
90899532;HQXUTW;BATAS 3 RW 007 RW 004 ( JL CIKAPUNDUNG);0007;Rt 007 Rw 004 Dusun;3279010002;-7.3927224181499;108.50717682391;2;1;150;Batas Wilkerstat;15040;Batas SLS;2025-08-03 10:20:41;2025-08-03 10:20:42;NANANG JUHANA;https://wilkerstat.bps.go.id/api/landmark/90899532/photo
90916662;HQYUCS;BATAS 4 RT 007 RW 004( KOLAM);0007;Rt 007 Rw 004 Dusun;3279010002;-7.39523;108.5030983;2.6370000839233;1;150;Batas Wilkerstat;15040;Batas SLS;2025-08-03 10:35:59;2025-08-03 10:36:01;NANANG JUHANA;https://wilkerstat.bps.go.id/api/landmark/90916662/photo
90266883;HPNUXF;BATAS 4 RT 008 RW 004;0008;RT 008 RW 004 Dusun;3279010002;-7.390486;108.5009595;2.2799999713898;1;150;Batas Wilkerstat;15040;Batas SLS;2025-08-02 09:38:57;2025-08-02 09:38:58;NANANG JUHANA;https://wilkerstat.bps.go.id/api/landmark/90266883/photo
90273028;HPODZO;BATAS 3 RY 008 RW 004 ( RUMSH KOSONG);0008;RT 008 RW 004 Dusun;3279010002;-7.3881483;108.5025017;1.6499999761581;1;150;Batas Wilkerstat;15040;Batas SLS;2025-08-02 09:45:15;2025-08-02 09:45:15;NANANG JUHANA;https://wilkerstat.bps.go.id/api/landmark/90273028/photo
90278836;HPOMOY;BATAS 2 RT 008 RW 004 (PK MULYANA);0008;RT 008 RW 004 Dusun;3279010002;-7.38852;108.504695;1.6100000143051;1;150;Batas Wilkerstat;15040;Batas SLS;2025-08-02 09:51:23;2025-08-02 09:51:26;NANANG JUHANA;https://wilkerstat.bps.go.id/api/landmark/90278836/photo
90284461;HPOUXH;BATAS 1 RT 008 RW 004( TPU);0008;RT 008 RW 004 Dusun;3279010002;-7.3911457;108.5036827;3;1;150;Batas Wilkerstat;15040;Batas SLS;2025-08-02 09:56:56;2025-08-02 09:56:56;NANANG JUHANA;https://wilkerstat.bps.go.id/api/landmark/90284461/photo
90253421;HPNAZL;BATAS 1 RT  ( BAPAK HAJI TOHA);0009;RT 009 RW 005 DUSUN;3279010002;-7.3862357;108.5046322;3.9200000762939;1;150;Batas Wilkerstat;15040;Batas SLS;2025-08-02 09:24:17;2025-08-02 09:24:17;NANANG JUHANA;https://wilkerstat.bps.go.id/api/landmark/90253421/photo
90255473;HPNEAJ;BATAS 2 RT 009 RW 004 (PK JONO);0009;RT 009 RW 005 DUSUN;3279010002;-7.3858591;108.5033985;1.9869999885559;1;150;Batas Wilkerstat;15040;Batas SLS;2025-08-02 09:26:37;2025-08-02 09:26:38;NANANG JUHANA;https://wilkerstat.bps.go.id/api/landmark/90255473/photo
90257811;HPNHMH;BATAS 3 RT 009 RW 004 ( PK MAMAN);0009;RT 009 RW 005 DUSUN;3279010002;-7.3880865;108.5025455;2.0899999141693;1;150;Batas Wilkerstat;15040;Batas SLS;2025-08-02 09:29:23;2025-08-02 09:29:24;NANANG JUHANA;https://wilkerstat.bps.go.id/api/landmark/90257811/photo
90280321;HPOOUB;BATAS 4 RT 009 RW 004 (BALE DUSUN);0009;RT 009 RW 005 DUSUN;3279010002;-7.3885204;108.5047064;3;1;150;Batas Wilkerstat;15040;Batas SLS;2025-08-02 09:52:54;2025-08-02 09:52:54;NANANG JUHANA;https://wilkerstat.bps.go.id/api/landmark/90280321/photo
90288143;HPPAIX;BATAS 1 RT 010 RW005 ( TPU );0010;RT 010 RT 005;3279010002;-7.3912335;108.5036758;3;1;150;Batas Wilkerstat;15040;Batas SLS;2025-08-02 10:00:47;2025-08-02 10:00:48;NANANG JUHANA;https://wilkerstat.bps.go.id/api/landmark/90288143/photo
90313123;HPQLHR;BATAS 2 RT 010 RW005 ( TPU);0010;RT 010 RT 005;3279010002;-7.3881558;108.5052787;3;1;150;Batas Wilkerstat;15040;Batas SLS;2025-08-02 10:24:25;2025-08-02 10:24:29;NANANG JUHANA;https://wilkerstat.bps.go.id/api/landmark/90313123/photo
90317206;HPQRIS;BATAS 3 RT 010 RW005 ( IBU DEDEH);0010;RT 010 RT 005;3279010002;-7.3888463;108.5062031;3;1;150;Batas Wilkerstat;15040;Batas SLS;2025-08-02 10:28:14;2025-08-02 10:28:14;NANANG JUHANA;https://wilkerstat.bps.go.id/api/landmark/90317206/photo
90320965;HPQWXH;BATAS 4 RT 010 RW 005 ( BP SUNAR);0010;RT 010 RT 005;3279010002;-7.3920964;108.5082753;2.9489998817444;1;150;Batas Wilkerstat;15040;Batas SLS;2025-08-02 10:31:29;2025-08-02 10:31:32;NANANG JUHANA;https://wilkerstat.bps.go.id/api/landmark/90320965/photo
90332459;HPRNXJ;BATAS 1 RT 012 RW 006 (KEBON JATI);0012;RT 012 Rw 006 Dusun;3279010002;-7.3913276239687;108.5073820129;3.5469999313354;1;150;Batas Wilkerstat;15040;Batas SLS;2025-08-02 10:41:32;2025-08-02 10:41:33;NANANG JUHANA;https://wilkerstat.bps.go.id/api/landmark/90332459/photo
90338198;HPRWKC;BATAS 2 RT 012 RW 006.( PERTIGAAN;0012;RT 012 Rw 006 Dusun;3279010002;-7.3929302;108.5087655;2.2000000476837;1;150;Batas Wilkerstat;15040;Batas SLS;2025-08-02 10:46:46;2025-08-02 10:46:47;NANANG JUHANA;https://wilkerstat.bps.go.id/api/landmark/90338198/photo
90359746;HPTCGW;BATAS 3 RT 012 RW 005 ( SAWAH);0012;RT 012 Rw 006 Dusun;3279010002;-7.3849331261911;108.51293887943;3;1;150;Batas Wilkerstat;15040;Batas SLS;2025-08-02 11:06:17;2025-08-02 11:06:18;NANANG JUHANA;https://wilkerstat.bps.go.id/api/landmark/90359746/photo
90828551;HQTTTV;BATAS 4 RT 012 RW 006 ( KOLAM);0012;RT 012 Rw 006 Dusun;3279010002;-7.3853895;108.50924;4.9889998435974;1;150;Batas Wilkerstat;15040;Batas SLS;2025-08-03 09:10:33;2025-08-03 09:10:33;NANANG JUHANA;https://wilkerstat.bps.go.id/api/landmark/90828551/photo
90836427;HQUFKT;BATAS 5 RT 012 RW 006 ( GANG GOLONGAN IJA);0012;RT 012 Rw 006 Dusun;3279010002;-7.3892054;108.5074798;2.0520000457764;1;150;Batas Wilkerstat;15040;Batas SLS;2025-08-03 09:19:37;2025-08-03 09:19:37;NANANG JUHANA;https://wilkerstat.bps.go.id/api/landmark/90836427/photo
90043321;HPBCER;BATAS 1 RT 001 RW 001 (KEBUN POHON JATI);0001;RT 001 RW 001 DUSUN CIJAMBU;3279010003;-7.3632722085842;108.48361127079;4.0599999427795;1;150;Batas Wilkerstat;15040;Batas SLS;2025-08-01 14:36:25;2025-08-01 14:36:26;Agus Setiawan;https://wilkerstat.bps.go.id/api/landmark/90043321/photo
90054413;HPBSPH;BATAS 2 RT 001 RW 001 (RUMAH PAK ATOK);0001;RT 001 RW 001 DUSUN CIJAMBU;3279010003;-7.3627986;108.4875973;7.0560002326965;1;150;Batas Wilkerstat;15040;Batas SLS;2025-08-01 14:53:56;2025-08-01 14:53:58;Agus Setiawan;https://wilkerstat.bps.go.id/api/landmark/90054413/photo
90066457;HPCKKN;BATAS 3 RT 001 RW 001 (KEBUN BAMBU;0001;RT 001 RW 001 DUSUN CIJAMBU;3279010003;-7.3606111128356;108.48779786378;8.4250001907349;1;150;Batas Wilkerstat;15040;Batas SLS;2025-08-01 15:12:23;2025-08-01 15:12:29;Agus Setiawan;https://wilkerstat.bps.go.id/api/landmark/90066457/photo
90078611;HPDCJZ;BATAS 4 RT 001 RW 001 (KEBUN BAMBU);0001;RT 001 RW 001 DUSUN CIJAMBU;3279010003;-7.3654767;108.4800705;3.789999961853;1;150;Batas Wilkerstat;15040;Batas SLS;2025-08-01 15:30:10;2025-08-01 15:30:29;Agus Setiawan;https://wilkerstat.bps.go.id/api/landmark/90078611/photo
90252357;HPMZKN;BATAS 1 RT 002 RW 001 (RUMAH PAK JUHANDI);0002;RT 002 RW 001 DUSUN CIJAMBU;3279010003;-7.3617659299331;108.48365217447;5.2109999656677;1;150;Batas Wilkerstat;15040;Batas SLS;2025-08-02 09:23:00;2025-08-02 09:23:04;Agus Setiawan;https://wilkerstat.bps.go.id/api/landmark/90252357/photo
90270100;HPNZQY;BATAS 2 RT 002 RW 001 (WARUNG SEBLAK CIJAMBU;0002;RT 002 RW 001 DUSUN CIJAMBU;3279010003;-7.3621145;108.4855379;12.526000022888;1;150;Batas Wilkerstat;15040;Batas SLS;2025-08-02 09:42:11;2025-08-02 09:42:12;Agus Setiawan;https://wilkerstat.bps.go.id/api/landmark/90270100/photo
90279620;HPONTC;BATAS 3 RT 002 RW 001 (KEBUN RAMBUTAN);0002;RT 002 RW 001 DUSUN CIJAMBU;3279010003;-7.3628851652869;108.48724801093;7.3899998664856;1;150;Batas Wilkerstat;15040;Batas SLS;2025-08-02 09:52:12;2025-08-02 09:52:14;Agus Setiawan;https://wilkerstat.bps.go.id/api/landmark/90279620/photo
90329880;HPRKCE;BATAS 4 RT 002 RW 001 (RUMAH BELUM JADI);0002;RT 002 RW 001 DUSUN CIJAMBU;3279010003;-7.3635698;108.4837542;11.218000411987;1;150;Batas Wilkerstat;15040;Batas SLS;2025-08-02 10:39:09;2025-08-02 10:39:11;Agus Setiawan;https://wilkerstat.bps.go.id/api/landmark/90329880/photo
90334373;HPRQSZ;BATAS 5 RT 002 RW 001 (POS KAMLING CIJAMBU);0002;RT 002 RW 001 DUSUN CIJAMBU;3279010003;-7.3639651615477;108.48632767797;6.6840000152588;1;150;Batas Wilkerstat;15040;Batas SLS;2025-08-02 10:43:23;2025-08-02 10:43:25;Agus Setiawan;https://wilkerstat.bps.go.id/api/landmark/90334373/photo
91450155;HSDDHR;BATAS 1 RT 003 RW 001 (KEBUN POHON KELAPA);0003;RT 003 RW 001 DUSUN CIJAMBU;3279010003;-7.3649183;108.4861853;3;1;150;Batas Wilkerstat;15040;Batas SLS;2025-08-04 10:21:51;2025-08-04 10:21:53;Agus Setiawan;https://wilkerstat.bps.go.id/api/landmark/91450155/photo
90911376;HQYMHK;BATAS 1 RT 004 RW 001 (KEBUN KELAPA);0004;RT 004 RW 001;3279010003;-7.3659397;108.4886732;3;1;150;Batas Wilkerstat;15040;Batas SLS;2025-08-03 10:31:13;2025-08-03 10:31:15;Agus Setiawan;https://wilkerstat.bps.go.id/api/landmark/90911376/photo
90937494;HQZYXY;BATAS 2 RT 004 RW 001 (RUMAH PAK NONO);0004;RT 004 RW 001;3279010003;-7.3652231;108.4860819;3;1;150;Batas Wilkerstat;15040;Batas SLS;2025-08-03 10:54:34;2025-08-03 10:54:36;Agus Setiawan;https://wilkerstat.bps.go.id/api/landmark/90937494/photo
90945914;HRALJU;BATAS 3  RT 004 RW 001 (RUMAH PAK ASEP SAFUL);0004;RT 004 RW 001;3279010003;-7.367161;108.4861244;3;1;150;Batas Wilkerstat;15040;Batas SLS;2025-08-03 11:02:16;2025-08-03 11:02:17;Agus Setiawan;https://wilkerstat.bps.go.id/api/landmark/90945914/photo
90973696;HRCAMI;BATAS 4 RT 004 RW 001 (KEBUN BAMBU);0004;RT 004 RW 001;3279010003;-7.3684836272215;108.49002409726;3;1;150;Batas Wilkerstat;15040;Batas SLS;2025-08-03 11:28:02;2025-08-03 11:28:04;Agus Setiawan;https://wilkerstat.bps.go.id/api/landmark/90973696/photo
90377277;HPUCFD;BATAS 1 RT 013 RW 003 (BEST SELOKAN);0013;RT 013 RW 003 DUSUN PASIRNAGARA;3279010003;-7.3705144;108.4837769;3;1;150;Batas Wilkerstat;15040;Batas SLS;2025-08-02 11:22:38;2025-08-02 11:22:42;Haris Permana Putra;https://wilkerstat.bps.go.id/api/landmark/90377277/photo
90390265;HPUVKR;BATAS 2 RT 013 RW 003 (SAWAH);0013;RT 013 RW 003 DUSUN PASIRNAGARA;3279010003;-7.3708987;108.4870486;3;1;150;Batas Wilkerstat;15040;Batas SLS;2025-08-02 11:34:59;2025-08-02 11:35:03;Haris Permana Putra;https://wilkerstat.bps.go.id/api/landmark/90390265/photo
90399268;HPVISY;BATAS 3 RT 013 RW 003 (RUMAH BAPA UHLI RAHLI);0013;RT 013 RW 003 DUSUN PASIRNAGARA;3279010003;-7.3702648;108.4879683;3;1;150;Batas Wilkerstat;15040;Batas SLS;2025-08-02 11:44:17;2025-08-02 11:44:21;Haris Permana Putra;https://wilkerstat.bps.go.id/api/landmark/90399268/photo
90410770;HPVZTI;BATAS 4 RT 013 RW 003 (JALAN JAWARA);0013;RT 013 RW 003 DUSUN PASIRNAGARA;3279010003;-7.3688812;108.485568;3;1;150;Batas Wilkerstat;15040;Batas SLS;2025-08-02 11:56:38;2025-08-02 11:56:42;Haris Permana Putra;https://wilkerstat.bps.go.id/api/landmark/90410770/photo
89913965;HOTSVL;BATAS 4 RT 022 RW 008 (SELOKAN +KEBUN);0026;RT 022 RW 008 DUSUN KARANGTENGAH;3279010004;-7.36480674548;108.51824965328;0.78700000047684;1;150;Batas Wilkerstat;15040;Batas SLS;2025-08-01 08:59:08;2025-08-01 08:59:10;Ika Suryani;https://wilkerstat.bps.go.id/api/landmark/89913965/photo
89923833;HOUHKZ;BATAS 2 RT 022 RW 008 (SELOKAN);0026;RT 022 RW 008 DUSUN KARANGTENGAH;3279010004;-7.3679616;108.5171171;3;1;150;Batas Wilkerstat;15040;Batas SLS;2025-08-01 09:24:49;2025-08-01 09:25:06;Ika Suryani;https://wilkerstat.bps.go.id/api/landmark/89923833/photo
89937905;HOVCGF;BATAS 1 RT 022 RW 008 (SELOKAN);0026;RT 022 RW 008 DUSUN KARANGTENGAH;3279010004;-7.3657086;108.5124182;3;1;150;Batas Wilkerstat;15040;Batas SLS;2025-08-01 10:38:08;2025-08-01 10:38:11;Ika Suryani;https://wilkerstat.bps.go.id/api/landmark/89937905/photo
89943251;HOVKDV;BATAS 5 RT 022 RW 008 (SAWAH);0026;RT 022 RW 008 DUSUN KARANGTENGAH;3279010004;-7.3638075;108.5122502;5.9959998130798;1;150;Batas Wilkerstat;15040;Batas SLS;2025-08-01 10:46:10;2025-08-01 10:46:12;Ika Suryani;https://wilkerstat.bps.go.id/api/landmark/89943251/photo
89968589;HOWVQJ;BATAS 3 RT 022 RW 008(KEBUN PEMAKAMAN);0026;RT 022 RW 008 DUSUN KARANGTENGAH;3279010004;-7.3675043919375;108.51881191134;3.2130000591278;1;150;Batas Wilkerstat;15040;Batas SLS;2025-08-01 09:36:32;2025-08-01 11:28:51;Ika Suryani;https://wilkerstat.bps.go.id/api/landmark/89968589/photo
90208989;HPKNGN;BATAS 1 SLS RT 023 RW 008 (SAWAH);0027;RT 023 RW 008 DUSUN KARANGTENGAH;3279010004;-7.3605137;108.5155469;1.1069999933243;1;150;Batas Wilkerstat;15040;Batas SLS;2025-08-02 08:18:41;2025-08-02 08:18:43;Ika Suryani;https://wilkerstat.bps.go.id/api/landmark/90208989/photo
90236215;HPMBNR;BATAS 2 SLS RT 023 RW 008 (BPK. SOLIHIN);0027;RT 023 RW 008 DUSUN KARANGTENGAH;3279010004;-7.3606125;108.5181313;1.6490000486374;1;150;Batas Wilkerstat;15040;Batas SLS;2025-08-02 09:03:22;2025-08-02 09:03:24;Ika Suryani;https://wilkerstat.bps.go.id/api/landmark/90236215/photo
90250589;HPMWUN;BATAS 3 SLS RT 023 RW 008 (SELOKAN BESAR);0027;RT 023 RW 008 DUSUN KARANGTENGAH;3279010004;-7.3640767;108.5181816;2.0099999904633;1;150;Batas Wilkerstat;15040;Batas SLS;2025-08-02 09:21:07;2025-08-02 09:21:09;Ika Suryani;https://wilkerstat.bps.go.id/api/landmark/90250589/photo
90372539;HPTVEX;BATAS 6 SLS RT 023 RW 008 (SAWAH);0027;RT 023 RW 008 DUSUN KARANGTENGAH;3279010004;-7.361847727978;108.51539175957;1.529000043869;1;150;Batas Wilkerstat;15040;Batas SLS;2025-08-02 11:18:22;2025-08-02 11:18:25;Ika Suryani;https://wilkerstat.bps.go.id/api/landmark/90372539/photo
90383802;HPULWC;BATAS 5 SLS RT 023 RW 008 (SAWAH);0027;RT 023 RW 008 DUSUN KARANGTENGAH;3279010004;-7.3618166;108.51417;1.7660000324249;1;150;Batas Wilkerstat;15040;Batas SLS;2025-08-02 11:28:58;2025-08-02 11:29:01;Ika Suryani;https://wilkerstat.bps.go.id/api/landmark/90383802/photo
90392622;HPUYXI;BATAS 4 SLAS RT 023 RW 008 (SAWAH);0027;RT 023 RW 008 DUSUN KARANGTENGAH;3279010004;-7.3640452966333;108.51417269558;3;1;150;Batas Wilkerstat;15040;Batas SLS;2025-08-02 11:37:11;2025-08-02 11:37:14;Ika Suryani;https://wilkerstat.bps.go.id/api/landmark/90392622/photo
90602606;HQGXNQ;BATAS 2 RT 004 RE 002 (RUMAH BPK SUHARA);0004;RT 004 RW 002 DUSUN CIBEUREUM;3279010004;-7.3684596866903;108.50776188076;3.9570000171661;1;150;Batas Wilkerstat;15040;Batas SLS;2025-08-02 15:49:57;2025-08-02 15:50:00;YANI ROHMAYANI;https://wilkerstat.bps.go.id/api/landmark/90602606/photo
90705121;HQMTEN;BATAS 1  RT 004 RW 002 (KANTOR BPS LAMA);0004;RT 004 RW 002 DUSUN CIBEUREUM;3279010004;-7.3710368;108.507518;1.2000000476837;1;150;Batas Wilkerstat;15040;Batas SLS;2025-08-02 17:23:22;2025-08-02 17:23:25;YANI ROHMAYANI;https://wilkerstat.bps.go.id/api/landmark/90705121/photo
90709159;HQMZDV;BATAS 5 SLS RT 004 RW 002 ( RUMAH BPK ALPAN );0004;RT 004 RW 002 DUSUN CIBEUREUM;3279010004;-7.3713517;108.5089767;1.4500000476837;1;150;Batas Wilkerstat;15040;Batas SLS;2025-08-02 17:26:59;2025-08-02 17:27:39;YANI ROHMAYANI;https://wilkerstat.bps.go.id/api/landmark/90709159/photo
90814092;HQSYJS;BATAS 3 RT 004 RW 002 (RUMAH BPK ENJAY);0004;RT 004 RW 002 DUSUN CIBEUREUM;3279010004;-7.3680199;108.5096953;1.7699999809265;1;150;Batas Wilkerstat;15040;Batas SLS;2025-08-03 08:51:31;2025-08-03 08:51:34;YANI ROHMAYANI;https://wilkerstat.bps.go.id/api/landmark/90814092/photo
91401822;HSAJUS;BATAS 4 RT 004 RW 002 (RUMAH BPK ALPAN);0004;RT 004 RW 002 DUSUN CIBEUREUM;3279010004;-7.3713517;108.5089767;1.4500000476837;1;150;Batas Wilkerstat;15040;Batas SLS;2025-08-02 17:27:30;2025-08-04 09:29:41;YANI ROHMAYANI;https://wilkerstat.bps.go.id/api/landmark/91401822/photo
90237446;HPMDJA;BATAS  1 SLS RT 024 RW 008 (GANG RUMAH BPK. SOLIHIN);0028;RT 024 RW 008 DUSUN KARANGTENGAH;3279010004;-7.3605881694191;108.51814705878;1.1790000200272;1;150;Batas Wilkerstat;15040;Batas SLS;2025-08-02 09:05:03;2025-08-02 09:05:06;Ika Suryani;https://wilkerstat.bps.go.id/api/landmark/90237446/photo
90317516;HPQRUQ;BATAS 3 SLS RT 024 RW 008 (SUNGAI);0028;RT 024 RW 008 DUSUN KARANGTENGAH;3279010004;-7.3585481956863;108.51940635592;3;1;150;Batas Wilkerstat;15040;Batas SLS;2025-08-02 10:28:29;2025-08-02 10:28:34;Ika Suryani;https://wilkerstat.bps.go.id/api/landmark/90317516/photo
90330862;HPRLNY;BATAS 4 SLS RT 024 RW 008 (KEBUN);0028;RT 024 RW 008 DUSUN KARANGTENGAH;3279010004;-7.3595048397932;108.5207407549;3.1040000915527;1;150;Batas Wilkerstat;15040;Batas SLS;2025-08-02 10:39:58;2025-08-02 10:40:04;Ika Suryani;https://wilkerstat.bps.go.id/api/landmark/90330862/photo
90342862;HPSDHM;BATAS 2 SLS RT 024 RW 008 (RUMAH BPK. JUNED);0028;RT 024 RW 008 DUSUN KARANGTENGAH;3279010004;-7.3606516794532;108.51910527796;4.6510000228882;1;150;Batas Wilkerstat;15040;Batas SLS;2025-08-02 10:51:05;2025-08-02 10:51:07;Ika Suryani;https://wilkerstat.bps.go.id/api/landmark/90342862/photo
90407882;HPVVMG;BATAS 5 SLS RT 024 RW 008 (SUNGAI CIPAINGAN);0028;RT 024 RW 008 DUSUN KARANGTENGAH;3279010004;-7.3632103;108.5199631;1.9450000524521;1;150;Batas Wilkerstat;15040;Batas SLS;2025-08-02 11:53:35;2025-08-02 11:53:37;Ika Suryani;https://wilkerstat.bps.go.id/api/landmark/90407882/photo
90037265;HPATFT;BATAS 4 RT 005 RW 002 (POS JAGA PERUM BPI);0005;RT 005 RW 002 DUSUN CIBEUREUM;3279010004;-7.3716171;108.5102997;2.4000000953674;1;150;Batas Wilkerstat;15040;Batas SLS;2025-08-01 14:27:04;2025-08-01 14:27:06;YANI ROHMAYANI;https://wilkerstat.bps.go.id/api/landmark/90037265/photo
90059494;HPCACS;BATAS 3 RT 005 RW 002 (KEBUN CARIK);0005;RT 005 RW 002 DUSUN CIBEUREUM;3279010004;-7.3682764750821;108.51087324321;3.3650000095367;1;150;Batas Wilkerstat;15040;Batas SLS;2025-08-01 15:01:40;2025-08-01 15:01:43;YANI ROHMAYANI;https://wilkerstat.bps.go.id/api/landmark/90059494/photo
90080327;HPDEXZ;BATAS 1  RT 005 RW 002 (BENGKEL MOBIL DEDE NOPIANA);0005;RT 005 RW 002 DUSUN CIBEUREUM;3279010004;-7.3713435138716;108.50900039077;14.557999610901;1;150;Batas Wilkerstat;15040;Batas SLS;2025-08-01 15:33:02;2025-08-01 15:33:05;YANI ROHMAYANI;https://wilkerstat.bps.go.id/api/landmark/90080327/photo
90465265;HPZCJH;BATAS 2 RT 005 RW 002 (SAWAH SITU);0005;RT 005 RW 002 DUSUN CIBEUREUM;3279010004;-7.3678671581304;108.50979432464;1.3999999761581;1;150;Batas Wilkerstat;15040;Batas SLS;2025-08-02 13:12:36;2025-08-02 13:12:39;YANI ROHMAYANI;https://wilkerstat.bps.go.id/api/landmark/90465265/photo
90836977;HQUGFX;BATAS 1 SLS RT 025 RW 009 (KIRMIR);0029;RT 025 RW 009 DUSUN KARANGTENGAH;3279010004;-7.3605093637621;108.51552989334;0.47299998998642;1;150;Batas Wilkerstat;15040;Batas SLS;2025-08-03 09:20:14;2025-08-03 09:20:17;Ika Suryani;https://wilkerstat.bps.go.id/api/landmark/90836977/photo
90873678;HQWINM;BATAS 3 SLS RT 025 RW 009 (SUNGAI);0029;RT 025 RW 009 DUSUN KARANGTENGAH;3279010004;-7.3585957453031;108.51941004395;3.3020000457764;1;150;Batas Wilkerstat;15040;Batas SLS;2025-08-03 09:57:02;2025-08-03 09:57:11;Ika Suryani;https://wilkerstat.bps.go.id/api/landmark/90873678/photo
90881450;HQWUAK;BATAS 2 SLS RT 025 RW 009 (JALAN KIP/GANG);0029;RT 025 RW 009 DUSUN KARANGTENGAH;3279010004;-7.3606496843737;108.51910293102;2.3659999370575;1;150;Batas Wilkerstat;15040;Batas SLS;2025-08-03 10:04:17;2025-08-03 10:04:19;Ika Suryani;https://wilkerstat.bps.go.id/api/landmark/90881450/photo
90897388;HQXRPK;BATAS 4 SLS RT 025 RW 009 (KEBUN);0029;RT 025 RW 009 DUSUN KARANGTENGAH;3279010004;-7.3594363418826;108.51544674486;10.359999656677;1;150;Batas Wilkerstat;15040;Batas SLS;2025-08-03 10:18:43;2025-08-03 10:18:45;Ika Suryani;https://wilkerstat.bps.go.id/api/landmark/90897388/photo
90946165;HRALTL;BATAS 1 SLS RT 026 RW 009 (KEBON);0030;RT 026 RW 009 DUSUN KARANGTENGAH;3279010004;-7.3592993460297;108.51543366909;3;1;150;Batas Wilkerstat;15040;Batas SLS;2025-08-03 11:02:30;2025-08-03 11:02:32;Ika Suryani;https://wilkerstat.bps.go.id/api/landmark/90946165/photo
90958365;HRBDUR;BATAS 2 SLS RT 026 RW 099 (SAWAH);0030;RT 026 RW 009 DUSUN KARANGTENGAH;3279010004;-7.3617552895359;108.51538706571;1.7009999752045;1;150;Batas Wilkerstat;15040;Batas SLS;2025-08-03 11:13:50;2025-08-03 11:13:51;Ika Suryani;https://wilkerstat.bps.go.id/api/landmark/90958365/photo
90968186;HRBSIK;BATAS 3 SLS RT 026 RW 009 (KOLAM);0030;RT 026 RW 009 DUSUN KARANGTENGAH;3279010004;-7.3618276;108.514053;2.0280001163483;1;150;Batas Wilkerstat;15040;Batas SLS;2025-08-03 11:23:03;2025-08-03 11:23:07;Ika Suryani;https://wilkerstat.bps.go.id/api/landmark/90968186/photo
90974411;HRCBNV;BATAS 4 SLS RT 026 RW 009 (POM MINI);0030;RT 026 RW 009 DUSUN KARANGTENGAH;3279010004;-7.3603434;108.514314;4.6890001296997;1;150;Batas Wilkerstat;15040;Batas SLS;2025-08-03 11:28:40;2025-08-03 11:28:43;Ika Suryani;https://wilkerstat.bps.go.id/api/landmark/90974411/photo
90989657;HRCYCF;BATAS 5 SLS RT 026 RW 009 (KEBUN);0030;RT 026 RW 009 DUSUN KARANGTENGAH;3279010004;-7.3604485;108.5110214;3.3870000839233;1;150;Batas Wilkerstat;15040;Batas SLS;2025-08-03 11:43:50;2025-08-03 11:43:53;Ika Suryani;https://wilkerstat.bps.go.id/api/landmark/90989657/photo
90394536;HPVBSY;BATAS 2 SLS RT 027 RW 008 (SAWAH);0031;RT 027 RW 009 DUSUN KARANGTENGAH;3279010004;-7.3641028209805;108.5141653195;1.2070000171661;1;150;Batas Wilkerstat;15040;Batas SLS;2025-08-02 11:39:10;2025-08-02 11:39:13;Ika Suryani;https://wilkerstat.bps.go.id/api/landmark/90394536/photo
90549960;HQDXQU;BATAS 4 RT 010 RW 004 (RUMAH IBU YATI);0012;RT 010 RW 004 DUSUN PARUNG;3279010004;-7.3678967;108.50762;4.3649997711182;1;150;Batas Wilkerstat;15040;Batas SLS;2025-08-02 14:55:25;2025-08-02 14:55:30;YANI ROHMAYANI;https://wilkerstat.bps.go.id/api/landmark/90549960/photo
90566289;HQEVUV;BATAS 3 RT 010 RW 004 (RUMAH BPK ABDULFATAH);0012;RT 010 RW 004 DUSUN PARUNG;3279010004;-7.3659472537511;108.50805658847;4.6939997673035;1;150;Batas Wilkerstat;15040;Batas SLS;2025-08-02 15:12:42;2025-08-02 15:12:45;YANI ROHMAYANI;https://wilkerstat.bps.go.id/api/landmark/90566289/photo
90588808;HQGDCY;BATAS 2 RT 010 RW 004 (RUMAH BPK IKIN);0012;RT 010 RW 004 DUSUN PARUNG;3279010004;-7.3658265528688;108.50734211504;3.9010000228882;1;150;Batas Wilkerstat;15040;Batas SLS;2025-08-02 15:35:53;2025-08-02 15:35:56;YANI ROHMAYANI;https://wilkerstat.bps.go.id/api/landmark/90588808/photo
90593819;HQGKNR;BATAS 1 RT 010 RW 004 (SALURAN AIR LIMBAH);0012;RT 010 RW 004 DUSUN PARUNG;3279010004;-7.3679317;108.5069439;3.1429998874664;1;150;Batas Wilkerstat;15040;Batas SLS;2025-08-02 15:41:06;2025-08-02 15:41:09;YANI ROHMAYANI;https://wilkerstat.bps.go.id/api/landmark/90593819/photo
90403930;HPVPQG;BATAS 1 RT 041 RW 004 (DEPOT AIR MINUM WIJAYA);0014;RT 041 RW 004 DUSUN PARUNG;3279010004;-7.3658454;108.5073947;1.8999999761581;1;150;Batas Wilkerstat;15040;Batas SLS;2025-08-02 11:49:08;2025-08-02 11:49:11;YANI ROHMAYANI;https://wilkerstat.bps.go.id/api/landmark/90403930/photo
90413987;HPWENB;BATAS 3 RT 041 RW 004 (BENGKEL EPUL);0014;RT 041 RW 004 DUSUN PARUNG;3279010004;-7.3644778928416;108.5097021237;2.3499999046326;1;150;Batas Wilkerstat;15040;Batas SLS;2025-08-02 12:00:30;2025-08-02 12:00:33;YANI ROHMAYANI;https://wilkerstat.bps.go.id/api/landmark/90413987/photo
90422661;HPWRIR;BATAS 4 RT 041 RW 004 (RUMAH BPK ENCENG);0014;RT 041 RW 004 DUSUN PARUNG;3279010004;-7.3662026207986;108.50958175957;3.1879999637604;1;150;Batas Wilkerstat;15040;Batas SLS;2025-08-02 12:11:09;2025-08-02 12:11:12;YANI ROHMAYANI;https://wilkerstat.bps.go.id/api/landmark/90422661/photo
90428250;HPWZPQ;BATAS 2 RT 041 RW 004 (PRATAMA JAYA CELL);0014;RT 041 RW 004 DUSUN PARUNG;3279010004;-7.3637089;108.507841;3.8780000209808;1;150;Batas Wilkerstat;15040;Batas SLS;2025-08-02 12:18:40;2025-08-02 12:18:42;YANI ROHMAYANI;https://wilkerstat.bps.go.id/api/landmark/90428250/photo
90209769;HPKOKN;BATAS 1 RT 018 RW 006.(MATRIAL CITA LAKSANA);0022;RT018 RW006 Dusun GARDU;3279010004;-7.3741328913971;108.51755965501;1.3159999847412;1;150;Batas Wilkerstat;15040;Batas SLS;2025-08-02 08:20:17;2025-08-02 08:20:20;AGUS YUDI;https://wilkerstat.bps.go.id/api/landmark/90209769/photo
90222672;HPLHMU;BATAS 2 RT018 RW006;0022;RT018 RW006 Dusun GARDU;3279010004;-7.373405;108.516395;1.5599999427795;1;150;Batas Wilkerstat;15040;Batas SLS;2025-08-02 08:43:28;2025-08-02 08:43:32;AGUS YUDI;https://wilkerstat.bps.go.id/api/landmark/90222672/photo
90224635;HPLKKH;BATAS 3 RT018 RW006 (RUMH KOSONG);0022;RT018 RW006 Dusun GARDU;3279010004;-7.3737334;108.5160897;1.7200000286102;1;150;Batas Wilkerstat;15040;Batas SLS;2025-08-02 08:46:42;2025-08-02 08:46:45;AGUS YUDI;https://wilkerstat.bps.go.id/api/landmark/90224635/photo
90233534;HPLXOO;BATAS 4 RT018 RW006 (GANG PABRIK);0022;RT018 RW006 Dusun GARDU;3279010004;-7.3734456068984;108.51563550532;1.5800000429153;1;150;Batas Wilkerstat;15040;Batas SLS;2025-08-02 08:59:34;2025-08-02 08:59:36;AGUS YUDI;https://wilkerstat.bps.go.id/api/landmark/90233534/photo
90242621;HPMLAB;BATAS 5 RT018 RW006 ( MUSHOLA );0022;RT018 RW006 Dusun GARDU;3279010004;-7.3720437693164;108.516715765;1.7200000286102;1;150;Batas Wilkerstat;15040;Batas SLS;2025-08-02 09:11:13;2025-08-02 09:11:23;AGUS YUDI;https://wilkerstat.bps.go.id/api/landmark/90242621/photo
90245677;HPMPNP;BATAS 6 RT018 RW006 (SAWAH GARDU);0022;RT018 RW006 Dusun GARDU;3279010004;-7.3720740272427;108.51761631668;1.3999999761581;1;150;Batas Wilkerstat;15040;Batas SLS;2025-08-02 09:15:32;2025-08-02 09:15:35;AGUS YUDI;https://wilkerstat.bps.go.id/api/landmark/90245677/photo
90206946;HPKKFY;BATAS 1 RT 017 RW 006 ( GANG);0021;RT017 RW006 Dusun.GARDU;3279010004;-7.374301;108.5192497;2;1;150;Batas Wilkerstat;15040;Batas SLS;2025-08-02 08:14:04;2025-08-02 08:14:06;AGUS YUDI;https://wilkerstat.bps.go.id/api/landmark/90206946/photo
90209120;HPKNLO;BATAS 2 RT 017 RE 006;0021;RT017 RW006 Dusun.GARDU;3279010004;-7.3742368;108.5174983;1.4659999608994;1;150;Batas Wilkerstat;15040;Batas SLS;2025-08-02 08:18:58;2025-08-02 08:19:00;AGUS YUDI;https://wilkerstat.bps.go.id/api/landmark/90209120/photo
90213771;HPKUIL;BATAS 3 RT017 RW006 (SEBLAK ENDOLITA);0021;RT017 RW006 Dusun.GARDU;3279010004;-7.3733814336905;108.51783290505;1.460000038147;1;150;Batas Wilkerstat;15040;Batas SLS;2025-08-02 08:28:12;2025-08-02 08:28:13;AGUS YUDI;https://wilkerstat.bps.go.id/api/landmark/90213771/photo
90217707;HPLADV;BATAS 4 RT017 RW006 (SAWAH);0021;RT017 RW006 Dusun.GARDU;3279010004;-7.373150676068;108.51900301874;1.6000000238419;1;150;Batas Wilkerstat;15040;Batas SLS;2025-08-02 08:35:21;2025-08-02 08:35:23;AGUS YUDI;https://wilkerstat.bps.go.id/api/landmark/90217707/photo
91067665;HRHJMN;BATAS 5 RT015 RW006 (GG.HULERAN);0019;RT015 RW006 Dusun.GARDU;3279010004;-7.373032969684;108.51593021303;1.3799999952316;1;150;Batas Wilkerstat;15040;Batas SLS;2025-08-03 13:31:12;2025-08-03 13:31:15;AGUS YUDI;https://wilkerstat.bps.go.id/api/landmark/91067665/photo
91073285;HRHRUR;BATAS 4 RT015 RW006 ( GG. HULERAN);0019;RT015 RW006 Dusun.GARDU;3279010004;-7.373441284351;108.51562008262;1.460000038147;1;150;Batas Wilkerstat;15040;Batas SLS;2025-08-03 13:39:15;2025-08-03 13:39:19;AGUS YUDI;https://wilkerstat.bps.go.id/api/landmark/91073285/photo
91081548;HRIEAM;BATAS 2 RT015 RW006 (KOLAM IKAN);0019;RT015 RW006 Dusun.GARDU;3279010004;-7.3746070406034;108.51539678872;1.7999999523163;1;150;Batas Wilkerstat;15040;Batas SLS;2025-08-03 13:50:45;2025-08-03 13:50:48;AGUS YUDI;https://wilkerstat.bps.go.id/api/landmark/91081548/photo
91106032;HRJOGE;BATAS 1 RT015 RW006 (SEMAK BELUKAR);0019;RT015 RW006 Dusun.GARDU;3279010004;-7.3750645641808;108.51286981255;1.6330000162125;1;150;Batas Wilkerstat;15040;Batas SLS;2025-08-03 14:22:38;2025-08-03 14:22:42;AGUS YUDI;https://wilkerstat.bps.go.id/api/landmark/91106032/photo
91130694;HRKYSS;BATAS 6 RT015 RW006 (BALAI DUSUN GARDU);0019;RT015 RW006 Dusun.GARDU;3279010004;-7.3719543255439;108.51478926837;1.4659999608994;1;150;Batas Wilkerstat;15040;Batas SLS;2025-08-03 14:52:01;2025-08-03 14:52:05;AGUS YUDI;https://wilkerstat.bps.go.id/api/landmark/91130694/photo
91133852;HRLDKE;BAYAS 3 RT015 RW006 (GANG);0019;RT015 RW006 Dusun.GARDU;3279010004;-7.3736623992212;108.51591210812;0.98000001907349;1;150;Batas Wilkerstat;15040;Batas SLS;2025-08-03 14:55:58;2025-08-03 14:56:01;AGUS YUDI;https://wilkerstat.bps.go.id/api/landmark/91133852/photo
90494756;HQATZO;BATAS RT 36 RW 12( RUMAH OPIK);0041;Rt 36 rw 012 Dusun Ciaren;3279010004;-7.3691749095025;108.50255068392;4.8330001831055;1;150;Batas Wilkerstat;15040;Batas SLS;2025-08-02 13:53:03;2025-08-02 13:53:16;AAM AMINAH;https://wilkerstat.bps.go.id/api/landmark/90494756/photo
90501306;HQBDRM;BATAS RT 36 RW 12 ( KEBUN);0041;Rt 36 rw 012 Dusun Ciaren;3279010004;-7.3697799;108.503752;3;1;150;Batas Wilkerstat;15040;Batas SLS;2025-08-02 14:01:12;2025-08-02 14:01:15;AAM AMINAH;https://wilkerstat.bps.go.id/api/landmark/90501306/photo
91048906;HRGHTA;RT 36 RW 12 DUSUN CIAREN;0041;Rt 36 rw 012 Dusun Ciaren;3279010004;-7.3667267;108.5029304;3.029000043869;1;150;Batas Wilkerstat;15040;Batas SLS;2025-08-03 13:04:14;2025-08-03 13:04:18;AAM AMINAH;https://wilkerstat.bps.go.id/api/landmark/91048906/photo
91060082;HRGYGW;BARAS RT 36 RW 12 DUSUN CIAREN ( TUGU BATAS TUGU DUSUN );0041;Rt 36 rw 012 Dusun Ciaren;3279010004;-7.3662383;108.5046333;1.3530000448227;1;150;Batas Wilkerstat;15040;Batas SLS;2025-08-03 13:20:51;2025-08-03 13:20:54;AAM AMINAH;https://wilkerstat.bps.go.id/api/landmark/91060082/photo
91050513;HRGKCV;BATAS 2 RT 035 RW 012 DUSUN CIAREN(KEBUN);0040;Rt 035 Rw 012 Dusun Ciaren;3279010004;-7.3667040442086;108.50297715515;2.1700000762939;1;150;Batas Wilkerstat;15040;Batas SLS;2025-08-03 13:06:50;2025-08-03 13:06:54;AAM AMINAH;https://wilkerstat.bps.go.id/api/landmark/91050513/photo
91064853;HRHFIJ;BATAS 3 RT 035 RW 012 DUSUN CIAREN(KEBUN);0040;Rt 035 Rw 012 Dusun Ciaren;3279010004;-7.3657793365368;108.50464180112;3.9990000724792;1;150;Batas Wilkerstat;15040;Batas SLS;2025-08-03 13:27:27;2025-08-03 13:27:32;AAM AMINAH;https://wilkerstat.bps.go.id/api/landmark/91064853/photo
91071337;HRHOXT;BATAS 4 RT 035 RW 012 DUSUN CIAREN ( SELOKAN  BELAKANG SD 1 BALOKANG);0040;Rt 035 Rw 012 Dusun Ciaren;3279010004;-7.3657467506146;108.50331008434;1.9500000476837;1;150;Batas Wilkerstat;15040;Batas SLS;2025-08-03 13:36:42;2025-08-03 13:36:47;AAM AMINAH;https://wilkerstat.bps.go.id/api/landmark/91071337/photo
91079752;HRIBJK;BATAS 5 RT 035 RW 012 DUSUN CIAREN (KEBUN BAMBU);0040;Rt 035 Rw 012 Dusun Ciaren;3279010004;-7.3661869;108.5015293;2.7269999980927;1;150;Batas Wilkerstat;15040;Batas SLS;2025-08-03 13:48:28;2025-08-03 13:48:31;AAM AMINAH;https://wilkerstat.bps.go.id/api/landmark/91079752/photo
91089109;HRIPFH;BATAS 6 RT 035 RW 012(KEBUN BAMBU GUNUNG TUGEL);0040;Rt 035 Rw 012 Dusun Ciaren;3279010004;-7.362926064208;108.49991876632;2.7000000476837;1;150;Batas Wilkerstat;15040;Batas SLS;2025-08-03 14:01:09;2025-08-03 14:01:13;AAM AMINAH;https://wilkerstat.bps.go.id/api/landmark/91089109/photo
91097887;HRJCEX;BATAS 7 RT 035 RW 012(SAWAH JAJAWAR);0040;Rt 035 Rw 012 Dusun Ciaren;3279010004;-7.3647874598921;108.50001063198;3.0299999713898;1;150;Batas Wilkerstat;15040;Batas SLS;2025-08-03 14:12:17;2025-08-03 14:12:22;AAM AMINAH;https://wilkerstat.bps.go.id/api/landmark/91097887/photo
91101845;HRJIBD;BATAS 1 RT 035 RW 012 DUSUN CIAREN ( BELAKANG RUMAH P AGI );0040;Rt 035 Rw 012 Dusun Ciaren;3279010004;-7.366646520199;108.50031003356;3;1;150;Batas Wilkerstat;15040;Batas SLS;2025-08-03 14:17:06;2025-08-03 14:17:11;AAM AMINAH;https://wilkerstat.bps.go.id/api/landmark/91101845/photo
91053546;HRGOPM;BATAS 3 RT 37 RW 12 DUSUN CIAREN (SELOKAN);0042;Rt 037 Rw 012 Dusun Ciaren;3279010004;-7.3667402876559;108.5029328987;2.2000000476837;1;150;Batas Wilkerstat;15040;Batas SLS;2025-08-03 13:11:26;2025-08-03 13:11:30;AAM AMINAH;https://wilkerstat.bps.go.id/api/landmark/91053546/photo
91178090;HRNQVQ;BATAS RT 037 RW 012 DUSUN CIAREN ( RUMAH B YENI );0042;Rt 037 Rw 012 Dusun Ciaren;3279010004;-7.3668535;108.5018182;1.8500000238419;1;150;Batas Wilkerstat;15040;Batas SLS;2025-08-03 15:44:31;2025-08-03 15:44:36;AAM AMINAH;https://wilkerstat.bps.go.id/api/landmark/91178090/photo
91195441;HROQMZ;BATAS RT 037 RW 012 DUSUN CIAREN ( KEBUN );0042;Rt 037 Rw 012 Dusun Ciaren;3279010004;-7.3689467;108.5011367;1.0800000429153;1;150;Batas Wilkerstat;15040;Batas SLS;2025-08-03 16:01:48;2025-08-03 16:01:52;AAM AMINAH;https://wilkerstat.bps.go.id/api/landmark/91195441/photo
91205978;HRPGCG;BATAS RT 037 RW 012 DUSUN CIATEN ( SELOKAN );0042;Rt 037 Rw 012 Dusun Ciaren;3279010004;-7.36964;108.5024675;2.3329999446869;1;150;Batas Wilkerstat;15040;Batas SLS;2025-08-03 16:12:32;2025-08-03 16:12:36;AAM AMINAH;https://wilkerstat.bps.go.id/api/landmark/91205978/photo
90033072;HPANAM;TANAH KOSONG;0019;RT 001 RW 005;3279010005;-7.3657506;108.5317919;3.3919999599457;1;150;Batas Wilkerstat;15040;Batas SLS;2025-08-01 14:20:34;2025-08-01 14:20:35;DEDE ROKAYAH;https://wilkerstat.bps.go.id/api/landmark/90033072/photo
90039269;HPAWEV;KONVEKSI GALERI SAROJA;0019;RT 001 RW 005;3279010005;-7.3672712;108.5316588;3.154000043869;1;150;Batas Wilkerstat;15040;Batas SLS;2025-08-01 14:30:12;2025-08-01 14:30:14;DEDE ROKAYAH;https://wilkerstat.bps.go.id/api/landmark/90039269/photo
90897895;HQXSIX;BATAS 2 RT 005 RW 007( BEST DEKAT RUMAH DENI;0033;RT 005 RW 007;3279010005;-7.3669523;108.5359572;7.2800002098083;1;150;Batas Wilkerstat;15040;Batas SLS;2025-08-03 10:19:05;2025-08-03 10:19:11;DEDE ROKAYAH;https://wilkerstat.bps.go.id/api/landmark/90897895/photo
90941131;HRAEHV;BATAS 3 (RT 005 RW 007 DEKAT RUMAH AJID);0033;RT 005 RW 007;3279010005;-7.3662434;108.5363852;2.4909999370575;1;150;Batas Wilkerstat;15040;Batas SLS;2025-08-03 10:57:55;2025-08-03 10:57:56;DEDE ROKAYAH;https://wilkerstat.bps.go.id/api/landmark/90941131/photo
90948562;HRAPHQ;BATAS 5 RT 005 RW 007 ( SELOKAN DEKAT PK WAHYU);0033;RT 005 RW 007;3279010005;-7.3656517;108.5357633;2.5820000171661;1;150;Batas Wilkerstat;15040;Batas SLS;2025-08-03 11:04:52;2025-08-03 11:05:00;DEDE ROKAYAH;https://wilkerstat.bps.go.id/api/landmark/90948562/photo
90961975;HRBJDN;BATAS 4 RT 005 RW 007 DEKAT KEBON;0033;RT 005 RW 007;3279010005;-7.36579;108.5363017;1.2999999523163;1;150;Batas Wilkerstat;15040;Batas SLS;2025-08-03 11:16:59;2025-08-03 11:16:59;DEDE ROKAYAH;https://wilkerstat.bps.go.id/api/landmark/90961975/photo
90970134;HRBVFI;BATAS 1  RT 005 RW 007 ( DEKAT NETJES COLLEGE);0033;RT 005 RW 007;3279010005;-7.3663617;108.5346167;1.2999999523163;1;150;Batas Wilkerstat;15040;Batas SLS;2025-08-03 11:24:41;2025-08-03 11:24:42;DEDE ROKAYAH;https://wilkerstat.bps.go.id/api/landmark/90970134/photo
90973237;HRBZUR;BATAS 6 RT 005 RW 007 (DEKAT WIJAYA BENGKEL);0033;RT 005 RW 007;3279010005;-7.3657782;108.5348;5.1339998245239;1;150;Batas Wilkerstat;15040;Batas SLS;2025-08-03 11:27:38;2025-08-03 11:27:40;DEDE ROKAYAH;https://wilkerstat.bps.go.id/api/landmark/90973237/photo
90410241;HPVYYZ;BATAS 1 RT 006 RW 007 AYAM GORENG SANUM;0034;RT 006 rw 007;3279010005;-7.3663483;108.5318137;4.433000087738;1;150;Batas Wilkerstat;15040;Batas SLS;2025-08-02 11:56:06;2025-08-02 11:56:08;DEDE ROKAYAH;https://wilkerstat.bps.go.id/api/landmark/90410241/photo
90413167;HPWDHN;BATAS 2 RT 006 RW 007 RUMAH IBU IIS;0034;RT 006 rw 007;3279010005;-7.3651591;108.531765;3.9900000095367;1;150;Batas Wilkerstat;15040;Batas SLS;2025-08-02 11:59:25;2025-08-02 11:59:26;DEDE ROKAYAH;https://wilkerstat.bps.go.id/api/landmark/90413167/photo
90417519;HPWJSX;BATAS 3 RT 006 RW 007 AQUARIUM AKSHA;0034;RT 006 rw 007;3279010005;-7.3654399;108.5345945;3.5680000782013;1;150;Batas Wilkerstat;15040;Batas SLS;2025-08-02 12:04:47;2025-08-02 12:04:49;DEDE ROKAYAH;https://wilkerstat.bps.go.id/api/landmark/90417519/photo
90421304;HPWPIM;BATAS 4 RT 006 RW 007 AL - MAA UUN;0034;RT 006 rw 007;3279010005;-7.3662867;108.5344898;9.0819997787476;1;150;Batas Wilkerstat;15040;Batas SLS;2025-08-02 12:09:24;2025-08-02 12:09:26;DEDE ROKAYAH;https://wilkerstat.bps.go.id/api/landmark/90421304/photo
90043521;HPBCMJ;BATAS 1 RT 002 RW 008 ( BANGUNAN KOSONG );0036;RT 002 RW 008;3279010005;-7.3673431254777;108.53094488382;3.75;1;150;Batas Wilkerstat;15040;Batas SLS;2025-08-01 14:36:40;2025-08-01 14:36:40;DEDE ROKAYAH;https://wilkerstat.bps.go.id/api/landmark/90043521/photo
90047535;HPBIKT;BATAS 2 RT 002 RW 008 ( KONVEKSI GALERI SAROJA );0036;RT 002 RW 008;3279010005;-7.367354098249;108.53174451739;3.7430000305176;1;150;Batas Wilkerstat;15040;Batas SLS;2025-08-01 14:42:51;2025-08-01 14:42:52;DEDE ROKAYAH;https://wilkerstat.bps.go.id/api/landmark/90047535/photo
90051112;HPBNSI;BATAS 3 RT 002 RW 008 ( TANAH KOSONG );0036;RT 002 RW 008;3279010005;-7.365755;108.5317899;2.1849999427795;1;150;Batas Wilkerstat;15040;Batas SLS;2025-08-01 14:48:47;2025-08-01 14:48:48;DEDE ROKAYAH;https://wilkerstat.bps.go.id/api/landmark/90051112/photo
90055899;HPBUUL;BATAS 4 RT 002 RW 008 ( RUMAH IBU YANI );0036;RT 002 RW 008;3279010005;-7.3658179076253;108.53086106479;2.9579999446869;1;150;Batas Wilkerstat;15040;Batas SLS;2025-08-01 14:55:58;2025-08-01 14:56:00;DEDE ROKAYAH;https://wilkerstat.bps.go.id/api/landmark/90055899/photo
90218143;HPLAUP;BATAS 3 RT 001 RW 013 JALAN DIPATIUKUR;0062;RT 001 RW 013;3279010005;-7.3649088260775;108.52245636284;2.4000000953674;1;150;Batas Wilkerstat;15040;Batas SLS;2025-08-02 08:37:38;2025-08-02 08:36:06;LILIS YULIANI;https://wilkerstat.bps.go.id/api/landmark/90218143/photo
90220149;HPLDTT;BATAS 4 RT 001 RW 012 JALAN DIPATIUKUR (DEPAN MASJID AL AZIZ);0062;RT 001 RW 013;3279010005;-7.3649843058527;108.5212828964;3.8299999237061;1;150;Batas Wilkerstat;15040;Batas SLS;2025-08-02 08:41:02;2025-08-02 08:39:30;LILIS YULIANI;https://wilkerstat.bps.go.id/api/landmark/90220149/photo
90223167;HPLIFV;BATAS 5 RT 001 RW 013 (KEBUN SAMPING RUMAH BAPAK NANAN);0062;RT 001 RW 013;3279010005;-7.36613;108.5214083;1.3999999761581;1;150;Batas Wilkerstat;15040;Batas SLS;2025-08-02 08:45:54;2025-08-02 08:44:21;LILIS YULIANI;https://wilkerstat.bps.go.id/api/landmark/90223167/photo
90224328;HPLJYM;BATAS 6 RT 001 RW 013 (RUMAH IBU TUTI);0062;RT 001 RW 013;3279010005;-7.3661547394884;108.52164197713;1.5;1;150;Batas Wilkerstat;15040;Batas SLS;2025-08-02 08:47:42;2025-08-02 08:46:10;LILIS YULIANI;https://wilkerstat.bps.go.id/api/landmark/90224328/photo
90225415;HPLLOH;BATAS 1 RT 001 RW 013 RUMAH IBU ENUNG;0062;RT 001 RW 013;3279010005;-7.366623244586;108.52168723941;1.8999999761581;1;150;Batas Wilkerstat;15040;Batas SLS;2025-08-02 08:49:31;2025-08-02 08:47:59;LILIS YULIANI;https://wilkerstat.bps.go.id/api/landmark/90225415/photo
90228272;HPLPUE;BATAS 2 RT 001 RW 013 GG RUMAH KOSONG;0062;RT 001 RW 013;3279010005;-7.366587333638;108.5224288702;2.4400000572205;1;150;Batas Wilkerstat;15040;Batas SLS;2025-08-02 08:53:36;2025-08-02 08:52:04;LILIS YULIANI;https://wilkerstat.bps.go.id/api/landmark/90228272/photo
90285493;HPOWKZ;BATAS 1 RT 002 RW 013 JLN KIP RUMAH BU ODAH;0063;RT 002 RW 013;3279010005;-7.366625;108.52111;2.0999999046326;1;150;Batas Wilkerstat;15040;Batas SLS;2025-08-02 09:59:28;2025-08-02 09:57:56;LILIS YULIANI;https://wilkerstat.bps.go.id/api/landmark/90285493/photo
90288272;HPPANW;BATAS 2 RT 002 RW 013 GG SAMPING RUMAH BAPAK GUNTUR;0063;RT 002 RW 013;3279010005;-7.3666627;108.5216821;4.4349999427795;1;150;Batas Wilkerstat;15040;Batas SLS;2025-08-02 10:02:26;2025-08-02 10:00:54;LILIS YULIANI;https://wilkerstat.bps.go.id/api/landmark/90288272/photo
90290345;HPPDPP;BATAS 3 RT 002 RW 013 JALAN SAMPING RUMAH PAK AJANG;0063;RT 002 RW 013;3279010005;-7.3661907;108.5216302;2.5490000247955;1;150;Batas Wilkerstat;15040;Batas SLS;2025-08-02 10:04:30;2025-08-02 10:02:58;LILIS YULIANI;https://wilkerstat.bps.go.id/api/landmark/90290345/photo
90306812;HPQBYY;BATAS 7 RT 002 RW 013 JALAN KH MUSTOFA;0063;RT 002 RW 013;3279010005;-7.3660892351876;108.52026734501;4.8229999542236;1;150;Batas Wilkerstat;15040;Batas SLS;2025-08-02 10:20:11;2025-08-02 10:18:39;LILIS YULIANI;https://wilkerstat.bps.go.id/api/landmark/90306812/photo
90315085;HPQOFD;BATAS 6 RT 002 RW 013 JL DIPATIUKUR;0063;RT 002 RW 013;3279010005;-7.3651249;108.5201883;5.0450000762939;1;150;Batas Wilkerstat;15040;Batas SLS;2025-08-02 10:27:53;2025-08-02 10:26:21;LILIS YULIANI;https://wilkerstat.bps.go.id/api/landmark/90315085/photo
90324993;HPRCWF;BATAS 5 RT 002 RW 013 ( JLN DIPATIUKUR );0063;RT 002 RW 013;3279010005;-7.3650506;108.5212935;2.7679998874664;1;150;Batas Wilkerstat;15040;Batas SLS;2025-08-02 10:36:32;2025-08-02 10:35:04;LILIS YULIANI;https://wilkerstat.bps.go.id/api/landmark/90324993/photo
90327357;HPRGJD;BATAS 4 RT 002 RW 013 (JLN SAMPING RMH RMH BPK NANAN);0063;RT 002 RW 013;3279010005;-7.36615;108.5213883;1.6000000238419;1;150;Batas Wilkerstat;15040;Batas SLS;2025-08-02 10:38:30;2025-08-02 10:36:59;LILIS YULIANI;https://wilkerstat.bps.go.id/api/landmark/90327357/photo
90972652;HRBYYE;BATAS 4 RT 003 RW 013 JALAN KH MUSTOFA;0064;RT 003 RW 013;3279010005;-7.3661404;108.5202869;1.7999999523163;1;150;Batas Wilkerstat;15040;Batas SLS;2025-08-03 11:28:35;2025-08-03 11:27:04;LILIS YULIANI;https://wilkerstat.bps.go.id/api/landmark/90972652/photo
90984302;HRCQEG;BATAS 3 RT 003 RW 013 JALAN SAMPING RUMAH IBU INEM;0064;RT 003 RW 013;3279010005;-7.3660655;108.5211086;3.7460000514984;1;150;Batas Wilkerstat;15040;Batas SLS;2025-08-03 11:39:53;2025-08-03 11:38:22;LILIS YULIANI;https://wilkerstat.bps.go.id/api/landmark/90984302/photo
90991472;HRDAUA;BATAS 2 RT 003 RW 013;0064;RT 003 RW 013;3279010005;-7.3669567;108.5211367;3.9590001106262;1;150;Batas Wilkerstat;15040;Batas SLS;2025-08-03 11:47:15;2025-08-03 11:45:43;LILIS YULIANI;https://wilkerstat.bps.go.id/api/landmark/90991472/photo
90997237;HRDJHT;BATAS 1 RT 003 RW 013 JALAN KH MUSTOFA;0064;RT 003 RW 013;3279010005;-7.3669983;108.5204183;1.7389999628067;1;150;Batas Wilkerstat;15040;Batas SLS;2025-08-03 11:53:32;2025-08-03 11:52:00;LILIS YULIANI;https://wilkerstat.bps.go.id/api/landmark/90997237/photo
91095749;HRIZAR;BATAS 4 RT 004 RW 013 KEBUN SAMPING RUMAH PAK HENDRA;0065;RT 004 RW 013;3279010005;-7.3650767436215;108.51896513253;3.7999999523163;1;150;Batas Wilkerstat;15040;Batas SLS;2025-08-03 14:11:13;2025-08-03 14:09:41;LILIS YULIANI;https://wilkerstat.bps.go.id/api/landmark/91095749/photo
90320681;HPQWMJ;BATAS 1 RT 001 RW 018 (PLANG PERTAMINA;0085;RT 001 RW 018;3279010005;-7.3701581311676;108.52148674428;5.5539999008179;1;150;Batas Wilkerstat;15040;Batas SLS;2025-08-02 10:31:15;2025-08-02 10:31:18;ROSI AYU ROSTIANTI;https://wilkerstat.bps.go.id/api/landmark/90320681/photo
90354490;HPSUMS;BATAS 2 RT 001 RW 018 (XL SMART);0085;RT 001 RW 018;3279010005;-7.3727088;108.5231387;4.186999797821;1;150;Batas Wilkerstat;15040;Batas SLS;2025-08-02 11:01:45;2025-08-02 11:01:49;ROSI AYU ROSTIANTI;https://wilkerstat.bps.go.id/api/landmark/90354490/photo
90360392;HPTDFS;BATAS 3 SLS RT 001 RW 18 {WARUNG BAPAK TONI);0085;RT 001 RW 018;3279010005;-7.373155;108.52192;3.9349999427795;1;150;Batas Wilkerstat;15040;Batas SLS;2025-08-02 11:06:58;2025-08-02 11:07:01;ROSI AYU ROSTIANTI;https://wilkerstat.bps.go.id/api/landmark/90360392/photo
90367565;HPTNVP;BATAS 4 SLS RT 001 RW 018 (BENTENG BELAKANG TOWN HOUSE);0085;RT 001 RW 018;3279010005;-7.3708410981957;108.52310109884;3.114000082016;1;150;Batas Wilkerstat;15040;Batas SLS;2025-08-02 11:13:29;2025-08-02 11:13:31;ROSI AYU ROSTIANTI;https://wilkerstat.bps.go.id/api/landmark/90367565/photo
90005196;HOYXUI;BATAS 1 SLS RT 002 RW 018 (RUMAH BAPAK CEPI);0086;RT 002 RW 018;3279010005;-7.3734468;108.5213128;4.8049998283386;1;150;Batas Wilkerstat;15040;Batas SLS;2025-08-01 13:31:18;2025-08-01 13:31:21;ROSI AYU ROSTIANTI;https://wilkerstat.bps.go.id/api/landmark/90005196/photo
90011967;HOZHUT;BATAS 2 SLS RT 002 RW 018 (RUMAH PA ASEP ARISMAN);0086;RT 002 RW 018;3279010005;-7.3718851;108.5211447;4.7569999694824;1;150;Batas Wilkerstat;15040;Batas SLS;2025-08-01 13:45:13;2025-08-01 13:45:17;ROSI AYU ROSTIANTI;https://wilkerstat.bps.go.id/api/landmark/90011967/photo
90017445;HOZPXL;BATAS 4 SLS RT 002 RW 018 (KONVEKSI HENDRA);0086;RT 002 RW 018;3279010005;-7.3732149;108.5219333;2.2439999580383;1;150;Batas Wilkerstat;15040;Batas SLS;2025-08-01 13:55:11;2025-08-01 13:55:15;ROSI AYU ROSTIANTI;https://wilkerstat.bps.go.id/api/landmark/90017445/photo
90020197;HOZTZH;BATAS 3 SLS RT 002 RW 018 (RUMAH BAPAK ERIK);0086;RT 002 RW 018;3279010005;-7.3717969;108.5217274;4.5190000534058;1;150;Batas Wilkerstat;15040;Batas SLS;2025-08-01 13:59:50;2025-08-01 13:59:53;ROSI AYU ROSTIANTI;https://wilkerstat.bps.go.id/api/landmark/90020197/photo
90824592;HQTNXO;BATAS 1 SLS RT 003 RW 018 (RUMAH BAPAK DEDE);0087;RT 003 RW 018;3279010005;-7.3727093;108.5201497;5.7979998588562;1;150;Batas Wilkerstat;15040;Batas SLS;2025-08-03 09:05:34;2025-08-03 09:05:37;ROSI AYU ROSTIANTI;https://wilkerstat.bps.go.id/api/landmark/90824592/photo
90837435;HQUGXN;BATAS 2 RT 003 RW 018 (BAROKAH FROZEN MART);0087;RT 003 RW 018;3279010005;-7.3742924;108.5192945;2.1329998970032;1;150;Batas Wilkerstat;15040;Batas SLS;2025-08-03 09:20:44;2025-08-03 09:20:47;ROSI AYU ROSTIANTI;https://wilkerstat.bps.go.id/api/landmark/90837435/photo
90841668;HQUNEI;BATAS 3 SLS RT 003 RW 018 (SPBU GARDU);0087;RT 003 RW 018;3279010005;-7.3733707935722;108.51908985525;3.0639998912811;1;150;Batas Wilkerstat;15040;Batas SLS;2025-08-03 09:25:11;2025-08-03 09:25:15;ROSI AYU ROSTIANTI;https://wilkerstat.bps.go.id/api/landmark/90841668/photo
90847704;HQUWCM;BATAS 4 SLS RT 003 RW 018 (RUMAH RATNA);0087;RT 003 RW 018;3279010005;-7.3725335484636;108.52107904851;1.8999999761581;1;150;Batas Wilkerstat;15040;Batas SLS;2025-08-03 09:31:47;2025-08-03 09:31:49;ROSI AYU ROSTIANTI;https://wilkerstat.bps.go.id/api/landmark/90847704/photo
90850772;HQVAQM;BATAS 5 RT 003 RW 018 (KELAPA MUDA);0087;RT 003 RW 018;3279010005;-7.3738087007288;108.52045945823;1.1000000238419;1;150;Batas Wilkerstat;15040;Batas SLS;2025-08-03 09:34:41;2025-08-03 09:34:44;ROSI AYU ROSTIANTI;https://wilkerstat.bps.go.id/api/landmark/90850772/photo
91077061;HRHXJX;BATAS 1 SLS RT 003 RW 018 (RUMAH IBU HENY);0088;RT 004 RW 018;3279010005;-7.3719200775519;108.51962462068;2.0999999046326;1;150;Batas Wilkerstat;15040;Batas SLS;2025-08-03 13:44:36;2025-08-03 13:44:44;ROSI AYU ROSTIANTI;https://wilkerstat.bps.go.id/api/landmark/91077061/photo
91087549;HRIMXH;BATAS 2 SLS RT 004 RW 018 (LAPANG VOLI);0088;RT 004 RW 018;3279010005;-7.3719064448554;108.52101668715;6.1149997711182;1;150;Batas Wilkerstat;15040;Batas SLS;2025-08-03 13:59:00;2025-08-03 13:59:04;ROSI AYU ROSTIANTI;https://wilkerstat.bps.go.id/api/landmark/91087549/photo
91126072;HRKRWY;BATAS 3 RT 004 RW 018 (POS KAMLING);0088;RT 004 RW 018;3279010005;-7.3698381;108.5207771;1.6000000238419;1;150;Batas Wilkerstat;15040;Batas SLS;2025-08-03 14:46:27;2025-08-03 14:46:33;ROSI AYU ROSTIANTI;https://wilkerstat.bps.go.id/api/landmark/91126072/photo
91127463;HRKTYL;BATAS 4 RT 004 RW 018 (PABRIK HELER);0088;RT 004 RW 018;3279010005;-7.3690771524777;108.51928129792;1.5499999523163;1;150;Batas Wilkerstat;15040;Batas SLS;2025-08-03 14:48:08;2025-08-03 14:48:11;ROSI AYU ROSTIANTI;https://wilkerstat.bps.go.id/api/landmark/91127463/photo
91111144;HRJVUU;BATAS 1 SLS RT 005 RW 018 (GANG GORONTALO 2);0089;RT 005 RW 018;3279010005;-7.3697554660827;108.52073404938;4.4340000152588;1;150;Batas Wilkerstat;15040;Batas SLS;2025-08-03 14:29:09;2025-08-03 14:29:12;ROSI AYU ROSTIANTI;https://wilkerstat.bps.go.id/api/landmark/91111144/photo
91112505;HRJXVD;BATAS 2 SLS RT 005 RW 018;0089;RT 005 RW 018;3279010005;-7.3701122453217;108.5214837268;2.8099999427795;1;150;Batas Wilkerstat;15040;Batas SLS;2025-08-03 14:30:52;2025-08-03 14:30:55;ROSI AYU ROSTIANTI;https://wilkerstat.bps.go.id/api/landmark/91112505/photo
91114971;HRKBLZ;BATAS 3 RT 005 RW 018;0089;RT 005 RW 018;3279010005;-7.3715117;108.5217033;11.644000053406;1;150;Batas Wilkerstat;15040;Batas SLS;2025-08-03 14:33:36;2025-08-03 14:33:38;ROSI AYU ROSTIANTI;https://wilkerstat.bps.go.id/api/landmark/91114971/photo
91119358;HRKHYS;BATAS 4 RT 005 RW 018 (BENTENG KOSAN );0089;RT 005 RW 018;3279010005;-7.3716487535606;108.52094091475;1.7999999523163;1;150;Batas Wilkerstat;15040;Batas SLS;2025-08-03 14:38:36;2025-08-03 14:38:39;ROSI AYU ROSTIANTI;https://wilkerstat.bps.go.id/api/landmark/91119358/photo
90491577;HQAPHH;BATAS 1 RT 004 RW 017 ( RUMAH BAPAK ACENG );0083;RT 004 RW 017;3279010005;-7.3762283;108.5175499;2.0499999523163;1;150;Batas Wilkerstat;15040;Batas SLS;2025-08-02 13:49:16;2025-08-02 13:49:20;Dewi Damayanti;https://wilkerstat.bps.go.id/api/landmark/90491577/photo
90510663;HQBRNJ;BATAS 2 SLS 004 RW 017 ( BES SELOKAN );0083;RT 004 RW 017;3279010005;-7.3755236;108.5191885;1.6000000238419;1;150;Batas Wilkerstat;15040;Batas SLS;2025-08-02 14:12:18;2025-08-02 14:12:23;Dewi Damayanti;https://wilkerstat.bps.go.id/api/landmark/90510663/photo
90517881;HQCCEZ;BATAS 3 RT 004 RW 017 ( BES SELOKAN );0083;RT 004 RW 017;3279010005;-7.3746744;108.5182005;1.3500000238419;1;150;Batas Wilkerstat;15040;Batas SLS;2025-08-02 14:20:21;2025-08-02 14:20:26;Dewi Damayanti;https://wilkerstat.bps.go.id/api/landmark/90517881/photo
90524532;HQCMAU;BATAS 4 RT 004 RW 017 ( RUMAH BAPAK SADAM );0083;RT 004 RW 017;3279010005;-7.3750722117366;108.51714223623;1.4500000476837;1;150;Batas Wilkerstat;15040;Batas SLS;2025-08-02 14:28:06;2025-08-02 14:28:17;Dewi Damayanti;https://wilkerstat.bps.go.id/api/landmark/90524532/photo
91256773;HRSDFX;BATAS 1 RT 002 RW 019 ( TENGAH SAWAH PAMONGKORAN );0092;RT 002 RW 019;3279010005;-7.379335;108.5178917;1.2000000476837;1;150;Batas Wilkerstat;15040;Batas SLS;2025-08-03 17:01:39;2025-08-03 17:01:41;Dewi Damayanti;https://wilkerstat.bps.go.id/api/landmark/91256773/photo
91270693;HRSXVH;BATAS 2 RT 002 RW 019 ( SELOKAN KECIL PINGGIR RUMAH PA RIANTO );0092;RT 002 RW 019;3279010005;-7.3811483;108.518215;1.4199999570847;1;150;Batas Wilkerstat;15040;Batas SLS;2025-08-03 17:16:30;2025-08-03 17:16:31;Dewi Damayanti;https://wilkerstat.bps.go.id/api/landmark/91270693/photo
91281221;HRTNKF;BATAS 3 RT 002 RW 019 ( SELOKAN BELAKANG RUMAH BAPAK ASEP SIDIK );0092;RT 002 RW 019;3279010005;-7.381635;108.5188567;1.6829999685287;1;150;Batas Wilkerstat;15040;Batas SLS;2025-08-03 17:29:28;2025-08-03 17:29:34;Dewi Damayanti;https://wilkerstat.bps.go.id/api/landmark/91281221/photo
91289072;HRTZAE;BATAS 4 RT 002 RW 019 ( DEPAN MESJID AL BARKAH );0092;RT 002 RW 019;3279010005;-7.37995;108.5193533;1.8159999847412;1;150;Batas Wilkerstat;15040;Batas SLS;2025-08-03 17:40:51;2025-08-03 17:40:52;Dewi Damayanti;https://wilkerstat.bps.go.id/api/landmark/91289072/photo
91179854;HRNTLM;BATAS 1 RT 003 RW 019 ( SAWAH DEPAN BAPAK RONI );0093;RW 003 RW 019;3279010005;-7.3806158;108.5152556;1.9500000476837;1;150;Batas Wilkerstat;15040;Batas SLS;2025-08-03 15:46:18;2025-08-03 15:46:19;Dewi Damayanti;https://wilkerstat.bps.go.id/api/landmark/91179854/photo
91210631;HRPMZF;BATAS 2 RT 003 RW 019 ( SAWAH PAMONGKORAN );0093;RW 003 RW 019;3279010005;-7.3796643788662;108.51517114788;1.2200000286102;1;150;Batas Wilkerstat;15040;Batas SLS;2025-08-03 16:17:17;2025-08-03 16:17:19;Dewi Damayanti;https://wilkerstat.bps.go.id/api/landmark/91210631/photo
91224244;HRQHCU;BATAS 3 RT 003 RW 019 ( BELAKANG RUMAH MIH ACIH );0093;RW 003 RW 019;3279010005;-7.38159;108.5185417;1.3999999761581;1;150;Batas Wilkerstat;15040;Batas SLS;2025-08-03 16:30:18;2025-08-03 16:30:20;Dewi Damayanti;https://wilkerstat.bps.go.id/api/landmark/91224244/photo
91239912;HRREHK;BATAS 4 RT 003 RW 019 ( SAWAH PAMONGKORAN );0093;RW 003 RW 019;3279010005;-7.3794184;108.5178571;1.2159999608994;1;150;Batas Wilkerstat;15040;Batas SLS;2025-08-03 16:45:34;2025-08-03 16:45:37;Dewi Damayanti;https://wilkerstat.bps.go.id/api/landmark/91239912/photo
89946410;HOVOVI;BATAS 2 RT 001 RW 010( WARUNG MIE AYAM SOLO);0048;RT 001 RW 010;3279010005;-7.366585671094;108.52886617184;3.0139999389648;1;150;Batas Wilkerstat;15040;Batas SLS;2025-08-01 10:50:50;2025-08-01 10:50:52;Maesaroh;https://wilkerstat.bps.go.id/api/landmark/89946410/photo
89966701;HOWSVT;BATAS 4 RT 001 RW 010 (SUNGAI CITANDUY);0048;RT 001 RW 010;3279010005;-7.363650273747;108.52771919221;2.9210000038147;1;150;Batas Wilkerstat;15040;Batas SLS;2025-08-01 11:24:53;2025-08-01 11:24:55;Maesaroh;https://wilkerstat.bps.go.id/api/landmark/89966701/photo
89972003;HOXARR;BATAS 3 RT 001 RW 010 ( SUNGAI CITANDUY);0048;RT 001 RW 010;3279010005;-7.3653633;108.528925;1.2000000476837;1;150;Batas Wilkerstat;15040;Batas SLS;2025-08-01 11:36:33;2025-08-01 11:36:34;Maesaroh;https://wilkerstat.bps.go.id/api/landmark/89972003/photo
90013796;HOZKNC;BATAS 1 RT 001 RW 010 ( PARIT DEPAN LAPAK PASIR MANUNGGAL SEJAHTERA);0048;RT 001 RW 010;3279010005;-7.3665783;108.52664;1.2000000476837;1;150;Batas Wilkerstat;15040;Batas SLS;2025-08-01 13:48:45;2025-08-01 13:48:46;Maesaroh;https://wilkerstat.bps.go.id/api/landmark/90013796/photo
90340828;HPSAHG;BATAS 4 RT 001 RW 011( SUNGAI CITANDUY);0053;RT 001 RW 011;3279010005;-7.3637154458973;108.52766185999;3.1949999332428;1;150;Batas Wilkerstat;15040;Batas SLS;2025-08-02 10:49:09;2025-08-02 10:49:10;Maesaroh;https://wilkerstat.bps.go.id/api/landmark/90340828/photo
90522725;HQCJJH;BATAS 3 RT 001 RW 011;0053;RT 001 RW 011;3279010005;-7.3625297102771;108.52699868381;3.5510001182556;1;150;Batas Wilkerstat;15040;Batas SLS;2025-08-02 14:25:59;2025-08-02 14:26:01;Maesaroh;https://wilkerstat.bps.go.id/api/landmark/90522725/photo
90549741;HQDXIJ;BATAS 5 RT 001 RW 011 ( JLN DIPATIUKUR);0053;RT 001 RW 011;3279010005;-7.3665933;108.5266;1.2000000476837;1;150;Batas Wilkerstat;15040;Batas SLS;2025-08-02 14:55:11;2025-08-02 14:55:16;Maesaroh;https://wilkerstat.bps.go.id/api/landmark/90549741/photo
90829904;HQTVTW;BATAS 1 RT 001 RW 011(JLN DIPATIUKUR);0053;RT 001 RW 011;3279010005;-7.36536;108.5251683;1.2000000476837;1;150;Batas Wilkerstat;15040;Batas SLS;2025-08-03 09:12:08;2025-08-03 09:12:09;Maesaroh;https://wilkerstat.bps.go.id/api/landmark/90829904/photo
90526801;HQCPKB;BATAS 3 RT 002 RW 011 (SUNGAI CITANDUY;0054;RT 002 RW 011;3279010005;-7.3625094270547;108.52699667215;1.3999999761581;1;150;Batas Wilkerstat;15040;Batas SLS;2025-08-02 14:30:43;2025-08-02 14:30:45;Maesaroh;https://wilkerstat.bps.go.id/api/landmark/90526801/photo
90828192;HQTTGA;BATAS 4 RT 002 RW 011 ( JLN DIPATIUKUR);0054;RT 002 RW 011;3279010005;-7.365353391793;108.5251660645;1.8999999761581;1;150;Batas Wilkerstat;15040;Batas SLS;2025-08-03 09:10:02;2025-08-03 09:10:03;Maesaroh;https://wilkerstat.bps.go.id/api/landmark/90828192/photo
90849291;HQUYLN;BATAS 1 RT 001 RW 011( GANG PINGGIR RMH NINDA SALON);0054;RT 002 RW 011;3279010005;-7.36492;108.5244617;1;1;150;Batas Wilkerstat;15040;Batas SLS;2025-08-03 09:33:20;2025-08-03 09:33:21;Maesaroh;https://wilkerstat.bps.go.id/api/landmark/90849291/photo
90893470;HQXLUS;BATAS RT 002 RW 011(SUNGAI CITANDUY);0054;RT 002 RW 011;3279010005;-7.3615614347548;108.52505844086;1.5499999523163;1;150;Batas Wilkerstat;15040;Batas SLS;2025-08-03 10:15:01;2025-08-03 10:15:02;Maesaroh;https://wilkerstat.bps.go.id/api/landmark/90893470/photo
91087221;HRIMKR;BATAS 3 RT 004 RW 011( KEBUN PA KOKO);0056;RT 004 RW 011;3279010005;-7.3636223428225;108.51910259575;2.2999999523163;1;150;Batas Wilkerstat;15040;Batas SLS;2025-08-03 13:58:33;2025-08-03 13:58:40;Maesaroh;https://wilkerstat.bps.go.id/api/landmark/91087221/photo
91094572;HRIXHK;BATAS 1 RT 004 RW 011( KEBUN DEKAT RMH PA HENDRA);0056;RT 004 RW 011;3279010005;-7.3650611156548;108.51892825216;3.9130001068115;1;150;Batas Wilkerstat;15040;Batas SLS;2025-08-03 14:08:14;2025-08-03 14:08:15;Maesaroh;https://wilkerstat.bps.go.id/api/landmark/91094572/photo
91100264;HRJFSI;BATAS 2 RT 004 RW  011(KEBUN PA ENDANG SANUDIN);0056;RT 004 RW 011;3279010005;-7.3645148014916;108.51839583367;1.6000000238419;1;150;Batas Wilkerstat;15040;Batas SLS;2025-08-03 14:15:20;2025-08-03 14:15:21;Maesaroh;https://wilkerstat.bps.go.id/api/landmark/91100264/photo
91105622;HRJNQK;BATAS 4 RT 004 RW 011( KEBUN DEKAT RUMAH PA KOKO);0056;RT 004 RW 011;3279010005;-7.3637663200691;108.51950224489;3.3139998912811;1;150;Batas Wilkerstat;15040;Batas SLS;2025-08-03 14:22:08;2025-08-03 14:22:13;Maesaroh;https://wilkerstat.bps.go.id/api/landmark/91105622/photo
91135944;HRLGMQ;BATAS 5 RT 004 RW 011( KEBUN DEKAT RUMAH PA ITANG);0056;RT 004 RW 011;3279010005;-7.3630441057884;108.52055232972;6.2540001869202;1;150;Batas Wilkerstat;15040;Batas SLS;2025-08-03 14:58:36;2025-08-03 14:58:37;Maesaroh;https://wilkerstat.bps.go.id/api/landmark/91135944/photo
91147299;HRLXHJ;BATAS 6 RT 004 RW 011 ( JL DIPATIUKUR DEPAN REJAVA TOUR & TRAVEL);0056;RT 004 RW 011;3279010005;-7.3651050069643;108.52064184844;1.2000000476837;1;150;Batas Wilkerstat;15040;Batas SLS;2025-08-03 15:10:58;2025-08-03 15:11:01;Maesaroh;https://wilkerstat.bps.go.id/api/landmark/91147299/photo
90897104;HQXREM;BATAS 3 RT 005 RW 011(SUNGAI CITANDUY);0057;RT 005 RW 011;3279010005;-7.3615950185223;108.5250467062;5.9200000762939;1;150;Batas Wilkerstat;15040;Batas SLS;2025-08-03 10:18:28;2025-08-03 10:18:29;Maesaroh;https://wilkerstat.bps.go.id/api/landmark/90897104/photo
89942214;HOVIPY;BATAS 3 RT 006 RW 001 ( TELKOMSEL);0006;RT 006 RW 001;3279010005;-7.369699272495;108.53710792959;3.0339999198914;1;150;Batas Wilkerstat;15040;Batas SLS;2025-08-01 10:44:32;2025-08-01 10:44:34;SUSANTI SAPARDINI;https://wilkerstat.bps.go.id/api/landmark/89942214/photo
89949408;HOVTGQ;BATAS 2 RT 006 RW 001 ( WARUNG AZZAHRA);0006;RT 006 RW 001;3279010005;-7.3696833121848;108.53615473956;2.6199998855591;1;150;Batas Wilkerstat;15040;Batas SLS;2025-08-01 10:55:27;2025-08-01 10:55:30;SUSANTI SAPARDINI;https://wilkerstat.bps.go.id/api/landmark/89949408/photo
89967522;HOWUBI;BATAS 1 RT 006 RW 001   ( TIKI);0006;RT 006 RW 001;3279010005;-7.3707822447006;108.53644710034;2.0999999046326;1;150;Batas Wilkerstat;15040;Batas SLS;2025-08-01 11:26:34;2025-08-01 11:26:36;SUSANTI SAPARDINI;https://wilkerstat.bps.go.id/api/landmark/89967522/photo
89985025;HOXTYN;BATAS 4 RT 006 RW 001 ( VICTORIUS MART);0006;RT 006 RW 001;3279010005;-7.3707867;108.536915;3.8810000419617;1;150;Batas Wilkerstat;15040;Batas SLS;2025-08-01 10:31:58;2025-08-01 12:22:29;SUSANTI SAPARDINI;https://wilkerstat.bps.go.id/api/landmark/89985025/photo
91367930;HRYLRE;BATAS RT 001RW 002(NUSANTARA MEUBEL);0007;RT 001 RW 002;3279010005;-7.3695848902592;108.53379238397;2.2000000476837;1;150;Batas Wilkerstat;15040;Batas SLS;2025-08-04 08:41:13;2025-08-04 08:41:15;SUSANTI SAPARDINI;https://wilkerstat.bps.go.id/api/landmark/91367930/photo
91382144;HRZGRW;BATAS RT 001 RW 002. (RUMAH BU AI);0007;RT 001 RW 002;3279010005;-7.3710515;108.5337573;4.960000038147;1;150;Batas Wilkerstat;15040;Batas SLS;2025-08-04 09:04:27;2025-08-04 09:04:29;SUSANTI SAPARDINI;https://wilkerstat.bps.go.id/api/landmark/91382144/photo
91385515;HRZLRN;BATAS RT 001 RW 002 ( RUMAH MAMAT);0007;RT 001 RW 002;3279010005;-7.3710934698738;108.53425338864;2.460000038147;1;150;Batas Wilkerstat;15040;Batas SLS;2025-08-04 09:08:52;2025-08-04 09:08:54;SUSANTI SAPARDINI;https://wilkerstat.bps.go.id/api/landmark/91385515/photo
91399065;HSAFSR;BATAS RT 001 RW 002 ( RUMAH LUKMAN);0007;RT 001 RW 002;3279010005;-7.3705734311071;108.53446427733;4.731999874115;1;150;Batas Wilkerstat;15040;Batas SLS;2025-08-04 09:26:12;2025-08-04 09:26:15;SUSANTI SAPARDINI;https://wilkerstat.bps.go.id/api/landmark/91399065/photo
91406922;HSARIW;BATAS RT 001 RW 002.  ( DELAB);0007;RT 001 RW 002;3279010005;-7.3696343;108.5344987;3.5539999008179;1;150;Batas Wilkerstat;15040;Batas SLS;2025-08-04 09:35:45;2025-08-04 09:35:47;SUSANTI SAPARDINI;https://wilkerstat.bps.go.id/api/landmark/91406922/photo
91418008;HSBHTG;BATAS RT 001 RW 002( RUMAH ANDA);0007;RT 001 RW 002;3279010005;-7.3700739;108.5346089;4.5770001411438;1;150;Batas Wilkerstat;15040;Batas SLS;2025-08-04 09:48:21;2025-08-04 09:48:23;SUSANTI SAPARDINI;https://wilkerstat.bps.go.id/api/landmark/91418008/photo
90589771;HQGENZ;BATAS 1 RT 002 RW 002 ( USEPA);0008;RT 002 RW 002;3279010005;-7.37114;108.5342963;3.9939999580383;1;150;Batas Wilkerstat;15040;Batas SLS;2025-08-02 15:36:56;2025-08-02 15:36:58;SUSANTI SAPARDINI;https://wilkerstat.bps.go.id/api/landmark/90589771/photo
90304321;HPPYHD;BATAS 1 RT 003 RW 002  ( RUMAH ASEP MUL);0009;RT 003 RW 002;3279010005;-7.3705634;108.5345991;4.5430002212524;1;150;Batas Wilkerstat;15040;Batas SLS;2025-08-02 10:16:12;2025-08-02 10:16:14;SUSANTI SAPARDINI;https://wilkerstat.bps.go.id/api/landmark/90304321/photo
90330078;HPRKJU;BATAS 4 RT 003 RW 002 (KPU);0009;RT 003 RW 002;3279010005;-7.3695592872547;108.53465471417;4.6579999923706;1;150;Batas Wilkerstat;15040;Batas SLS;2025-08-02 10:39:21;2025-08-02 10:39:24;SUSANTI SAPARDINI;https://wilkerstat.bps.go.id/api/landmark/90330078/photo
90344540;HPSFUA;BATAS 3 RT 003 RW 002(BADO AYO);0009;RT 003 RW 002;3279010005;-7.3696544;108.5359132;4.5659999847412;1;150;Batas Wilkerstat;15040;Batas SLS;2025-08-02 10:52:33;2025-08-02 10:52:37;SUSANTI SAPARDINI;https://wilkerstat.bps.go.id/api/landmark/90344540/photo
90360632;HPTDOY;BATAS 2 RT 002 RW 003 (GO);0009;RT 003 RW 002;3279010005;-7.3706547;108.5361339;2.5999999046326;1;150;Batas Wilkerstat;15040;Batas SLS;2025-08-02 11:07:13;2025-08-02 11:07:16;SUSANTI SAPARDINI;https://wilkerstat.bps.go.id/api/landmark/90360632/photo
90398365;HPVHKF;BATAS 5 RT 003 RW 002 ( BENGKEL);0009;RT 003 RW 002;3279010005;-7.3700842;108.5346359;5.0289998054504;1;150;Batas Wilkerstat;15040;Batas SLS;2025-08-02 11:43:23;2025-08-02 11:43:26;SUSANTI SAPARDINI;https://wilkerstat.bps.go.id/api/landmark/90398365/photo
90010418;HOZFNE;BATAS 1 RT 001 RW 001 ( TOKO KACA MATA BANJAR OPTIK);0001;RT 001 RW 001;3279010005;-7.3710512416847;108.54068666697;3.789999961853;1;150;Batas Wilkerstat;15040;Batas SLS;2025-08-01 13:42:24;2025-08-01 13:42:26;IMAS HERYANI;https://wilkerstat.bps.go.id/api/landmark/90010418/photo
90013783;HOZKMP;BATAS 2 RT 001 RW 001 ( KAFE BELI KOPI);0001;RT 001 RW 001;3279010005;-7.3710146660846;108.54165360332;4.4699997901917;1;150;Batas Wilkerstat;15040;Batas SLS;2025-08-01 13:48:43;2025-08-01 13:48:45;IMAS HERYANI;https://wilkerstat.bps.go.id/api/landmark/90013783/photo
90016839;HOZPAD;BATAS 3 RT 001 RW 001(POS POLISI);0001;RT 001 RW 001;3279010005;-7.3699868904867;108.54177765548;4.4699997901917;1;150;Batas Wilkerstat;15040;Batas SLS;2025-08-01 13:54:06;2025-08-01 13:54:08;IMAS HERYANI;https://wilkerstat.bps.go.id/api/landmark/90016839/photo
90019927;HOZTOX;BATAS 4 RT 001 RW 001 (TELKOM BANJAR);0001;RT 001 RW 001;3279010005;-7.3699995257237;108.54095153511;3.789999961853;1;150;Batas Wilkerstat;15040;Batas SLS;2025-08-01 13:59:28;2025-08-01 13:59:29;IMAS HERYANI;https://wilkerstat.bps.go.id/api/landmark/90019927/photo
90006212;HOYZHK;BATAS 1 RT 002 RW 001 ( TOKO CC OBRAS);0002;RT 002 RW 001;3279010005;-7.3709967107889;108.54019951075;3.789999961853;1;150;Batas Wilkerstat;15040;Batas SLS;2025-08-01 13:33:41;2025-08-01 13:33:43;IMAS HERYANI;https://wilkerstat.bps.go.id/api/landmark/90006212/photo
90007883;HOZBTR;BATAS 2 RT 002 RW 001 ( TOKO PERCETAKAN SAGITARIUS);0002;RT 002 RW 001;3279010005;-7.3710685;108.5404947;3.8039999008179;1;150;Batas Wilkerstat;15040;Batas SLS;2025-08-01 13:37:19;2025-08-01 13:37:20;IMAS HERYANI;https://wilkerstat.bps.go.id/api/landmark/90007883/photo
90021875;HOZWLV;BATAS 3 RT 002 RW 001 (TOKO BUSANA HJ. MARSITI);0002;RT 002 RW 001;3279010005;-7.3698678532365;108.54070074856;4.6269998550415;1;150;Batas Wilkerstat;15040;Batas SLS;2025-08-01 14:02:44;2025-08-01 14:02:46;IMAS HERYANI;https://wilkerstat.bps.go.id/api/landmark/90021875/photo
90023438;HOZYTY;BATAS 4 RT 002RW 001 ( BANK BJB SYARIAH);0002;RT 002 RW 001;3279010005;-7.3698584;108.5404003;4.6279997825623;1;150;Batas Wilkerstat;15040;Batas SLS;2025-08-01 14:05:23;2025-08-01 14:05:25;IMAS HERYANI;https://wilkerstat.bps.go.id/api/landmark/90023438/photo
90298844;HPPQEM;BATAS SEGMEN RT 002 RW 001(MSJ MISBAHUSUDDUR);0002;RT 002 RW 001;3279010005;-7.3707174060954;108.54035038501;4.0460000038147;1;150;Batas Wilkerstat;15070;Batas Segmen;2025-08-02 10:11:14;2025-08-02 10:11:15;IMAS HERYANI;https://wilkerstat.bps.go.id/api/landmark/90298844/photo
90319504;HPQUTC;BATAS SEGMEN RT 002 RW 001 (RUMAH BAPAK DEDI);0002;RT 002 RW 001;3279010005;-7.3702502353511;108.54039229453;3.529000043869;1;150;Batas Wilkerstat;15070;Batas Segmen;2025-08-02 10:30:12;2025-08-02 10:30:17;IMAS HERYANI;https://wilkerstat.bps.go.id/api/landmark/90319504/photo
89995809;HOYJXH;BATAS 3 RT 003 RW 001 (TK TUNAS ISLAM);0003;RT 003 RW 001;3279010005;-7.369867;108.5403231;4.9400000572205;1;150;Batas Wilkerstat;15040;Batas SLS;2025-08-01 13:07:35;2025-08-01 13:07:37;IMAS HERYANI;https://wilkerstat.bps.go.id/api/landmark/89995809/photo
89999320;HOYPCI;BATAS 4 RT 003 RW 001 ( KANTOR PAJAK BANJAR);0003;RT 003 RW 001;3279010005;-7.3700273;108.5396816;3.789999961853;1;150;Batas Wilkerstat;15040;Batas SLS;2025-08-01 13:17:24;2025-08-01 13:17:26;IMAS HERYANI;https://wilkerstat.bps.go.id/api/landmark/89999320/photo
90000564;HOYQYE;BATAS 1 RT 003 RW 001 (RM SARIRASA);0003;RT 003 RW 001;3279010005;-7.3709395198422;108.5396566987;3.789999961853;1;150;Batas Wilkerstat;15040;Batas SLS;2025-08-01 13:20:35;2025-08-01 13:20:36;IMAS HERYANI;https://wilkerstat.bps.go.id/api/landmark/90000564/photo
90003890;HOYVWC;BATAS 2 RT 003 RW 001 ( TOKO ERAFONE );0003;RT 003 RW 001;3279010005;-7.3709511575354;108.54004260153;3.8269999027252;1;150;Batas Wilkerstat;15040;Batas SLS;2025-08-01 13:28:28;2025-08-01 13:28:29;IMAS HERYANI;https://wilkerstat.bps.go.id/api/landmark/90003890/photo
89998103;HOYNHN;BATAS 1 RUMAH BU HJ YAYA;0035;RT 001 RW 008;3279010005;-7.3667073692956;108.53223267943;2.9719998836517;1;150;Batas Wilkerstat;15040;Batas SLS;2025-08-01 13:14:26;2025-08-01 13:14:08;Santi Kasianty;https://wilkerstat.bps.go.id/api/landmark/89998103/photo
89999099;HOYOTV;BATAS 2 WARUNG IBU WNI;0035;RT 001 RW 008;3279010005;-7.3663884;108.532278;3.489000082016;1;150;Batas Wilkerstat;15040;Batas SLS;2025-08-01 13:17:13;2025-08-01 13:16:55;Santi Kasianty;https://wilkerstat.bps.go.id/api/landmark/89999099/photo
90003769;HOYVRL;BATAS 3 KEBON MTSN;0035;RT 001 RW 008;3279010005;-7.36618;108.5338033;7.460000038147;1;150;Batas Wilkerstat;15040;Batas SLS;2025-08-01 13:28:33;2025-08-01 13:28:15;Santi Kasianty;https://wilkerstat.bps.go.id/api/landmark/90003769/photo
90011355;HOZGXF;BATAS 4 RUMAH BPK H.AHUD;0035;RT 001 RW 008;3279010005;-7.3666877512818;108.53343833238;2.7999999523163;1;150;Batas Wilkerstat;15040;Batas SLS;2025-08-01 13:44:29;2025-08-01 13:44:11;Santi Kasianty;https://wilkerstat.bps.go.id/api/landmark/90011355/photo
90022818;HOZXWC;BATAS SEGMEN 1;0035;RT 001 RW 008;3279010005;-7.3662734;108.5325888;4.9000000953674;1;150;Batas Wilkerstat;15070;Batas Segmen;2025-08-01 14:04:40;2025-08-01 14:04:22;Santi Kasianty;https://wilkerstat.bps.go.id/api/landmark/90022818/photo
90028296;HPAFYU;BATAS SEGMEN 2;0035;RT 001 RW 008;3279010005;-7.3667667;108.5330133;7.7059998512268;1;150;Batas Wilkerstat;15070;Batas Segmen;2025-08-01 14:13:25;2025-08-01 14:13:07;Santi Kasianty;https://wilkerstat.bps.go.id/api/landmark/90028296/photo
90035915;HPARFV;BATAS SEGMEN 3;0035;RT 001 RW 008;3279010005;-7.3662206;108.5337998;2.8440001010895;1;150;Batas Wilkerstat;15070;Batas Segmen;2025-08-01 14:25:19;2025-08-01 14:25:01;Santi Kasianty;https://wilkerstat.bps.go.id/api/landmark/90035915/photo
90324025;HPRBKZ;BATAS 3 RT 004 RW 001 ( SPESIALIS KEBIDANAN DR H ASEP);0004;RT 004 RW 001;3279010005;-7.3699403396105;108.53941932321;4.3660001754761;1;150;Batas Wilkerstat;15040;Batas SLS;2025-08-02 10:34:02;2025-08-02 10:34:12;IMAS HERYANI;https://wilkerstat.bps.go.id/api/landmark/90324025/photo
90327816;HPRHAU;BATAS 4 RT 004 RW 001 (BENTENG KEBUN RUMAH WALET);0004;RT 004 RW 001;3279010005;-7.3698568805275;108.53816002607;3.8959999084473;1;150;Batas Wilkerstat;15040;Batas SLS;2025-08-02 10:37:21;2025-08-02 10:37:22;IMAS HERYANI;https://wilkerstat.bps.go.id/api/landmark/90327816/photo
90455546;HPYNZM;BATAS 1 RT 004 RW 001 (RUMAH BAPAK ANDRI);0004;RT 004 RW 001;3279010005;-7.3709128;108.5379917;3.7309999465942;1;150;Batas Wilkerstat;15040;Batas SLS;2025-08-02 12:58:47;2025-08-02 12:58:48;IMAS HERYANI;https://wilkerstat.bps.go.id/api/landmark/90455546/photo
90529897;HQCTZD;BATAS 2 RT 004 RW 001 ( RUMAH BURUNG WALET);0004;RT 004 RW 001;3279010005;-7.3707982049712;108.53936165571;4.1760001182556;1;150;Batas Wilkerstat;15040;Batas SLS;2025-08-02 14:34:12;2025-08-02 14:34:15;IMAS HERYANI;https://wilkerstat.bps.go.id/api/landmark/90529897/photo
90551100;HQDZIQ;BATAS 1 RT 002 RW 17 ( SAWAH BELAKANG POLSEK );0081;RT 002 RW 017;3279010005;-7.3737525076554;108.52560024709;1.2999999523163;1;150;Batas Wilkerstat;15040;Batas SLS;2025-08-02 14:56:38;2025-08-02 14:56:44;Dewi Damayanti;https://wilkerstat.bps.go.id/api/landmark/90551100/photo
90566588;HQEWGI;BATAS 2 RT 002 RW 017 ( BAWAH JEMBATAN PINTUSINGA );0081;RT 002 RW 017;3279010005;-7.3724451023033;108.52597944438;1.8999999761581;1;150;Batas Wilkerstat;15040;Batas SLS;2025-08-02 15:13:03;2025-08-02 15:13:07;Dewi Damayanti;https://wilkerstat.bps.go.id/api/landmark/90566588/photo
90574279;HQFHQD;BATAS 3 RT 002 RW 017 ( PINGGIR SAWAH REL KERETA API );0081;RT 002 RW 017;3279010005;-7.3714708633535;108.52388598025;1.6000000238419;1;150;Batas Wilkerstat;15040;Batas SLS;2025-08-02 15:20:44;2025-08-02 15:20:48;Dewi Damayanti;https://wilkerstat.bps.go.id/api/landmark/90574279/photo
90582249;HQFTKR;BATAS 4 RT 002 RW 017 ( SAWAH BELAKANG BULOG );0081;RT 002 RW 017;3279010005;-7.3737468550974;108.52281309664;1.2999999523163;1;150;Batas Wilkerstat;15040;Batas SLS;2025-08-02 15:28:48;2025-08-02 15:28:54;Dewi Damayanti;https://wilkerstat.bps.go.id/api/landmark/90582249/photo
90346686;HPSIYO;BATAS 3 RT 005 RW 001 (KEDAI RAFI);0005;RT 005 RW 001;3279010005;-7.3697601211724;108.5372916609;4.2820000648499;1;150;Batas Wilkerstat;15040;Batas SLS;2025-08-02 10:54:42;2025-08-02 10:54:45;IMAS HERYANI;https://wilkerstat.bps.go.id/api/landmark/90346686/photo
90434153;HPXIIR;BATAS 1 RT 005 RW 001 ( ANGKRINGAN JANJI HATI);0005;RT 005 RW 001;3279010005;-7.3708115051963;108.53695739061;4.2930002212524;1;150;Batas Wilkerstat;15040;Batas SLS;2025-08-02 12:26:57;2025-08-02 12:27:01;IMAS HERYANI;https://wilkerstat.bps.go.id/api/landmark/90434153/photo
90450329;HPYGGV;BATAS 4 RT 005 RW 001 ( ACC LOUDRY);0005;RT 005 RW 001;3279010005;-7.3698126571823;108.53797260672;4.7810001373291;1;150;Batas Wilkerstat;15040;Batas SLS;2025-08-02 12:51:22;2025-08-02 12:51:24;IMAS HERYANI;https://wilkerstat.bps.go.id/api/landmark/90450329/photo
90470464;HPZKBG;BATAS 2 RT 005 RW 001 ( WARUNG NASI CITRA);0005;RT 005 RW 001;3279010005;-7.3708610485312;108.53790622205;3.9379999637604;1;150;Batas Wilkerstat;15040;Batas SLS;2025-08-02 13:20:08;2025-08-02 13:20:11;IMAS HERYANI;https://wilkerstat.bps.go.id/api/landmark/90470464/photo
90254568;HPNCRO;BATAS 1 RT 003 RW 008 SOLOKAN DEKAT RMH ENGKOS;0037;RT 003 RW 008;3279010005;-7.3675971616888;108.53167075664;2.2000000476837;1;150;Batas Wilkerstat;15040;Batas SLS;2025-08-02 09:25:55;2025-08-02 09:25:37;Santi Kasianty;https://wilkerstat.bps.go.id/api/landmark/90254568/photo
90270989;HPOAZD;BATAS 2 RT 003 RW 008 SOLOKAN DEKAT RUMAH OMAN;0037;RT 003 RW 008;3279010005;-7.3676084669618;108.53294480592;3.7290000915527;1;150;Batas Wilkerstat;15040;Batas SLS;2025-08-02 09:43:27;2025-08-02 09:43:10;Santi Kasianty;https://wilkerstat.bps.go.id/api/landmark/90270989/photo
90276201;HPOIRP;BATAS SEGMEN 2 DEKAT RUMAH ERNA;0037;RT 003 RW 008;3279010005;-7.3674634;108.5329473;5.8480000495911;1;150;Batas Wilkerstat;15070;Batas Segmen;2025-08-02 09:48:55;2025-08-02 09:48:37;Santi Kasianty;https://wilkerstat.bps.go.id/api/landmark/90276201/photo
90277414;HPOKMG;BATAS SEGMEN DEKAT RUMAH BEBEN;0037;RT 003 RW 008;3279010005;-7.3675183;108.53198;3.0009999275208;1;150;Batas Wilkerstat;15070;Batas Segmen;2025-08-02 09:38:45;2025-08-02 09:49:55;Santi Kasianty;https://wilkerstat.bps.go.id/api/landmark/90277414/photo
90283319;HPOTFJ;BATAS 3 RT 003 RW 008 DEKAT RUMAH MARINO;0037;RT 003 RW 008;3279010005;-7.3668674;108.5329888;4.6859998703003;1;150;Batas Wilkerstat;15040;Batas SLS;2025-08-02 09:56:04;2025-08-02 09:55:46;Santi Kasianty;https://wilkerstat.bps.go.id/api/landmark/90283319/photo
90286556;HPOXZW;BATAS SEGMEN 3 DEKAT RUMAH PADIL;0037;RT 003 RW 008;3279010005;-7.3669214;108.5327454;2.4170000553131;1;150;Batas Wilkerstat;15070;Batas Segmen;2025-08-02 09:59:27;2025-08-02 09:59:09;Santi Kasianty;https://wilkerstat.bps.go.id/api/landmark/90286556/photo
90287998;HPPADI;BATAS SEGMEN 4 DEKAT WRG WIWI;0037;RT 003 RW 008;3279010005;-7.3668317;108.5322544;3;1;150;Batas Wilkerstat;15070;Batas Segmen;2025-08-02 10:00:56;2025-08-02 10:00:40;Santi Kasianty;https://wilkerstat.bps.go.id/api/landmark/90287998/photo
90290113;HPPDGR;BATAS 4  RT 003 RW 008 GG STRAWBERRY;0037;RT 003 RW 008;3279010005;-7.3664506;108.5318262;2.8589999675751;1;150;Batas Wilkerstat;15040;Batas SLS;2025-08-02 10:03:02;2025-08-02 10:02:44;Santi Kasianty;https://wilkerstat.bps.go.id/api/landmark/90290113/photo
90999562;HRDMTE;BATAS 1 RT 001 RW 004( MASJID AGUNG BANJAR);0014;RT 001 RW 004;3279010005;-7.3696211334708;108.54086101055;4.460000038147;1;150;Batas Wilkerstat;15040;Batas SLS;2025-08-03 11:54:27;2025-08-03 11:54:28;IMAS HERYANI;https://wilkerstat.bps.go.id/api/landmark/90999562/photo
91020582;HRERVQ;BATAS 2 RT 001 RW 004 (ALUN-ALUN BANJAR);0014;RT 001 RW 004;3279010005;-7.3696294461336;108.54179609567;4.8619999885559;1;150;Batas Wilkerstat;15040;Batas SLS;2025-08-03 12:22:07;2025-08-03 12:22:09;IMAS HERYANI;https://wilkerstat.bps.go.id/api/landmark/91020582/photo
91026150;HRFABU;BATAS 3 RT 001 RW 004 ( UJUNG JEMBATAN SUNGAI CITANDUY PARUNGSARI );0014;RT 001 RW 004;3279010005;-7.3682246039053;108.54226581752;3;1;150;Batas Wilkerstat;15040;Batas SLS;2025-08-03 12:29:56;2025-08-03 12:29:58;IMAS HERYANI;https://wilkerstat.bps.go.id/api/landmark/91026150/photo
91035367;HRFNSH;BATAS 4 RT 001 RW 004;0014;RT 001 RW 004;3279010005;-7.3688798;108.5407974;4.5159997940063;1;150;Batas Wilkerstat;15040;Batas SLS;2025-08-03 12:43:27;2025-08-03 12:43:29;IMAS HERYANI;https://wilkerstat.bps.go.id/api/landmark/91035367/photo
91041136;HRFWGE;BATAS 2 RT 002 RW 004 ( RUMAH POPPY  DHARSONO);0015;RT 002 RW 004;3279010005;-7.3690957728651;108.54067761451;3.789999961853;1;150;Batas Wilkerstat;15040;Batas SLS;2025-08-03 12:52:40;2025-08-03 12:52:42;IMAS HERYANI;https://wilkerstat.bps.go.id/api/landmark/91041136/photo
91077797;HRHYMF;BATAS 1 RT 002 RW 004 ( OMNIVORO PIZZA);0015;RT 002 RW 004;3279010005;-7.3696281161076;108.54069538414;4.4660000801086;1;150;Batas Wilkerstat;15040;Batas SLS;2025-08-03 13:45:47;2025-08-03 13:45:48;IMAS HERYANI;https://wilkerstat.bps.go.id/api/landmark/91077797/photo
91419293;HSBJQR;BATAS 3 RT 002 RW 004 ( KAKA SERVICE);0015;RT 002 RW 004;3279010005;-7.3687866;108.5392978;3.4979999065399;1;150;Batas Wilkerstat;15040;Batas SLS;2025-08-04 09:49:44;2025-08-04 09:49:46;IMAS HERYANI;https://wilkerstat.bps.go.id/api/landmark/91419293/photo
91446711;HSCYFF;BATAS 4 RT 002 RW 004 ( POCKET BILLIARD);0015;RT 002 RW 004;3279010005;-7.3697681;108.5393608;4.5570001602173;1;150;Batas Wilkerstat;15040;Batas SLS;2025-08-04 10:18:27;2025-08-04 10:18:29;IMAS HERYANI;https://wilkerstat.bps.go.id/api/landmark/91446711/photo
91118559;HRKGTZ;BATAS 2 RT004 RW 008 ( KEBON KOSONG DEKAT RUMAH LI;0038;RT 004 RW 008;3279010005;-7.3683065;108.5328516;3.2999999523163;1;150;Batas Wilkerstat;15040;Batas SLS;2025-08-03 14:38:08;2025-08-03 14:37:51;Santi Kasianty;https://wilkerstat.bps.go.id/api/landmark/91118559/photo
91122413;HRKMMF;BATAS 3 RT 004 RW 008( RUMAH PA DIKDIK);0038;RT 004 RW 008;3279010005;-7.3676237;108.5330956;3.3399999141693;1;150;Batas Wilkerstat;15040;Batas SLS;2025-08-03 14:42:31;2025-08-03 14:42:15;Santi Kasianty;https://wilkerstat.bps.go.id/api/landmark/91122413/photo
91134387;HRLEET;BATAS 4 RT 004 RW 008 (DEKAT RUMAH PA DENDI);0038;RT 004 RW 008;3279010005;-7.3673677;108.5315618;3.5039999485016;1;150;Batas Wilkerstat;15040;Batas SLS;2025-08-03 14:56:53;2025-08-03 14:56:36;Santi Kasianty;https://wilkerstat.bps.go.id/api/landmark/91134387/photo
91141474;HRLORI;BATAS 5 RT 004 RW 008( DEKAT RUMAH H.SUPRIANTO;0038;RT 004 RW 008;3279010005;-7.3673132;108.5310173;2.2599999904633;1;150;Batas Wilkerstat;15040;Batas SLS;2025-08-03 15:05:01;2025-08-03 15:04:44;Santi Kasianty;https://wilkerstat.bps.go.id/api/landmark/91141474/photo
91150124;HRMBMA;BATAS 1 RT 004 RW 008 ( GG DEKAT RUMAH H.HASYIM);0038;RT 004 RW 008;3279010005;-7.3679847;108.5309586;2.3399999141693;1;150;Batas Wilkerstat;15040;Batas SLS;2025-08-03 15:14:06;2025-08-03 15:13:49;Santi Kasianty;https://wilkerstat.bps.go.id/api/landmark/91150124/photo
90055585;HPBUIJ;BATAS 1 RT 001 RW 006 RUMAH IBU ENUNG;0021;RT 001 RW 006;3279010006;-7.3739240793836;108.54033496231;4.0650000572205;1;150;Batas Wilkerstat;15040;Batas SLS;2025-08-01 14:57:05;2025-08-01 14:55:34;neni rohaeni;https://wilkerstat.bps.go.id/api/landmark/90055585/photo
90060521;HPCBQF;BATAS 2 RT 001 RW 006 RUMAH BU ENUR;0021;RT 001 RW 006;3279010006;-7.3747450292322;108.54006305337;4.9629998207092;1;150;Batas Wilkerstat;15040;Batas SLS;2025-08-01 15:04:51;2025-08-01 15:03:18;neni rohaeni;https://wilkerstat.bps.go.id/api/landmark/90060521/photo
90079749;HPDEBT;BATAS 3 RT 001 RW 006 RUMAH PA KASMAN;0021;RT 001 RW 006;3279010006;-7.3753082883935;108.53971671313;3.4660000801086;1;150;Batas Wilkerstat;15040;Batas SLS;2025-08-01 15:33:48;2025-08-01 15:32:15;neni rohaeni;https://wilkerstat.bps.go.id/api/landmark/90079749/photo
91052661;HRGNHL;BATAS 4 RT 001 RW 006 ( JEMBATAN PIADE );0021;RT 001 RW 006;3279010006;-7.3755889201993;108.54068700224;8.4449996948242;1;150;Batas Wilkerstat;15040;Batas SLS;2025-08-03 12:21:39;2025-08-03 13:10:20;neni rohaeni;https://wilkerstat.bps.go.id/api/landmark/91052661/photo
91186243;HROCXF;BATAS 5 RT 001 RW 006 ( POS POLISI PIADE );0021;RT 001 RW 006;3279010006;-7.3743264081752;108.54107022285;4.8810000419617;1;150;Batas Wilkerstat;15040;Batas SLS;2025-08-03 15:54:33;2025-08-03 15:53:02;neni rohaeni;https://wilkerstat.bps.go.id/api/landmark/91186243/photo
91030434;HRFGKO;BATAS 1 RT 002 RW 006 ( RUMAH BU HAPSAH );0022;RT 002 RW 006;3279010006;-7.3753275735233;108.53972073644;6.0069999694824;1;150;Batas Wilkerstat;15040;Batas SLS;2025-08-03 11:06:01;2025-08-03 12:35:58;neni rohaeni;https://wilkerstat.bps.go.id/api/landmark/91030434/photo
91064986;HRHFNM;BATAS 2 RT 002 RW 006 ( RUMAH IBU SUHARTUTI );0022;RT 002 RW 006;3279010006;-7.3759842649413;108.53966139257;3.789999961853;1;150;Batas Wilkerstat;15040;Batas SLS;2025-08-03 11:11:38;2025-08-03 13:27:44;neni rohaeni;https://wilkerstat.bps.go.id/api/landmark/91064986/photo
91190130;HROIQS;BATAS 3 RT 002 RW 006 ( RUMAH PA ADI );0022;RT 002 RW 006;3279010006;-7.3755912477135;108.54056093842;3.789999961853;1;150;Batas Wilkerstat;15040;Batas SLS;2025-08-03 15:58:25;2025-08-03 15:56:54;neni rohaeni;https://wilkerstat.bps.go.id/api/landmark/91190130/photo
91242972;HRRIVC;BATAS 4 RT 002 RW 006 ( JEMBATAN PIADE );0022;RT 002 RW 006;3279010006;-7.3761461932577;108.54067794979;4.6199998855591;1;150;Batas Wilkerstat;15040;Batas SLS;2025-08-03 16:04:00;2025-08-03 16:48:30;neni rohaeni;https://wilkerstat.bps.go.id/api/landmark/91242972/photo
91013223;HREGYP;BATAS 4 RT 003 RW 006 ( RUMAH IBU JUJU );0023;RT 003 RW 006;3279010006;-7.3752986458283;108.53963188827;3;1;150;Batas Wilkerstat;15040;Batas SLS;2025-08-03 12:12:54;2025-08-03 12:11:22;neni rohaeni;https://wilkerstat.bps.go.id/api/landmark/91013223/photo
91123495;HRKOBV;BATAS 1 RT 003 RW 006 ( RUMAH PA EDI );0023;RT 003 RW 006;3279010006;-7.3759264096353;108.53963892907;4.6760001182556;1;150;Batas Wilkerstat;15040;Batas SLS;2025-08-03 11:30:49;2025-08-03 14:43:31;neni rohaeni;https://wilkerstat.bps.go.id/api/landmark/91123495/photo
91123535;HRKODJ;BATAS 2 RT 003 RW 006 ( RUMAH PA ASEP );0023;RT 003 RW 006;3279010006;-7.3751513473061;108.53882286698;5.8629999160767;1;150;Batas Wilkerstat;15040;Batas SLS;2025-08-03 11:58:16;2025-08-03 14:43:33;neni rohaeni;https://wilkerstat.bps.go.id/api/landmark/91123535/photo
91124626;HRKPTI;BATAS 3 RT 003 RW 006 ( RUMAH BU OJAH );0023;RT 003 RW 006;3279010006;-7.3758605742778;108.53856671602;3.2290000915527;1;150;Batas Wilkerstat;15040;Batas SLS;2025-08-03 12:03:45;2025-08-03 14:44:52;neni rohaeni;https://wilkerstat.bps.go.id/api/landmark/91124626/photo
90106284;HPERII;BATAS 1 RT 001 RW 007 ( RUMAH PA YUYU SOLIHIN );0025;RT 001 RW 007;3279010006;-7.3747373816707;108.54005970061;7.0789999961853;1;150;Batas Wilkerstat;15040;Batas SLS;2025-08-01 16:13:40;2025-08-01 16:12:08;neni rohaeni;https://wilkerstat.bps.go.id/api/landmark/90106284/photo
90110080;HPEWYI;BATAS 2 RT 001 RW 007  ( RUMAH KOSONG );0025;RT 001 RW 007;3279010006;-7.3739214193573;108.54032289237;9.6540002822876;1;150;Batas Wilkerstat;15040;Batas SLS;2025-08-01 16:19:24;2025-08-01 16:17:51;neni rohaeni;https://wilkerstat.bps.go.id/api/landmark/90110080/photo
90113099;HPFBKL;BATAS 3 RT 001 RW 007 ( BASO 99 );0025;RT 001 RW 007;3279010006;-7.3737783;108.5398675;4.2890000343323;1;150;Batas Wilkerstat;15040;Batas SLS;2025-08-01 16:23:51;2025-08-01 16:22:18;neni rohaeni;https://wilkerstat.bps.go.id/api/landmark/90113099/photo
90119288;HPFKOM;BATAS 4 RT 001 RW 007 ( RUMAH BU MIMI );0025;RT 001 RW 007;3279010006;-7.374625993261;108.53953935206;4.271999835968;1;150;Batas Wilkerstat;15040;Batas SLS;2025-08-01 16:32:36;2025-08-01 16:31:03;neni rohaeni;https://wilkerstat.bps.go.id/api/landmark/90119288/photo
90549205;HQDWNT;BATAS 5 RT 003 RW 008 ( RUMAH IBU IMAS );0032;RT 003 RW 008;3279010006;-7.3754050465362;108.53703450412;3.7990000247955;1;150;Batas Wilkerstat;15040;Batas SLS;2025-08-02 14:42:47;2025-08-02 14:54:46;neni rohaeni;https://wilkerstat.bps.go.id/api/landmark/90549205/photo
90549603;HQDXDB;BATAS 2 RT 003 RW 008 ( RUMAH BU ANIS );0032;RT 003 RW 008;3279010006;-7.3752637330904;108.53762157261;4.75;1;150;Batas Wilkerstat;15040;Batas SLS;2025-08-02 14:46:35;2025-08-02 14:55:08;neni rohaeni;https://wilkerstat.bps.go.id/api/landmark/90549603/photo
90549703;HQDXGX;BATAS 3 RT 003 RW 008 ( SELOKAN );0032;RT 003 RW 008;3279010006;-7.3743633160047;108.53776842356;5.2430000305176;1;150;Batas Wilkerstat;15040;Batas SLS;2025-08-02 14:50:00;2025-08-02 14:55:15;neni rohaeni;https://wilkerstat.bps.go.id/api/landmark/90549703/photo
90549743;HQDXIL;BATAS 4 RT 003 RW 008 ( RUMAH PA MULYADI );0032;RT 003 RW 008;3279010006;-7.3742678876464;108.53723902255;4.9889998435974;1;150;Batas Wilkerstat;15040;Batas SLS;2025-08-02 14:54:20;2025-08-02 14:55:16;neni rohaeni;https://wilkerstat.bps.go.id/api/landmark/90549743/photo
90557058;HQEIDU;BATAS 1 RT 003 RW 008 RUMAH PA HAJI HUSEN;0032;RT 003 RW 008;3279010006;-7.3756437830315;108.53738520294;5.6149997711182;1;150;Batas Wilkerstat;15040;Batas SLS;2025-08-02 15:04:35;2025-08-02 15:03:01;neni rohaeni;https://wilkerstat.bps.go.id/api/landmark/90557058/photo
90564156;HQESQU;BATAS 3 RT 004 RW 008 (RUMAH KOSONG PA YANTO );0033;RT 004 RW 008;3279010006;-7.3758625692888;108.53855699301;4.7600002288818;1;150;Batas Wilkerstat;15040;Batas SLS;2025-08-02 15:12:07;2025-08-02 15:10:34;neni rohaeni;https://wilkerstat.bps.go.id/api/landmark/90564156/photo
90568883;HQEZQP;BATAS 2 RT 004 RW 008 ( JALAN KIP );0033;RT 004 RW 008;3279010006;-7.3760643978527;108.53855364025;5.6589999198914;1;150;Batas Wilkerstat;15040;Batas SLS;2025-08-02 15:16:21;2025-08-02 15:15:19;neni rohaeni;https://wilkerstat.bps.go.id/api/landmark/90568883/photo
90583332;HQFVAI;BATAS 1 RT 004 RW 008 ( GANG LAYUR );0033;RT 004 RW 008;3279010006;-7.3759433672258;108.53600855917;4.7300000190735;1;150;Batas Wilkerstat;15040;Batas SLS;2025-08-02 15:30:23;2025-08-02 15:29:58;neni rohaeni;https://wilkerstat.bps.go.id/api/landmark/90583332/photo
90583413;HQFVDL;BATAS 4 RT 004 RW 008 ( JALAN KAPTEN JAMHUR );0033;RT 004 RW 008;3279010006;-7.3757029683823;108.53600889444;4.813000202179;1;150;Batas Wilkerstat;15040;Batas SLS;2025-08-02 15:27:46;2025-08-02 15:30:03;neni rohaeni;https://wilkerstat.bps.go.id/api/landmark/90583413/photo
89962339;HOWMJZ;BATAS 6 SLS RT 001 RW 017 (RUMAH PAK DADANG);0069;RT 001 RW 017;3279010006;-7.3850169149258;108.53114806116;3.0420000553131;1;150;Batas Wilkerstat;15040;Batas SLS;2025-08-01 11:16:41;2025-08-01 11:16:43;Riska Rizki Noviani;https://wilkerstat.bps.go.id/api/landmark/89962339/photo
89971028;HOWZGE;BATAS 3 SLS RT 001 RW 017 (TOKO DEDEN);0069;RT 001 RW 017;3279010006;-7.3847847;108.5329298;3.194000005722;1;150;Batas Wilkerstat;15040;Batas SLS;2025-08-01 11:34:10;2025-08-01 11:34:13;Riska Rizki Noviani;https://wilkerstat.bps.go.id/api/landmark/89971028/photo
89972976;HOXCDC;BATAS 2 SLS RT 001 RW 017 (FOTOCOPY HANIFAH);0069;RT 001 RW 017;3279010006;-7.3848220728437;108.5335194692;1.5499999523163;1;150;Batas Wilkerstat;15040;Batas SLS;2025-08-01 11:38:56;2025-08-01 11:38:57;Riska Rizki Noviani;https://wilkerstat.bps.go.id/api/landmark/89972976/photo
89974391;HOXEFN;BATAS SLS RT 001 RW 017;0069;RT 001 RW 017;3279010006;-7.3860591;108.5325467;3;1;150;Batas Wilkerstat;15040;Batas SLS;2025-08-01 11:42:37;2025-08-01 11:42:38;Riska Rizki Noviani;https://wilkerstat.bps.go.id/api/landmark/89974391/photo
89991846;HOYEAW;BATAS 5 SLS RT 001 RW 017 (SAWAH);0069;RT 001 RW 017;3279010006;-7.3844233;108.5313633;4.8759999275208;1;150;Batas Wilkerstat;15040;Batas SLS;2025-08-01 12:53:55;2025-08-01 12:53:56;Riska Rizki Noviani;https://wilkerstat.bps.go.id/api/landmark/89991846/photo
90297509;HPPOFD;BATAS 2 SLS RT 001 RW 019 (PANGKALAN GAS ELPIJI);0076;RT 001 RW 019;3279010006;-7.3844254060187;108.53123523295;2.3480000495911;1;150;Batas Wilkerstat;15040;Batas SLS;2025-08-02 10:10:01;2025-08-02 10:10:03;Riska Rizki Noviani;https://wilkerstat.bps.go.id/api/landmark/90297509/photo
90315268;HPQOME;BATAS 7 SLS RT 001 RW 017 (RUMAH PAK TOTO);0076;RT 001 RW 019;3279010006;-7.3844933;108.5299445;3.4030001163483;1;150;Batas Wilkerstat;15040;Batas SLS;2025-08-02 10:26:28;2025-08-02 10:26:30;Riska Rizki Noviani;https://wilkerstat.bps.go.id/api/landmark/90315268/photo
90325333;HPRDJH;BATAS 6 SLS RT 001 RW 019;0076;RT 001 RW 019;3279010006;-7.384188669236;108.52941099554;3;1;150;Batas Wilkerstat;15040;Batas SLS;2025-08-02 10:35:19;2025-08-02 10:35:21;Riska Rizki Noviani;https://wilkerstat.bps.go.id/api/landmark/90325333/photo
90340150;HPRZHE;BATAS 5 SLS RT 001 RW 019 (SAWAH);0076;RT 001 RW 019;3279010006;-7.3834378936008;108.5296517238;1.7610000371933;1;150;Batas Wilkerstat;15040;Batas SLS;2025-08-02 10:48:32;2025-08-02 10:48:34;Riska Rizki Noviani;https://wilkerstat.bps.go.id/api/landmark/90340150/photo
90342358;HPSCOC;BATAS 4;0076;RT 001 RW 019;3279010006;-7.383605;108.530135;2.4579999446869;1;150;Batas Wilkerstat;15040;Batas SLS;2025-08-02 10:50:38;2025-08-02 10:50:40;Riska Rizki Noviani;https://wilkerstat.bps.go.id/api/landmark/90342358/photo
90345588;HPSHII;BATAS 3 SLS RT 001 RW 019 (SAWAH);0076;RT 001 RW 019;3279010006;-7.3838904;108.5313749;1.4659999608994;1;150;Batas Wilkerstat;15040;Batas SLS;2025-08-02 10:53:42;2025-08-02 10:53:44;Riska Rizki Noviani;https://wilkerstat.bps.go.id/api/landmark/90345588/photo
90348668;HPSLWU;BATAS 1 SLS RT 001 RW 019 (SAWAH);0076;RT 001 RW 019;3279010006;-7.3849404;108.5310779;1.5829999446869;1;150;Batas Wilkerstat;15040;Batas SLS;2025-08-02 10:56:35;2025-08-02 10:56:37;Riska Rizki Noviani;https://wilkerstat.bps.go.id/api/landmark/90348668/photo
90435446;HPXKGK;BATAS  4  RT 001  RW 001 ( YOGYA TOSERBA );0001;RT 001 RW 001;3279010006;-7.3721777686888;108.54170322418;1.6410000324249;1;150;Batas Wilkerstat;15040;Batas SLS;2025-08-02 12:28:48;2025-08-02 12:28:49;ITA JUWITA;https://wilkerstat.bps.go.id/api/landmark/90435446/photo
90439543;HPXQHZ;BATAS 3  RT 001 RW 001  ( BUBUR KACANG GARUDA );0001;RT 001 RW 001;3279010006;-7.3711835788308;108.54186315089;1.5909999608994;1;150;Batas Wilkerstat;15040;Batas SLS;2025-08-02 12:34:33;2025-08-02 12:34:34;ITA JUWITA;https://wilkerstat.bps.go.id/api/landmark/90439543/photo
90445430;HPXZAK;BATAS 2  RT 001  RW 001  ( RUMAH PAK TATANG );0001;RT 001 RW 001;3279010006;-7.3710864872602;108.54083251208;1.3999999761581;1;150;Batas Wilkerstat;15040;Batas SLS;2025-08-02 12:43:57;2025-08-02 12:43:58;ITA JUWITA;https://wilkerstat.bps.go.id/api/landmark/90445430/photo
90486329;HQAHNL;BATAS  1  RT 001  RW 001 ( POS RONDA );0001;RT 001 RW 001;3279010006;-7.371757;108.5406617;1.5260000228882;1;150;Batas Wilkerstat;15040;Batas SLS;2025-08-02 13:42:38;2025-08-02 13:42:39;ITA JUWITA;https://wilkerstat.bps.go.id/api/landmark/90486329/photo
90487603;HQAJKL;BATAS  ( RUMAH BU KARYATI );0001;RT 001 RW 001;3279010006;-7.3717866;108.540875;1.5;1;150;Batas Wilkerstat;15040;Batas SLS;2025-08-02 13:44:20;2025-08-02 13:44:21;ITA JUWITA;https://wilkerstat.bps.go.id/api/landmark/90487603/photo
90490650;HQANXQ;BATAS    5  RT 001  RW 001 ( RUMAH KOSONG );0001;RT 001 RW 001;3279010006;-7.3718130109968;108.54117080569;1.7660000324249;1;150;Batas Wilkerstat;15040;Batas SLS;2025-08-02 13:48:05;2025-08-02 13:48:07;ITA JUWITA;https://wilkerstat.bps.go.id/api/landmark/90490650/photo
90492434;HQAQOG;BATAS 5  RT 001 RW 001  ( RUMAH KOSONG );0001;RT 001 RW 001;3279010006;-7.37186188921;108.54122746736;1.7999999523163;1;150;Batas Wilkerstat;15040;Batas SLS;2025-08-02 13:50:17;2025-08-02 13:50:18;ITA JUWITA;https://wilkerstat.bps.go.id/api/landmark/90492434/photo
90497011;HQAXIH;BATAS 7 RT 001 RW 001 ( RUMAH KOSONG );0001;RT 001 RW 001;3279010006;-7.3717754379449;108.54103334248;1.9400000572205;1;150;Batas Wilkerstat;15040;Batas SLS;2025-08-02 13:55:56;2025-08-02 13:56:00;ITA JUWITA;https://wilkerstat.bps.go.id/api/landmark/90497011/photo
90432322;HPXFQG;BATAS 8  ( RUKO KOSONG );0002;RT 002 RW 001;3279010006;-7.3725647;108.54158;1.4579999446869;1;150;Batas Wilkerstat;15040;Batas SLS;2025-08-02 12:24:27;2025-08-02 12:24:29;ITA JUWITA;https://wilkerstat.bps.go.id/api/landmark/90432322/photo
90433911;HPXHZJ;BATAS 7 ( NETRAL );0002;RT 002 RW 001;3279010006;-7.372285;108.54161;1.970999956131;1;150;Batas Wilkerstat;15040;Batas SLS;2025-08-02 12:26:37;2025-08-02 12:26:41;ITA JUWITA;https://wilkerstat.bps.go.id/api/landmark/90433911/photo
90509917;HQBQKR;BATAS;0002;RT 002 RW 001;3279010006;-7.3717567;108.5407817;1.555999994278;1;150;Batas Wilkerstat;15040;Batas SLS;2025-08-02 14:11:31;2025-08-02 14:11:33;ITA JUWITA;https://wilkerstat.bps.go.id/api/landmark/90509917/photo
90660891;HQKFTJ;BATAS ( RUMAH PAK EDISON  );0002;RT 002 RW 001;3279010006;-7.372185;108.540437;1.3600000143051;1;150;Batas Wilkerstat;15040;Batas SLS;2025-08-02 16:42:52;2025-08-02 16:42:54;ITA JUWITA;https://wilkerstat.bps.go.id/api/landmark/90660891/photo
90663176;HQKJDG;BATAS ( RUMAH KOSONG );0002;RT 002 RW 001;3279010006;-7.371885;108.5405333;1.970999956131;1;150;Batas Wilkerstat;15040;Batas SLS;2025-08-02 16:44:46;2025-08-02 16:44:47;ITA JUWITA;https://wilkerstat.bps.go.id/api/landmark/90663176/photo
90669410;HQKSJA;BATAS (RUMAH KOSONG);0002;RT 002 RW 001;3279010006;-7.37178;108.5410283;2.335000038147;1;150;Batas Wilkerstat;15040;Batas SLS;2025-08-02 16:50:11;2025-08-02 16:50:13;ITA JUWITA;https://wilkerstat.bps.go.id/api/landmark/90669410/photo
90670859;HQKUMT;BATAS RUMAH PA AJAT;0002;RT 002 RW 001;3279010006;-7.3718667;108.5410067;2.0350000858307;1;150;Batas Wilkerstat;15040;Batas SLS;2025-08-02 16:51:28;2025-08-02 16:51:31;ITA JUWITA;https://wilkerstat.bps.go.id/api/landmark/90670859/photo
90672359;HQKWSL;BATAS RUMAH PA YANTO;0002;RT 002 RW 001;3279010006;-7.3718917;108.5412967;2.2669999599457;1;150;Batas Wilkerstat;15040;Batas SLS;2025-08-02 16:52:55;2025-08-02 16:52:56;ITA JUWITA;https://wilkerstat.bps.go.id/api/landmark/90672359/photo
90673761;HQKYUJ;BATAS RUMAH BU HERYANA;0002;RT 002 RW 001;3279010006;-7.3720707;108.5412201;3.1370000839233;1;150;Batas Wilkerstat;15040;Batas SLS;2025-08-02 16:54:01;2025-08-02 16:54:02;ITA JUWITA;https://wilkerstat.bps.go.id/api/landmark/90673761/photo
90029639;HPAHYL;BATAS 2 RT 001 RW 005 ( RUMAH WIDAYAT);0016;RT 001 RW 005;3279010006;-7.3737561;108.5360415;9.5959997177124;1;150;Batas Wilkerstat;15040;Batas SLS;2025-08-01 14:15:08;2025-08-01 14:15:11;SUSANTI SAPARDINI;https://wilkerstat.bps.go.id/api/landmark/90029639/photo
90046547;HPBGYT;BATAS 3 RT 001 RW 005( LOKET PEMBAYARAN LISTRIK);0016;RT 001 RW 005;3279010006;-7.372058;108.5359972;2.9019999504089;1;150;Batas Wilkerstat;15040;Batas SLS;2025-08-01 14:41:22;2025-08-01 14:41:24;SUSANTI SAPARDINI;https://wilkerstat.bps.go.id/api/landmark/90046547/photo
90055887;HPBUTZ;BATAS 3 RT 001 RW 005 (RUMAH TEH NUNUNG);0016;RT 001 RW 005;3279010006;-7.3721114;108.5357553;1.9800000190735;1;150;Batas Wilkerstat;15040;Batas SLS;2025-08-01 14:55:56;2025-08-01 14:55:58;SUSANTI SAPARDINI;https://wilkerstat.bps.go.id/api/landmark/90055887/photo
90059319;HPBZVZ;BATAS 4 RT 001 RW 005 (SAWAH);0016;RT 001 RW 005;3279010006;-7.3729327;108.5352605;4.7119998931885;1;150;Batas Wilkerstat;15040;Batas SLS;2025-08-01 15:01:26;2025-08-01 15:01:30;SUSANTI SAPARDINI;https://wilkerstat.bps.go.id/api/landmark/90059319/photo
90061067;HPCCLF;BATAS 5 RT 001 RW 005 ( SAWAH );0016;RT 001 RW 005;3279010006;-7.3731384;108.5355;2.25;1;150;Batas Wilkerstat;15040;Batas SLS;2025-08-01 15:04:04;2025-08-01 15:04:06;SUSANTI SAPARDINI;https://wilkerstat.bps.go.id/api/landmark/90061067/photo
90214157;HPKUXH;BATAS 1 RT 001 RW 005 ( BELAKANG RUMAH DR.WIDAYAT);0016;RT 001 RW 005;3279010006;-7.3736227;108.5353811;3.8829998970032;1;150;Batas Wilkerstat;15040;Batas SLS;2025-08-02 08:28:52;2025-08-02 08:28:54;SUSANTI SAPARDINI;https://wilkerstat.bps.go.id/api/landmark/90214157/photo
90208464;HPKMMI;BATAS 5 RT 002 RW 005 ( RUMAH BU ICIH);0017;RT 002 RW 005;3279010006;-7.3731353808899;108.53540103883;3.0120000839233;1;150;Batas Wilkerstat;15040;Batas SLS;2025-08-02 08:17:30;2025-08-02 08:17:33;SUSANTI SAPARDINI;https://wilkerstat.bps.go.id/api/landmark/90208464/photo
90215569;HPKWZP;BATAS 6 RT 002 RW 005 (RUMAH RT NOVIYANTI);0017;RT 002 RW 005;3279010006;-7.3735420329447;108.5352089256;4.2659997940063;1;150;Batas Wilkerstat;15040;Batas SLS;2025-08-02 08:31:33;2025-08-02 08:31:36;SUSANTI SAPARDINI;https://wilkerstat.bps.go.id/api/landmark/90215569/photo
90217235;HPKZLR;BATAS 7 RT 002 RW 005 ( RUMAH IBU ONIH);0017;RT 002 RW 005;3279010006;-7.3735716257616;108.5352820158;4.811999797821;1;150;Batas Wilkerstat;15040;Batas SLS;2025-08-02 08:34:31;2025-08-02 08:34:33;SUSANTI SAPARDINI;https://wilkerstat.bps.go.id/api/landmark/90217235/photo
90234254;HPLYQG;BATAS 3 RT 002 RW 005(RUMAH KOSONG);0017;RT 002 RW 005;3279010006;-7.3738263234071;108.53599715978;3.9319999217987;1;150;Batas Wilkerstat;15040;Batas SLS;2025-08-02 09:00:36;2025-08-02 09:00:38;SUSANTI SAPARDINI;https://wilkerstat.bps.go.id/api/landmark/90234254/photo
90246118;HPMQEO;BATAS 2 RT 002 RW 005(TOKO OBAT BERIZIN AMANAH);0017;RT 002 RW 005;3279010006;-7.3746323108134;108.53597167879;4.7849998474121;1;150;Batas Wilkerstat;15040;Batas SLS;2025-08-02 09:16:03;2025-08-02 09:16:05;SUSANTI SAPARDINI;https://wilkerstat.bps.go.id/api/landmark/90246118/photo
90258763;HPNIWX;BATAS 1  RT 002 RW 005 ( BENSIN ECERAN PAK OTONG);0017;RT 002 RW 005;3279010006;-7.3741575;108.5351163;4.7369999885559;1;150;Batas Wilkerstat;15040;Batas SLS;2025-08-02 09:30:23;2025-08-02 09:30:25;SUSANTI SAPARDINI;https://wilkerstat.bps.go.id/api/landmark/90258763/photo
90266004;HPNTPK;BATAS 4 RT 002 RW 005 ( RUMAH TEH EKA);0017;RT 002 RW 005;3279010006;-7.3731832614456;108.53552944958;3.3670001029968;1;150;Batas Wilkerstat;15040;Batas SLS;2025-08-02 09:37:59;2025-08-02 09:38:02;SUSANTI SAPARDINI;https://wilkerstat.bps.go.id/api/landmark/90266004/photo
90454146;HPYLXQ;BATAS 1 ( BUMI PUTERA );0003;RT 003 RW 001;3279010006;-7.37112;108.5403533;1.7269999980927;1;150;Batas Wilkerstat;15040;Batas SLS;2025-08-02 12:56:52;2025-08-02 12:56:54;ITA JUWITA;https://wilkerstat.bps.go.id/api/landmark/90454146/photo
90842233;HQUOAB;BATAS 2 RT 003 RW 001;0003;RT 003 RW 001;3279010006;-7.37099;108.540635;1.6499999761581;1;150;Batas Wilkerstat;15040;Batas SLS;2025-08-03 09:25:50;2025-08-03 09:25:51;ITA JUWITA;https://wilkerstat.bps.go.id/api/landmark/90842233/photo
90846258;HQUTYW;BATAS  3  RT 003 RT 001;0003;RT 003 RW 001;3279010006;-7.3717517;108.5406733;1.5;1;150;Batas Wilkerstat;15040;Batas SLS;2025-08-03 09:30:11;2025-08-03 09:30:12;ITA JUWITA;https://wilkerstat.bps.go.id/api/landmark/90846258/photo
90847608;HQUVYU;BATAS 4 RT 003 RW 001  ( RUMAH  PAK DANI );0003;RT 003 RW 001;3279010006;-7.3717446;108.540754;1.6000000238419;1;150;Batas Wilkerstat;15040;Batas SLS;2025-08-03 09:31:41;2025-08-03 09:31:43;ITA JUWITA;https://wilkerstat.bps.go.id/api/landmark/90847608/photo
90850826;HQVASO;BATAS  5  ( BU ENTIN );0003;RT 003 RW 001;3279010006;-7.371925;108.5407567;1.8689999580383;1;150;Batas Wilkerstat;15040;Batas SLS;2025-08-03 09:34:45;2025-08-03 09:34:46;ITA JUWITA;https://wilkerstat.bps.go.id/api/landmark/90850826/photo
90852862;HQVDSW;BATAS  ( RUMAH KOSONG );0003;RT 003 RW 001;3279010006;-7.3718833;108.5406283;1.7640000581741;1;150;Batas Wilkerstat;15040;Batas SLS;2025-08-03 09:36:42;2025-08-03 09:36:43;ITA JUWITA;https://wilkerstat.bps.go.id/api/landmark/90852862/photo
90855777;HQVIAZ;BATAS   ( RUMAH PAK  HUSNI );0003;RT 003 RW 001;3279010006;-7.3718883;108.54053;2.0510001182556;1;150;Batas Wilkerstat;15040;Batas SLS;2025-08-03 09:39:35;2025-08-03 09:39:36;ITA JUWITA;https://wilkerstat.bps.go.id/api/landmark/90855777/photo
90857711;HQVKXJ;BATAS  RT 003 RW 001 ( RUMAH KOSONG );0003;RT 003 RW 001;3279010006;-7.3721983;108.5404283;1.720999956131;1;150;Batas Wilkerstat;15040;Batas SLS;2025-08-03 09:41:30;2025-08-03 09:41:32;ITA JUWITA;https://wilkerstat.bps.go.id/api/landmark/90857711/photo
90859371;HQVNJF;BATAS ( RUMAH BU ANCE );0003;RT 003 RW 001;3279010006;-7.3721017;108.5400767;1.5720000267029;1;150;Batas Wilkerstat;15040;Batas SLS;2025-08-03 09:43:28;2025-08-03 09:43:30;ITA JUWITA;https://wilkerstat.bps.go.id/api/landmark/90859371/photo
90295671;HPPLML;BATAS 4 RT 001 RW 012 (KEBUN IBU ADE);0048;RT 001 RW 012;3279010006;-7.3776973105759;108.5383618623;2.0999999046326;1;150;Batas Wilkerstat;15040;Batas SLS;2025-08-02 10:07:28;2025-08-02 10:08:28;Anih Setianih;https://wilkerstat.bps.go.id/api/landmark/90295671/photo
90300807;HPPTBZ;BATAS 3 RT 001 RW 012 (RUMAH BAPAK YOSEF);0048;RT 001 RW 012;3279010006;-7.378179768466;108.53844668716;1.7000000476837;1;150;Batas Wilkerstat;15040;Batas SLS;2025-08-02 10:12:52;2025-08-02 10:12:54;Anih Setianih;https://wilkerstat.bps.go.id/api/landmark/90300807/photo
90307900;HPQDOU;BATAS 2 RT 001 RW 012 ( RUMAH IBU SUSI);0048;RT 001 RW 012;3279010006;-7.3782067009723;108.53836454451;2.1270000934601;1;150;Batas Wilkerstat;15040;Batas SLS;2025-08-02 10:19:33;2025-08-02 10:19:35;Anih Setianih;https://wilkerstat.bps.go.id/api/landmark/90307900/photo
90311728;HPQJGA;BATAS 1 RT 001 RW 012 (RUMAH BAPAK  RIAN WARHANIF);0048;RT 001 RW 012;3279010006;-7.3786143;108.5384215;1.3999999761581;1;150;Batas Wilkerstat;15040;Batas SLS;2025-08-02 10:23:02;2025-08-02 10:23:04;Anih Setianih;https://wilkerstat.bps.go.id/api/landmark/90311728/photo
90360483;HPTDJF;BATAS 5 RT 001 RW 012 ( NABILA GYM);0048;RT 001 RW 012;3279010006;-7.3780560784161;108.53952527046;1.6139999628067;1;150;Batas Wilkerstat;15040;Batas SLS;2025-08-02 11:07:04;2025-08-02 11:07:06;Anih Setianih;https://wilkerstat.bps.go.id/api/landmark/90360483/photo
90363480;HPTHUM;BATAS 6 RT 001 RW 012( PANGKAS RAMBUT REZA);0048;RT 001 RW 012;3279010006;-7.3786259833585;108.53911489248;1.3999999761581;1;150;Batas Wilkerstat;15040;Batas SLS;2025-08-02 11:09:49;2025-08-02 11:09:52;Anih Setianih;https://wilkerstat.bps.go.id/api/landmark/90363480/photo
90321745;HPQYBH;BATAS 4 RT 002 RW 012 ( RUMAH IBU ATANG);0049;RT 002 RW 012;3279010006;-7.378313433481;108.53837460279;1.6000000238419;1;150;Batas Wilkerstat;15040;Batas SLS;2025-08-02 10:32:04;2025-08-02 10:32:06;Anih Setianih;https://wilkerstat.bps.go.id/api/landmark/90321745/photo
90324369;HPRBYF;BATAS 6 RT 002 RW 012 ( RUMAH BAPAK HABIBI);0049;RT 002 RW 012;3279010006;-7.3781940659695;108.538457416;1.8999999761581;1;150;Batas Wilkerstat;15040;Batas SLS;2025-08-02 10:34:27;2025-08-02 10:34:30;Anih Setianih;https://wilkerstat.bps.go.id/api/landmark/90324369/photo
90328042;HPRHJM;BATAS 5 RT 002 RW 012 ( RUMAH BAPAK ATANG);0049;RT 002 RW 012;3279010006;-7.3782293109763;108.53836555034;1.6330000162125;1;150;Batas Wilkerstat;15040;Batas SLS;2025-08-02 10:37:30;2025-08-02 10:37:32;Anih Setianih;https://wilkerstat.bps.go.id/api/landmark/90328042/photo
90333644;HPRPQY;BATAS 3 RT 002 RW 012 (RUMAH BAPAK HENHEN HENDIYANA);0049;RT 002 RW 012;3279010006;-7.378345;108.5381733;1.3999999761581;1;150;Batas Wilkerstat;15040;Batas SLS;2025-08-02 10:42:45;2025-08-02 10:42:47;Anih Setianih;https://wilkerstat.bps.go.id/api/landmark/90333644/photo
90338733;HPRXER;BATAS 2 RT 002 RW 012 (  RUMAH IBU SITI  );0049;RT 002 RW 012;3279010006;-7.378168795963;108.5381610319;2.4379999637604;1;150;Batas Wilkerstat;15040;Batas SLS;2025-08-02 10:47:19;2025-08-02 10:47:21;Anih Setianih;https://wilkerstat.bps.go.id/api/landmark/90338733/photo
90351243;HPSPRV;BATAS 1 RT 002 RW 012 ( RUMAH BAPAK REMIN  );0049;RT 002 RW 012;3279010006;-7.3783001334813;108.53754848242;1.3120000362396;1;150;Batas Wilkerstat;15040;Batas SLS;2025-08-02 10:58:44;2025-08-02 10:58:47;Anih Setianih;https://wilkerstat.bps.go.id/api/landmark/90351243/photo
90353716;HPSTIY;BATAS 8 RT 002 RW 012 ( RUMAH BAPAK HERDIANTO);0049;RT 002 RW 012;3279010006;-7.3779416983393;108.53726349771;1.3530000448227;1;150;Batas Wilkerstat;15040;Batas SLS;2025-08-02 11:01:09;2025-08-02 11:01:11;Anih Setianih;https://wilkerstat.bps.go.id/api/landmark/90353716/photo
90356705;HPSXTX;BATAS 7 RT 002 RW 012 ( RUMAH BAPAK WAHYU);0049;RT 002 RW 012;3279010006;-7.3777112755946;108.53836018592;1.7230000495911;1;150;Batas Wilkerstat;15040;Batas SLS;2025-08-02 11:03:39;2025-08-02 11:03:41;Anih Setianih;https://wilkerstat.bps.go.id/api/landmark/90356705/photo
90368968;HPTPXO;BATAS 3 RT 003 RW 012 ( GUDANG ARSIP BJB);0050;RT 003 RW 012;3279010006;-7.3786392833484;108.53908170015;1.2999999523163;1;150;Batas Wilkerstat;15040;Batas SLS;2025-08-02 11:15:09;2025-08-02 11:15:12;Anih Setianih;https://wilkerstat.bps.go.id/api/landmark/90368968/photo
90371553;HPTTSZ;BATAS 4 RT 003 RW 012( POS RONDA);0050;RT 003 RW 012;3279010006;-7.3786043708741;108.53844232857;1.5;1;150;Batas Wilkerstat;15040;Batas SLS;2025-08-02 11:17:24;2025-08-02 11:17:26;Anih Setianih;https://wilkerstat.bps.go.id/api/landmark/90371553/photo
90373739;HPTWZB;BATAS 5 RT 003 RW 012 ( RUMAH IBU EHA);0050;RT 003 RW 012;3279010006;-7.3783087784812;108.53838130832;1.7079999446869;1;150;Batas Wilkerstat;15040;Batas SLS;2025-08-02 11:19:25;2025-08-02 11:19:26;Anih Setianih;https://wilkerstat.bps.go.id/api/landmark/90373739/photo
90375873;HPUADD;BATAS 6 RT 003 RW 012 ( RUMAH IBU IKA);0050;RT 003 RW 012;3279010006;-7.3783426934789;108.53817913681;1.6900000572205;1;150;Batas Wilkerstat;15040;Batas SLS;2025-08-02 11:21:22;2025-08-02 11:21:24;Anih Setianih;https://wilkerstat.bps.go.id/api/landmark/90375873/photo
90378789;HPUELH;BATAS 7 RT 003 RW 012( RUMAH KOSONG  );0050;RT 003 RW 012;3279010006;-7.3781867;108.5381617;1.2999999523163;1;150;Batas Wilkerstat;15040;Batas SLS;2025-08-02 11:24:03;2025-08-02 11:24:05;Anih Setianih;https://wilkerstat.bps.go.id/api/landmark/90378789/photo
90383590;HPULNY;BATAS 1 RT 003 RW 012  ( RUMAH BAPAK SUKARDI );0050;RT 003 RW 012;3279010006;-7.3782981384813;108.53755921125;1.3999999761581;1;150;Batas Wilkerstat;15040;Batas SLS;2025-08-02 11:28:47;2025-08-02 11:28:49;Anih Setianih;https://wilkerstat.bps.go.id/api/landmark/90383590/photo
90389974;HPUUZM;BATAS 2 RT 003 RW 012 ( RUMAH KOSONG  );0050;RT 003 RW 012;3279010006;-7.3794359520136;108.53848256171;1.7549999952316;1;150;Batas Wilkerstat;15040;Batas SLS;2025-08-02 11:34:44;2025-08-02 11:34:46;Anih Setianih;https://wilkerstat.bps.go.id/api/landmark/90389974/photo
90520082;HQCFLQ;BATAS 3 RT 003 RW 025 (JALAN PINGGIR RUMAH UNO);0098;RT 003 RW 0025;3279010006;-7.3802472491799;108.53237282485;3.0569999217987;1;150;Batas Wilkerstat;15040;Batas SLS;2025-08-02 14:22:53;2025-08-02 14:22:56;Anis Sri Raras;https://wilkerstat.bps.go.id/api/landmark/90520082/photo
90530487;HQCUVV;BATAS 1 RT 003 RW 025 ( SELOKAN);0098;RT 003 RW 0025;3279010006;-7.3787168;108.533849;5.5640001296997;1;150;Batas Wilkerstat;15040;Batas SLS;2025-08-02 14:13:07;2025-08-02 14:34:52;Anis Sri Raras;https://wilkerstat.bps.go.id/api/landmark/90530487/photo
91011704;HREESE;BATAS 2 RT 003 RW 025 ( JALAN PINGGIR POSYANDU);0098;RT 003 RW 0025;3279010006;-7.3802592191269;108.53250224143;4.103000164032;1;150;Batas Wilkerstat;15040;Batas SLS;2025-08-02 14:20:45;2025-08-03 12:09:25;Anis Sri Raras;https://wilkerstat.bps.go.id/api/landmark/91011704/photo
90542461;HQDMOJ;BATAS 4  RT 004 RW 001  (RUMAH PAK DADANG );0004;RT 004 RW 001;3279010006;-7.3721431;108.5400682;1.5;1;150;Batas Wilkerstat;15040;Batas SLS;2025-08-02 14:47:32;2025-08-02 14:47:34;ITA JUWITA;https://wilkerstat.bps.go.id/api/landmark/90542461/photo
90547437;HQDTXT;BATAS 1 RT 004 RW 001 ( RUMAH KOSONG );0004;RT 004 RW 001;3279010006;-7.371935;108.5394233;1.7170000076294;1;150;Batas Wilkerstat;15040;Batas SLS;2025-08-02 14:53:13;2025-08-02 14:53:14;ITA JUWITA;https://wilkerstat.bps.go.id/api/landmark/90547437/photo
90550481;HQDYKV;BATAS 2 RT 004  RW 001;0004;RT 004 RW 001;3279010006;-7.371025;108.539625;1.430999994278;1;150;Batas Wilkerstat;15040;Batas SLS;2025-08-02 14:56:02;2025-08-02 14:56:03;ITA JUWITA;https://wilkerstat.bps.go.id/api/landmark/90550481/photo
90552381;HQEBFX;BATAS 3 ( RUMAH KOSONG );0004;RT 004 RW 001;3279010006;-7.3710761;108.5403348;1.3250000476837;1;150;Batas Wilkerstat;15040;Batas SLS;2025-08-02 14:58:02;2025-08-02 14:58:03;ITA JUWITA;https://wilkerstat.bps.go.id/api/landmark/90552381/photo
90871942;HQWFYS;BATAS  (  PAK  IYUS );0005;RT 001 RW 002;3279010006;-7.3723196;108.5406888;1.9370000362396;1;150;Batas Wilkerstat;15040;Batas SLS;2025-08-03 09:55:26;2025-08-03 09:55:28;ITA JUWITA;https://wilkerstat.bps.go.id/api/landmark/90871942/photo
91049510;HRGIQG;BATAS  RT 001 RW 002 ( RUMAH PAK TATANG );0005;RT 001 RW 002;3279010006;-7.3726269;108.540568;1.8769999742508;1;150;Batas Wilkerstat;15040;Batas SLS;2025-08-03 13:05:11;2025-08-03 13:05:17;ITA JUWITA;https://wilkerstat.bps.go.id/api/landmark/91049510/photo
91050546;HRGKEC;BATAS    RT 001  RW  002 ( RUMAH  WAWAN SETIAWAN );0005;RT 001 RW 002;3279010006;-7.3726517;108.5407033;1.5140000581741;1;150;Batas Wilkerstat;15040;Batas SLS;2025-08-03 13:06:55;2025-08-03 13:06:57;ITA JUWITA;https://wilkerstat.bps.go.id/api/landmark/91050546/photo
91060524;HRGYXW;BATAS 2 RT 001 RW 002 ( TK SINAR BARAT );0005;RT 001 RW 002;3279010006;-7.3725867;108.54159;1.7000000476837;1;150;Batas Wilkerstat;15040;Batas SLS;2025-08-03 13:21:35;2025-08-03 13:21:37;ITA JUWITA;https://wilkerstat.bps.go.id/api/landmark/91060524/photo
91081341;HRIDSN;BATAS  RT 001 RW 002 ( RUKO KOSONG );0005;RT 001 RW 002;3279010006;-7.37319;108.5414083;1.7000000476837;1;150;Batas Wilkerstat;15040;Batas SLS;2025-08-03 13:50:30;2025-08-03 13:50:31;ITA JUWITA;https://wilkerstat.bps.go.id/api/landmark/91081341/photo
91127768;HRKUKE;BATAS RT 001 RW 002 ( AAN );0005;RT 001 RW 002;3279010006;-7.3728783;108.5404267;1.7970000505447;1;150;Batas Wilkerstat;15040;Batas SLS;2025-08-03 14:48:31;2025-08-03 14:48:32;ITA JUWITA;https://wilkerstat.bps.go.id/api/landmark/91127768/photo
90972193;HRBYGN;BATAS 1 RT 002 RW 002  ( TOKO FAN JAYA);0006;RT 002 RW 002;3279010006;-7.373865;108.5402683;1.6119999885559;1;150;Batas Wilkerstat;15040;Batas SLS;2025-08-03 11:26:32;2025-08-03 11:26:36;ITA JUWITA;https://wilkerstat.bps.go.id/api/landmark/90972193/photo
91082600;HRIFOY;BATAS. RT 002 RW 002 ( RUKO KOSONG );0006;RT 002 RW 002;3279010006;-7.3732983;108.54154;1.6369999647141;1;150;Batas Wilkerstat;15040;Batas SLS;2025-08-03 13:52:11;2025-08-03 13:52:12;ITA JUWITA;https://wilkerstat.bps.go.id/api/landmark/91082600/photo
91084148;HRIHWM;BATAS  RT 002 RW 002  ( CAP ONTA );0006;RT 002 RW 002;3279010006;-7.3741267;108.5410383;1.4659999608994;1;150;Batas Wilkerstat;15040;Batas SLS;2025-08-03 13:54:23;2025-08-03 13:54:26;ITA JUWITA;https://wilkerstat.bps.go.id/api/landmark/91084148/photo
91118040;HRKGAA;BATAS  RT 002 RW 002 ( RUMSH IBU WATI );0006;RT 002 RW 002;3279010006;-7.3729967;108.5403917;1.6100000143051;1;150;Batas Wilkerstat;15040;Batas SLS;2025-08-03 14:37:09;2025-08-03 14:37:11;ITA JUWITA;https://wilkerstat.bps.go.id/api/landmark/91118040/photo
91118990;HRKHKO;BATAS.;0006;RT 002 RW 002;3279010006;-7.3729333;108.5404183;1.7869999408722;1;150;Batas Wilkerstat;15040;Batas SLS;2025-08-03 14:38:13;2025-08-03 14:38:14;ITA JUWITA;https://wilkerstat.bps.go.id/api/landmark/91118990/photo
91123749;HRKOLP;BATAS RT 002 RW 002. ( RUMAH IBU IIS ANA );0006;RT 002 RW 002;3279010006;-7.3731317;108.5406617;1.4459999799728;1;150;Batas Wilkerstat;15040;Batas SLS;2025-08-03 14:43:46;2025-08-03 14:43:48;ITA JUWITA;https://wilkerstat.bps.go.id/api/landmark/91123749/photo
91418508;HSBIMM;BATAS 1 RT 004 RW 018 ( KONTRAKAN);0075;RT 004 RW 018;3279010006;-7.3794525769705;108.52973118424;2.1199998855591;1;150;Batas Wilkerstat;15040;Batas SLS;2025-08-04 09:48:50;2025-08-04 09:48:53;Anis Sri Raras;https://wilkerstat.bps.go.id/api/landmark/91418508/photo
91423058;HSBPFM;BATAS 2 RT 004 RW 018 ( SELOKAN );0075;RT 004 RW 018;3279010006;-7.3799899;108.5294399;1.2660000324249;1;150;Batas Wilkerstat;15040;Batas SLS;2025-08-04 09:53:56;2025-08-04 09:53:59;Anis Sri Raras;https://wilkerstat.bps.go.id/api/landmark/91423058/photo
91428533;HSBXIB;BATAS 3 RT 004 RW 018 (SELOKAN/SAWAH);0075;RT 004 RW 018;3279010006;-7.3806238;108.5317999;1.5;1;150;Batas Wilkerstat;15040;Batas SLS;2025-08-04 09:59:40;2025-08-04 09:59:43;Anis Sri Raras;https://wilkerstat.bps.go.id/api/landmark/91428533/photo
91431841;HSCCFH;BATAS 4 RT 004 RW 018 ( SELOKAN );0075;RT 004 RW 018;3279010006;-7.3812267;108.53168;1.25;1;150;Batas Wilkerstat;15040;Batas SLS;2025-08-04 10:02:59;2025-08-04 10:03:01;Anis Sri Raras;https://wilkerstat.bps.go.id/api/landmark/91431841/photo
91433241;HSCEHD;BATAS 5 RT 004 RW 018 (SELOKAN);0075;RT 004 RW 018;3279010006;-7.3813731;108.5320896;1.2999999523163;1;150;Batas Wilkerstat;15040;Batas SLS;2025-08-04 10:04:25;2025-08-04 10:04:28;Anis Sri Raras;https://wilkerstat.bps.go.id/api/landmark/91433241/photo
91438031;HSCLJJ;BATAS 6 RT 004 RW 018 (JALAN BEKAS REL);0075;RT 004 RW 018;3279010006;-7.3802855;108.5325109;1.5;1;150;Batas Wilkerstat;15040;Batas SLS;2025-08-04 10:09:25;2025-08-04 10:09:29;Anis Sri Raras;https://wilkerstat.bps.go.id/api/landmark/91438031/photo
91439296;HSCNGA;BATAS 7 RT 004 RW 018 (RUMAH PAK DIDI );0075;RT 004 RW 018;3279010006;-7.3802516;108.5322833;1.3999999761581;1;150;Batas Wilkerstat;15040;Batas SLS;2025-08-04 10:10:45;2025-08-04 10:10:48;Anis Sri Raras;https://wilkerstat.bps.go.id/api/landmark/91439296/photo
91442319;HSCRSH;BATAS 8 RT 004 RW 018 (GANG KECIL);0075;RT 004 RW 018;3279010006;-7.3800367;108.5323417;1.7000000476837;1;150;Batas Wilkerstat;15040;Batas SLS;2025-08-04 10:13:48;2025-08-04 10:13:51;Anis Sri Raras;https://wilkerstat.bps.go.id/api/landmark/91442319/photo
91211571;HRPOJJ;BATAS 4 RT 006 RW 011 ( BANGUNAN KOSONG);0047;RT 006 RW 011;3279010006;-7.376102635544;108.53957723826;2.0950000286102;1;150;Batas Wilkerstat;15040;Batas SLS;2025-08-03 16:18:06;2025-08-03 16:18:08;Anih Setianih;https://wilkerstat.bps.go.id/api/landmark/91211571/photo
91228029;HRQMSJ;BATAS 3 RT 006 RW 011 ( RUMAH BAPAK AGUS HERMAWAN);0047;RT 006 RW 011;3279010006;-7.3762617;108.537895;1.5;1;150;Batas Wilkerstat;15040;Batas SLS;2025-08-03 16:33:57;2025-08-03 16:33:59;Anih Setianih;https://wilkerstat.bps.go.id/api/landmark/91228029/photo
91239735;HRREAP;BATAS 2 RT 006 RW 011 ( RUMAH IBU HENI ROHAENI);0047;RT 006 RW 011;3279010006;-7.376541537502;108.53786397725;1.2999999523163;1;150;Batas Wilkerstat;15040;Batas SLS;2025-08-03 16:45:27;2025-08-03 16:45:29;Anih Setianih;https://wilkerstat.bps.go.id/api/landmark/91239735/photo
91261896;HRSKUY;BATAS 5 RT 006 RW 011 ( GUDANG US);0047;RT 006 RW 011;3279010006;-7.3759583;108.5353667;1.4259999990463;1;150;Batas Wilkerstat;15040;Batas SLS;2025-08-03 17:06:59;2025-08-03 17:07:01;Anih Setianih;https://wilkerstat.bps.go.id/api/landmark/91261896/photo
91269314;HRSVUG;BATAS 1 RT 006 RW 011 ( GUDANG US);0047;RT 006 RW 011;3279010006;-7.3762245;108.5356205;1.7000000476837;1;150;Batas Wilkerstat;15040;Batas SLS;2025-08-03 17:15:02;2025-08-03 17:15:05;Anih Setianih;https://wilkerstat.bps.go.id/api/landmark/91269314/photo
90058530;HPBYRQ;BATAS RT.02 RW.01 (RUMAH IBU DEDE YULIANA);0002;RT 002 RW 001;3279010007;-7.3577474992763;108.48790884018;1.8329999446869;1;150;Batas Wilkerstat;15040;Batas SLS;2025-08-01 15:00:18;2025-08-01 15:00:25;Asep Radiana;https://wilkerstat.bps.go.id/api/landmark/90058530/photo
90315333;HPQOOR;BATAS RT.002 RW.001 (SELOKAN/RUMAH PK YAYA SUTARJAN);0002;RT 002 RW 001;3279010007;-7.3579696195216;108.49004957825;1.3999999761581;1;150;Batas Wilkerstat;15040;Batas SLS;2025-08-02 10:26:29;2025-08-02 10:26:33;Asep Radiana;https://wilkerstat.bps.go.id/api/landmark/90315333/photo
90322855;HPQZRZ;BATAS RT.002 RW.001 (RUMAH BAPAK ARLAN);0002;RT 002 RW 001;3279010007;-7.35834;108.4886217;1.3159999847412;1;150;Batas Wilkerstat;15040;Batas SLS;2025-08-02 10:33:04;2025-08-02 10:33:07;Asep Radiana;https://wilkerstat.bps.go.id/api/landmark/90322855/photo
90329499;HPRJNN;BATAS RT.02 RW.01 ( SELOKAN );0002;RT 002 RW 001;3279010007;-7.35695;108.487735;1.4659999608994;1;150;Batas Wilkerstat;15040;Batas SLS;2025-08-02 10:38:46;2025-08-02 10:38:52;Asep Radiana;https://wilkerstat.bps.go.id/api/landmark/90329499/photo
90377965;HPUDFP;BATAS RT.002 RW.001  (KOMPLEK MAKAM DALEM);0002;RT 002 RW 001;3279010007;-7.3553867;108.4879733;1.5;1;150;Batas Wilkerstat;15040;Batas SLS;2025-08-02 11:23:15;2025-08-02 11:23:19;Asep Radiana;https://wilkerstat.bps.go.id/api/landmark/90377965/photo
90002929;HOYULD;BATAS RT.001 RW.001 (SELOKAN/KEBUN PEPAYA);0001;RT 001 RW 001;3279010007;-7.358454759012;108.48870713264;1.539999961853;1;150;Batas Wilkerstat;15040;Batas SLS;2025-08-01 13:26:18;2025-08-01 13:26:21;Asep Radiana;https://wilkerstat.bps.go.id/api/landmark/90002929/photo
90010456;HOZFOQ;BATAS RT.001 RW.001 (KEBUN ALBASIAH);0001;RT 001 RW 001;3279010007;-7.361895277241;108.4895292297;1.7999999523163;1;150;Batas Wilkerstat;15040;Batas SLS;2025-08-01 13:42:27;2025-08-01 13:42:30;Asep Radiana;https://wilkerstat.bps.go.id/api/landmark/90010456/photo
90014324;HOZLHK;BATAS RT.001 RW.001 (SELOKAN/SAWAH);0001;RT 001 RW 001;3279010007;-7.3601267;108.4904783;1.5329999923706;1;150;Batas Wilkerstat;15040;Batas SLS;2025-08-01 13:49:41;2025-08-01 13:49:45;Asep Radiana;https://wilkerstat.bps.go.id/api/landmark/90014324/photo
90046575;HPBGZV;BATAS RT.001 RW.001 (TUGU BANTENG);0001;RT 001 RW 001;3279010007;-7.3604601517835;108.48791889846;1.6599999666214;1;150;Batas Wilkerstat;15040;Batas SLS;2025-08-01 14:41:23;2025-08-01 14:41:26;Asep Radiana;https://wilkerstat.bps.go.id/api/landmark/90046575/photo
90053239;HPBQWD;BATAS RT.001 RW.001 (POS RONDA);0001;RT 001 RW 001;3279010007;-7.3579081041953;108.487810269;1.539999961853;1;150;Batas Wilkerstat;15040;Batas SLS;2025-08-01 14:52:08;2025-08-01 14:52:11;Asep Radiana;https://wilkerstat.bps.go.id/api/landmark/90053239/photo
90475739;HPZRWD;BATAS RT.003 RW.001 (BATAS TUGU JAJAWAR KULON);0003;RT 003 RW 001;3279010007;-7.3570383;108.484575;1.7599999904633;1;150;Batas Wilkerstat;15040;Batas SLS;2025-08-02 13:27:46;2025-08-02 13:27:52;Asep Radiana;https://wilkerstat.bps.go.id/api/landmark/90475739/photo
90487931;HQAJXB;BATAS RT.003 RW.001 (SELOKAN);0003;RT 003 RW 001;3279010007;-7.3570785;108.4880921;1.6000000238419;1;150;Batas Wilkerstat;15040;Batas SLS;2025-08-02 13:44:42;2025-08-02 13:44:46;Asep Radiana;https://wilkerstat.bps.go.id/api/landmark/90487931/photo
90495165;HQAUPH;BATAS RT.003 RW.001 (BATAS TUGU SELAMAT DATANG DS.CIBEUREUM);0003;RT 003 RW 001;3279010007;-7.3602983;108.48787;1.6799999475479;1;150;Batas Wilkerstat;15040;Batas SLS;2025-08-02 13:53:39;2025-08-02 13:53:44;Asep Radiana;https://wilkerstat.bps.go.id/api/landmark/90495165/photo
90524549;HQCMBL;BATAS RT.003 RW.001 (CITANDUY/SASAK GANTUNG);0003;RT 003 RW 001;3279010007;-7.3550878;108.4865351;1.6399999856949;1;150;Batas Wilkerstat;15040;Batas SLS;2025-08-02 14:28:06;2025-08-02 14:28:18;Asep Radiana;https://wilkerstat.bps.go.id/api/landmark/90524549/photo
90897635;HQXRYX;BATAS RT.004 RW.001 (SELOKAN/TOKO MATRIAL AWA);0004;RT 004 RW 001;3279010007;-7.3568832;108.4895764;1.7000000476837;1;150;Batas Wilkerstat;15040;Batas SLS;2025-08-03 10:18:53;2025-08-03 10:18:57;Asep Radiana;https://wilkerstat.bps.go.id/api/landmark/90897635/photo
90965197;HRBNXL;BATAS RT.004 RW.001 (TUGU BATAS/MAKAM);0004;RT 004 RW 001;3279010007;-7.3528606;108.4890525;1.5199999809265;1;150;Batas Wilkerstat;15040;Batas SLS;2025-08-03 11:19:56;2025-08-03 11:19:59;Asep Radiana;https://wilkerstat.bps.go.id/api/landmark/90965197/photo
91190742;HROJOG;BATAS RT.004 RW.001 (JALAN DESA);0004;RT 004 RW 001;3279010007;-7.3542982;108.4896659;3.2599999904633;1;150;Batas Wilkerstat;15040;Batas SLS;2025-08-03 15:57:23;2025-08-03 15:57:26;Asep Radiana;https://wilkerstat.bps.go.id/api/landmark/91190742/photo
91046032;HRGDMM;BATAS RT.005 RW.001 (PEMAKAMAN);0005;RT 005 RW 001;3279010007;-7.3527153;108.4894059;1.5329999923706;1;150;Batas Wilkerstat;15040;Batas SLS;2025-08-03 12:59:49;2025-08-03 12:59:53;Asep Radiana;https://wilkerstat.bps.go.id/api/landmark/91046032/photo
91111596;HRJWME;BATAS RT.005 RW.001 (RUMAH...);0005;RT 005 RW 001;3279010007;-7.3576494072164;108.49143158644;1.5;1;150;Batas Wilkerstat;15040;Batas SLS;2025-08-03 14:29:41;2025-08-03 14:29:44;Asep Radiana;https://wilkerstat.bps.go.id/api/landmark/91111596/photo
91116494;HRKDSO;BATAS RT.005 RW.001 (JALAN KIP/SELOKAN);0005;RT 005 RW 001;3279010007;-7.3585983;108.491115;1.5;1;150;Batas Wilkerstat;15040;Batas SLS;2025-08-03 14:35:20;2025-08-03 14:35:24;Asep Radiana;https://wilkerstat.bps.go.id/api/landmark/91116494/photo
91130629;HRKYQF;BATAS RT.005 RW.001 (SELOKAN/JALAN RAYA);0005;RT 005 RW 001;3279010007;-7.3567858636384;108.48979309201;1.5;1;150;Batas Wilkerstat;15040;Batas SLS;2025-08-03 14:51:57;2025-08-03 14:52:01;Asep Radiana;https://wilkerstat.bps.go.id/api/landmark/91130629/photo
91461221;HSDTRH;BATAS RT.006 RW.002 ( RUMAH BAPAK PARMIN );0006;RT 006 RW 002;3279010007;-7.3578283;108.4928883;1.5499999523163;1;150;Batas Wilkerstat;15040;Batas SLS;2025-08-04 10:33:07;2025-08-04 10:33:10;Asep Radiana;https://wilkerstat.bps.go.id/api/landmark/91461221/photo
91456995;HSDNKT;BATAS RT.007 RW.02 ( RUMAH BAPAK DARNO );0007;RT 007 RW 002;3279010007;-7.3578864907003;108.49281292409;2;1;150;Batas Wilkerstat;15040;Batas SLS;2025-08-04 10:28:55;2025-08-04 10:28:59;Asep Radiana;https://wilkerstat.bps.go.id/api/landmark/91456995/photo
90298585;HPPPUN;RUMAH IBU SRI YATI;0012;RT 012 RW 005;3279020001;-7.3590162;108.5296557;4.8850002288818;1;150;Batas Wilkerstat;15040;Batas SLS;2025-08-02 10:10:49;2025-08-02 10:11:01;DELIS KUSWANTI;https://wilkerstat.bps.go.id/api/landmark/90298585/photo
90299700;HPPRLK;RUMAH IBU SRI YATI;0012;RT 012 RW 005;3279020001;-7.3590162;108.5296557;4.8850002288818;1;150;Batas Wilkerstat;15040;Batas SLS;2025-08-02 10:11:19;2025-08-02 10:12:00;DELIS KUSWANTI;https://wilkerstat.bps.go.id/api/landmark/90299700/photo
90300220;HPPSFK;RUMAH IBU SRI YATI;0012;RT 012 RW 005;3279020001;-7.3590162;108.5296557;4.8850002288818;1;150;Batas Wilkerstat;15040;Batas SLS;2025-08-02 10:11:43;2025-08-02 10:12:25;DELIS KUSWANTI;https://wilkerstat.bps.go.id/api/landmark/90300220/photo
90300260;HPPSGY;RUMAH IBU SRI YATI;0012;RT 012 RW 005;3279020001;-7.3590162;108.5296557;4.8850002288818;1;150;Batas Wilkerstat;15040;Batas SLS;2025-08-02 10:12:07;2025-08-02 10:12:27;DELIS KUSWANTI;https://wilkerstat.bps.go.id/api/landmark/90300260/photo
90867479;HQVZJB;BATAS 2;0026;RT 026 RW 012;3279020001;-7.3542222;108.5424396;3.8090000152588;1;150;Batas Wilkerstat;15040;Batas SLS;2025-08-03 09:51:02;2025-08-03 09:51:02;Ana Yulia;https://wilkerstat.bps.go.id/api/landmark/90867479/photo
90869517;HQWCJL;BATAS 2;0026;RT 026 RW 012;3279020001;-7.3542195;108.5420248;3.4649999141693;1;150;Batas Wilkerstat;15040;Batas SLS;2025-08-03 09:53:05;2025-08-03 09:53:05;Ana Yulia;https://wilkerstat.bps.go.id/api/landmark/90869517/photo
90878528;HQWPSA;BATAS 2 (RT 035;0026;RT 026 RW 012;3279020001;-7.3533606016525;108.54373399168;3.805999994278;1;150;Batas Wilkerstat;15040;Batas SLS;2025-08-03 10:01:55;2025-08-03 10:01:56;Ana Yulia;https://wilkerstat.bps.go.id/api/landmark/90878528/photo
90073600;HPCUZG;KEBUN DEKAT CITANDUY;0028;RT 028 RW 013;3279020001;-7.3614616;108.5420108;4.6209998130798;1;150;Batas Wilkerstat;15040;Batas SLS;2025-08-01 15:22:57;2025-08-01 15:23:03;Ana Yulia;https://wilkerstat.bps.go.id/api/landmark/90073600/photo
90074818;HPCWUC;POHON;0028;RT 028 RW 013;3279020001;-7.361547;108.5419756;4.6199998855591;1;150;Batas Wilkerstat;15040;Batas SLS;2025-08-01 15:24:45;2025-08-01 15:24:45;Ana Yulia;https://wilkerstat.bps.go.id/api/landmark/90074818/photo
90076356;HPCZBG;CITANDUY;0028;RT 028 RW 013;3279020001;-7.3614837;108.5417707;4.8880000114441;1;150;Batas Wilkerstat;15040;Batas SLS;2025-08-01 15:26:57;2025-08-01 15:26:56;Ana Yulia;https://wilkerstat.bps.go.id/api/landmark/90076356/photo
90081351;HPDGLJ;BATAS 2 GANG SENTRA RANGINANG;0013;RT 013 RW 006;3279020001;-7.3595693475245;108.53614065796;4.0700001716614;1;150;Batas Wilkerstat;15040;Batas SLS;2025-08-01 15:34:40;2025-08-01 15:34:42;DELIS KUSWANTI;https://wilkerstat.bps.go.id/api/landmark/90081351/photo
90084604;HPDLGM;BATAS 4 KOLAM IKAN DEKAT POSKAMLING;0013;RT 013 RW 006;3279020001;-7.3588358209127;108.53596061468;5.7459998130798;1;150;Batas Wilkerstat;15040;Batas SLS;2025-08-01 15:39:51;2025-08-01 15:39:53;DELIS KUSWANTI;https://wilkerstat.bps.go.id/api/landmark/90084604/photo
90086457;HPDNZT;BATAS 5 UJUNG  KOLAM IKAN DEKAT SAWAH;0013;RT 013 RW 006;3279020001;-7.3585910900961;108.53596799076;5.9990000724792;1;150;Batas Wilkerstat;15040;Batas SLS;2025-08-01 15:42:38;2025-08-01 15:42:39;DELIS KUSWANTI;https://wilkerstat.bps.go.id/api/landmark/90086457/photo
90087754;HPDPXQ;BATAS 3 RUMAH BAPAH HAJI SARLI;0013;RT 013 RW 006;3279020001;-7.358925599847;108.53614199907;5.9840002059937;1;150;Batas Wilkerstat;15040;Batas SLS;2025-08-01 15:37:54;2025-08-01 15:44:39;DELIS KUSWANTI;https://wilkerstat.bps.go.id/api/landmark/90087754/photo
91300822;HRUQKC;BATAS 1 LAMPU MERAH JEMBATAN BARU;0013;RT 013 RW 006;3279020001;-7.359572007637;108.53459168226;4.0599999427795;1;150;Batas Wilkerstat;15040;Batas SLS;2025-08-01 15:49:25;2025-08-03 18:14:53;DELIS KUSWANTI;https://wilkerstat.bps.go.id/api/landmark/91300822/photo
91301597;HRURNX;BATAS 6 JALAN TANGGA TURUN BELAKANG RUMAH  IBU UUM;0013;RT 013 RW 006;3279020001;-7.3586073833204;108.53509392589;3.789999961853;1;150;Batas Wilkerstat;15040;Batas SLS;2025-08-03 10:30:31;2025-08-03 18:18:30;DELIS KUSWANTI;https://wilkerstat.bps.go.id/api/landmark/91301597/photo
91307161;HRUZTX;BATAS 1 SUNGAI CITANDUY;0014;RT 014 RW 006;3279020001;-7.3599703592936;108.53323381394;4.7930002212524;1;150;Batas Wilkerstat;15040;Batas SLS;2025-08-03 12:20:09;2025-08-03 18:53:34;DELIS KUSWANTI;https://wilkerstat.bps.go.id/api/landmark/91307161/photo
91307244;HRUZXC;BATAS 2 JEMBATAN BARU TERMINAL;0014;RT 014 RW 006;3279020001;-7.3602613087333;108.53415749967;3.9969999790192;1;150;Batas Wilkerstat;15040;Batas SLS;2025-08-03 10:22:28;2025-08-03 18:54:24;DELIS KUSWANTI;https://wilkerstat.bps.go.id/api/landmark/91307244/photo
91307367;HRVABV;BATAS 3 LAMPU MERAH JEMBATAN BARU;0014;RT 014 RW 006;3279020001;-7.3595184728712;108.53461146355;5.4699997901917;1;150;Batas Wilkerstat;15040;Batas SLS;2025-08-03 11:46:51;2025-08-03 18:55:18;DELIS KUSWANTI;https://wilkerstat.bps.go.id/api/landmark/91307367/photo
91307426;HRVAEC;BATAS 4 SAMPING RUMAH BAPAK  DAHMAN;0014;RT 014 RW 006;3279020001;-7.3585870999186;108.53506810963;4.4730000495911;1;150;Batas Wilkerstat;15040;Batas SLS;2025-08-03 10:32:56;2025-08-03 18:55:49;DELIS KUSWANTI;https://wilkerstat.bps.go.id/api/landmark/91307426/photo
91307559;HRVAJF;BATAS 5 BES DEKAT RUMAH IBU NOVIYANTI;0014;RT 014 RW 006;3279020001;-7.3576420918755;108.53616144508;5.826000213623;1;150;Batas Wilkerstat;15040;Batas SLS;2025-08-03 10:35:40;2025-08-03 18:56:47;DELIS KUSWANTI;https://wilkerstat.bps.go.id/api/landmark/91307559/photo
91307627;HRVALV;BATAS 6 JALAN KE PERUM GBR;0014;RT 014 RW 006;3279020001;-7.355776010969;108.53399388492;3.9260001182556;1;150;Batas Wilkerstat;15040;Batas SLS;2025-08-03 10:40:23;2025-08-03 18:57:14;DELIS KUSWANTI;https://wilkerstat.bps.go.id/api/landmark/91307627/photo
91440761;HSCPKJ;BATAS;0015;RT 015 RW 007;3279020001;-7.3595886;108.5381843;4.5809998512268;1;150;Batas Wilkerstat;15040;Batas SLS;2025-08-04 10:12:13;2025-08-04 10:12:15;DELIS KUSWANTI;https://wilkerstat.bps.go.id/api/landmark/91440761/photo
91451132;HSDETG;BATAS CITANDUY;0015;RT 015 RW 007;3279020001;-7.3606097;108.5381566;4.5960001945496;1;150;Batas Wilkerstat;15040;Batas SLS;2025-08-04 10:23:00;2025-08-04 10:23:02;DELIS KUSWANTI;https://wilkerstat.bps.go.id/api/landmark/91451132/photo
91444302;HSCUQO;BATAS;0016;RT 016 RW 007;3279020001;-7.3595976;108.5381571;3.789999961853;1;150;Batas Wilkerstat;15040;Batas SLS;2025-08-04 10:15:54;2025-08-04 10:15:56;DELIS KUSWANTI;https://wilkerstat.bps.go.id/api/landmark/91444302/photo
90948994;HRAPYG;RUMAH TEH IYET;0045;RT 033 RW 016;3279020001;-7.3560204;108.5468495;3.9690001010895;1;150;Batas Wilkerstat;15040;Batas SLS;2025-08-03 11:05:21;2025-08-03 11:05:22;Ana Yulia;https://wilkerstat.bps.go.id/api/landmark/90948994/photo
90954028;HRAXJW;BAYAS RT 36 GERBANG;0045;RT 033 RW 016;3279020001;-7.3562397;108.5470674;4.8559999465942;1;150;Batas Wilkerstat;15040;Batas SLS;2025-08-03 11:09:44;2025-08-03 11:09:43;Ana Yulia;https://wilkerstat.bps.go.id/api/landmark/90954028/photo
90965749;HRBOSR;RUMAH;0045;RT 033 RW 016;3279020001;-7.3560306;108.5462562;3.789999961853;1;150;Batas Wilkerstat;15040;Batas SLS;2025-08-03 11:20:35;2025-08-03 11:20:34;Ana Yulia;https://wilkerstat.bps.go.id/api/landmark/90965749/photo
90979491;HRCJBF;BATA KARPAN;0045;RT 033 RW 016;3279020001;-7.3560493397747;108.54736436158;4.1220002174377;1;150;Batas Wilkerstat;15040;Batas SLS;2025-08-03 11:13:15;2025-08-03 11:33:34;Ana Yulia;https://wilkerstat.bps.go.id/api/landmark/90979491/photo
90943349;HRAHPD;BATAS 35;0046;RT 034 RW 016;3279020001;-7.3551681;108.5469607;3.6419999599457;1;150;Batas Wilkerstat;15040;Batas SLS;2025-08-03 10:59:51;2025-08-03 10:59:51;Ana Yulia;https://wilkerstat.bps.go.id/api/landmark/90943349/photo
90947856;HRAOGM;RUMAH TEH IYET;0046;RT 034 RW 016;3279020001;-7.3560306;108.5468727;4.1119999885559;1;150;Batas Wilkerstat;15040;Batas SLS;2025-08-03 11:04:15;2025-08-03 11:04:16;Ana Yulia;https://wilkerstat.bps.go.id/api/landmark/90947856/photo
90964815;HRBNIT;RUMAH IPAN;0046;RT 034 RW 016;3279020001;-7.356053;108.5462471;3.7690000534058;1;150;Batas Wilkerstat;15040;Batas SLS;2025-08-03 11:19:36;2025-08-03 11:19:36;Ana Yulia;https://wilkerstat.bps.go.id/api/landmark/90964815/photo
90969361;HRBUBP;PERTIGAAN SELOKAM;0046;RT 034 RW 016;3279020001;-7.354891;108.5460995;4.7740001678467;1;150;Batas Wilkerstat;15040;Batas SLS;2025-08-03 11:24:03;2025-08-03 11:24:03;Ana Yulia;https://wilkerstat.bps.go.id/api/landmark/90969361/photo
90860871;HQVPOX;BATAS 1;0047;RT 035 RW 016;3279020001;-7.3551362;108.5435705;4.7550001144409;1;150;Batas Wilkerstat;15040;Batas SLS;2025-08-03 09:45:02;2025-08-03 09:45:02;Ana Yulia;https://wilkerstat.bps.go.id/api/landmark/90860871/photo
90879490;HQWRDA;BATAS RT 27;0047;RT 035 RW 016;3279020001;-7.3535442;108.543677;3.789999961853;1;150;Batas Wilkerstat;15040;Batas SLS;2025-08-03 10:02:43;2025-08-03 10:02:43;Ana Yulia;https://wilkerstat.bps.go.id/api/landmark/90879490/photo
90880842;HQWTDA;BATAS;0047;RT 035 RW 016;3279020001;-7.3535384;108.5436897;3.0120000839233;1;150;Batas Wilkerstat;15040;Batas SLS;2025-08-03 10:03:46;2025-08-03 10:03:46;Ana Yulia;https://wilkerstat.bps.go.id/api/landmark/90880842/photo
90888288;HQXEDK;BATAS BATALYON;0047;RT 035 RW 016;3279020001;-7.3534469;108.5444565;4.0910000801086;1;150;Batas Wilkerstat;15040;Batas SLS;2025-08-03 10:10:22;2025-08-03 10:10:23;Ana Yulia;https://wilkerstat.bps.go.id/api/landmark/90888288/photo
90892863;HQXKXJ;BATAS;0047;RT 035 RW 016;3279020001;-7.353185;108.5442142;3.7290000915527;1;150;Batas Wilkerstat;15040;Batas SLS;2025-08-03 10:14:32;2025-08-03 10:14:32;Ana Yulia;https://wilkerstat.bps.go.id/api/landmark/90892863/photo
90916854;HQYUKC;BATAS 35;0047;RT 035 RW 016;3279020001;-7.353146;108.5471614;3.4969999790192;1;150;Batas Wilkerstat;15040;Batas SLS;2025-08-03 10:36:10;2025-08-03 10:36:11;Ana Yulia;https://wilkerstat.bps.go.id/api/landmark/90916854/photo
90918973;HQYXNP;BATAS BATLYON 2;0047;RT 035 RW 016;3279020001;-7.3530648;108.5469915;3.7969999313354;1;150;Batas Wilkerstat;15040;Batas SLS;2025-08-03 10:38:17;2025-08-03 10:38:17;Ana Yulia;https://wilkerstat.bps.go.id/api/landmark/90918973/photo
90927792;HQZKOU;BATAS RUMAH DEDE JUMAD;0047;RT 035 RW 016;3279020001;-7.3544612;108.5469819;4.8590002059937;1;150;Batas Wilkerstat;15040;Batas SLS;2025-08-03 10:46:03;2025-08-03 10:46:04;Ana Yulia;https://wilkerstat.bps.go.id/api/landmark/90927792/photo
90936632;HQZXQU;TUMAH KOSONG;0047;RT 035 RW 016;3279020001;-7.3546911;108.5468519;3;1;150;Batas Wilkerstat;15040;Batas SLS;2025-08-03 10:53:43;2025-08-03 10:53:43;Ana Yulia;https://wilkerstat.bps.go.id/api/landmark/90936632/photo
90941060;HRAEFC;BTAS RW;0047;RT 035 RW 016;3279020001;-7.3551433;108.5469719;4.7360000610352;1;150;Batas Wilkerstat;15040;Batas SLS;2025-08-03 10:57:53;2025-08-03 10:57:53;Ana Yulia;https://wilkerstat.bps.go.id/api/landmark/90941060/photo
90970110;HRBVEK;RT 35;0047;RT 035 RW 016;3279020001;-7.3548866;108.5461083;3.9839999675751;1;150;Batas Wilkerstat;15040;Batas SLS;2025-08-03 11:24:41;2025-08-03 11:24:41;Ana Yulia;https://wilkerstat.bps.go.id/api/landmark/90970110/photo
90920554;HQYZWK;BATAS 35;0048;RT 036 RW 017;3279020001;-7.35308;108.5471396;4.9190001487732;1;150;Batas Wilkerstat;15040;Batas SLS;2025-08-03 10:39:44;2025-08-03 10:39:44;Ana Yulia;https://wilkerstat.bps.go.id/api/landmark/90920554/photo
90922274;HQZCKO;BATAS 35;0048;RT 036 RW 017;3279020001;-7.353312;108.5473167;4.7140002250671;1;150;Batas Wilkerstat;15040;Batas SLS;2025-08-03 10:41:22;2025-08-03 10:41:22;Ana Yulia;https://wilkerstat.bps.go.id/api/landmark/90922274/photo
90928639;HQZLVJ;BATAS DEDE JUMAD;0048;RT 036 RW 017;3279020001;-7.3544376;108.5470469;7.4450001716614;1;150;Batas Wilkerstat;15040;Batas SLS;2025-08-03 10:46:48;2025-08-03 10:46:48;Ana Yulia;https://wilkerstat.bps.go.id/api/landmark/90928639/photo
90938233;HRAAAJ;BATAS RT 36;0048;RT 036 RW 017;3279020001;-7.3546715;108.5468343;4.6180000305176;1;150;Batas Wilkerstat;15040;Batas SLS;2025-08-03 10:55:17;2025-08-03 10:55:16;Ana Yulia;https://wilkerstat.bps.go.id/api/landmark/90938233/photo
90941925;HRAFMJ;BATAS RT 35 JEMBATAN;0048;RT 036 RW 017;3279020001;-7.3551589;108.5469517;3.789999961853;1;150;Batas Wilkerstat;15040;Batas SLS;2025-08-03 10:58:37;2025-08-03 10:58:38;Ana Yulia;https://wilkerstat.bps.go.id/api/landmark/90941925/photo
90947107;HRANDR;RUMAH TEH IYET;0048;RT 036 RW 017;3279020001;-7.3560399;108.5468942;4.7880001068115;1;150;Batas Wilkerstat;15040;Batas SLS;2025-08-03 11:03:26;2025-08-03 11:03:26;Ana Yulia;https://wilkerstat.bps.go.id/api/landmark/90947107/photo
90959376;HRBFHO;BATAS KARPAM;0048;RT 036 RW 017;3279020001;-7.3560488;108.5473437;3.3259999752045;1;150;Batas Wilkerstat;15040;Batas SLS;2025-08-03 11:14:41;2025-08-03 11:14:41;Ana Yulia;https://wilkerstat.bps.go.id/api/landmark/90959376/photo
90684394;HQLONI;BATAS RT 001 RW 001 KEBON JATI;0001;RT 001 RW 001;3279020002;-7.3601968011026;108.54567624629;1.2999999523163;1;150;Batas Wilkerstat;15040;Batas SLS;2025-08-02 17:03:37;2025-08-02 17:03:39;Eet kusyati;https://wilkerstat.bps.go.id/api/landmark/90684394/photo
90687232;HQLSSM;BATAS RT 001 RW 001 SDN 2 KARANGPANIMBAL;0001;RT 001 RW 001;3279020002;-7.3597455799387;108.54479916394;7.4400000572205;1;150;Batas Wilkerstat;15040;Batas SLS;2025-08-02 17:06:14;2025-08-02 17:06:17;Eet kusyati;https://wilkerstat.bps.go.id/api/landmark/90687232/photo
90695423;HQMEVN;BATAS RT 001 RW 001 KEBON ALBASI SAMPING KUA;0001;RT 001 RW 001;3279020002;-7.3569022442725;108.54659758508;4.6700000762939;1;150;Batas Wilkerstat;15040;Batas SLS;2025-08-02 17:13:53;2025-08-02 17:13:55;Eet kusyati;https://wilkerstat.bps.go.id/api/landmark/90695423/photo
90048732;HPBKEU;BANGUNAN  KOSONG;0016;RT 016 RW 007;3279020002;-7.3659120077668;108.54338698089;8.2180004119873;1;150;Batas Wilkerstat;15040;Batas SLS;2025-08-01 14:44:46;2025-08-01 14:44:47;Eti hendayati;https://wilkerstat.bps.go.id/api/landmark/90048732/photo
90055460;HPBUDO;KEBUN BAPA JOUIS;0016;RT 016 RW 007;3279020002;-7.3660263909508;108.54313518852;6.9679999351501;1;150;Batas Wilkerstat;15040;Batas SLS;2025-08-01 14:55:20;2025-08-01 14:55:22;Eti hendayati;https://wilkerstat.bps.go.id/api/landmark/90055460/photo
90057233;HPBWTT;KEBUN PA H .AJAT;0016;RT 016 RW 007;3279020002;-7.3659691993625;108.54298163205;5.2080001831055;1;150;Batas Wilkerstat;15040;Batas SLS;2025-08-01 14:58:04;2025-08-01 14:58:06;Eti hendayati;https://wilkerstat.bps.go.id/api/landmark/90057233/photo
90059293;HPBZUZ;POSRONDA;0016;RT 016 RW 007;3279020002;-7.3658445083741;108.5427268222;6.201000213623;1;150;Batas Wilkerstat;15040;Batas SLS;2025-08-01 15:01:25;2025-08-01 15:01:27;Eti hendayati;https://wilkerstat.bps.go.id/api/landmark/90059293/photo
90062310;HPCEHA;BANGUNAN  KOSONG ALMARHUM BAPA KELLY;0016;RT 016 RW 007;3279020002;-7.3663412770636;108.54216456413;15.512999534607;1;150;Batas Wilkerstat;15040;Batas SLS;2025-08-01 15:05:57;2025-08-01 15:05:59;Eti hendayati;https://wilkerstat.bps.go.id/api/landmark/90062310/photo
90066055;HPCJVB;RACHMA LAUNDRY;0016;RT 016 RW 007;3279020002;-7.3667638957714;108.54245558381;10.758999824524;1;150;Batas Wilkerstat;15040;Batas SLS;2025-08-01 15:11:53;2025-08-01 15:11:55;Eti hendayati;https://wilkerstat.bps.go.id/api/landmark/90066055/photo
90678589;HQLFYB;TAHU BUNGSENG;0017;RT 017 RW 007;3279020002;-7.3683427;108.5452942;3.2160000801086;1;150;Batas Wilkerstat;15040;Batas SLS;2025-08-02 16:58:28;2025-08-02 16:58:30;Eti hendayati;https://wilkerstat.bps.go.id/api/landmark/90678589/photo
90680717;HQLJBX;BENTENG TAHU BUNGSENG;0017;RT 017 RW 007;3279020002;-7.3683451;108.5451178;8.7840003967285;1;150;Batas Wilkerstat;15040;Batas SLS;2025-08-02 17:00:20;2025-08-02 17:00:22;Eti hendayati;https://wilkerstat.bps.go.id/api/landmark/90680717/photo
90686395;HQLRMH;BELOKAN CISERO;0017;RT 017 RW 007;3279020002;-7.3668797;108.5452076;4.3579998016357;1;150;Batas Wilkerstat;15040;Batas SLS;2025-08-02 17:05:30;2025-08-02 17:05:32;Eti hendayati;https://wilkerstat.bps.go.id/api/landmark/90686395/photo
90721820;HQNRWU;BENTENG SUNGAI;0017;RT 017 RW 007;3279020002;-7.3680522;108.5424363;4.3150000572205;1;150;Batas Wilkerstat;15040;Batas SLS;2025-08-02 17:43:30;2025-08-02 17:43:32;Eti hendayati;https://wilkerstat.bps.go.id/api/landmark/90721820/photo
90915358;HQYSEO;PAGAR SPBU;0017;RT 017 RW 007;3279020002;-7.3664867;108.5442897;5.8810000419617;1;150;Batas Wilkerstat;15040;Batas SLS;2025-08-03 10:34:38;2025-08-03 10:34:43;Eti hendayati;https://wilkerstat.bps.go.id/api/landmark/90915358/photo
90918276;HQYWMU;PERHUTANI;0017;RT 017 RW 007;3279020002;-7.3664413;108.5442677;4.414999961853;1;150;Batas Wilkerstat;15040;Batas SLS;2025-08-03 10:37:33;2025-08-03 10:37:36;Eti hendayati;https://wilkerstat.bps.go.id/api/landmark/90918276/photo
90928578;HQZLTA;BANGUNAN POS PJR;0017;RT 017 RW 007;3279020002;-7.3655115;108.5433034;5.3600001335144;1;150;Batas Wilkerstat;15040;Batas SLS;2025-08-03 10:46:43;2025-08-03 10:46:46;Eti hendayati;https://wilkerstat.bps.go.id/api/landmark/90928578/photo
90931922;HQZQRQ;BANGUNAN POS PJR;0017;RT 017 RW 007;3279020002;-7.3655261;108.543427;9.6479997634888;1;150;Batas Wilkerstat;15040;Batas SLS;2025-08-03 10:49:42;2025-08-03 10:49:45;Eti hendayati;https://wilkerstat.bps.go.id/api/landmark/90931922/photo
90300042;HPPRYO;PERHUTANI;0018;RT 018 RW 008;3279020002;-7.3683586044331;108.54539293796;14.894000053406;1;150;Batas Wilkerstat;15040;Batas SLS;2025-08-02 10:12:12;2025-08-02 10:12:17;Eti hendayati;https://wilkerstat.bps.go.id/api/landmark/90300042/photo
90305061;HPPZJP;PERHUTANI;0018;RT 018 RW 008;3279020002;-7.3683546143435;108.54584790766;5.8049998283386;1;150;Batas Wilkerstat;15040;Batas SLS;2025-08-02 10:16:41;2025-08-02 10:16:57;Eti hendayati;https://wilkerstat.bps.go.id/api/landmark/90305061/photo
90318922;HPQTWS;RUMAH BP SAMSUL;0018;RT 018 RW 008;3279020002;-7.3681434720524;108.5464778915;9.1260004043579;1;150;Batas Wilkerstat;15040;Batas SLS;2025-08-02 10:29:40;2025-08-02 10:29:44;Eti hendayati;https://wilkerstat.bps.go.id/api/landmark/90318922/photo
90325556;HPRDRW;RUMAH BP TARJA;0018;RT 018 RW 008;3279020002;-7.3683269;108.5470305;5.3600001335144;1;150;Batas Wilkerstat;15040;Batas SLS;2025-08-02 10:35:28;2025-08-02 10:35:30;Eti hendayati;https://wilkerstat.bps.go.id/api/landmark/90325556/photo
90327933;HPRHFH;RUMAH BP HASAN;0018;RT 018 RW 008;3279020002;-7.3684884;108.5470814;3.2160000801086;1;150;Batas Wilkerstat;15040;Batas SLS;2025-08-02 10:37:24;2025-08-02 10:37:27;Eti hendayati;https://wilkerstat.bps.go.id/api/landmark/90327933/photo
90335885;HPRSZD;SELOKAN;0018;RT 018 RW 008;3279020002;-7.3685361633827;108.54678701609;4.308000087738;1;150;Batas Wilkerstat;15040;Batas SLS;2025-08-02 10:44:33;2025-08-02 10:44:35;Eti hendayati;https://wilkerstat.bps.go.id/api/landmark/90335885/photo
90406984;HPVUDS;RUMAH BP AGUS GANDARA;0018;RT 018 RW 008;3279020002;-7.369044566798;108.54670453817;9.2910003662109;1;150;Batas Wilkerstat;15040;Batas SLS;2025-08-02 11:52:32;2025-08-02 11:52:36;Eti hendayati;https://wilkerstat.bps.go.id/api/landmark/90406984/photo
90411614;HPWAZU;BENTENG GUDANG MIRAH REZEKI;0018;RT 018 RW 008;3279020002;-7.3693700909806;108.5467082262;9.1120004653931;1;150;Batas Wilkerstat;15040;Batas SLS;2025-08-02 11:57:32;2025-08-02 11:57:34;Eti hendayati;https://wilkerstat.bps.go.id/api/landmark/90411614/photo
90413890;HPWEJI;RUMAH DEDEN SUMADI;0018;RT 018 RW 008;3279020002;-7.3692364;108.5459959;9.1049995422363;1;150;Batas Wilkerstat;15040;Batas SLS;2025-08-02 12:00:23;2025-08-02 12:00:25;Eti hendayati;https://wilkerstat.bps.go.id/api/landmark/90413890/photo
90415760;HPWHDG;BENTENG RUMAH RAHMAT;0018;RT 018 RW 008;3279020002;-7.3690449;108.5458466;4.2880001068115;1;150;Batas Wilkerstat;15040;Batas SLS;2025-08-02 12:02:41;2025-08-02 12:02:43;Eti hendayati;https://wilkerstat.bps.go.id/api/landmark/90415760/photo
90418326;HPWKXY;ZAM ZAM GALON;0018;RT 018 RW 008;3279020002;-7.3687749035811;108.54588747025;9.7600002288818;1;150;Batas Wilkerstat;15040;Batas SLS;2025-08-02 12:05:42;2025-08-02 12:05:44;Eti hendayati;https://wilkerstat.bps.go.id/api/landmark/90418326/photo
89926432;HOULGY;POSKAMLING RT 006 RW 002;0006;RT 006 RW 002;3279020003;-7.3584715;108.5633604;1.7890000343323;1;150;Batas Wilkerstat;15040;Batas SLS;2025-08-01 09:31:26;2025-08-01 09:32:02;yuyun;https://wilkerstat.bps.go.id/api/landmark/89926432/photo
89928911;HOUOYH;POSKAMLING RT 006 RW 002;0006;RT 006 RW 002;3279020003;-7.3584715;108.5633604;1.7890000343323;1;150;Batas Wilkerstat;15040;Batas SLS;2025-08-01 09:32:12;2025-08-01 09:52:06;yuyun;https://wilkerstat.bps.go.id/api/landmark/89928911/photo
89936776;HOVAOU;POSKAMLING RT 006 RW 002;0006;RT 006 RW 002;3279020003;-7.358431482969;108.56334798038;1.7890000343323;1;150;Batas Wilkerstat;15040;Batas SLS;2025-08-01 09:33:14;2025-08-01 10:36:27;yuyun;https://wilkerstat.bps.go.id/api/landmark/89936776/photo
89936783;HOVAPB;RUMAH BAPAK EDI SURYADI;0006;RT 006 RW 002;3279020003;-7.3582130206208;108.56222815812;2.3039999008179;1;150;Batas Wilkerstat;15040;Batas SLS;2025-08-01 09:46:19;2025-08-01 10:36:28;yuyun;https://wilkerstat.bps.go.id/api/landmark/89936783/photo
89936794;HOVAPM;JALAN IRIGASI;0006;RT 006 RW 002;3279020003;-7.3580969728456;108.56241054833;1.6000000238419;1;150;Batas Wilkerstat;15070;Batas Segmen;2025-08-01 09:48:52;2025-08-01 10:36:29;yuyun;https://wilkerstat.bps.go.id/api/landmark/89936794/photo
89936814;HOVAQG;GANG MAWAR;0006;RT 006 RW 002;3279020003;-7.3570929;108.5631801;2.1659998893738;1;150;Batas Wilkerstat;15070;Batas Segmen;2025-08-01 10:09:34;2025-08-01 10:36:31;yuyun;https://wilkerstat.bps.go.id/api/landmark/89936814/photo
89936836;HOVARC;RUMAH BAPAK DENISA PRADIKA;0006;RT 006 RW 002;3279020003;-7.3568969240156;108.56317296624;4.5999999046326;1;150;Batas Wilkerstat;15040;Batas SLS;2025-08-01 10:17:38;2025-08-01 10:36:32;yuyun;https://wilkerstat.bps.go.id/api/landmark/89936836/photo
89936860;HOVASA;RUMAH PAK DUDUNG;0006;RT 006 RW 002;3279020003;-7.3570724924594;108.56187343597;2.2000000476837;1;150;Batas Wilkerstat;15040;Batas SLS;2025-08-01 10:31:27;2025-08-01 10:36:34;yuyun;https://wilkerstat.bps.go.id/api/landmark/89936860/photo
90037641;HPATUF;RUMAH BAPAK GALA KISWANTO;0006;RT 006 RW 002;3279020003;-7.3573907100867;108.56260467321;4.3740000724792;1;150;Batas Wilkerstat;15070;Batas Segmen;2025-08-01 10:01:11;2025-08-01 14:27:37;yuyun;https://wilkerstat.bps.go.id/api/landmark/90037641/photo
90503816;HQBHKA;GANG PERBATASAN;0006;RT 006 RW 002;3279020003;-7.3569183;108.5623583;2.0999999046326;1;150;Batas Wilkerstat;15070;Batas Segmen;2025-08-02 14:03:56;2025-08-02 14:04:00;yuyun;https://wilkerstat.bps.go.id/api/landmark/90503816/photo
89937491;HOVBQH;RUMAH PAK DADANG KASAT RESKRIM;0004;RT 004 RW 002;3279020003;-7.3561966446453;108.56144864112;1.7000000476837;1;150;Batas Wilkerstat;15040;Batas SLS;2025-08-01 10:37:28;2025-08-01 10:37:30;yuyun;https://wilkerstat.bps.go.id/api/landmark/89937491/photo
89941105;HOVGZH;RUMAH PAK NAJIB;0004;RT 004 RW 002;3279020003;-7.3600461724232;108.56051255018;3.4389998912811;1;150;Batas Wilkerstat;15040;Batas SLS;2025-08-01 10:42:54;2025-08-01 10:42:57;yuyun;https://wilkerstat.bps.go.id/api/landmark/89941105/photo
89946312;HOVORO;JALAN SILIWANGI;0004;RT 004 RW 002;3279020003;-7.3595657;108.5602379;2.683000087738;1;150;Batas Wilkerstat;15070;Batas Segmen;2025-08-01 10:50:40;2025-08-01 10:50:42;yuyun;https://wilkerstat.bps.go.id/api/landmark/89946312/photo
89964333;HOWPIR;RUMAH PAK UJU;0004;RT 004 RW 002;3279020003;-7.3563039;108.5604361;4.9840002059937;1;150;Batas Wilkerstat;15040;Batas SLS;2025-08-01 11:20:22;2025-08-01 11:20:25;yuyun;https://wilkerstat.bps.go.id/api/landmark/89964333/photo
89983448;HOXRPW;RUMAH PAK RASIM;0004;RT 004 RW 002;3279020003;-7.3583302;108.560752;4.6750001907349;1;150;Batas Wilkerstat;15040;Batas SLS;2025-08-01 12:14:39;2025-08-01 12:14:42;yuyun;https://wilkerstat.bps.go.id/api/landmark/89983448/photo
90533874;HQCZWC;SELOKAN CUKANG GEMPOL;0004;RT 004 RW 002;3279020003;-7.3575833;108.5604733;2.2000000476837;1;150;Batas Wilkerstat;15070;Batas Segmen;2025-08-02 14:38:28;2025-08-02 14:38:31;yuyun;https://wilkerstat.bps.go.id/api/landmark/90533874/photo
91247865;HRRQBH;MESJID;0004;RT 004 RW 002;3279020003;-7.359255;108.5591133;4.9089999198914;1;150;Batas Wilkerstat;15040;Batas SLS;2025-08-03 16:53:04;2025-08-03 16:53:07;yuyun;https://wilkerstat.bps.go.id/api/landmark/91247865/photo
91248816;HRRRLW;TANAH PERHUTANI;0004;RT 004 RW 002;3279020003;-7.359255;108.5591133;1.6000000238419;1;150;Batas Wilkerstat;15040;Batas SLS;2025-08-03 16:53:55;2025-08-03 16:53:59;yuyun;https://wilkerstat.bps.go.id/api/landmark/91248816/photo
91256208;HRSCKE;JALAN RAWA ONOM;0004;RT 004 RW 002;3279020003;-7.3601968;108.5604657;3.0729999542236;1;150;Batas Wilkerstat;15040;Batas SLS;2025-08-03 17:01:00;2025-08-03 17:01:03;yuyun;https://wilkerstat.bps.go.id/api/landmark/91256208/photo
91257238;HRSDXU;RUMAH;0004;RT 004 RW 002;3279020003;-7.36021;108.5605051;1.9750000238419;1;150;Batas Wilkerstat;15040;Batas SLS;2025-08-03 17:02:04;2025-08-03 17:02:10;yuyun;https://wilkerstat.bps.go.id/api/landmark/91257238/photo
90149611;HPHDKT;RUMAH PAK TURSIMIN;0005;RT 005 RW 002;3279020003;-7.3548533;108.5610133;2.0999999046326;1;150;Batas Wilkerstat;15040;Batas SLS;2025-08-01 17:16:47;2025-08-01 17:16:50;yuyun;https://wilkerstat.bps.go.id/api/landmark/90149611/photo
90150918;HPHFJA;RUMAH PAK YUSEP;0005;RT 005 RW 002;3279020003;-7.3570457;108.5617694;3.5139999389648;1;150;Batas Wilkerstat;15040;Batas SLS;2025-08-01 17:19:00;2025-08-01 17:19:03;yuyun;https://wilkerstat.bps.go.id/api/landmark/90150918/photo
90157498;HPHPCC;RUMAH PAK WARJO;0005;RT 005 RW 002;3279020003;-7.3548697;108.5623027;4.1630001068115;1;150;Batas Wilkerstat;15040;Batas SLS;2025-08-01 17:31:37;2025-08-01 17:31:40;yuyun;https://wilkerstat.bps.go.id/api/landmark/90157498/photo
90159366;HPHRVY;JLN RAWA ONOM;0005;RT 005 RW 002;3279020003;-7.354805;108.562101;4.3649997711182;1;150;Batas Wilkerstat;15070;Batas Segmen;2025-08-01 17:35:43;2025-08-01 17:35:51;yuyun;https://wilkerstat.bps.go.id/api/landmark/90159366/photo
90162808;HPHWYI;RUMAH PAK JOHAN;0005;RT 005 RW 002;3279020003;-7.3566215;108.5631433;3.5999999046326;1;150;Batas Wilkerstat;15040;Batas SLS;2025-08-01 17:44:47;2025-08-01 17:44:51;yuyun;https://wilkerstat.bps.go.id/api/landmark/90162808/photo
90513045;HQBVAZ;JALAN RAWA ONOM;0005;RT 005 RW 002;3279020003;-7.3562085;108.5619508;2.8399999141693;1;150;Batas Wilkerstat;15070;Batas Segmen;2025-08-02 13:59:49;2025-08-02 14:14:56;yuyun;https://wilkerstat.bps.go.id/api/landmark/90513045/photo
90855919;HQVIGL;KOLAM IKAN PA AA JUHARA;0005;RT 005 RW 002;3279020003;-7.355824;108.5631254;2.3980000019073;1;150;Batas Wilkerstat;15040;Batas SLS;2025-08-03 09:39:43;2025-08-03 09:39:46;yuyun;https://wilkerstat.bps.go.id/api/landmark/90855919/photo
90859736;HQVNXG;JALAN RAWA ONOM;0005;RT 005 RW 002;3279020003;-7.3560991;108.5630728;5.5130000114441;1;150;Batas Wilkerstat;15070;Batas Segmen;2025-08-03 09:43:49;2025-08-03 09:43:52;yuyun;https://wilkerstat.bps.go.id/api/landmark/90859736/photo
90298038;HPPOZM;RT 001 RW 001;0001;RT 001 RW 001;3279020003;-7.3562857590804;108.56044214219;1.75;1;150;Batas Wilkerstat;15040;Batas SLS;2025-08-02 10:10:30;2025-08-02 10:10:32;Fitriyani Rahmatillah;https://wilkerstat.bps.go.id/api/landmark/90298038/photo
90310043;HPQGTF;WARUNG NUGRAHA TEH ELAH;0001;RT 001 RW 001;3279020003;-7.3561737010005;108.56144931167;2.9949998855591;1;150;Batas Wilkerstat;15040;Batas SLS;2025-08-02 10:21:28;2025-08-02 10:21:31;Fitriyani Rahmatillah;https://wilkerstat.bps.go.id/api/landmark/90310043/photo
90320752;HPQWPC;GANG WARUNG TEH AI;0001;RT 001 RW 001;3279020003;-7.3555123249908;108.56079753488;3.7780001163483;1;150;Batas Wilkerstat;15070;Batas Segmen;2025-08-02 10:31:19;2025-08-02 10:31:21;Fitriyani Rahmatillah;https://wilkerstat.bps.go.id/api/landmark/90320752/photo
90323492;HPRAQM;KOLAM PA UJANG SURYANA;0001;RT 001 RW 001;3279020003;-7.3553417;108.5606966;3.6370000839233;1;150;Batas Wilkerstat;15070;Batas Segmen;2025-08-02 10:33:44;2025-08-02 10:33:46;Fitriyani Rahmatillah;https://wilkerstat.bps.go.id/api/landmark/90323492/photo
90339861;HPRYWB;NINA TARUNA TANI;0001;RT 001 RW 001;3279020003;-7.3553224576888;108.55984836817;2.5999999046326;1;150;Batas Wilkerstat;15040;Batas SLS;2025-08-02 10:48:19;2025-08-02 10:48:21;Fitriyani Rahmatillah;https://wilkerstat.bps.go.id/api/landmark/90339861/photo
90351452;HPSPZW;KANDANG SAPI;0001;RT 001 RW 001;3279020003;-7.3538815;108.5606313;4.5199999809265;1;150;Batas Wilkerstat;15040;Batas SLS;2025-08-02 10:58:55;2025-08-02 10:58:58;Fitriyani Rahmatillah;https://wilkerstat.bps.go.id/api/landmark/90351452/photo
90512621;HQBUKR;JALAN GANG WARUNG ANGGI;0001;RT 001 RW 001;3279020003;-7.3559844990149;108.56033619493;2.569000005722;1;150;Batas Wilkerstat;15070;Batas Segmen;2025-08-02 14:14:25;2025-08-02 14:14:28;Fitriyani Rahmatillah;https://wilkerstat.bps.go.id/api/landmark/90512621/photo
90816067;HQTBHR;RUMAH PAK UJANG;0011;RT 011 RW 004;3279020003;-7.3572781;108.5632303;3.5329999923706;1;150;Batas Wilkerstat;15040;Batas SLS;2025-08-03 08:54:13;2025-08-03 08:54:15;yuyun;https://wilkerstat.bps.go.id/api/landmark/90816067/photo
90823836;HQTMUM;RUMAH BU LILIS;0011;RT 011 RW 004;3279020003;-7.3572612;108.56457;4.710000038147;1;150;Batas Wilkerstat;15040;Batas SLS;2025-08-03 09:04:24;2025-08-03 09:04:27;yuyun;https://wilkerstat.bps.go.id/api/landmark/90823836/photo
90824638;HQTNZI;TANAH KOSONG;0011;RT 011 RW 004;3279020003;-7.3572502;108.5646169;4.521999835968;1;150;Batas Wilkerstat;15040;Batas SLS;2025-08-03 09:05:37;2025-08-03 09:05:40;yuyun;https://wilkerstat.bps.go.id/api/landmark/90824638/photo
90825683;HQTPNN;JALAN BONSER;0011;RT 011 RW 004;3279020003;-7.3572257822749;108.56464248151;4.8509998321533;1;150;Batas Wilkerstat;15040;Batas SLS;2025-08-03 09:07:05;2025-08-03 09:07:09;yuyun;https://wilkerstat.bps.go.id/api/landmark/90825683/photo
90840585;HQULOR;IRIGASI;0011;RT 011 RW 004;3279020003;-7.3555146;108.564103;2.5659999847412;1;150;Batas Wilkerstat;15040;Batas SLS;2025-08-03 09:24:07;2025-08-03 09:24:10;yuyun;https://wilkerstat.bps.go.id/api/landmark/90840585/photo
90854518;HQVGEO;RUMAH BU TATI;0011;RT 011 RW 004;3279020003;-7.3555123249908;108.56310557574;5.201000213623;1;150;Batas Wilkerstat;15040;Batas SLS;2025-08-03 09:38:20;2025-08-03 09:38:22;yuyun;https://wilkerstat.bps.go.id/api/landmark/90854518/photo
90865260;HQVWBS;GANG WARUNG IWAN;0011;RT 011 RW 004;3279020003;-7.3560812613761;108.56312770396;4.5890002250671;1;150;Batas Wilkerstat;15070;Batas Segmen;2025-08-03 09:48:59;2025-08-03 09:49:02;yuyun;https://wilkerstat.bps.go.id/api/landmark/90865260/photo
90881851;HQWUPV;GANG PAK JAMAL;0011;RT 011 RW 004;3279020003;-7.3569195351069;108.56320649385;4.4270000457764;1;150;Batas Wilkerstat;15070;Batas Segmen;2025-08-03 10:04:37;2025-08-03 10:04:40;yuyun;https://wilkerstat.bps.go.id/api/landmark/90881851/photo
90888659;HQXERR;GANG MESJID ASSALAM;0011;RT 011 RW 004;3279020003;-7.3563805262773;108.56351226568;1.7999999523163;1;150;Batas Wilkerstat;15070;Batas Segmen;2025-08-03 10:10:38;2025-08-03 10:10:41;yuyun;https://wilkerstat.bps.go.id/api/landmark/90888659/photo
90891779;HQXJHR;JALAN PERUM BLOK F;0011;RT 011 RW 004;3279020003;-7.356197642195;108.56393001974;2.239000082016;1;150;Batas Wilkerstat;15070;Batas Segmen;2025-08-03 10:13:29;2025-08-03 10:13:32;yuyun;https://wilkerstat.bps.go.id/api/landmark/90891779/photo
90893518;HQXLWO;JALAN PERUM BLOK G/H;0011;RT 011 RW 004;3279020003;-7.3561557451037;108.56410168111;4.75;1;150;Batas Wilkerstat;15070;Batas Segmen;2025-08-03 10:15:02;2025-08-03 10:15:05;yuyun;https://wilkerstat.bps.go.id/api/landmark/90893518/photo
90896186;HQXPVE;JALAN GERBANG PERUM;0011;RT 011 RW 004;3279020003;-7.3572131466739;108.56428038329;2.2999999523163;1;150;Batas Wilkerstat;15070;Batas Segmen;2025-08-03 10:17:37;2025-08-03 10:17:40;yuyun;https://wilkerstat.bps.go.id/api/landmark/90896186/photo
90490504;HQANSA;RUMAH BU IIS;0002;RT 002 RW 001;3279020003;-7.3536874674212;108.56181811541;2.7999999523163;1;150;Batas Wilkerstat;15040;Batas SLS;2025-08-02 13:47:54;2025-08-02 13:47:56;Fitriyani Rahmatillah;https://wilkerstat.bps.go.id/api/landmark/90490504/photo
90544719;HQDPXF;RUMAH BAPA JENI / IBU YETI;0002;RT 002 RW 001;3279020003;-7.3530543518178;108.56020141393;6.4879999160767;1;150;Batas Wilkerstat;15040;Batas SLS;2025-08-02 14:49:56;2025-08-02 14:49:58;Fitriyani Rahmatillah;https://wilkerstat.bps.go.id/api/landmark/90544719/photo
90549580;HQDXCE;RUMAH KOSONG PA WAWAN;0002;RT 002 RW 001;3279020003;-7.3523071811392;108.56178224087;4.0170001983643;1;150;Batas Wilkerstat;15040;Batas SLS;2025-08-02 14:55:05;2025-08-02 14:55:07;Fitriyani Rahmatillah;https://wilkerstat.bps.go.id/api/landmark/90549580/photo
90610957;HQHJWV;JALAN SAWAH LEBAR SALEB;0002;RT 002 RW 001;3279020003;-7.35355;108.5611833;5.0999999046326;1;150;Batas Wilkerstat;15070;Batas Segmen;2025-08-02 15:58:15;2025-08-02 15:58:17;Fitriyani Rahmatillah;https://wilkerstat.bps.go.id/api/landmark/90610957/photo
91324509;HRVZLD;DEPOT AIR BUMDES RAHARJA SEJAHTERA;0002;RT 002 RW 001;3279020003;-7.3535396;108.5604755;4.7649998664856;1;150;Batas Wilkerstat;15040;Batas SLS;2025-08-02 11:02:07;2025-08-03 21:49:04;Fitriyani Rahmatillah;https://wilkerstat.bps.go.id/api/landmark/91324509/photo
90349063;HPSMLZ;RUMAH BU ODAH;0003;RT 003 RW 001;3279020003;-7.3547478675306;108.5610768199;4.018000125885;1;150;Batas Wilkerstat;15040;Batas SLS;2025-08-02 10:56:54;2025-08-02 10:56:57;Fitriyani Rahmatillah;https://wilkerstat.bps.go.id/api/landmark/90349063/photo
90361522;HPTEXE;RUMAH PAK ISWANTO;0003;RT 003 RW 001;3279020003;-7.3536947828273;108.56193378568;1.3999999761581;1;150;Batas Wilkerstat;15040;Batas SLS;2025-08-02 11:07:59;2025-08-02 11:08:01;Fitriyani Rahmatillah;https://wilkerstat.bps.go.id/api/landmark/90361522/photo
90477125;HPZTXL;RUMAH PA KOKO;0003;RT 003 RW 001;3279020003;-7.3546890118995;108.56221474707;2.1559998989105;1;150;Batas Wilkerstat;15040;Batas SLS;2025-08-02 13:29:43;2025-08-02 13:29:45;Fitriyani Rahmatillah;https://wilkerstat.bps.go.id/api/landmark/90477125/photo
90486420;HQAHQY;JL RAWA ONOM;0003;RT 003 RW 001;3279020003;-7.3539232229482;108.56151368469;1.6000000238419;1;150;Batas Wilkerstat;15070;Batas Segmen;2025-08-02 13:42:44;2025-08-02 13:42:47;Fitriyani Rahmatillah;https://wilkerstat.bps.go.id/api/landmark/90486420/photo
90493646;HQASIW;RUMAH PA BAGAS;0003;RT 003 RW 001;3279020003;-7.3537114087498;108.56067348272;1.6000000238419;1;150;Batas Wilkerstat;15040;Batas SLS;2025-08-02 13:51:49;2025-08-02 13:51:51;Fitriyani Rahmatillah;https://wilkerstat.bps.go.id/api/landmark/90493646/photo
90342609;HPSCXT;TANAH KOSONG MILIK H.LILI;0027;RT 27 RW 12;3279020003;-7.3537140688973;108.5704581812;8.5;1;150;Batas Wilkerstat;15040;Batas SLS;2025-08-02 10:50:52;2025-08-02 10:50:55;Inten Damayanti;https://wilkerstat.bps.go.id/api/landmark/90342609/photo
90345194;HPSGTE;TANAH KOSONG BU KARWI;0028;RT 28 RW 13;3279020003;-7.3536412473525;108.57040956616;2.5829999446869;1;150;Batas Wilkerstat;15040;Batas SLS;2025-08-02 10:53:11;2025-08-02 10:53:15;Inten Damayanti;https://wilkerstat.bps.go.id/api/landmark/90345194/photo
90359779;HPTCID;GANG SAMPING RUMAH PAK MAMAT;0028;RT 28 RW 13;3279020003;-7.3520248719974;108.57043605298;2.4000000953674;1;150;Batas Wilkerstat;15040;Batas SLS;2025-08-02 11:06:19;2025-08-02 11:06:21;Inten Damayanti;https://wilkerstat.bps.go.id/api/landmark/90359779/photo
90942265;HRAFZL;RUMAH BPK SAJUM;0030;RT 30 RW 13;3279020003;-7.3457634817787;108.5757991299;8.5;1;150;Batas Wilkerstat;15040;Batas SLS;2025-08-03 10:58:52;2025-08-03 10:58:54;Inten Damayanti;https://wilkerstat.bps.go.id/api/landmark/90942265/photo
90972149;HRBYEV;RUMAH BPK ABDUL KHODIR;0030;RT 30 RW 13;3279020003;-7.3471358078335;108.57574816793;8.8330001831055;1;150;Batas Wilkerstat;15040;Batas SLS;2025-08-03 11:26:32;2025-08-03 11:26:34;Inten Damayanti;https://wilkerstat.bps.go.id/api/landmark/90972149/photo
91000903;HRDOST;RUMAH IBU EENG;0030;RT 30 RW 13;3279020003;-7.3483106113363;108.57073713094;4;1;150;Batas Wilkerstat;15040;Batas SLS;2025-08-03 11:55:57;2025-08-03 11:55:58;Inten Damayanti;https://wilkerstat.bps.go.id/api/landmark/91000903/photo
91005614;HRDVRY;RUMAH BPK DINAR;0030;RT 30 RW 13;3279020003;-7.3461169550689;108.56916368008;3;1;150;Batas Wilkerstat;15040;Batas SLS;2025-08-03 12:01:56;2025-08-03 12:01:58;Inten Damayanti;https://wilkerstat.bps.go.id/api/landmark/91005614/photo
91006914;HRDXPY;RUMAH BPK DASUM;0029;RT 029 RW 13;3279020003;-7.3461721540709;108.56907114387;3.0999999046326;1;150;Batas Wilkerstat;15040;Batas SLS;2025-08-03 12:03:27;2025-08-03 12:03:28;Inten Damayanti;https://wilkerstat.bps.go.id/api/landmark/91006914/photo
89929991;HOUQNV;SELOKAN DEKAT RUMAH PAK TEGUH;0004;RT 004 RW 002;3279020004;-7.3530297;108.5703931;1.5;1;150;Batas Wilkerstat;15040;Batas SLS;2025-08-01 10:00:02;2025-08-01 10:00:43;Hersy Nevia Srigianti;https://wilkerstat.bps.go.id/api/landmark/89929991/photo
89952598;HOVXZI;BATAS 4 (SAWAH);0004;RT 004 RW 002;3279020004;-7.3541323769006;108.5739229247;11.303000450134;1;150;Batas Wilkerstat;15040;Batas SLS;2025-08-01 11:00:33;2025-08-01 11:00:35;Hersy Nevia Srigianti;https://wilkerstat.bps.go.id/api/landmark/89952598/photo
89958319;HOWGLJ;BATAS 2 SELOKAN ( RUMAH PAK TEGUH );0004;RT 004 RW 002;3279020004;-7.3529968260381;108.57044510543;1.5;1;150;Batas Wilkerstat;15040;Batas SLS;2025-08-01 10:02:04;2025-08-01 11:09:54;Hersy Nevia Srigianti;https://wilkerstat.bps.go.id/api/landmark/89958319/photo
89958395;HOWGOH;BATAS 1  RT 004 RW 002;0004;RT 004 RW 002;3279020004;-7.3548788794724;108.57063755393;4.5;1;150;Batas Wilkerstat;15040;Batas SLS;2025-08-01 09:51:57;2025-08-01 11:10:00;Hersy Nevia Srigianti;https://wilkerstat.bps.go.id/api/landmark/89958395/photo
90333279;HPRPCX;RUMAH PAK;0004;RT 004 RW 002;3279020004;-7.354458;108.5713485;4.8159999847412;1;150;Batas Wilkerstat;15040;Batas SLS;2025-08-02 10:42:21;2025-08-02 10:42:23;Hersy Nevia Srigianti;https://wilkerstat.bps.go.id/api/landmark/90333279/photo
91116810;HRKEES;BATAS 3 ( TANAH KOSONG PINGHIR PESANTREN);0004;RT 004 RW 002;3279020004;-7.3526547;108.5739784;3.0469999313354;1;150;Batas Wilkerstat;15040;Batas SLS;2025-08-03 14:35:45;2025-08-03 14:35:46;Hersy Nevia Srigianti;https://wilkerstat.bps.go.id/api/landmark/91116810/photo
90297588;HPPOIE;BATAS 4  ( RUMAH PAK DARAN);0005;RT 005 RW 003;3279020004;-7.3563417;108.5714017;3.7000000476837;1;150;Batas Wilkerstat;15040;Batas SLS;2025-08-02 10:10:05;2025-08-02 10:10:07;Hersy Nevia Srigianti;https://wilkerstat.bps.go.id/api/landmark/90297588/photo
90302619;HPPVTR;BATAS 1 ( SELOKAN );0005;RT 005 RW 003;3279020004;-7.3565309;108.5707955;3.864000082016;1;150;Batas Wilkerstat;15040;Batas SLS;2025-08-02 10:14:29;2025-08-02 10:14:31;Hersy Nevia Srigianti;https://wilkerstat.bps.go.id/api/landmark/90302619/photo
90317143;HPQRGH;BATAS 2 ( GANG KUJANG);0005;RT 005 RW 003;3279020004;-7.3549167864737;108.57063990086;4.4850001335144;1;150;Batas Wilkerstat;15040;Batas SLS;2025-08-02 10:28:09;2025-08-02 10:28:12;Hersy Nevia Srigianti;https://wilkerstat.bps.go.id/api/landmark/90317143/photo
90325981;HPREIF;BATAS 3 ( GANG KUJANG III RUMAH PAK ASEP);0005;RT 005 RW 003;3279020004;-7.35491;108.5713027;4.1760001182556;1;150;Batas Wilkerstat;15040;Batas SLS;2025-08-02 10:35:51;2025-08-02 10:35:53;Hersy Nevia Srigianti;https://wilkerstat.bps.go.id/api/landmark/90325981/photo
90002890;HOYUJQ;RUMAH BAPAK LASIMUN;0002;RT 002 RW 001;3279020004;-7.351715296042;108.57144724578;3.5;1;150;Batas Wilkerstat;15040;Batas SLS;2025-08-01 13:26:14;2025-08-01 13:26:16;Inten Damayanti;https://wilkerstat.bps.go.id/api/landmark/90002890/photo
90009678;HOZEKS;GUDANG GAS BPK DARJA;0002;RT 002 RW 001;3279020004;-7.3516763912074;108.57065834105;2.8329999446869;1;150;Batas Wilkerstat;15040;Batas SLS;2025-08-01 13:40:56;2025-08-01 13:40:57;Inten Damayanti;https://wilkerstat.bps.go.id/api/landmark/90009678/photo
90013890;HOZKQS;RUMAH;0002;RT 002 RW 001;3279020004;-7.3484220063557;108.57075054199;2.0829999446869;1;150;Batas Wilkerstat;15040;Batas SLS;2025-08-01 13:48:55;2025-08-01 13:48:57;Inten Damayanti;https://wilkerstat.bps.go.id/api/landmark/90013890/photo
90019011;HOZSFR;RUMAH BPK SUTANTO;0002;RT 002 RW 001;3279020004;-7.3484811953398;108.57197027653;3.1659998893738;1;150;Batas Wilkerstat;15040;Batas SLS;2025-08-01 13:57:51;2025-08-01 13:57:54;Inten Damayanti;https://wilkerstat.bps.go.id/api/landmark/90019011/photo
90027166;HPAEHI;RUMAH IBU TINEM;0002;RT 002 RW 001;3279020004;-7.3497424508616;108.57126485556;2;1;150;Batas Wilkerstat;15040;Batas SLS;2025-08-01 14:11:20;2025-08-01 14:11:22;Inten Damayanti;https://wilkerstat.bps.go.id/api/landmark/90027166/photo
90004303;HOYWLZ;RUMAH BPK MAMUN;0001;RT 001 RW 001;3279020004;-7.3516710708879;108.5715283826;1.9160000085831;1;150;Batas Wilkerstat;15040;Batas SLS;2025-08-01 13:29:24;2025-08-01 13:29:28;Inten Damayanti;https://wilkerstat.bps.go.id/api/landmark/90004303/photo
90007517;HOZBFP;RUMAH BPK KARSIMUN;0001;RT 001 RW 001;3279020004;-7.3516487920492;108.57273671776;6.5;1;150;Batas Wilkerstat;15040;Batas SLS;2025-08-01 13:36:33;2025-08-01 13:36:36;Inten Damayanti;https://wilkerstat.bps.go.id/api/landmark/90007517/photo
90028871;HPAGUX;RUMAH BPK ROY;0001;RT 001 RW 001;3279020004;-7.3497331402619;108.57137449086;2.5999999046326;1;150;Batas Wilkerstat;15040;Batas SLS;2025-08-01 14:13:58;2025-08-01 14:14:04;Inten Damayanti;https://wilkerstat.bps.go.id/api/landmark/90028871/photo
90038172;HPAUOQ;RUMAH BPK OCO;0001;RT 001 RW 001;3279020004;-7.3485124524405;108.57307299972;2.2000000476837;1;150;Batas Wilkerstat;15040;Batas SLS;2025-08-01 14:28:27;2025-08-01 14:28:29;Inten Damayanti;https://wilkerstat.bps.go.id/api/landmark/90038172/photo
90044756;HPBEHW;BASO TANGKAR JACOBER;0001;RT 001 RW 001;3279020004;-7.3508274669172;108.5737837851;2.7999999523163;1;150;Batas Wilkerstat;15040;Batas SLS;2025-08-01 14:38:32;2025-08-01 14:38:34;Inten Damayanti;https://wilkerstat.bps.go.id/api/landmark/90044756/photo
90031021;HPAJZP;BATAS SLS 1 ( ALFAMART);0007;RT 007 RW 004;3279020004;-7.358185421869;108.57107777148;2.2999999523163;1;150;Batas Wilkerstat;15040;Batas SLS;2025-08-01 14:17:18;2025-08-01 14:17:20;Hersy Nevia Srigianti;https://wilkerstat.bps.go.id/api/landmark/90031021/photo
90032561;HPAMGV;BATAS SLS 2 ( TANAH KOSONG);0007;RT 007 RW 004;3279020004;-7.3579918980431;108.57176274061;1.6000000238419;1;150;Batas Wilkerstat;15040;Batas SLS;2025-08-01 14:19:46;2025-08-01 14:19:49;Hersy Nevia Srigianti;https://wilkerstat.bps.go.id/api/landmark/90032561/photo
90035537;HPAQRH;BATAS SLS 3 GANG ( RUMAH PAK KASMIN);0007;RT 007 RW 004;3279020004;-7.3572407;108.5717596;4.5409998893738;1;150;Batas Wilkerstat;15040;Batas SLS;2025-08-01 14:24:31;2025-08-01 14:24:33;Hersy Nevia Srigianti;https://wilkerstat.bps.go.id/api/landmark/90035537/photo
90038756;HPAVLC;BATAS SLS 4 (RUMAH PAK GEAN);0007;RT 007 RW 004;3279020004;-7.3564131;108.5714705;3.4400000572205;1;150;Batas Wilkerstat;15040;Batas SLS;2025-08-01 14:29:21;2025-08-01 14:29:22;Hersy Nevia Srigianti;https://wilkerstat.bps.go.id/api/landmark/90038756/photo
90039797;HPAWZD;BATAS SLS 5 SELOKAN ( RUMAH PAK AGUS);0007;RT 007 RW 004;3279020004;-7.3565981;108.5708111;4.1750001907349;1;150;Batas Wilkerstat;15040;Batas SLS;2025-08-01 14:31:01;2025-08-01 14:31:02;Hersy Nevia Srigianti;https://wilkerstat.bps.go.id/api/landmark/90039797/photo
90330787;HPRLLB;BATAS 2 KIP ( GANG SUMPIT IV);0006;RT 006 RW 003;3279020004;-7.3544959;108.5713251;3;1;150;Batas Wilkerstat;15040;Batas SLS;2025-08-02 10:39:57;2025-08-02 10:39:59;Hersy Nevia Srigianti;https://wilkerstat.bps.go.id/api/landmark/90330787/photo
90376923;HPUBRN;BATAS 4 ( SELOKAN);0006;RT 006 RW 003;3279020004;-7.3557766760028;108.57306495309;2.2000000476837;1;150;Batas Wilkerstat;15040;Batas SLS;2025-08-02 11:22:20;2025-08-02 11:22:21;Hersy Nevia Srigianti;https://wilkerstat.bps.go.id/api/landmark/90376923/photo
90394029;HPVAZL;BATAS 1 GANG (DEKAT RUMAH PAK UNANG);0006;RT 006 RW 003;3279020004;-7.3563259;108.5714919;5.2249999046326;1;150;Batas Wilkerstat;15040;Batas SLS;2025-08-02 11:38:44;2025-08-02 11:38:46;Hersy Nevia Srigianti;https://wilkerstat.bps.go.id/api/landmark/90394029/photo
91110213;HRJUKZ;BATAS 3 ( KEBUN KOSONG);0006;RT 006 RW 003;3279020004;-7.3541922301598;108.57392828912;11.069999694824;1;150;Batas Wilkerstat;15040;Batas SLS;2025-08-03 14:27:50;2025-08-03 14:27:52;Hersy Nevia Srigianti;https://wilkerstat.bps.go.id/api/landmark/91110213/photo
90381210;HPUIAK;TANAH PAK HAJI YANTO;0008;RT 008 RW 04;3279020004;-7.3545233;108.5740449;3.125;1;150;Batas Wilkerstat;15040;Batas SLS;2025-08-02 11:26:23;2025-08-02 11:26:25;Hersy Nevia Srigianti;https://wilkerstat.bps.go.id/api/landmark/90381210/photo
91097070;HRJAZM;BATAS 2 ( RUMAH PAK RAWIN);0008;RT 008 RW 04;3279020004;-7.3563827;108.571509;4.4470000267029;1;150;Batas Wilkerstat;15040;Batas SLS;2025-08-03 14:11:21;2025-08-03 14:11:23;Hersy Nevia Srigianti;https://wilkerstat.bps.go.id/api/landmark/91097070/photo
91099528;HRJEQA;BATAS 1 ( KONTER RANDEGAN CELL);0008;RT 008 RW 04;3279020004;-7.3579744;108.5718266;3.2049999237061;1;150;Batas Wilkerstat;15040;Batas SLS;2025-08-03 14:14:21;2025-08-03 14:14:23;Hersy Nevia Srigianti;https://wilkerstat.bps.go.id/api/landmark/91099528/photo
91102531;HRJJBN;BATAS 4 ( PABRIK ALBA RANDEGAN);0008;RT 008 RW 04;3279020004;-7.35709;108.574525;1.1000000238419;1;150;Batas Wilkerstat;15040;Batas SLS;2025-08-03 14:18:04;2025-08-03 14:18:06;Hersy Nevia Srigianti;https://wilkerstat.bps.go.id/api/landmark/91102531/photo
90364390;HPTJDM;GANG ANGKLUNG III;0003;RT 03 RW 02;3279020004;-7.3518512966763;108.57058290392;1.5;1;150;Batas Wilkerstat;15040;Batas SLS;2025-08-02 11:10:32;2025-08-02 11:10:33;Inten Damayanti;https://wilkerstat.bps.go.id/api/landmark/90364390/photo
90378543;HPUEBV;PESANTREN DAARUL IKHLAS;0003;RT 03 RW 02;3279020004;-7.352146241674;108.57386928052;2.2999999523163;1;150;Batas Wilkerstat;15040;Batas SLS;2025-08-02 11:23:51;2025-08-02 11:23:52;Inten Damayanti;https://wilkerstat.bps.go.id/api/landmark/90378543/photo
90381037;HPUHTT;MASJID PESANTREN DAARUL IKHLAS;0003;RT 03 RW 02;3279020004;-7.3524767660497;108.57388436794;2.9000000953674;1;150;Batas Wilkerstat;15040;Batas SLS;2025-08-02 11:26:11;2025-08-02 11:26:13;Inten Damayanti;https://wilkerstat.bps.go.id/api/landmark/90381037/photo
90386357;HPUPQJ;RUMAH BPK ROHMAT;0003;RT 03 RW 02;3279020004;-7.3529752123039;108.57046119869;4.5830001831055;1;150;Batas Wilkerstat;15040;Batas SLS;2025-08-02 11:31:23;2025-08-02 11:31:24;Inten Damayanti;https://wilkerstat.bps.go.id/api/landmark/90386357/photo
90489628;HQAMKI;BTAS 1 BES;0018;Rt 018 rw 008;3279020004;-7.3482589;108.5757616;2.2999999523163;1;150;Batas Wilkerstat;15040;Batas SLS;2025-08-02 13:46:44;2025-08-02 13:46:44;Heti susilawati;https://wilkerstat.bps.go.id/api/landmark/90489628/photo
90499848;HQBBNK;BATAS 2 RMH IPIT;0018;Rt 018 rw 008;3279020004;-7.3461133;108.576015;1.6000000238419;1;150;Batas Wilkerstat;15040;Batas SLS;2025-08-02 13:59:25;2025-08-02 13:59:29;Heti susilawati;https://wilkerstat.bps.go.id/api/landmark/90499848/photo
90511853;HQBTHD;BATAS 3 SOLOKAN;0018;Rt 018 rw 008;3279020004;-7.3490217;108.5767283;1.5659999847412;1;150;Batas Wilkerstat;15040;Batas SLS;2025-08-02 14:13:43;2025-08-02 14:13:43;Heti susilawati;https://wilkerstat.bps.go.id/api/landmark/90511853/photo
90518919;HQCDSX;BATAS SAWAH DPN RMH BU ROSIH;0018;Rt 018 rw 008;3279020004;-7.3467084;108.5770832;1.3500000238419;1;150;Batas Wilkerstat;15040;Batas SLS;2025-08-02 14:21:30;2025-08-02 14:21:40;Heti susilawati;https://wilkerstat.bps.go.id/api/landmark/90518919/photo
90243724;HPMMQM;BATAS 2 RT 001 RW 001. ( KEBUN);0001;RT 001 RW 001;3279030001;-7.3919813;108.5103727;6.0570001602173;1;150;Batas Wilkerstat;15040;Batas SLS;2025-08-02 09:12:32;2025-08-02 09:12:40;Aris Mariandaris;https://wilkerstat.bps.go.id/api/landmark/90243724/photo
90829129;HQTUQB;BATAS 1 RT 001 RW 001( KEBUN);0001;RT 001 RW 001;3279030001;-7.3960711;108.5112294;3;1;150;Batas Wilkerstat;15040;Batas SLS;2025-08-03 09:11:04;2025-08-03 09:11:08;Aris Mariandaris;https://wilkerstat.bps.go.id/api/landmark/90829129/photo
90863670;HQVTSO;BATAS 3 RT 001 RW 001 ( KEBUN);0001;RT 001 RW 001;3279030001;-7.3936061734227;108.50788492709;3.2999999523163;1;150;Batas Wilkerstat;15040;Batas SLS;2025-08-03 09:47:31;2025-08-03 09:47:35;Aris Mariandaris;https://wilkerstat.bps.go.id/api/landmark/90863670/photo
90903527;HQYARN;BATAS 4 RT 001 RW 001 ( SAWAH);0001;RT 001 RW 001;3279030001;-7.3950846;108.5124879;3.2130000591278;1;150;Batas Wilkerstat;15040;Batas SLS;2025-08-03 10:24:13;2025-08-03 10:24:17;Aris Mariandaris;https://wilkerstat.bps.go.id/api/landmark/90903527/photo
90210938;HPKQDM;BATAS 2 RT 002 RW 001 (SAWAH);0002;RT 002 RW 001 ( kebun);3279030001;-7.3892834694969;108.51323392242;3.7990000247955;1;150;Batas Wilkerstat;15040;Batas SLS;2025-08-02 08:22:31;2025-08-02 08:22:41;Aris Mariandaris;https://wilkerstat.bps.go.id/api/landmark/90210938/photo
90232992;HPLWTS;BATAS 1 RT 001 RW 001( KEBUN);0002;RT 002 RW 001 ( kebun);3279030001;-7.3901728839991;108.51133257151;8.6800003051758;1;150;Batas Wilkerstat;15040;Batas SLS;2025-08-02 08:58:40;2025-08-02 08:58:45;Aris Mariandaris;https://wilkerstat.bps.go.id/api/landmark/90232992/photo
90394469;HPVBQJ;BATAS 3 RT 002 RW 001;0002;RT 002 RW 001 ( kebun);3279030001;-7.3951075;108.5127116;14.515000343323;1;150;Batas Wilkerstat;15040;Batas SLS;2025-08-02 11:39:06;2025-08-02 11:39:09;Aris Mariandaris;https://wilkerstat.bps.go.id/api/landmark/90394469/photo
90812627;HQSWFJ;BATAS 4 RT 002 RW 001( SELOKAN);0002;RT 002 RW 001 ( kebun);3279030001;-7.3946409;108.5138391;2.3239998817444;1;150;Batas Wilkerstat;15040;Batas SLS;2025-08-03 08:49:27;2025-08-03 08:49:40;Aris Mariandaris;https://wilkerstat.bps.go.id/api/landmark/90812627/photo
90812845;HQSWNT;BATAS 4 RT 002 RW 001( SELOKAN);0002;RT 002 RW 001 ( kebun);3279030001;-7.3946409;108.5138391;2.3239998817444;1;150;Batas Wilkerstat;15040;Batas SLS;2025-08-03 08:49:42;2025-08-03 08:49:55;Aris Mariandaris;https://wilkerstat.bps.go.id/api/landmark/90812845/photo
90813030;HQSWUW;BATAS 4 RT 002 RW 001( SELOKAN);0002;RT 002 RW 001 ( kebun);3279030001;-7.3946409;108.5138391;2.3239998817444;1;150;Batas Wilkerstat;15040;Batas SLS;2025-08-03 08:49:57;2025-08-03 08:50:09;Aris Mariandaris;https://wilkerstat.bps.go.id/api/landmark/90813030/photo
90813277;HQSXEJ;BATAS 4 RT 002 RW 001( SELOKAN);0002;RT 002 RW 001 ( kebun);3279030001;-7.3946409;108.5138391;2.3239998817444;1;150;Batas Wilkerstat;15040;Batas SLS;2025-08-03 08:50:10;2025-08-03 08:50:25;Aris Mariandaris;https://wilkerstat.bps.go.id/api/landmark/90813277/photo
90224779;HPLKPV;BATAS 1 RT.006 RW.014 (SAWAH AN. PARMAN);0035;RT.006 RW.014 Dusun Girimulya;3279030001;-7.4161649;108.536664;5.4739999771118;1;150;Batas Wilkerstat;15040;Batas SLS;2025-08-02 08:46:54;2025-08-02 08:46:59;Ruli Ruswandi;https://wilkerstat.bps.go.id/api/landmark/90224779/photo
90229636;HPLRUQ;BATAS 2 RT.006 RW.014 (SAWAH);0035;RT.006 RW.014 Dusun Girimulya;3279030001;-7.4152747;108.5338082;4.3829998970032;1;150;Batas Wilkerstat;15040;Batas SLS;2025-08-02 08:54:04;2025-08-02 08:54:07;Ruli Ruswandi;https://wilkerstat.bps.go.id/api/landmark/90229636/photo
90258437;HPNIKJ;BATAS 7 RT. 006 RW.014 (SUNGAI CI SEEL);0035;RT.006 RW.014 Dusun Girimulya;3279030001;-7.410307;108.5388958;4.0560002326965;1;150;Batas Wilkerstat;15040;Batas SLS;2025-08-02 09:29:57;2025-08-02 09:30:04;Ruli Ruswandi;https://wilkerstat.bps.go.id/api/landmark/90258437/photo
90278510;HPOMCK;BATAS 6 RT.006 RT.014 ( SUNGAI CI SEEL);0035;RT.006 RW.014 Dusun Girimulya;3279030001;-7.4123982;108.5378058;4.3610000610352;1;150;Batas Wilkerstat;15040;Batas SLS;2025-08-02 09:50:53;2025-08-02 09:50:58;Ruli Ruswandi;https://wilkerstat.bps.go.id/api/landmark/90278510/photo
90303165;HPPWOR;BATAS 3 RT.006 RW.014 (SAWAH);0035;RT.006 RW.014 Dusun Girimulya;3279030001;-7.4140599;108.5340447;3.789999961853;1;150;Batas Wilkerstat;15040;Batas SLS;2025-08-02 10:14:58;2025-08-02 10:15:00;Ruli Ruswandi;https://wilkerstat.bps.go.id/api/landmark/90303165/photo
90493677;HQASKB;BATAS 4 RT.006 RW.014 BANTARAN SUNGAI;0035;RT.006 RW.014 Dusun Girimulya;3279030001;-7.4130218;108.5331752;6.1669998168945;1;150;Batas Wilkerstat;15040;Batas SLS;2025-08-02 13:48:14;2025-08-02 13:51:54;Ruli Ruswandi;https://wilkerstat.bps.go.id/api/landmark/90493677/photo
90618169;HQHUOF;BATAS 5 RT.006 RW.014 SUNGAI;0035;RT.006 RW.014 Dusun Girimulya;3279030001;-7.4103290297361;108.53420846164;10.237999916077;1;150;Batas Wilkerstat;15040;Batas SLS;2025-08-02 15:19:15;2025-08-02 16:04:51;Ruli Ruswandi;https://wilkerstat.bps.go.id/api/landmark/90618169/photo
90214315;HPKVDJ;BATAS 1 RT 003 RW 001;0003;RT 003 RW001;3279030001;-7.389394;108.5133309;5.1589999198914;1;150;Batas Wilkerstat;15040;Batas SLS;2025-08-02 08:28:56;2025-08-02 08:29:13;Aris Mariandaris;https://wilkerstat.bps.go.id/api/landmark/90214315/photo
90214896;HPKVZS;BATAS 2 RT 003 RW 001 (SAWAH);0003;RT 003 RW001;3279030001;-7.389394;108.5133309;5.1589999198914;1;150;Batas Wilkerstat;15040;Batas SLS;2025-08-02 08:30:05;2025-08-02 08:30:20;Aris Mariandaris;https://wilkerstat.bps.go.id/api/landmark/90214896/photo
90912443;HQYNWL;BATAS 1 RT 003 RW 001;0003;RT 003 RW001;3279030001;-7.3954202;108.5117068;3;1;150;Batas Wilkerstat;15040;Batas SLS;2025-08-03 10:32:10;2025-08-03 10:32:13;Aris Mariandaris;https://wilkerstat.bps.go.id/api/landmark/90912443/photo
90233777;HPLXXX;BATAS 1 RT. 007 RW. 014 (SAWAH);0036;RT.007 RW. 014 Dusun Girimulya;3279030001;-7.4152779;108.5338575;7.0029997825623;1;150;Batas Wilkerstat;15040;Batas SLS;2025-08-02 08:59:52;2025-08-02 08:59:55;Ruli Ruswandi;https://wilkerstat.bps.go.id/api/landmark/90233777/photo
90371876;HPTUFK;BATAS 2 RT.007 RW.014 (SAWAH);0036;RT.007 RW. 014 Dusun Girimulya;3279030001;-7.4134986;108.5291768;4.1510000228882;1;150;Batas Wilkerstat;15040;Batas SLS;2025-08-02 11:17:42;2025-08-02 11:17:45;Ruli Ruswandi;https://wilkerstat.bps.go.id/api/landmark/90371876/photo
90503851;HQBHLJ;BATAS 4 RT.007 RW.014 (SUNGAI CI SEEL);0036;RT.007 RW. 014 Dusun Girimulya;3279030001;-7.4129632282279;108.53314865381;3.930999994278;1;150;Batas Wilkerstat;15040;Batas SLS;2025-08-02 13:42:26;2025-08-02 14:04:02;Ruli Ruswandi;https://wilkerstat.bps.go.id/api/landmark/90503851/photo
90617424;HQHTLO;BATAS 3 RT.007 RW.014;0036;RT.007 RW. 014 Dusun Girimulya;3279030001;-7.4108446995185;108.53113666177;3.789999961853;1;150;Batas Wilkerstat;15040;Batas SLS;2025-08-02 13:19:36;2025-08-02 16:04:08;Ruli Ruswandi;https://wilkerstat.bps.go.id/api/landmark/90617424/photo
91150680;HRMCHK;RT.007;0036;RT.007 RW. 014 Dusun Girimulya;3279030001;-7.4131291;108.5317379;4.7410001754761;1;150;Batas Wilkerstat;15040;Batas SLS;2025-08-03 15:14:10;2025-08-03 15:14:22;Ruli Ruswandi;https://wilkerstat.bps.go.id/api/landmark/91150680/photo
91257542;HRSEJM;BATAS 4 RT.007 RW.008 (BANTARAN SUNGAI);0036;RT.007 RW. 014 Dusun Girimulya;3279030001;-7.4131291;108.5317379;4.7410001754761;1;150;Batas Wilkerstat;15040;Batas SLS;2025-08-03 15:14:10;2025-08-03 17:02:26;Ruli Ruswandi;https://wilkerstat.bps.go.id/api/landmark/91257542/photo
90474485;HPZPZX;BATAS 8 RT.008 RW.014 (SUNGAI CISEEL);0037;RT.008 RW.014 DUSUN GIRIMULYA;3279030001;-7.4108228;108.5311239;3.789999961853;1;150;Batas Wilkerstat;15040;Batas SLS;2025-08-02 13:17:20;2025-08-02 13:26:04;Ruli Ruswandi;https://wilkerstat.bps.go.id/api/landmark/90474485/photo
90687431;HQLTAD;BATAS 3 RT.008 RW. 014 (TIANG LISTRIK DI SAWAH);0037;RT.008 RW.014 DUSUN GIRIMULYA;3279030001;-7.4111386077511;108.52955181152;5.2529997825623;1;150;Batas Wilkerstat;15040;Batas SLS;2025-08-02 17:06:22;2025-08-02 17:06:27;Ruli Ruswandi;https://wilkerstat.bps.go.id/api/landmark/90687431/photo
90695722;HQMFHA;BATAS 4 RT.008 RW. 014 (DEKAT RUMAH BP AAN);0037;RT.008 RW.014 DUSUN GIRIMULYA;3279030001;-7.4111605;108.5284436;7.1900000572205;1;150;Batas Wilkerstat;15040;Batas SLS;2025-08-02 17:14:05;2025-08-02 17:14:10;Ruli Ruswandi;https://wilkerstat.bps.go.id/api/landmark/90695722/photo
90703065;HQMQDL;BATAS 7 RT. 008 RW. 014 ( JEMBATAN GANTUNG);0037;RT.008 RW.014 DUSUN GIRIMULYA;3279030001;-7.4094356661505;108.53064380586;7.0500001907349;1;150;Batas Wilkerstat;15040;Batas SLS;2025-08-02 17:21:08;2025-08-02 17:21:15;Ruli Ruswandi;https://wilkerstat.bps.go.id/api/landmark/90703065/photo
91129323;HRKWRZ;BATAS 6 RT.008 RW. 014 BANTARAN SUNGAI;0037;RT.008 RW.014 DUSUN GIRIMULYA;3279030001;-7.4091715;108.5300995;9.5329999923706;1;150;Batas Wilkerstat;15040;Batas SLS;2025-08-03 14:49:58;2025-08-03 14:50:22;Ruli Ruswandi;https://wilkerstat.bps.go.id/api/landmark/91129323/photo
91164719;HRMXBJ;BATAS 1 RT.008 RW.009 ( SAWAH);0037;RT.008 RW.014 DUSUN GIRIMULYA;3279030001;-7.4135131396952;108.52919843048;5.4250001907349;1;150;Batas Wilkerstat;15040;Batas SLS;2025-08-03 15:25:24;2025-08-03 15:29:49;Ruli Ruswandi;https://wilkerstat.bps.go.id/api/landmark/91164719/photo
91164801;HRMXEN;BATAS 2 RT.008 RW.014 ( SAWAH);0037;RT.008 RW.014 DUSUN GIRIMULYA;3279030001;-7.4133771580238;108.52888159454;4.2890000343323;1;150;Batas Wilkerstat;15040;Batas SLS;2025-08-03 15:28:00;2025-08-03 15:29:54;Ruli Ruswandi;https://wilkerstat.bps.go.id/api/landmark/91164801/photo
91164942;HRMXJY;BATAS 5 RT.008 RW.014 (SUNGAI CISEEL);0037;RT.008 RW.014 DUSUN GIRIMULYA;3279030001;-7.4103250400256;108.52839041501;6.896999835968;1;150;Batas Wilkerstat;15040;Batas SLS;2025-08-03 09:05:59;2025-08-03 15:30:05;Ruli Ruswandi;https://wilkerstat.bps.go.id/api/landmark/91164942/photo
90680299;HQLILV;BATAS 4 RT. 009 RW.014 (RUMAH BP. WAWAN);0038;RT.009 RW.014 DUSUN GIRIMULYA;3279030001;-7.4110252;108.5263775;16.500999450684;1;150;Batas Wilkerstat;15040;Batas SLS;2025-08-02 16:59:45;2025-08-02 17:00:02;Ruli Ruswandi;https://wilkerstat.bps.go.id/api/landmark/90680299/photo
90725880;HQNXWY;BATAS 1 RT. 009 RW.014 ( JEMBATAN);0038;RT.009 RW.014 DUSUN GIRIMULYA;3279030001;-7.4093241;108.5274634;4.2199997901917;1;150;Batas Wilkerstat;15040;Batas SLS;2025-08-02 16:40:04;2025-08-02 17:50:17;Ruli Ruswandi;https://wilkerstat.bps.go.id/api/landmark/90725880/photo
90725910;HQNXYC;BATAS 2 RT.009 RW. 014 (BANGUNAN TEMPAT CUCI MOBIL);0038;RT.009 RW.014 DUSUN GIRIMULYA;3279030001;-7.4103682618878;108.52563276887;8.0290002822876;1;150;Batas Wilkerstat;15040;Batas SLS;2025-08-02 16:48:00;2025-08-02 17:50:20;Ruli Ruswandi;https://wilkerstat.bps.go.id/api/landmark/90725910/photo
90726001;HQNYBP;BATAS 3 RT.009 RW.014 (SAWAH);0038;RT.009 RW.014 DUSUN GIRIMULYA;3279030001;-7.4106223;108.525836;18.673999786377;1;150;Batas Wilkerstat;15040;Batas SLS;2025-08-02 16:53:03;2025-08-02 17:50:33;Ruli Ruswandi;https://wilkerstat.bps.go.id/api/landmark/90726001/photo
90726044;HQNYDG;BATAS 5 RT. 009 RW.014 ( KEBUN);0038;RT.009 RW.014 DUSUN GIRIMULYA;3279030001;-7.4111522;108.5284234;5.6710000038147;1;150;Batas Wilkerstat;15040;Batas SLS;2025-08-02 17:12:14;2025-08-02 17:50:40;Ruli Ruswandi;https://wilkerstat.bps.go.id/api/landmark/90726044/photo
91231733;HRQSEV;BATAS 6 RT.009 RW.014 (SUNGAI CISEEL);0038;RT.009 RW.014 DUSUN GIRIMULYA;3279030001;-7.4103240425979;108.52838102728;7.6220002174377;1;150;Batas Wilkerstat;15040;Batas SLS;2025-08-03 08:59:02;2025-08-03 16:37:30;Ruli Ruswandi;https://wilkerstat.bps.go.id/api/landmark/91231733/photo
90488461;HQAKRL;BATAS 4 RT 003 RW 014 (RUMAH OLIS);0032;RT 003 RW 013 DUSUN GIRIMULYA;3279030001;-7.4076705446081;108.53156112134;1.8999999761581;1;150;Batas Wilkerstat;15040;Batas SLS;2025-08-02 13:45:19;2025-08-02 13:45:23;Ecep Jaelani Adha Nurhamjah;https://wilkerstat.bps.go.id/api/landmark/90488461/photo
90496384;HQAWKE;BATAS 1 RT 003 RW 013 (SAWAH KORI);0032;RT 003 RW 013 DUSUN GIRIMULYA;3279030001;-7.4071046668889;108.53025890887;1.9199999570847;1;150;Batas Wilkerstat;15040;Batas SLS;2025-08-02 13:55:06;2025-08-02 13:55:11;Ecep Jaelani Adha Nurhamjah;https://wilkerstat.bps.go.id/api/landmark/90496384/photo
90507897;HQBNKZ;BATAS 2 RT 003 RW 13 (KEBUN RAHARDJO);0032;RT 003 RW 013 DUSUN GIRIMULYA;3279030001;-7.4023067;108.5303633;1.5;1;150;Batas Wilkerstat;15040;Batas SLS;2025-08-02 14:08:51;2025-08-02 14:09:05;Ecep Jaelani Adha Nurhamjah;https://wilkerstat.bps.go.id/api/landmark/90507897/photo
90508208;HQBNWY;BATAS 2 RT 003 RW 13 (KEBUN RAHARDJO);0032;RT 003 RW 013 DUSUN GIRIMULYA;3279030001;-7.4023066462958;108.53027936071;1.5;1;150;Batas Wilkerstat;15040;Batas SLS;2025-08-02 14:09:24;2025-08-02 14:09:29;Ecep Jaelani Adha Nurhamjah;https://wilkerstat.bps.go.id/api/landmark/90508208/photo
90525092;HQCMWI;BATAS 3 RT 003 RW 013 (KEBUN SUHIRMAN);0032;RT 003 RW 013 DUSUN GIRIMULYA;3279030001;-7.4010435456436;108.53196546435;1.5;1;150;Batas Wilkerstat;15040;Batas SLS;2025-08-02 14:28:48;2025-08-02 14:28:52;Ecep Jaelani Adha Nurhamjah;https://wilkerstat.bps.go.id/api/landmark/90525092/photo
90603334;HQGYPQ;BATAS 2 RT.002 RW.013;0031;RT.002 RW. 013 Dusun Girimulya;3279030001;-7.4129808493436;108.53315703571;9.2019996643066;1;150;Batas Wilkerstat;15040;Batas SLS;2025-08-02 15:32:39;2025-08-02 15:50:41;Ruli Ruswandi;https://wilkerstat.bps.go.id/api/landmark/90603334/photo
90603484;HQGYVK;BATAS 1 RT.002 RW.013;0031;RT.002 RW. 013 Dusun Girimulya;3279030001;-7.4104310998183;108.53411760181;5.7950000762939;1;150;Batas Wilkerstat;15040;Batas SLS;2025-08-02 15:20:36;2025-08-02 15:50:49;Ruli Ruswandi;https://wilkerstat.bps.go.id/api/landmark/90603484/photo
91232629;HRQTNH;BATAS 4 RT.002 RW.013 ( JALAN GIRIMULYA);0031;RT.002 RW. 013 Dusun Girimulya;3279030001;-7.4080658606329;108.52933555841;7.1710000038147;1;150;Batas Wilkerstat;15040;Batas SLS;2025-08-03 09:38:23;2025-08-03 16:38:22;Ruli Ruswandi;https://wilkerstat.bps.go.id/api/landmark/91232629/photo
91232660;HRQTOM;BATAS 6 RT.002 RW. 013 ( SALURAN AIR );0031;RT.002 RW. 013 Dusun Girimulya;3279030001;-7.4071016745841;108.53024851531;19.166000366211;1;150;Batas Wilkerstat;15040;Batas SLS;2025-08-03 09:48:26;2025-08-03 16:38:23;Ruli Ruswandi;https://wilkerstat.bps.go.id/api/landmark/91232660/photo
91232698;HRQTPY;BATAS. 7 RT.002 RW.013 (SAWAH);0031;RT.002 RW. 013 Dusun Girimulya;3279030001;-7.4084262;108.5325489;11.211999893188;1;150;Batas Wilkerstat;15040;Batas SLS;2025-08-03 12:43:03;2025-08-03 16:38:26;Ruli Ruswandi;https://wilkerstat.bps.go.id/api/landmark/91232698/photo
91232830;HRQTVA;BATAS 7 RT.002 RW.013 ( PINGGIR SAWAH);0031;RT.002 RW. 013 Dusun Girimulya;3279030001;-7.4074966;108.5309969;3.789999961853;1;150;Batas Wilkerstat;15040;Batas SLS;2025-08-03 12:58:27;2025-08-03 16:38:35;Ruli Ruswandi;https://wilkerstat.bps.go.id/api/landmark/91232830/photo
91232981;HRQUAV;BATAS 5 RT.002 RW.013 ( JEMATAN JALAN);0031;RT.002 RW. 013 Dusun Girimulya;3279030001;-7.4081386732179;108.52985758334;6.8439998626709;1;150;Batas Wilkerstat;15040;Batas SLS;2025-08-03 10:04:51;2025-08-03 16:38:44;Ruli Ruswandi;https://wilkerstat.bps.go.id/api/landmark/91232981/photo
91324045;HRVYTH;BATAS 3 RT.002 RW.013 (BANTARAN SUNGAI CI SEEL);0031;RT.002 RW. 013 Dusun Girimulya;3279030001;-7.4130287255789;108.53191114962;6.8540000915527;1;150;Batas Wilkerstat;15040;Batas SLS;2025-08-03 15:15:19;2025-08-03 21:39:10;Ruli Ruswandi;https://wilkerstat.bps.go.id/api/landmark/91324045/photo
91324336;HRVZEM;BATAS 9 RT.002 RW.013 SAWAH;0031;RT.002 RW. 013 Dusun Girimulya;3279030001;-7.40914;108.5326212;3.789999961853;1;150;Batas Wilkerstat;15040;Batas SLS;2025-08-03 12:34:31;2025-08-03 21:44:53;Ruli Ruswandi;https://wilkerstat.bps.go.id/api/landmark/91324336/photo
90531524;HQCWJS;BATAS 2 RT.004 RW.013 KEBUN PEPAYA;0033;RT.004 RW.013 DUSUN GIRIMULYA;3279030001;-7.410441;108.5378639;6.451000213623;1;150;Batas Wilkerstat;15040;Batas SLS;2025-08-02 14:34:55;2025-08-02 14:35:52;Ruli Ruswandi;https://wilkerstat.bps.go.id/api/landmark/90531524/photo
90601915;HQGWNB;BATAS 1 RT.004 RW.013 KEBUN PEPAYA;0033;RT.004 RW.013 DUSUN GIRIMULYA;3279030001;-7.410114;108.5380893;7.2740001678467;1;150;Batas Wilkerstat;15040;Batas SLS;2025-08-02 14:27:04;2025-08-02 15:49:19;Ruli Ruswandi;https://wilkerstat.bps.go.id/api/landmark/90601915/photo
90602015;HQGWQX;BATAS 3 RT.004 RW.013 KEBUN DURIAN;0033;RT.004 RW.013 DUSUN GIRIMULYA;3279030001;-7.411915;108.5376147;10.312000274658;1;150;Batas Wilkerstat;15040;Batas SLS;2025-08-02 14:49:02;2025-08-02 15:49:24;Ruli Ruswandi;https://wilkerstat.bps.go.id/api/landmark/90602015/photo
90602374;HQGXES;BATAS 4 RT.004 RW.013;0033;RT.004 RW.013 DUSUN GIRIMULYA;3279030001;-7.4104563679784;108.53414274752;12.991000175476;1;150;Batas Wilkerstat;15040;Batas SLS;2025-08-02 15:21:49;2025-08-02 15:49:48;Ruli Ruswandi;https://wilkerstat.bps.go.id/api/landmark/90602374/photo
90937441;HQZYVX;BATAS 15 RT.004 RW.013 ( JALAN KEEP KEBUN JATI);0033;RT.004 RW.013 DUSUN GIRIMULYA;3279030001;-7.4059661;108.5353705;7.1290001869202;1;150;Batas Wilkerstat;15040;Batas SLS;2025-08-03 10:54:21;2025-08-03 10:54:33;Ruli Ruswandi;https://wilkerstat.bps.go.id/api/landmark/90937441/photo
90967713;HRBRQF;BATAS 11 RT.004 RW.013 KEBUN;0033;RT.004 RW.013 DUSUN GIRIMULYA;3279030001;-7.404028234357;108.53388827294;8.4969997406006;1;150;Batas Wilkerstat;15040;Batas SLS;2025-08-03 11:22:34;2025-08-03 11:22:42;Ruli Ruswandi;https://wilkerstat.bps.go.id/api/landmark/90967713/photo
90999978;HRDNJE;BATAS 14 RT.004 RW.013 (KEBUN);0033;RT.004 RW.013 DUSUN GIRIMULYA;3279030001;-7.4053019658093;108.53515092283;5.4749999046326;1;150;Batas Wilkerstat;15040;Batas SLS;2025-08-03 11:02:40;2025-08-03 11:54:57;Ruli Ruswandi;https://wilkerstat.bps.go.id/api/landmark/90999978/photo
91012687;HREGDZ;BATAS 17 RT.004 RW.013 (KEBUN);0033;RT.004 RW.013 DUSUN GIRIMULYA;3279030001;-7.4066135;108.5351872;9.2360000610352;1;150;Batas Wilkerstat;15040;Batas SLS;2025-08-03 10:48:55;2025-08-03 12:10:41;Ruli Ruswandi;https://wilkerstat.bps.go.id/api/landmark/91012687/photo
91012828;HREGJK;BATAS 18 RT.004 RW.013(JALAN PANCOR);0033;RT.004 RW.013 DUSUN GIRIMULYA;3279030001;-7.4074126;108.5347663;10.276000022888;1;150;Batas Wilkerstat;15040;Batas SLS;2025-08-03 10:45:08;2025-08-03 12:10:52;Ruli Ruswandi;https://wilkerstat.bps.go.id/api/landmark/91012828/photo
91013002;HREGQC;BATAS 16 RT.004 RW.013 (KEBUN JATI);0033;RT.004 RW.013 DUSUN GIRIMULYA;3279030001;-7.4064669730303;108.53503223509;15.824000358582;1;150;Batas Wilkerstat;15040;Batas SLS;2025-08-03 10:51:05;2025-08-03 12:11:05;Ruli Ruswandi;https://wilkerstat.bps.go.id/api/landmark/91013002/photo
91013289;HREHBD;BATAS 12 RT.004 RW.0013 (RUMAH ORANG MAJENANG);0033;RT.004 RW.013 DUSUN GIRIMULYA;3279030001;-7.4049139618647;108.53525418788;6.3899998664856;1;150;Batas Wilkerstat;15040;Batas SLS;2025-08-03 11:11:02;2025-08-03 12:11:29;Ruli Ruswandi;https://wilkerstat.bps.go.id/api/landmark/91013289/photo
91013627;HREHOD;BATAS 9 RT.004 RW.013 SAWAH;0033;RT.004 RW.013 DUSUN GIRIMULYA;3279030001;-7.407367324675;108.53198222816;8.2130002975464;1;150;Batas Wilkerstat;15040;Batas SLS;2025-08-03 11:45:31;2025-08-03 12:11:58;Ruli Ruswandi;https://wilkerstat.bps.go.id/api/landmark/91013627/photo
91028125;HRFCZT;BATAS 5 RT.004 RW.013 SAWAH AN ATANG;0033;RT.004 RW.013 DUSUN GIRIMULYA;3279030001;-7.409137102107;108.53258471936;4.5560002326965;1;150;Batas Wilkerstat;15040;Batas SLS;2025-08-03 12:32:24;2025-08-03 12:32:34;Ruli Ruswandi;https://wilkerstat.bps.go.id/api/landmark/91028125/photo
91040433;HRFVFD;BATAS 8 RT.004 RW.013 ( TEMPAT PEMBAKARAN BATA MERAH);0033;RT.004 RW.013 DUSUN GIRIMULYA;3279030001;-7.4076541;108.5315765;4.0529999732971;1;150;Batas Wilkerstat;15040;Batas SLS;2025-08-03 12:51:27;2025-08-03 12:51:38;Ruli Ruswandi;https://wilkerstat.bps.go.id/api/landmark/91040433/photo
91048256;HRGGUA;BATAS 15 RT.004 RW.013 (PENGGERGAJIAN KAYU);0033;RT.004 RW.013 DUSUN GIRIMULYA;3279030001;-7.405676;108.5348943;4.2039999961853;1;150;Batas Wilkerstat;15040;Batas SLS;2025-08-03 10:58:41;2025-08-03 13:03:15;Ruli Ruswandi;https://wilkerstat.bps.go.id/api/landmark/91048256/photo
91048295;HRGGVN;BATAS 10 RT.004 RW.013 (KEBUN);0033;RT.004 RW.013 DUSUN GIRIMULYA;3279030001;-7.4041193340401;108.53334043175;4.5469999313354;1;150;Batas Wilkerstat;15040;Batas SLS;2025-08-03 11:27:08;2025-08-03 13:03:20;Ruli Ruswandi;https://wilkerstat.bps.go.id/api/landmark/91048295/photo
91048355;HRGGXV;BATAS 7 RT.004 RW.013 ( KEBUN);0033;RT.004 RW.013 DUSUN GIRIMULYA;3279030001;-7.4074974;108.5310008;5;1;150;Batas Wilkerstat;15040;Batas SLS;2025-08-03 12:56:42;2025-08-03 13:03:25;Ruli Ruswandi;https://wilkerstat.bps.go.id/api/landmark/91048355/photo
91323850;HRVYLU;BATAS 13 RT.004 RW.013 ( KEBUN);0033;RT.004 RW.013 DUSUN GIRIMULYA;3279030001;-7.4052135262084;108.53508923203;9.5900001525879;1;150;Batas Wilkerstat;15040;Batas SLS;2025-08-03 11:07:45;2025-08-03 21:35:31;Ruli Ruswandi;https://wilkerstat.bps.go.id/api/landmark/91323850/photo
91323856;HRVYMA;BATAS 6 RT.004 RW.013 RUMAH ANDRI;0033;RT.004 RW.013 DUSUN GIRIMULYA;3279030001;-7.4084229;108.5325513;11.376000404358;1;150;Batas Wilkerstat;15040;Batas SLS;2025-08-03 12:44:03;2025-08-03 21:35:35;Ruli Ruswandi;https://wilkerstat.bps.go.id/api/landmark/91323856/photo
91086932;HRILZO;BATAS 2 RT. 001 RW.013 (RUMPUN BAMBU BANTARAN SUNGAI);0030;RT.001 RW.013 DUSUN GIRIMULYA;3279030001;-7.4103219;108.5283627;11.307000160217;1;150;Batas Wilkerstat;15040;Batas SLS;2025-08-03 09:08:22;2025-08-03 13:58:14;Ruli Ruswandi;https://wilkerstat.bps.go.id/api/landmark/91086932/photo
91259186;HRSGUS;BATAS 4 RT.001 RW.013 (WARUNG IBU ISAH);0030;RT.001 RW.013 DUSUN GIRIMULYA;3279030001;-7.4080625358571;108.52931275964;4.8839998245239;1;150;Batas Wilkerstat;15040;Batas SLS;2025-08-03 09:35:19;2025-08-03 17:04:08;Ruli Ruswandi;https://wilkerstat.bps.go.id/api/landmark/91259186/photo
91259200;HRSGVG;BATAS 3 RT.001 RW.013 (SUNGAI CI SEEL);0030;RT.001 RW.013 DUSUN GIRIMULYA;3279030001;-7.4093362;108.5303928;4.066999912262;1;150;Batas Wilkerstat;15040;Batas SLS;2025-08-03 14:47:09;2025-08-03 17:04:09;Ruli Ruswandi;https://wilkerstat.bps.go.id/api/landmark/91259200/photo
91323740;HRVYHO;BATAS 1 RT.0001 RW.013 (JEMBATAN);0030;RT.001 RW.013 DUSUN GIRIMULYA;3279030001;-7.4093445675663;108.52746438235;10.904999732971;1;150;Batas Wilkerstat;15040;Batas SLS;2025-08-02 16:38:31;2025-08-03 21:33:44;Ruli Ruswandi;https://wilkerstat.bps.go.id/api/landmark/91323740/photo
91323745;HRVYHT;BATAS 5 RT.001 RW.013 (PERTIGAAN JLN GIRIMULYA);0030;RT.001 RW.013 DUSUN GIRIMULYA;3279030001;-7.4079072687968;108.52860331535;7.6519999504089;1;150;Batas Wilkerstat;15040;Batas SLS;2025-08-03 09:15:02;2025-08-03 21:33:46;Ruli Ruswandi;https://wilkerstat.bps.go.id/api/landmark/91323745/photo
90910793;HQYLKZ;BATAS 3 RT 004 RW 001;0004;RT 004 RW 002;3279030001;-7.3954381;108.5116849;3;1;150;Batas Wilkerstat;15040;Batas SLS;2025-08-03 10:30:46;2025-08-03 10:30:49;Aris Mariandaris;https://wilkerstat.bps.go.id/api/landmark/90910793/photo
90944768;HRAJRS;BATAS 4 RT 004 RW 001 ( RUMAH PAK NUR);0004;RT 004 RW 002;3279030001;-7.3953346;108.5145882;5.7309999465942;1;150;Batas Wilkerstat;15040;Batas SLS;2025-08-03 11:01:01;2025-08-03 11:01:12;Aris Mariandaris;https://wilkerstat.bps.go.id/api/landmark/90944768/photo
91374911;HRYVZR;BATAS 2 RT 004 RW 001;0004;RT 004 RW 002;3279030001;-7.3960721;108.5111628;8.1429996490479;1;150;Batas Wilkerstat;15040;Batas SLS;2025-08-04 08:53:19;2025-08-04 08:53:22;Aris Mariandaris;https://wilkerstat.bps.go.id/api/landmark/91374911/photo
90636542;HQIVSW;BATAS 1 RT 003 RW 008 (RUMAH PA ROHMAN);0018;RT 003 RW 008 DUSUN PANGASINAN;3279030001;-7.3935426681178;108.53021599352;1.3999999761581;1;150;Batas Wilkerstat;15040;Batas SLS;2025-08-02 16:21:29;2025-08-02 16:21:33;Ecep Jaelani Adha Nurhamjah;https://wilkerstat.bps.go.id/api/landmark/90636542/photo
90658888;HQKCUI;BATAS 6 RT 003 RW 008 (SAWAH);0018;RT 003 RW 008 DUSUN PANGASINAN;3279030001;-7.3937990167008;108.53568065912;3.4749999046326;1;150;Batas Wilkerstat;15040;Batas SLS;2025-08-02 16:41:12;2025-08-02 16:41:16;Ecep Jaelani Adha Nurhamjah;https://wilkerstat.bps.go.id/api/landmark/90658888/photo
90661164;HQKGDW;BATAS 7 RT 003 RW 008 (SAWAH);0018;RT 003 RW 008 DUSUN PANGASINAN;3279030001;-7.3941584364479;108.53568032384;2.6500000953674;1;150;Batas Wilkerstat;15040;Batas SLS;2025-08-02 16:43:02;2025-08-02 16:43:05;Ecep Jaelani Adha Nurhamjah;https://wilkerstat.bps.go.id/api/landmark/90661164/photo
90706020;HQMUNC;BATAS 8 RT 003 RW 008 (PERTIGAAN SALURAN PEMBUANGAN);0018;RT 003 RW 008 DUSUN PANGASINAN;3279030001;-7.3943933;108.53155;1.3999999761581;1;150;Batas Wilkerstat;15040;Batas SLS;2025-08-02 17:24:14;2025-08-02 17:24:18;Ecep Jaelani Adha Nurhamjah;https://wilkerstat.bps.go.id/api/landmark/90706020/photo
91130130;HRKXXA;BATAS 9 RT 003 RW 008 (UJUNG MAKAM);0018;RT 003 RW 008 DUSUN PANGASINAN;3279030001;-7.3935917;108.5306633;2.6059999465942;1;150;Batas Wilkerstat;15040;Batas SLS;2025-08-03 14:51:19;2025-08-03 14:51:23;Ecep Jaelani Adha Nurhamjah;https://wilkerstat.bps.go.id/api/landmark/91130130/photo
91226679;HRQKSL;BATAS 2 RT 003 RW 004 (KEBUN JL KEEP);0018;RT 003 RW 008 DUSUN PANGASINAN;3279030001;-7.3929066170999;108.53056166321;1.3999999761581;1;150;Batas Wilkerstat;15040;Batas SLS;2025-08-03 16:32:39;2025-08-03 16:32:43;Ecep Jaelani Adha Nurhamjah;https://wilkerstat.bps.go.id/api/landmark/91226679/photo
91229575;HRQOZV;BATAS 3 RT 003 RW 004 (SALURAN);0018;RT 003 RW 008 DUSUN PANGASINAN;3279030001;-7.392195;108.5302167;1.3500000238419;1;150;Batas Wilkerstat;15040;Batas SLS;2025-08-03 16:35:20;2025-08-03 16:35:23;Ecep Jaelani Adha Nurhamjah;https://wilkerstat.bps.go.id/api/landmark/91229575/photo
91233250;HRQULE;BATAS 4 RT 003 RW 008 (JL. TENTARA PELAJAR);0018;RT 003 RW 008 DUSUN PANGASINAN;3279030001;-7.392025;108.5293917;1.2999999523163;1;150;Batas Wilkerstat;15040;Batas SLS;2025-08-03 16:38:55;2025-08-03 16:38:58;Ecep Jaelani Adha Nurhamjah;https://wilkerstat.bps.go.id/api/landmark/91233250/photo
91237155;HRRAFJ;BATAS 5 RT 003 RW 004 (JL. TENTARA PELAJAR);0018;RT 003 RW 008 DUSUN PANGASINAN;3279030001;-7.3911883;108.52985;1.2999999523163;1;150;Batas Wilkerstat;15040;Batas SLS;2025-08-03 16:43:02;2025-08-03 16:43:05;Ecep Jaelani Adha Nurhamjah;https://wilkerstat.bps.go.id/api/landmark/91237155/photo
90728454;HQOBRY;BATAS 1 RT.014 RW. 012 ( JEMBATAN);0029;RT.014 RW. 012 Dusun Pangasinan;3279030001;-7.4093099;108.5274774;13.432000160217;1;150;Batas Wilkerstat;15040;Batas SLS;2025-08-02 16:44:30;2025-08-02 17:55:35;Ruli Ruswandi;https://wilkerstat.bps.go.id/api/landmark/90728454/photo
90916841;HQYUJP;BATAS 1 RT. 013 RW.012 DUSUN PANGASINAN;0028;RT.013 RW.012 Dusun Pangasinan;3279030001;-7.4081526372739;108.53012513369;18.003000259399;1;150;Batas Wilkerstat;15040;Batas SLS;2025-08-03 09:59:47;2025-08-03 10:36:10;Ruli Ruswandi;https://wilkerstat.bps.go.id/api/landmark/90916841/photo
91257851;HRSEVJ;BATAS 1 RT.013 RW.012 (JEMBATAN/SALURAN);0028;RT.013 RW.012 Dusun Pangasinan;3279030001;-7.4081293638469;108.52988105267;6.6449999809265;1;150;Batas Wilkerstat;15040;Batas SLS;2025-08-03 10:03:18;2025-08-03 17:02:46;Ruli Ruswandi;https://wilkerstat.bps.go.id/api/landmark/91257851/photo
90998787;HRDLPJ;BATAS 2 RT.005 RW.013 KEBUN;0034;RT.005 RW.013 DUSUN GIRIMULYA;3279030001;-7.4041537;108.5333194;4.5729999542236;1;150;Batas Wilkerstat;15040;Batas SLS;2025-08-03 11:28:34;2025-08-03 11:53:36;Ruli Ruswandi;https://wilkerstat.bps.go.id/api/landmark/90998787/photo
91116077;HRKDCN;BATAS 8 RT.005 RW.013 (RUMAH BP. ASNAN;0034;RT.005 RW.013 DUSUN GIRIMULYA;3279030001;-7.4038159;108.533558;5.2849998474121;1;150;Batas Wilkerstat;15040;Batas SLS;2025-08-03 14:34:45;2025-08-03 14:34:51;Ruli Ruswandi;https://wilkerstat.bps.go.id/api/landmark/91116077/photo
91136816;HRLHUE;BATAS 8 RT.005 RW.013 ( PINGGIR SAWAH);0034;RT.005 RW.013 DUSUN GIRIMULYA;3279030001;-7.402839;108.534327;4.8870000839233;1;150;Batas Wilkerstat;15040;Batas SLS;2025-08-03 14:24:33;2025-08-03 14:59:39;Ruli Ruswandi;https://wilkerstat.bps.go.id/api/landmark/91136816/photo
91165378;HRMYAS;BATAS 1 RT.005 RW.013 KEBUN;0034;RT.005 RW.013 DUSUN GIRIMULYA;3279030001;-7.4040585;108.5338623;5.6729998588562;1;150;Batas Wilkerstat;15040;Batas SLS;2025-08-03 11:21:15;2025-08-03 15:30:33;Ruli Ruswandi;https://wilkerstat.bps.go.id/api/landmark/91165378/photo
91165447;HRMYDJ;BATAS 3 RT.005 RW.013 (PABRIK PENGGILINGAN PADI);0034;RT.005 RW.013 DUSUN GIRIMULYA;3279030001;-7.4034151;108.5324228;3.9900000095367;1;150;Batas Wilkerstat;15040;Batas SLS;2025-08-03 14:08:26;2025-08-03 15:30:38;Ruli Ruswandi;https://wilkerstat.bps.go.id/api/landmark/91165447/photo
91176144;HRNNYU;BATAS 4 RT.005 RW.013 KEBUN;0034;RT.005 RW.013 DUSUN GIRIMULYA;3279030001;-7.4009836;108.5319123;9.5640001296997;1;150;Batas Wilkerstat;15040;Batas SLS;2025-08-03 15:42:35;2025-08-03 15:42:39;Ruli Ruswandi;https://wilkerstat.bps.go.id/api/landmark/91176144/photo
91197469;HROTMZ;BATAS 6 RT.005 RW. 013 ( KEBUN);0034;RT.005 RW.013 DUSUN GIRIMULYA;3279030001;-7.402467;108.5348146;4.4670000076294;1;150;Batas Wilkerstat;15040;Batas SLS;2025-08-03 14:17:09;2025-08-03 16:04:02;Ruli Ruswandi;https://wilkerstat.bps.go.id/api/landmark/91197469/photo
91258219;HRSFJN;BATAS 5 RT.005 RW.013 KEBUN;0034;RT.005 RW.013 DUSUN GIRIMULYA;3279030001;-7.4007533;108.5335069;6.3189997673035;1;150;Batas Wilkerstat;15040;Batas SLS;2025-08-03 15:45:17;2025-08-03 17:03:08;Ruli Ruswandi;https://wilkerstat.bps.go.id/api/landmark/91258219/photo
91258366;HRSFPE;BATAS 7 RT.005 RW.013 ( KEBUN PINGGIR SAWAH);0034;RT.005 RW.013 DUSUN GIRIMULYA;3279030001;-7.4029765968713;108.53448607028;5.6119999885559;1;150;Batas Wilkerstat;15040;Batas SLS;2025-08-03 14:20:56;2025-08-03 17:03:19;Ruli Ruswandi;https://wilkerstat.bps.go.id/api/landmark/91258366/photo
91108623;HRJSBV;BATAS 1 RT 006 RW 009 (JALAN RAYA TENTARA PELAJAR);0021;RT 006 RW 009 DUSUN PANGASINAN;3279030001;-7.3948071201907;108.52856878191;2;1;150;Batas Wilkerstat;15040;Batas SLS;2025-08-03 14:25:50;2025-08-03 14:25:53;Ecep Jaelani Adha Nurhamjah;https://wilkerstat.bps.go.id/api/landmark/91108623/photo
91111669;HRJWOZ;BATAS 2 RT 006 RW 009 (KEBUN);0021;RT 006 RW 009 DUSUN PANGASINAN;3279030001;-7.3941594339121;108.52835118771;1.3500000238419;1;150;Batas Wilkerstat;15040;Batas SLS;2025-08-03 14:29:47;2025-08-03 14:29:51;Ecep Jaelani Adha Nurhamjah;https://wilkerstat.bps.go.id/api/landmark/91111669/photo
91115011;HRKBNN;BATAS 3 RT 006 RW 009 (RUMAH LILIS ANI);0021;RT 006 RW 009 DUSUN PANGASINAN;3279030001;-7.394025;108.52891;2.2860000133514;1;150;Batas Wilkerstat;15040;Batas SLS;2025-08-03 14:33:38;2025-08-03 14:33:41;Ecep Jaelani Adha Nurhamjah;https://wilkerstat.bps.go.id/api/landmark/91115011/photo
91118701;HRKGZL;BATAS 4 RT 006 RW 009 (JALAN TENTARA PELAJAR);0021;RT 006 RW 009 DUSUN PANGASINAN;3279030001;-7.3940111442095;108.52920748293;1.4500000476837;1;150;Batas Wilkerstat;15040;Batas SLS;2025-08-03 14:37:56;2025-08-03 14:37:59;Ecep Jaelani Adha Nurhamjah;https://wilkerstat.bps.go.id/api/landmark/91118701/photo
91126341;HRKSHH;BATAS 5 RT 006 RW 009 (RUMAH ADE BAHRUN);0021;RT 006 RW 009 DUSUN PANGASINAN;3279030001;-7.3935646123604;108.5307065025;1.7189999818802;1;150;Batas Wilkerstat;15040;Batas SLS;2025-08-03 14:46:49;2025-08-03 14:46:52;Ecep Jaelani Adha Nurhamjah;https://wilkerstat.bps.go.id/api/landmark/91126341/photo
91133854;HRLDKG;BATAS 6 RT 006 RW 009 (SALURAN APUR);0021;RT 006 RW 009 DUSUN PANGASINAN;3279030001;-7.39444;108.5315517;1.3999999761581;1;150;Batas Wilkerstat;15040;Batas SLS;2025-08-03 14:55:57;2025-08-03 14:56:01;Ecep Jaelani Adha Nurhamjah;https://wilkerstat.bps.go.id/api/landmark/91133854/photo
91140835;HRLNST;BATAS 7 RT 006 RW 009 (SAWAH);0021;RT 006 RW 009 DUSUN PANGASINAN;3279030001;-7.3941630912808;108.5356850177;1.3500000238419;1;150;Batas Wilkerstat;15040;Batas SLS;2025-08-03 15:03:59;2025-08-03 15:04:02;Ecep Jaelani Adha Nurhamjah;https://wilkerstat.bps.go.id/api/landmark/91140835/photo
91147661;HRLXVH;BATAS 8 RT 006 RW 009 (SAWAH);0021;RT 006 RW 009 DUSUN PANGASINAN;3279030001;-7.3952683;108.5357367;8.1000003814697;1;150;Batas Wilkerstat;15040;Batas SLS;2025-08-03 15:11:16;2025-08-03 15:11:23;Ecep Jaelani Adha Nurhamjah;https://wilkerstat.bps.go.id/api/landmark/91147661/photo
91149857;HRMBBT;BATAS 9 RT 006 RW 009 (SAWAH);0021;RT 006 RW 009 DUSUN PANGASINAN;3279030001;-7.39529;108.5354083;3.5499999523163;1;150;Batas Wilkerstat;15040;Batas SLS;2025-08-03 15:13:30;2025-08-03 15:13:34;Ecep Jaelani Adha Nurhamjah;https://wilkerstat.bps.go.id/api/landmark/91149857/photo
91152406;HRMEVU;BATAS 10 RT 006 RW 009 (SAWAH);0021;RT 006 RW 009 DUSUN PANGASINAN;3279030001;-7.395786959998;108.53539668024;1.4500000476837;1;150;Batas Wilkerstat;15040;Batas SLS;2025-08-03 15:16:31;2025-08-03 15:16:34;Ecep Jaelani Adha Nurhamjah;https://wilkerstat.bps.go.id/api/landmark/91152406/photo
91165086;HRMXPM;BATAS 11 RT 006 RW 009 (SELOKAN REL);0021;RT 006 RW 009 DUSUN PANGASINAN;3279030001;-7.3954564679545;108.53246167302;1.3999999761581;1;150;Batas Wilkerstat;15040;Batas SLS;2025-08-03 15:30:11;2025-08-03 15:30:15;Ecep Jaelani Adha Nurhamjah;https://wilkerstat.bps.go.id/api/landmark/91165086/photo
91167537;HRNBFT;BATAS 12 RT 006 RW 009 (SAWAH);0021;RT 006 RW 009 DUSUN PANGASINAN;3279030001;-7.3952223969813;108.53231515735;3.1110000610352;1;150;Batas Wilkerstat;15040;Batas SLS;2025-08-03 15:32:54;2025-08-03 15:32:57;Ecep Jaelani Adha Nurhamjah;https://wilkerstat.bps.go.id/api/landmark/91167537/photo
91183780;HRNZGM;BATAS 001 RT.008 RW.009 KEBUN;0023;RT.008 RW.009 DUSUN PANGASINAN;3279030001;-7.4007572;108.5335054;16.80299949646;1;150;Batas Wilkerstat;15040;Batas SLS;2025-08-03 15:50:21;2025-08-03 15:50:31;Ruli Ruswandi;https://wilkerstat.bps.go.id/api/landmark/91183780/photo
91258737;HRSGDL;BATAS 2 RT. 008 RW.009 KEBUN;0023;RT.008 RW.009 DUSUN PANGASINAN;3279030001;-7.401021601773;108.53196546435;4.1059999465942;1;150;Batas Wilkerstat;15040;Batas SLS;2025-08-03 15:53:43;2025-08-03 17:03:42;Ruli Ruswandi;https://wilkerstat.bps.go.id/api/landmark/91258737/photo
90601496;HQGVWY;JEMBATAN GANTUNG CISEEL;0009;RT 009 RW 003 DUSUN KARANGSARI;3279030002;-7.4425953;108.5651666;1.3999999761581;1;150;Batas Wilkerstat;15040;Batas SLS;2025-08-02 15:48:54;2025-08-02 15:48:55;DIDI;https://wilkerstat.bps.go.id/api/landmark/90601496/photo
90643730;HQJGJI;SELOKAN AIR;0009;RT 009 RW 003 DUSUN KARANGSARI;3279030002;-7.4406086;108.5679938;3.1870000362396;1;150;Batas Wilkerstat;15040;Batas SLS;2025-08-02 16:27:52;2025-08-02 16:27:53;DIDI;https://wilkerstat.bps.go.id/api/landmark/90643730/photo
90652965;HQJUAN;SELOKAN AIR;0009;RT 009 RW 003 DUSUN KARANGSARI;3279030002;-7.4406051;108.5703459;3.2829999923706;1;150;Batas Wilkerstat;15040;Batas SLS;2025-08-02 16:35:56;2025-08-02 16:35:58;DIDI;https://wilkerstat.bps.go.id/api/landmark/90652965/photo
91190588;HROJII;TUGU PERBATASAN DESA BATULWANG;0009;RT 009 RW 003 DUSUN KARANGSARI;3279030002;-7.4438966;108.5687823;4.7620000839233;1;150;Batas Wilkerstat;15040;Batas SLS;2025-08-03 15:57:17;2025-08-03 15:57:19;DIDI;https://wilkerstat.bps.go.id/api/landmark/91190588/photo
90685212;HQLPSU;JALAN ASPAL;0012;RT 012 RW 003 DUSUN KARANGSARI;3279030002;-7.436245;108.56859;3.9070000648499;1;150;Batas Wilkerstat;15040;Batas SLS;2025-08-02 17:04:23;2025-08-02 17:04:25;DIDI;https://wilkerstat.bps.go.id/api/landmark/90685212/photo
90667987;HQKQGH;TUGU BATAS DESA BATULAWANG;0011;RT 011 RW 003 DUSUN KARANGSARI;3279030002;-7.4382063;108.5720164;3.4500000476837;1;150;Batas Wilkerstat;15040;Batas SLS;2025-08-02 16:48:54;2025-08-02 16:48:56;DIDI;https://wilkerstat.bps.go.id/api/landmark/90667987/photo
90686423;HQLRNJ;JALAN ASPAL;0011;RT 011 RW 003 DUSUN KARANGSARI;3279030002;-7.436245;108.56859;1.2000000476837;1;150;Batas Wilkerstat;15040;Batas SLS;2025-08-02 17:05:32;2025-08-02 17:05:33;DIDI;https://wilkerstat.bps.go.id/api/landmark/90686423/photo
90693511;HQMBZZ;SELOKAN AIR;0011;RT 011 RW 003 DUSUN KARANGSARI;3279030002;-7.4381883;108.5682733;1.2999999523163;1;150;Batas Wilkerstat;15040;Batas SLS;2025-08-02 17:12:06;2025-08-02 17:12:08;DIDI;https://wilkerstat.bps.go.id/api/landmark/90693511/photo
90708161;HQMXRL;SUNGAI CISEEL;0011;RT 011 RW 003 DUSUN KARANGSARI;3279030002;-7.43732;108.5653167;1.5;1;150;Batas Wilkerstat;15040;Batas SLS;2025-08-02 17:26:32;2025-08-02 17:26:34;DIDI;https://wilkerstat.bps.go.id/api/landmark/90708161/photo
90640762;HQJBZE;SELOKAN AIR;0010;RT 010 RW 003 DUSUN KARANGSARI;3279030002;-7.4406504496493;108.56789533049;2.6389999389648;1;150;Batas Wilkerstat;15040;Batas SLS;2025-08-02 16:25:21;2025-08-02 16:25:23;DIDI;https://wilkerstat.bps.go.id/api/landmark/90640762/photo
90654645;HQJWND;SELOKAN AIR;0010;RT 010 RW 003 DUSUN KARANGSARI;3279030002;-7.4405148;108.5703836;3.1659998893738;1;150;Batas Wilkerstat;15040;Batas SLS;2025-08-02 16:37:30;2025-08-02 16:37:32;DIDI;https://wilkerstat.bps.go.id/api/landmark/90654645/photo
90669861;HQKTAJ;TUGU BATAS DESA BATULAWANG;0010;RT 010 RW 003 DUSUN KARANGSARI;3279030002;-7.4383661595128;108.57199206948;1.7000000476837;1;150;Batas Wilkerstat;15040;Batas SLS;2025-08-02 16:50:32;2025-08-02 16:50:35;DIDI;https://wilkerstat.bps.go.id/api/landmark/90669861/photo
90692418;HQMAJY;SELOKAN AIR;0010;RT 010 RW 003 DUSUN KARANGSARI;3279030002;-7.4383172886726;108.56823630631;2.6040000915527;1;150;Batas Wilkerstat;15040;Batas SLS;2025-08-02 17:10:58;2025-08-02 17:11:00;DIDI;https://wilkerstat.bps.go.id/api/landmark/90692418/photo
90713798;HQNGAG;SUNGAI CISEEL;0010;RT 010 RW 003 DUSUN KARANGSARI;3279030002;-7.4391690368221;108.56464482844;2;1;150;Batas Wilkerstat;15040;Batas SLS;2025-08-02 17:33:00;2025-08-02 17:33:02;DIDI;https://wilkerstat.bps.go.id/api/landmark/90713798/photo
91111231;HRJVYD;BATAS 01 RT 03 RW 01;0003;RT 03 RW 01;3279030003;-7.42242;108.5754267;1.6829999685287;1;150;Batas Wilkerstat;15040;Batas SLS;2025-08-03 14:29:03;2025-08-03 14:29:18;Bambang Irawan S.Ip;https://wilkerstat.bps.go.id/api/landmark/91111231/photo
91111597;HRJWMF;BATAS 01 RT 03 RW 01;0003;RT 03 RW 01;3279030003;-7.42242;108.5754267;1.6829999685287;1;150;Batas Wilkerstat;15040;Batas SLS;2025-08-03 14:29:24;2025-08-03 14:29:44;Bambang Irawan S.Ip;https://wilkerstat.bps.go.id/api/landmark/91111597/photo
91111706;HRJWQK;BATAS 01 RT 03 RW 01;0003;RT 03 RW 01;3279030003;-7.42242;108.5754267;1.6829999685287;1;150;Batas Wilkerstat;15040;Batas SLS;2025-08-03 14:29:51;2025-08-03 14:29:53;Bambang Irawan S.Ip;https://wilkerstat.bps.go.id/api/landmark/91111706/photo
91125248;HRKQRG;BATAS 2 RT 03 RW 01;0003;RT 03 RW 01;3279030003;-7.4210297;108.5780827;1.9160000085831;1;150;Batas Wilkerstat;15040;Batas SLS;2025-08-03 14:45:37;2025-08-03 14:45:38;Bambang Irawan S.Ip;https://wilkerstat.bps.go.id/api/landmark/91125248/photo
91130157;HRKXYB;BATAS 3 RT 03 RW 01;0003;RT 03 RW 01;3279030003;-7.4189597;108.5785281;1.8830000162125;1;150;Batas Wilkerstat;15040;Batas SLS;2025-08-03 14:51:23;2025-08-03 14:51:25;Bambang Irawan S.Ip;https://wilkerstat.bps.go.id/api/landmark/91130157/photo
91141397;HRLOOJ;BATAS 4 RT 03 RW 01 ( KEBUN);0003;RT 03 RW 01;3279030003;-7.4207357;108.5753886;1.9830000400543;1;150;Batas Wilkerstat;15040;Batas SLS;2025-08-03 15:04:38;2025-08-03 15:04:40;Bambang Irawan S.Ip;https://wilkerstat.bps.go.id/api/landmark/91141397/photo
91147830;HRLYBU;BATAS 3 RT 04 RW 01;0004;RT 04 RW 01;3279030003;-7.4204377;108.5750816;1.8329999446869;1;150;Batas Wilkerstat;15040;Batas SLS;2025-08-03 15:11:32;2025-08-03 15:11:33;Bambang Irawan S.Ip;https://wilkerstat.bps.go.id/api/landmark/91147830/photo
91154255;HRMHOX;BATAS 02 RT 04 RW 01;0004;RT 04 RW 01;3279030003;-7.419171469364;108.57398696244;1.7000000476837;1;150;Batas Wilkerstat;15040;Batas SLS;2025-08-03 15:18:31;2025-08-03 15:18:32;Bambang Irawan S.Ip;https://wilkerstat.bps.go.id/api/landmark/91154255/photo
91164992;HRMXLW;BATAS 01 RT 04 RW 01 ( RUMAH PAK MOMO);0004;RT 04 RW 01;3279030003;-7.4183117;108.5729;1.7999999523163;1;150;Batas Wilkerstat;15040;Batas SLS;2025-08-03 15:30:08;2025-08-03 15:30:09;Bambang Irawan S.Ip;https://wilkerstat.bps.go.id/api/landmark/91164992/photo
91173662;HRNKHI;BATAS 4 RT 04 RW 01;0004;RT 04 RW 01;3279030003;-7.41644;108.5735583;1.8660000562668;1;150;Batas Wilkerstat;15040;Batas SLS;2025-08-03 15:39:34;2025-08-03 15:39:36;Bambang Irawan S.Ip;https://wilkerstat.bps.go.id/api/landmark/91173662/photo
91074582;HRHTSO;BATAS 2 RT 02 RW 01;0002;RT 02 RW 01;3279030003;-7.4183454;108.5789868;2;1;150;Batas Wilkerstat;15040;Batas SLS;2025-08-03 13:41:03;2025-08-03 13:41:07;Bambang Irawan S.Ip;https://wilkerstat.bps.go.id/api/landmark/91074582/photo
91084242;HRIIAC;BATAS 03 RT 02 RW 01;0002;RT 02 RW 01;3279030003;-7.4169267;108.5778533;1.7829999923706;1;150;Batas Wilkerstat;15040;Batas SLS;2025-08-03 13:54:33;2025-08-03 13:54:34;Bambang Irawan S.Ip;https://wilkerstat.bps.go.id/api/landmark/91084242/photo
91102058;HRJIJI;BATAS SLS 4 RT 02 RW 01;0002;RT 02 RW 01;3279030003;-7.4163051;108.5753786;2.0569999217987;1;150;Batas Wilkerstat;15040;Batas SLS;2025-08-03 14:17:26;2025-08-03 14:17:27;Bambang Irawan S.Ip;https://wilkerstat.bps.go.id/api/landmark/91102058/photo
91104337;HRJLSZ;BATAS 1 RT 02 RW 01;0002;RT 02 RW 01;3279030003;-7.4163005;108.5745694;1.9830000400543;1;150;Batas Wilkerstat;15040;Batas SLS;2025-08-03 14:20:26;2025-08-03 14:20:28;Bambang Irawan S.Ip;https://wilkerstat.bps.go.id/api/landmark/91104337/photo
89993209;HOYGBH;JALAN KIP;0026;RT 012 RW 006 SUKAMAJU;3279030004;-7.3749082880121;108.59833873808;1.4500000476837;1;150;Batas Wilkerstat;15040;Batas SLS;2025-08-01 10:13:05;2025-08-01 12:58:59;UTI NURPAJAR;https://wilkerstat.bps.go.id/api/landmark/89993209/photo
89993270;HOYGDQ;KOLAM BAPA SUPENDI;0026;RT 012 RW 006 SUKAMAJU;3279030004;-7.3738662238083;108.59743516892;1.6000000238419;1;150;Batas Wilkerstat;15040;Batas SLS;2025-08-01 10:21:14;2025-08-01 12:59:11;UTI NURPAJAR;https://wilkerstat.bps.go.id/api/landmark/89993270/photo
89993276;HOYGDW;BENGKEL ALIF MOTOR;0026;RT 012 RW 006 SUKAMAJU;3279030004;-7.3758109;108.5960233;1.5499999523163;1;150;Batas Wilkerstat;15040;Batas SLS;2025-08-01 10:25:04;2025-08-01 12:59:12;UTI NURPAJAR;https://wilkerstat.bps.go.id/api/landmark/89993276/photo
89993317;HOYGFL;KOLAM BP SURYO;0026;RT 012 RW 006 SUKAMAJU;3279030004;-7.3762067;108.5975263;1.5499999523163;1;150;Batas Wilkerstat;15040;Batas SLS;2025-08-01 10:29:03;2025-08-01 12:59:20;UTI NURPAJAR;https://wilkerstat.bps.go.id/api/landmark/89993317/photo
90806914;HQSNTQ;KEBUN PEPAYA IBU SINDU;0027;RT 013 RW 006 SUKAMAJU;3279030004;-7.3736993071061;108.60108029097;2.0329999923706;1;150;Batas Wilkerstat;15040;Batas SLS;2025-08-03 08:41:02;2025-08-03 08:41:05;UTI NURPAJAR;https://wilkerstat.bps.go.id/api/landmark/90806914/photo
90814271;HQSYQP;KEBUN IBU OYOH;0027;RT 013 RW 006 SUKAMAJU;3279030004;-7.3726833;108.6002283;1.5;1;150;Batas Wilkerstat;15040;Batas SLS;2025-08-03 08:51:48;2025-08-03 08:51:50;UTI NURPAJAR;https://wilkerstat.bps.go.id/api/landmark/90814271/photo
90822256;HQTKLS;KOLAM BAPA DIDING;0027;RT 013 RW 006 SUKAMAJU;3279030004;-7.3765172649051;108.59921380877;1.8500000238419;1;150;Batas Wilkerstat;15040;Batas SLS;2025-08-03 09:02:11;2025-08-03 09:02:13;UTI NURPAJAR;https://wilkerstat.bps.go.id/api/landmark/90822256/photo
90824485;HQTNTL;RUMAH IBU ERAH;0027;RT 013 RW 006 SUKAMAJU;3279030004;-7.3755812726524;108.59808493406;1.3999999761581;1;150;Batas Wilkerstat;15040;Batas SLS;2025-08-03 09:05:22;2025-08-03 09:05:25;UTI NURPAJAR;https://wilkerstat.bps.go.id/api/landmark/90824485/photo
89955073;HOWBQN;SELOKAN;0028;RT 014 RW 006 SUKAMAJU;3279030004;-7.3765525100454;108.59541378915;1.3500000238419;1;150;Batas Wilkerstat;15040;Batas SLS;2025-08-01 11:04:35;2025-08-01 11:04:37;UTI NURPAJAR;https://wilkerstat.bps.go.id/api/landmark/89955073/photo
89957115;HOWERB;KOLAM BP ADE;0028;RT 014 RW 006 SUKAMAJU;3279030004;-7.3761415382351;108.59533499926;1.3500000238419;1;150;Batas Wilkerstat;15040;Batas SLS;2025-08-01 11:07:55;2025-08-01 11:07:57;UTI NURPAJAR;https://wilkerstat.bps.go.id/api/landmark/89957115/photo
89966103;HOWRYT;KOLAM BAPA ENCON;0028;RT 014 RW 006 SUKAMAJU;3279030004;-7.3769883;108.597675;1.2999999523163;1;150;Batas Wilkerstat;15040;Batas SLS;2025-08-01 11:23:44;2025-08-01 11:23:45;UTI NURPAJAR;https://wilkerstat.bps.go.id/api/landmark/89966103/photo
89967314;HOWTTI;KOLAM IBU EMPU;0028;RT 014 RW 006 SUKAMAJU;3279030004;-7.376263898814;108.59755888581;1.5499999523163;1;150;Batas Wilkerstat;15040;Batas SLS;2025-08-01 11:26:08;2025-08-01 11:26:11;UTI NURPAJAR;https://wilkerstat.bps.go.id/api/landmark/89967314/photo
89968145;HOWUZH;MESJID NURUL FALAH;0028;RT 014 RW 006 SUKAMAJU;3279030004;-7.3756785;108.5979056;1.5499999523163;1;150;Batas Wilkerstat;15040;Batas SLS;2025-08-01 11:27:56;2025-08-01 11:27:58;UTI NURPAJAR;https://wilkerstat.bps.go.id/api/landmark/89968145/photo
89969416;HOWWWE;KOLAM BAPA AMIR;0028;RT 014 RW 006 SUKAMAJU;3279030004;-7.3768087;108.5994669;1.5499999523163;1;150;Batas Wilkerstat;15040;Batas SLS;2025-08-01 11:30:33;2025-08-01 11:30:34;UTI NURPAJAR;https://wilkerstat.bps.go.id/api/landmark/89969416/photo
91367337;HRYKUJ;MUSHOLA ILHAN IMIK;0028;RT 014 RW 006 SUKAMAJU;3279030004;-7.3770336391798;108.59652053565;2.0999999046326;1;150;Batas Wilkerstat;15040;Batas SLS;2025-08-04 08:40:14;2025-08-04 08:40:16;UTI NURPAJAR;https://wilkerstat.bps.go.id/api/landmark/91367337/photo
90140410;HPGPUW;CABANG PU MARGALUYU;0029;RT 001 RW 007 DUSUN MARGALUYU;3279030004;-7.3795044468319;108.60650841147;1.460000038147;1;150;Batas Wilkerstat;15040;Batas SLS;2025-08-01 17:01:44;2025-08-01 17:01:45;UTI NURPAJAR;https://wilkerstat.bps.go.id/api/landmark/90140410/photo
90143432;HPGUHC;JEMBATAN TALANG;0029;RT 001 RW 007 DUSUN MARGALUYU;3279030004;-7.3803549786917;108.60525716096;1.3999999761581;1;150;Batas Wilkerstat;15040;Batas SLS;2025-08-01 17:06:29;2025-08-01 17:06:31;UTI NURPAJAR;https://wilkerstat.bps.go.id/api/landmark/90143432/photo
90148842;HPHCHE;RUMAH BAPA TASURI;0029;RT 001 RW 007 DUSUN MARGALUYU;3279030004;-7.3772700472912;108.60388219357;1.6000000238419;1;150;Batas Wilkerstat;15040;Batas SLS;2025-08-01 17:15:25;2025-08-01 17:15:31;UTI NURPAJAR;https://wilkerstat.bps.go.id/api/landmark/90148842/photo
90153741;HPHJNP;RUMAH IBU TISAH;0029;RT 001 RW 007 DUSUN MARGALUYU;3279030004;-7.3784856684408;108.60380105674;1.3500000238419;1;150;Batas Wilkerstat;15040;Batas SLS;2025-08-01 17:24:06;2025-08-01 17:24:17;UTI NURPAJAR;https://wilkerstat.bps.go.id/api/landmark/90153741/photo
90043277;HPBCCZ;MCK UMUM;0015;RT 001 RW 004 SUKAMAJU;3279030004;-7.3746698836228;108.59163153917;1.3159999847412;1;150;Batas Wilkerstat;15040;Batas SLS;2025-08-01 14:36:21;2025-08-01 14:36:23;WIWI WINARSIH;https://wilkerstat.bps.go.id/api/landmark/90043277/photo
90047205;HPBHYB;GUDANG;0015;RT 001 RW 004 SUKAMAJU;3279030004;-7.3740617;108.59047;3.5350000858307;1;150;Batas Wilkerstat;15040;Batas SLS;2025-08-01 14:42:21;2025-08-01 14:42:23;WIWI WINARSIH;https://wilkerstat.bps.go.id/api/landmark/90047205/photo
90055071;HPBTOP;SAWAH BAPA SAJUM;0015;RT 001 RW 004 SUKAMAJU;3279030004;-7.3718652;108.5920474;3.4189999103546;1;150;Batas Wilkerstat;15040;Batas SLS;2025-08-01 14:54:47;2025-08-01 14:54:53;WIWI WINARSIH;https://wilkerstat.bps.go.id/api/landmark/90055071/photo
90065067;HPCIJB;KEBUN BAPA UJANG DEDI;0015;RT 001 RW 004 SUKAMAJU;3279030004;-7.3719782;108.593654;3.2130000591278;1;150;Batas Wilkerstat;15040;Batas SLS;2025-08-01 15:10:18;2025-08-01 15:10:23;WIWI WINARSIH;https://wilkerstat.bps.go.id/api/landmark/90065067/photo
90410986;HPWABQ;RUMAH IBU OOM;0016;RT 002 RW 004 Sukamaju;3279030004;-7.3737762;108.5950798;3.0780000686646;1;150;Batas Wilkerstat;15040;Batas SLS;2025-08-02 11:56:44;2025-08-02 11:56:54;WIWI WINARSIH;https://wilkerstat.bps.go.id/api/landmark/90410986/photo
90414633;HPWFLX;SELOKAN BELAKANG FUTSAL;0016;RT 002 RW 004 Sukamaju;3279030004;-7.3734117;108.5924133;1.6000000238419;1;150;Batas Wilkerstat;15040;Batas SLS;2025-08-02 12:01:13;2025-08-02 12:01:16;WIWI WINARSIH;https://wilkerstat.bps.go.id/api/landmark/90414633/photo
90891264;HQXINW;RUMAH BAPA HERMAN;0016;RT 002 RW 004 Sukamaju;3279030004;-7.3753582;108.591538;3;1;150;Batas Wilkerstat;15040;Batas SLS;2025-08-03 10:13:00;2025-08-03 10:13:03;WIWI WINARSIH;https://wilkerstat.bps.go.id/api/landmark/90891264/photo
90924837;HQZGFD;RUMAH BAPA EGI;0016;RT 002 RW 004 Sukamaju;3279030004;-7.3752632;108.5939413;2.4000000953674;1;150;Batas Wilkerstat;15040;Batas SLS;2025-08-03 10:43:29;2025-08-03 10:43:31;WIWI WINARSIH;https://wilkerstat.bps.go.id/api/landmark/90924837/photo
90342285;HPSCLH;KANTOR PCNU;0001;RT 001 RW 001 DUSUN RANCAKOLE;3279030004;-7.36988;108.58026;1.1330000162125;1;150;Batas Wilkerstat;15040;Batas SLS;2025-08-02 10:50:35;2025-08-02 10:50:36;PITRIANI;https://wilkerstat.bps.go.id/api/landmark/90342285/photo
90346842;HPSJEO;RUMAH IBU ROHAYATI;0001;RT 001 RW 001 DUSUN RANCAKOLE;3279030004;-7.3698738;108.5796017;1.5829999446869;1;150;Batas Wilkerstat;15040;Batas SLS;2025-08-02 10:54:52;2025-08-02 10:54:54;PITRIANI;https://wilkerstat.bps.go.id/api/landmark/90346842/photo
90364385;HPTJDH;RUMAH KOSONG;0001;RT 001 RW 001 DUSUN RANCAKOLE;3279030004;-7.3712105117627;108.57982009649;1.5329999923706;1;150;Batas Wilkerstat;15040;Batas SLS;2025-08-02 11:10:32;2025-08-02 11:10:33;PITRIANI;https://wilkerstat.bps.go.id/api/landmark/90364385/photo
90391614;HPUXKO;RUMAH KOSONG;0001;RT 001 RW 001 DUSUN RANCAKOLE;3279030004;-7.3712128393;108.58036089689;1.8159999847412;1;150;Batas Wilkerstat;15040;Batas SLS;2025-08-02 11:36:11;2025-08-02 11:36:13;PITRIANI;https://wilkerstat.bps.go.id/api/landmark/90391614/photo
90333821;HPRPXT;WARUNG AWI STEAM;0002;RT 002 RW 001 DUSUN RANCAKOLE;3279030004;-7.36983;108.58105;1.6499999761581;1;150;Batas Wilkerstat;15040;Batas SLS;2025-08-02 10:42:55;2025-08-02 10:42:56;PITRIANI;https://wilkerstat.bps.go.id/api/landmark/90333821/photo
90340175;HPRZID;BENGKEL NUGRAHA;0002;RT 002 RW 001 DUSUN RANCAKOLE;3279030004;-7.3698967;108.5805333;1.7159999608994;1;150;Batas Wilkerstat;15040;Batas SLS;2025-08-02 10:48:33;2025-08-02 10:48:35;PITRIANI;https://wilkerstat.bps.go.id/api/landmark/90340175/photo
90368065;HPTOOV;RUMAH IBU ETIN;0002;RT 002 RW 001 DUSUN RANCAKOLE;3279030004;-7.3713292;108.5798748;2.3159999847412;1;150;Batas Wilkerstat;15040;Batas SLS;2025-08-02 11:14:01;2025-08-02 11:14:03;PITRIANI;https://wilkerstat.bps.go.id/api/landmark/90368065/photo
90380947;HPUHQH;RUMAH KOSONG;0002;RT 002 RW 001 DUSUN RANCAKOLE;3279030004;-7.372065;108.5801483;1.2660000324249;1;150;Batas Wilkerstat;15040;Batas SLS;2025-08-02 11:26:06;2025-08-02 11:26:07;PITRIANI;https://wilkerstat.bps.go.id/api/landmark/90380947/photo
90405977;HPVSQZ;KEBUN BELAKANG RUMAH BP.SURATMAN;0002;RT 002 RW 001 DUSUN RANCAKOLE;3279030004;-7.3708133;108.5809833;1.6330000162125;1;150;Batas Wilkerstat;15040;Batas SLS;2025-08-02 11:51:18;2025-08-02 11:51:20;PITRIANI;https://wilkerstat.bps.go.id/api/landmark/90405977/photo
90312724;HPQKSI;WARUNG TEH IIS;0003;RT 003 RW 001 DUSUN RANCAKOLE;3279030004;-7.3698533;108.5837133;1.4830000400543;1;150;Batas Wilkerstat;15040;Batas SLS;2025-08-02 10:23:59;2025-08-02 10:24:00;PITRIANI;https://wilkerstat.bps.go.id/api/landmark/90312724/photo
90318334;HPQTAC;SALURAN PENGAIRAN;0003;RT 003 RW 001 DUSUN RANCAKOLE;3279030004;-7.3705598;108.5837221;1.2330000400543;1;150;Batas Wilkerstat;15040;Batas SLS;2025-08-02 10:29:13;2025-08-02 10:29:15;PITRIANI;https://wilkerstat.bps.go.id/api/landmark/90318334/photo
90331985;HPRNFD;TOWER;0003;RT 003 RW 001 DUSUN RANCAKOLE;3279030004;-7.3699853;108.5810979;1.6829999685287;1;150;Batas Wilkerstat;15040;Batas SLS;2025-08-02 10:41:01;2025-08-02 10:41:03;PITRIANI;https://wilkerstat.bps.go.id/api/landmark/90331985/photo
90397838;HPVGPY;RUMAH IBU NUNGKI;0003;RT 003 RW 001 DUSUN RANCAKOLE;3279030004;-7.3706667;108.5810964;1.9160000085831;1;150;Batas Wilkerstat;15040;Batas SLS;2025-08-02 11:42:44;2025-08-02 11:42:46;PITRIANI;https://wilkerstat.bps.go.id/api/landmark/90397838/photo
90410849;HPVZWJ;RUMAH IBU PIAH;0004;RT 004 RW 001 DUSUN RANCAKOLE;3279030004;-7.3728089;108.5806777;1.7159999608994;1;150;Batas Wilkerstat;15040;Batas SLS;2025-08-02 11:56:44;2025-08-02 11:56:46;PITRIANI;https://wilkerstat.bps.go.id/api/landmark/90410849/photo
90424143;HPWTNR;KEBUN PEPAYA;0004;RT 004 RW 001 DUSUN RANCAKOLE;3279030004;-7.3746771986827;108.58080882579;2.2829999923706;1;150;Batas Wilkerstat;15040;Batas SLS;2025-08-02 12:13:00;2025-08-02 12:13:05;PITRIANI;https://wilkerstat.bps.go.id/api/landmark/90424143/photo
90427972;HPWZEY;RUMAH BP.SULAEMAN;0004;RT 004 RW 001 DUSUN RANCAKOLE;3279030004;-7.3738026;108.5827166;1.8830000162125;1;150;Batas Wilkerstat;15040;Batas SLS;2025-08-02 12:18:19;2025-08-02 12:18:21;PITRIANI;https://wilkerstat.bps.go.id/api/landmark/90427972/photo
90430828;HPXDKU;SAWAH MILIK IBU MELANI;0004;RT 004 RW 001 DUSUN RANCAKOLE;3279030004;-7.3732742;108.5827164;1.9329999685287;1;150;Batas Wilkerstat;15040;Batas SLS;2025-08-02 12:22:13;2025-08-02 12:22:16;PITRIANI;https://wilkerstat.bps.go.id/api/landmark/90430828/photo
90310846;HPQHYC;RUMAH BP.DIDA HOLIDA;0006;RT 006 RW 002 DUSUN RANCAKOLE;3279030004;-7.369951;108.5838027;2.0620000362396;1;150;Batas Wilkerstat;15040;Batas SLS;2025-08-02 10:22:10;2025-08-02 10:22:12;PITRIANI;https://wilkerstat.bps.go.id/api/landmark/90310846/photo
90436132;HPXLGU;RUMAH BP.NURDIN SIDIQ;0006;RT 006 RW 002 DUSUN RANCAKOLE;3279030004;-7.3715553196477;108.58442544937;2;1;150;Batas Wilkerstat;15040;Batas SLS;2025-08-02 12:29:44;2025-08-02 12:29:46;PITRIANI;https://wilkerstat.bps.go.id/api/landmark/90436132/photo
90442429;HPXUOZ;RUMAH BP.HERDIANA;0006;RT 006 RW 002 DUSUN RANCAKOLE;3279030004;-7.3710987;108.5837502;1.9500000476837;1;150;Batas Wilkerstat;15040;Batas SLS;2025-08-02 12:39:20;2025-08-02 12:39:21;PITRIANI;https://wilkerstat.bps.go.id/api/landmark/90442429/photo
90450909;HPYHDD;WARUNG BP.TOTO WARSONO;0006;RT 006 RW 002 DUSUN RANCAKOLE;3279030004;-7.3698309450323;108.5847017169;1.6330000162125;1;150;Batas Wilkerstat;15040;Batas SLS;2025-08-02 12:52:14;2025-08-02 12:52:15;PITRIANI;https://wilkerstat.bps.go.id/api/landmark/90450909/photo
90453534;HPYLAC;RUMAH BP.JUMADI;0007;RT 007 RW 002 DUSUN RANCAKOLE;3279030004;-7.3698282849814;108.58493506908;1.2829999923706;1;150;Batas Wilkerstat;15040;Batas SLS;2025-08-02 12:56:00;2025-08-02 12:56:09;PITRIANI;https://wilkerstat.bps.go.id/api/landmark/90453534/photo
91086306;HRILBM;KEBUN IBU SALEKAH;0007;RT 007 RW 002 DUSUN RANCAKOLE;3279030004;-7.3700011882548;108.58719684184;1.8159999847412;1;150;Batas Wilkerstat;15040;Batas SLS;2025-08-03 13:57:22;2025-08-03 13:57:25;PITRIANI;https://wilkerstat.bps.go.id/api/landmark/91086306/photo
91105444;HRJNJO;RUMAH BP.DUDI HERMANTO;0007;RT 007 RW 002 DUSUN RANCAKOLE;3279030004;-7.3707742645651;108.58717437834;1.4830000400543;1;150;Batas Wilkerstat;15040;Batas SLS;2025-08-03 14:21:53;2025-08-03 14:21:56;PITRIANI;https://wilkerstat.bps.go.id/api/landmark/91105444/photo
91121340;HRKKWY;KEBUN MILIK BP.KANDAR;0007;RT 007 RW 002 DUSUN RANCAKOLE;3279030004;-7.3711696136062;108.58646627516;1.2330000400543;1;150;Batas Wilkerstat;15040;Batas SLS;2025-08-03 14:40:52;2025-08-03 14:40:54;PITRIANI;https://wilkerstat.bps.go.id/api/landmark/91121340/photo
91068656;HRHKYQ;RUMAH BP.AHMAD ISKANDAR;0008;RT 008 RW 002 DUSUN RANCAKOLE;3279030004;-7.3710761795922;108.58832739294;2.1849999427795;1;150;Batas Wilkerstat;15040;Batas SLS;2025-08-03 13:32:45;2025-08-03 13:32:47;PITRIANI;https://wilkerstat.bps.go.id/api/landmark/91068656/photo
91081027;HRIDGL;LAHAN BEKAS POM MINI;0008;RT 008 RW 002 DUSUN RANCAKOLE;3279030004;-7.3701631187593;108.58725283295;1.5829999446869;1;150;Batas Wilkerstat;15040;Batas SLS;2025-08-03 13:50:06;2025-08-03 13:50:08;PITRIANI;https://wilkerstat.bps.go.id/api/landmark/91081027/photo
91108740;HRJSGI;RUMAH BP.AGUS KURNAEPI;0008;RT 008 RW 002 DUSUN RANCAKOLE;3279030004;-7.3713830819913;108.58709827065;1.75;1;150;Batas Wilkerstat;15040;Batas SLS;2025-08-03 14:25:55;2025-08-03 14:26:00;PITRIANI;https://wilkerstat.bps.go.id/api/landmark/91108740/photo
91134283;HRLEAT;RUMAH IBU NENTI;0008;RT 008 RW 002 DUSUN RANCAKOLE;3279030004;-7.3713608041429;108.58770042658;2.0160000324249;1;150;Batas Wilkerstat;15040;Batas SLS;2025-08-03 14:56:27;2025-08-03 14:56:30;PITRIANI;https://wilkerstat.bps.go.id/api/landmark/91134283/photo
91077202;HRHXPI;BALE DUSUN RANCAKOLE;0009;RT 009 RW 002 DUSUN RANCAKOLE;3279030004;-7.3704600466146;108.58854666352;1.4160000085831;1;150;Batas Wilkerstat;15040;Batas SLS;2025-08-03 13:44:57;2025-08-03 13:44:59;PITRIANI;https://wilkerstat.bps.go.id/api/landmark/91077202/photo
91090054;HRIQPQ;RUMAH BP.HARLAN;0009;RT 009 RW 002 DUSUN RANCAKOLE;3279030004;-7.3700214711344;108.58737688512;1.5160000324249;1;150;Batas Wilkerstat;15040;Batas SLS;2025-08-03 14:02:25;2025-08-03 14:02:26;PITRIANI;https://wilkerstat.bps.go.id/api/landmark/91090054/photo
91139043;HRLLBV;RUMAH BP.AJAT SUDRAJAT;0009;RT 009 RW 002 DUSUN RANCAKOLE;3279030004;-7.3697667;108.5876483;1.3660000562668;1;150;Batas Wilkerstat;15040;Batas SLS;2025-08-03 15:02:08;2025-08-03 15:02:11;PITRIANI;https://wilkerstat.bps.go.id/api/landmark/91139043/photo
91145433;HRLUNP;RUMAH BP.YANA MULYANA;0009;RT 009 RW 002 DUSUN RANCAKOLE;3279030004;-7.369984;108.5888439;1.5329999923706;1;150;Batas Wilkerstat;15040;Batas SLS;2025-08-03 15:08:57;2025-08-03 15:08:59;PITRIANI;https://wilkerstat.bps.go.id/api/landmark/91145433/photo
91097730;HRJBYW;REL KERETA API;0010;RT 010 RW 002 DUSUN RANCAKOLE;3279030004;-7.3696664;108.5809888;1.4329999685287;1;150;Batas Wilkerstat;15040;Batas SLS;2025-08-03 14:12:09;2025-08-03 14:12:11;PITRIANI;https://wilkerstat.bps.go.id/api/landmark/91097730/photo
91160841;HRMRIF;REL KERETA API;0010;RT 010 RW 002 DUSUN RANCAKOLE;3279030004;-7.3697355156973;108.59020158648;1.8159999847412;1;150;Batas Wilkerstat;15040;Batas SLS;2025-08-03 15:25:48;2025-08-03 15:25:50;PITRIANI;https://wilkerstat.bps.go.id/api/landmark/91160841/photo
91071656;HRHPKA;RUMAH BP.AGUNG SETIAWAN;0011;RT 011 RW 002 DUSUN RANCAKOLE;3279030004;-7.3709830780639;108.58864054084;1.6160000562668;1;150;Batas Wilkerstat;15040;Batas SLS;2025-08-03 13:37:15;2025-08-03 13:37:16;PITRIANI;https://wilkerstat.bps.go.id/api/landmark/91071656/photo
91075314;HRHUUS;RUMAH KOSONG;0011;RT 011 RW 002 DUSUN RANCAKOLE;3279030004;-7.3705621259098;108.58854867518;1.9500000476837;1;150;Batas Wilkerstat;15040;Batas SLS;2025-08-03 13:42:04;2025-08-03 13:42:06;PITRIANI;https://wilkerstat.bps.go.id/api/landmark/91075314/photo
91147418;HRLXLY;RUMAH BP.ABDULLAH;0011;RT 011 RW 002 DUSUN RANCAKOLE;3279030004;-7.3700904;108.5889684;1.75;1;150;Batas Wilkerstat;15040;Batas SLS;2025-08-03 15:11:05;2025-08-03 15:11:08;PITRIANI;https://wilkerstat.bps.go.id/api/landmark/91147418/photo
91152174;HRMEMW;JEMBATAN CIKAWALU;0011;RT 011 RW 002 DUSUN RANCAKOLE;3279030004;-7.3705567;108.5894867;1.6660000085831;1;150;Batas Wilkerstat;15040;Batas SLS;2025-08-03 15:16:13;2025-08-03 15:16:16;PITRIANI;https://wilkerstat.bps.go.id/api/landmark/91152174/photo
91159194;HRMOWW;KEBUN MILIK IBU SUGIARTI;0011;RT 011 RW 002 DUSUN RANCAKOLE;3279030004;-7.3699898;108.590166;1.6829999685287;1;150;Batas Wilkerstat;15040;Batas SLS;2025-08-03 15:23:52;2025-08-03 15:23:58;PITRIANI;https://wilkerstat.bps.go.id/api/landmark/91159194/photo
90322640;HPQZJS;SALURAN PENGAIRAN;1001;SAWAH RANCAKOLE 1;3279030004;-7.37054;108.582845;1.7330000400543;1;150;Batas Wilkerstat;15040;Batas SLS;2025-08-02 10:32:52;2025-08-02 10:32:53;PITRIANI;https://wilkerstat.bps.go.id/api/landmark/90322640/photo
90350643;HPSOUT;TUGU SELAMAT DATANG DESA MULYASARI;1001;SAWAH RANCAKOLE 1;3279030004;-7.3697967;108.5792028;1.5;1;150;Batas Wilkerstat;15040;Batas SLS;2025-08-02 10:58:12;2025-08-02 10:58:13;PITRIANI;https://wilkerstat.bps.go.id/api/landmark/90350643/photo
90383320;HPULDO;SALURAN PENGAIRAN;1001;SAWAH RANCAKOLE 1;3279030004;-7.3720316;108.57967;1.7829999923706;1;150;Batas Wilkerstat;15040;Batas SLS;2025-08-02 11:28:29;2025-08-02 11:28:31;PITRIANI;https://wilkerstat.bps.go.id/api/landmark/90383320/photo
90401719;HPVMJF;SALURAN PENGAIRAN;1001;SAWAH RANCAKOLE 1;3279030004;-7.3713269;108.581;1.3500000238419;1;150;Batas Wilkerstat;15040;Batas SLS;2025-08-02 11:46:47;2025-08-02 11:46:50;PITRIANI;https://wilkerstat.bps.go.id/api/landmark/90401719/photo
90416689;HPWIMZ;SALURAN PENGAIRAN;1001;SAWAH RANCAKOLE 1;3279030004;-7.3727865841856;108.58042024076;1.2330000400543;1;150;Batas Wilkerstat;15040;Batas SLS;2025-08-02 12:03:51;2025-08-02 12:03:53;PITRIANI;https://wilkerstat.bps.go.id/api/landmark/90416689/photo
90433354;HPXHDY;SALURAN PENGAIRAN;1001;SAWAH RANCAKOLE 1;3279030004;-7.3725969;108.5841272;1.2330000400543;1;150;Batas Wilkerstat;15040;Batas SLS;2025-08-02 12:25:51;2025-08-02 12:25:53;PITRIANI;https://wilkerstat.bps.go.id/api/landmark/90433354/photo
90439604;HPXQKI;KOLAM MILIK BP.DIKDIK CAHYADI;1001;SAWAH RANCAKOLE 1;3279030004;-7.3716467;108.5838883;1.3999999761581;1;150;Batas Wilkerstat;15040;Batas SLS;2025-08-02 12:34:37;2025-08-02 12:34:39;PITRIANI;https://wilkerstat.bps.go.id/api/landmark/90439604/photo
91259312;HRSGZO;SAWAH BP.MUHIDIN;1003;SAWAH RANCAKOLE 3;3279030004;-7.3722267;108.591905;1.6160000562668;1;150;Batas Wilkerstat;15040;Batas SLS;2025-08-03 17:04:15;2025-08-03 17:04:17;PITRIANI;https://wilkerstat.bps.go.id/api/landmark/91259312/photo
91265315;HRSPWL;SALURAN PENGAIRAN;1003;SAWAH RANCAKOLE 3;3279030004;-7.37192;108.5933883;1.4659999608994;1;150;Batas Wilkerstat;15040;Batas SLS;2025-08-03 17:10:42;2025-08-03 17:10:42;PITRIANI;https://wilkerstat.bps.go.id/api/landmark/91265315/photo
91276189;HRTFYR;SAWAH BP.AMIR;1003;SAWAH RANCAKOLE 3;3279030004;-7.3713601391324;108.59033301473;1.6000000238419;1;150;Batas Wilkerstat;15040;Batas SLS;2025-08-03 17:23:08;2025-08-03 17:23:09;PITRIANI;https://wilkerstat.bps.go.id/api/landmark/91276189/photo
90686165;HQLRDL;RUMAH DEDE HERMAN;0017;RT 003 RW 004 SUKAMAJU;3279030004;-7.3774333;108.59311;3.5999999046326;1;150;Batas Wilkerstat;15040;Batas SLS;2025-08-02 17:05:18;2025-08-02 17:05:20;WIWI WINARSIH;https://wilkerstat.bps.go.id/api/landmark/90686165/photo
90690317;HQLXHD;KOLAM HERDIANA;0017;RT 003 RW 004 SUKAMAJU;3279030004;-7.37806;108.59446;1;1;150;Batas Wilkerstat;15040;Batas SLS;2025-08-02 17:08:58;2025-08-02 17:09:01;WIWI WINARSIH;https://wilkerstat.bps.go.id/api/landmark/90690317/photo
90698612;HQMJOE;JALAN KEHUTANAN RT 003 SUKAMAJU;0017;RT 003 RW 004 SUKAMAJU;3279030004;-7.378515;108.59312;2.0050001144409;1;150;Batas Wilkerstat;15040;Batas SLS;2025-08-02 17:16:50;2025-08-02 17:16:52;WIWI WINARSIH;https://wilkerstat.bps.go.id/api/landmark/90698612/photo
90706658;HQMVLQ;RUMAH BAPA HATA SUARAWIJAYA;0017;RT 003 RW 004 SUKAMAJU;3279030004;-7.3771684;108.5895937;3.1789999008179;1;150;Batas Wilkerstat;15040;Batas SLS;2025-08-02 17:24:59;2025-08-02 17:25:02;WIWI WINARSIH;https://wilkerstat.bps.go.id/api/landmark/90706658/photo
90875913;HQWLVL;KEBUN H YUYU;0017;RT 003 RW 004 SUKAMAJU;3279030004;-7.3794886;108.5927977;3;1;150;Batas Wilkerstat;15040;Batas SLS;2025-08-03 09:59:28;2025-08-03 09:59:31;WIWI WINARSIH;https://wilkerstat.bps.go.id/api/landmark/90875913/photo
91001409;HRDPMF;SAWAH BAPA IHSAN;0018;RT 004 RW 004 SUKAMAJU;3279030004;-7.3775936;108.5936186;4.7600002288818;1;150;Batas Wilkerstat;15040;Batas SLS;2025-08-03 11:56:28;2025-08-03 11:56:31;WIWI WINARSIH;https://wilkerstat.bps.go.id/api/landmark/91001409/photo
91004400;HRDTXG;RUMAH IBU BLASTER;0018;RT 004 RW 004 SUKAMAJU;3279030004;-7.3773278;108.5927723;3.6489999294281;1;150;Batas Wilkerstat;15040;Batas SLS;2025-08-03 12:00:16;2025-08-03 12:00:19;WIWI WINARSIH;https://wilkerstat.bps.go.id/api/landmark/91004400/photo
91008793;HREAKF;KOLAM BAPA KUSWITO;0018;RT 004 RW 004 SUKAMAJU;3279030004;-7.375597;108.5941198;3.1889998912811;1;150;Batas Wilkerstat;15040;Batas SLS;2025-08-03 12:05:42;2025-08-03 12:05:44;WIWI WINARSIH;https://wilkerstat.bps.go.id/api/landmark/91008793/photo
91016580;HRELXS;KEBUN AMAH;0018;RT 004 RW 004 SUKAMAJU;3279030004;-7.3749775;108.5932142;3.1879999637604;1;150;Batas Wilkerstat;15040;Batas SLS;2025-08-03 12:16:16;2025-08-03 12:16:18;WIWI WINARSIH;https://wilkerstat.bps.go.id/api/landmark/91016580/photo
90566622;HQEWHQ;KEBUN BP PAIDIN;0030;RT 002 RW 007 DUSUN MARGALUYU;3279030004;-7.377279024812;108.60368102789;2.0999999046326;1;150;Batas Wilkerstat;15040;Batas SLS;2025-08-02 15:13:07;2025-08-02 15:13:09;UTI NURPAJAR;https://wilkerstat.bps.go.id/api/landmark/90566622/photo
90571375;HQFDIL;RUMAH IBU CUCU;0030;RT 002 RW 007 DUSUN MARGALUYU;3279030004;-7.3785278959207;108.60351976007;1.5;1;150;Batas Wilkerstat;15040;Batas SLS;2025-08-02 15:17:46;2025-08-02 15:17:48;UTI NURPAJAR;https://wilkerstat.bps.go.id/api/landmark/90571375/photo
90576593;HQFLBD;RUMAH KOSONG;0030;RT 002 RW 007 DUSUN MARGALUYU;3279030004;-7.3779642;108.6013349;1.5;1;150;Batas Wilkerstat;15040;Batas SLS;2025-08-02 15:23:16;2025-08-02 15:23:17;UTI NURPAJAR;https://wilkerstat.bps.go.id/api/landmark/90576593/photo
90585729;HQFYON;BBI KUBANGSARI;0030;RT 002 RW 007 DUSUN MARGALUYU;3279030004;-7.3754908320883;108.60259305686;1.5499999523163;1;150;Batas Wilkerstat;15040;Batas SLS;2025-08-02 15:32:28;2025-08-02 15:32:29;UTI NURPAJAR;https://wilkerstat.bps.go.id/api/landmark/90585729/photo
90587842;HQGBRU;IBU SITI ROKAYAH;0031;RT 003 RW 007 DUSUN MARGALUYU;3279030004;-7.3753667;108.6025383;1.3999999761581;1;150;Batas Wilkerstat;15040;Batas SLS;2025-08-02 15:34:44;2025-08-02 15:34:46;UTI NURPAJAR;https://wilkerstat.bps.go.id/api/landmark/90587842/photo
91375690;HRYXDQ;KEBUN PEPAYA BAPA MAMAN;0031;RT 003 RW 007 DUSUN MARGALUYU;3279030004;-7.3739676373117;108.60115941614;1.5499999523163;1;150;Batas Wilkerstat;15040;Batas SLS;2025-08-04 08:54:32;2025-08-04 08:54:34;UTI NURPAJAR;https://wilkerstat.bps.go.id/api/landmark/91375690/photo
91379494;HRZCTY;RUMAH BAPA HERMAN;0031;RT 003 RW 007 DUSUN MARGALUYU;3279030004;-7.37663;108.5994118;1.4500000476837;1;150;Batas Wilkerstat;15040;Batas SLS;2025-08-04 09:00:36;2025-08-04 09:00:38;UTI NURPAJAR;https://wilkerstat.bps.go.id/api/landmark/91379494/photo
91381291;HRZFLB;RUMAH IBU MAMAH;0031;RT 003 RW 007 DUSUN MARGALUYU;3279030004;-7.3777711256697;108.60116813332;1.3999999761581;1;150;Batas Wilkerstat;15040;Batas SLS;2025-08-04 09:03:08;2025-08-04 09:03:10;UTI NURPAJAR;https://wilkerstat.bps.go.id/api/landmark/91381291/photo
90694942;HQMEDA;MESJID AL ISTIQOMAH;0032;RT 004 RW 008 DUSUN MARGALUYU;3279030004;-7.3786108;108.5943973;1.5;1;150;Batas Wilkerstat;15040;Batas SLS;2025-08-02 17:13:20;2025-08-02 17:13:25;UTI NURPAJAR;https://wilkerstat.bps.go.id/api/landmark/90694942/photo
91151471;HRMDLV;RUMAH BAPA MUHARI;0033;RT 005 RW 008 DUSUN MARGALUYU;3279030004;-7.3777242431115;108.59784051776;2;1;150;Batas Wilkerstat;15040;Batas SLS;2025-08-03 15:15:25;2025-08-03 15:15:27;UTI NURPAJAR;https://wilkerstat.bps.go.id/api/landmark/91151471/photo
91161668;HRMSOA;RUMAH BAPA IDRIS;0033;RT 005 RW 008 DUSUN MARGALUYU;3279030004;-7.3796440964285;108.59869580716;1.3999999761581;1;150;Batas Wilkerstat;15040;Batas SLS;2025-08-03 15:26:46;2025-08-03 15:26:47;UTI NURPAJAR;https://wilkerstat.bps.go.id/api/landmark/91161668/photo
91168209;HRNCFP;KEBUN IBU ENOK;0033;RT 005 RW 008 DUSUN MARGALUYU;3279030004;-7.3802227;108.5975902;1.3999999761581;1;150;Batas Wilkerstat;15040;Batas SLS;2025-08-03 15:33:41;2025-08-03 15:33:43;UTI NURPAJAR;https://wilkerstat.bps.go.id/api/landmark/91168209/photo
91368374;HRYMIG;CUCIAN MOBIL;0033;RT 005 RW 008 DUSUN MARGALUYU;3279030004;-7.3771852595865;108.59670560807;1.3500000238419;1;150;Batas Wilkerstat;15040;Batas SLS;2025-08-04 08:42:06;2025-08-04 08:42:07;UTI NURPAJAR;https://wilkerstat.bps.go.id/api/landmark/91368374/photo
90264029;HPNQRL;SAWAH DARSO;0014;RT 014 RW 003;3279030004;-7.3717415;108.5905346;1.8999999761581;1;150;Batas Wilkerstat;15040;Batas SLS;2025-08-02 09:36:05;2025-08-02 09:36:09;WIWI WINARSIH;https://wilkerstat.bps.go.id/api/landmark/90264029/photo
90287695;HPOZRR;SAWAH BAPA ENDANG SUKENDAR;0014;RT 014 RW 003;3279030004;-7.3730833;108.5909983;1.2999999523163;1;150;Batas Wilkerstat;15040;Batas SLS;2025-08-02 10:00:19;2025-08-02 10:00:22;WIWI WINARSIH;https://wilkerstat.bps.go.id/api/landmark/90287695/photo
90342105;HPSCEJ;RUMAH BU YANYAN;0014;RT 014 RW 003;3279030004;-7.3734165;108.5889033;3.8180000782013;1;150;Batas Wilkerstat;15040;Batas SLS;2025-08-02 10:50:23;2025-08-02 10:50:27;WIWI WINARSIH;https://wilkerstat.bps.go.id/api/landmark/90342105/photo
90346023;HPSHZB;RUMAH VILA;0014;RT 014 RW 003;3279030004;-7.3739176;108.5902095;3.1570000648499;1;150;Batas Wilkerstat;15040;Batas SLS;2025-08-02 10:54:07;2025-08-02 10:54:12;WIWI WINARSIH;https://wilkerstat.bps.go.id/api/landmark/90346023/photo
90272817;HPODRL;RUMAH SAMSUDIN;0012;RT 012 RW 003 Rancakole;3279030004;-7.3717182;108.5903957;3.1219999790192;1;150;Batas Wilkerstat;15040;Batas SLS;2025-08-02 09:44:58;2025-08-02 09:45:00;WIWI WINARSIH;https://wilkerstat.bps.go.id/api/landmark/90272817/photo
90314632;HPQNNS;RUMAH KOSONG;0012;RT 012 RW 003 Rancakole;3279030004;-7.3703239;108.5909955;3.239000082016;1;150;Batas Wilkerstat;15040;Batas SLS;2025-08-02 10:25:55;2025-08-02 10:25:58;WIWI WINARSIH;https://wilkerstat.bps.go.id/api/landmark/90314632/photo
90331058;HPRLVM;RUMAH BAPA CUCU;0012;RT 012 RW 003 Rancakole;3279030004;-7.3724867;108.58944;3.4909999370575;1;150;Batas Wilkerstat;15040;Batas SLS;2025-08-02 10:40:12;2025-08-02 10:40:16;WIWI WINARSIH;https://wilkerstat.bps.go.id/api/landmark/90331058/photo
89952081;HOVXFL;BATAS 1 RT 001 RW 001 (RUMAH TATA);0001;RT 001 RW 001;3279030005;-7.3753784463616;108.54569736868;3.789999961853;1;150;Batas Wilkerstat;15040;Batas SLS;2025-08-01 10:59:43;2025-08-01 10:59:48;NANI NURLIAH;https://wilkerstat.bps.go.id/api/landmark/89952081/photo
89995309;HOYJEB;BATAS 2 RT 001 RW 001 ( RUMAH BAPAK DIDIN);0001;RT 001 RW 001;3279030005;-7.3753471911545;108.54629147798;5.9730000495911;1;150;Batas Wilkerstat;15040;Batas SLS;2025-08-01 13:06:03;2025-08-01 13:06:06;NANI NURLIAH;https://wilkerstat.bps.go.id/api/landmark/89995309/photo
90001691;HOYSPN;BATAS 3 RT 001 RW 001 (RUMAH MISWAN);0001;RT 001 RW 001;3279030005;-7.3744740394748;108.54605074972;12.012999534607;1;150;Batas Wilkerstat;15040;Batas SLS;2025-08-01 13:23:28;2025-08-01 13:23:32;NANI NURLIAH;https://wilkerstat.bps.go.id/api/landmark/90001691/photo
90004018;HOYWBA;BATAS 4 RT 001 RW 001 ( RUMAH IIS S );0001;RT 001 RW 001;3279030005;-7.3744494342616;108.54614194483;6.7230000495911;1;150;Batas Wilkerstat;15040;Batas SLS;2025-08-01 13:28:45;2025-08-01 13:28:48;NANI NURLIAH;https://wilkerstat.bps.go.id/api/landmark/90004018/photo
90002701;HOYUCJ;BATAS 3 RT 002 RW 001 ( RUMAH PARTINAH);0002;RT 002 RW 001;3279030005;-7.3744318116081;108.54604773223;7.2020001411438;1;150;Batas Wilkerstat;15040;Batas SLS;2025-08-01 13:25:45;2025-08-01 13:25:51;NANI NURLIAH;https://wilkerstat.bps.go.id/api/landmark/90002701/photo
90011050;HOZGLM;BATAS 1 RT 002 RW 001 (KONTRAKAN WAWAN);0002;RT 002 RW 001;3279030005;-7.3752750381678;108.54530140758;14.312000274658;1;150;Batas Wilkerstat;15040;Batas SLS;2025-08-01 13:43:34;2025-08-01 13:43:38;NANI NURLIAH;https://wilkerstat.bps.go.id/api/landmark/90011050/photo
90014700;HOZLVW;BATAS 2 RT 002 RW 001;0002;RT 002 RW 001;3279030005;-7.3753049;108.5456634;10.630000114441;1;150;Batas Wilkerstat;15040;Batas SLS;2025-08-01 13:49:50;2025-08-01 13:50:21;NANI NURLIAH;https://wilkerstat.bps.go.id/api/landmark/90014700/photo
90015174;HOZMOC;BATAS 2 RT 002 RW 001(JALAN KIP);0002;RT 002 RW 001;3279030005;-7.3753717963177;108.5456886515;10.630000114441;1;150;Batas Wilkerstat;15040;Batas SLS;2025-08-01 13:50:06;2025-08-01 13:51:10;NANI NURLIAH;https://wilkerstat.bps.go.id/api/landmark/90015174/photo
90017524;HOZQAM;BATAS 4 RT 002 RW 001 ( SUNGAI CIROAS);0002;RT 002 RW 001;3279030005;-7.3744075;108.545368;4.9019999504089;1;150;Batas Wilkerstat;15040;Batas SLS;2025-08-01 13:55:21;2025-08-01 13:55:26;NANI NURLIAH;https://wilkerstat.bps.go.id/api/landmark/90017524/photo
90030274;HPAIWW;BATAS 5 RT 002 RW 001 (TEMPAT USAHA PARNO);0002;RT 002 RW 001;3279030005;-7.3750203413557;108.5457925871;13.921999931335;1;150;Batas Wilkerstat;15040;Batas SLS;2025-08-01 14:15:54;2025-08-01 14:16:10;NANI NURLIAH;https://wilkerstat.bps.go.id/api/landmark/90030274/photo
90030283;HPAIXF;BATAS 5 RT 002 RW 001 (TEMPAT USAHA PARNO);0002;RT 002 RW 001;3279030005;-7.3750335;108.5458612;13.921999931335;1;150;Batas Wilkerstat;15040;Batas SLS;2025-08-01 14:15:39;2025-08-01 14:16:10;NANI NURLIAH;https://wilkerstat.bps.go.id/api/landmark/90030283/photo
89933770;HOUWDE;BATAS 1 RT 003 RW 001 ( TANAH KOSONG PJKA);0003;RT 003 RW 001;3279030005;-7.3764251620252;108.54588378221;6.9279999732971;1;150;Batas Wilkerstat;15040;Batas SLS;2025-08-01 10:32:35;2025-08-01 10:32:41;NANI NURLIAH;https://wilkerstat.bps.go.id/api/landmark/89933770/photo
90517786;HQCCBI;BATAS 4 RT 003 RW 001 (RMH DEDEH);0003;RT 003 RW 001;3279030005;-7.3751566673438;108.54644034058;7.1729998588562;1;150;Batas Wilkerstat;15040;Batas SLS;2025-08-02 14:20:18;2025-08-02 14:20:20;NANI NURLIAH;https://wilkerstat.bps.go.id/api/landmark/90517786/photo
90524911;HQCMPJ;BATAS 3 RT 003 RW 001 ( RUMAH BAPAK IYONG);0003;RT 003 RW 001;3279030005;-7.3751486872871;108.5467531532;6.2560000419617;1;150;Batas Wilkerstat;15040;Batas SLS;2025-08-02 14:28:40;2025-08-02 14:28:42;NANI NURLIAH;https://wilkerstat.bps.go.id/api/landmark/90524911/photo
90528941;HQCSOJ;BATAS 5 RT 003 RW 001 ( RUMAH NILA );0003;RT 003 RW 001;3279030005;-7.3757844313522;108.54682188481;4.7290000915527;1;150;Batas Wilkerstat;15040;Batas SLS;2025-08-02 14:33:03;2025-08-02 14:33:05;NANI NURLIAH;https://wilkerstat.bps.go.id/api/landmark/90528941/photo
90532764;HQCYFK;BATAS 2 RT 003 RW 001(TANAH KOSONG PJKA);0003;RT 003 RW 001;3279030005;-7.3764477721203;108.54629147798;3.789999961853;1;150;Batas Wilkerstat;15040;Batas SLS;2025-08-02 14:37:08;2025-08-02 14:37:11;NANI NURLIAH;https://wilkerstat.bps.go.id/api/landmark/90532764/photo
89933266;HOUVJU;BATAS 2 RT 004 RW 001 ( TANAH KOSONG PJKA);0004;RT 004 RW 001;3279030005;-7.3764322;108.5458702;3.8029999732971;1;150;Batas Wilkerstat;15040;Batas SLS;2025-08-01 10:29:49;2025-08-01 10:29:53;NANI NURLIAH;https://wilkerstat.bps.go.id/api/landmark/89933266/photo
89947109;HOVPWF;BATAS 3 RT 004 RW 001(RUMAH KUSNADI);0004;RT 004 RW 001;3279030005;-7.3752474;108.5449904;3.8989999294281;1;150;Batas Wilkerstat;15040;Batas SLS;2025-08-01 10:51:52;2025-08-01 10:51:55;NANI NURLIAH;https://wilkerstat.bps.go.id/api/landmark/89947109/photo
89950454;HOVUUW;BATAS 4 RT 004 RW 001 (RUMAH ANDI);0004;RT 004 RW 001;3279030005;-7.3753634837627;108.54611009359;4.8309998512268;1;150;Batas Wilkerstat;15040;Batas SLS;2025-08-01 10:57:07;2025-08-01 10:57:10;NANI NURLIAH;https://wilkerstat.bps.go.id/api/landmark/89950454/photo
89962715;HOWMYL;BATAS 1 TIANG KETINGGIAN MOBIL;0004;RT 004 RW 001;3279030005;-7.3764108644645;108.54506134987;10.512000083923;1;150;Batas Wilkerstat;15040;Batas SLS;2025-08-01 10:25:07;2025-08-01 11:17:27;NANI NURLIAH;https://wilkerstat.bps.go.id/api/landmark/89962715/photo
90946444;HRAMEE;BATAS 3 RT 001 RW 002( GUDANG KOSONG);0005;RT 001 RW 002;3279030005;-7.3741648116962;108.5472138226;4.3839998245239;1;150;Batas Wilkerstat;15040;Batas SLS;2025-08-03 11:02:45;2025-08-03 11:02:48;NANI NURLIAH;https://wilkerstat.bps.go.id/api/landmark/90946444/photo
90951913;HRAUGN;BATAS 4 RT 001 RW 002 ( BENGKEL LAS MDQ);0005;RT 001 RW 002;3279030005;-7.3737252423747;108.54638569057;4.664999961853;1;150;Batas Wilkerstat;15040;Batas SLS;2025-08-03 11:07:55;2025-08-03 11:07:58;NANI NURLIAH;https://wilkerstat.bps.go.id/api/landmark/90951913/photo
91029369;HRFEVP;BATAS 1 RT 001 RW 002 ( JALAN LINGK JELAT);0005;RT 001 RW 002;3279030005;-7.3751456947658;108.54643732309;5.1929998397827;1;150;Batas Wilkerstat;15040;Batas SLS;2025-08-03 12:34:25;2025-08-03 12:34:29;NANI NURLIAH;https://wilkerstat.bps.go.id/api/landmark/91029369/photo
91034625;HRFMPT;BATAS 2 RT 001 RW 002 ( JLN KIP RT 001 RW 002);0005;RT 001 RW 002;3279030005;-7.3755733;108.5469043;5.356999874115;1;150;Batas Wilkerstat;15040;Batas SLS;2025-08-03 12:42:24;2025-08-03 12:42:27;NANI NURLIAH;https://wilkerstat.bps.go.id/api/landmark/91034625/photo
89942060;HOVIKA;BATAS 2 RT 004 RW 010 KEBUN;0034;rt 004 rw 0010;3279030005;-7.3694050041831;108.56234785169;3.8540000915527;1;150;Batas Wilkerstat;15040;Batas SLS;2025-08-01 10:44:18;2025-08-01 10:44:20;Nanang Heryana;https://wilkerstat.bps.go.id/api/landmark/89942060/photo
89946710;HOVPGW;BATAS 4 RT 004 RW 010 SUNGAI;0034;rt 004 rw 0010;3279030005;-7.3678149543977;108.56042303145;10.711000442505;1;150;Batas Wilkerstat;15040;Batas SLS;2025-08-01 10:51:17;2025-08-01 10:51:19;Nanang Heryana;https://wilkerstat.bps.go.id/api/landmark/89946710/photo
89955959;HOWCYP;BATAS 3 RT 004 RW 010 SUNGAI;0034;rt 004 rw 0010;3279030005;-7.3672915866999;108.56101512909;7.7789998054504;1;150;Batas Wilkerstat;15040;Batas SLS;2025-08-01 11:06:03;2025-08-01 11:06:05;Nanang Heryana;https://wilkerstat.bps.go.id/api/landmark/89955959/photo
90573783;HQFGXB;BATAS 1 RT 004 RW 003 TANAH KOSONG;0034;rt 004 rw 0010;3279030005;-7.3697277;108.5615373;5.7300000190735;1;150;Batas Wilkerstat;15040;Batas SLS;2025-08-01 10:26:42;2025-08-02 15:20:16;Nanang Heryana;https://wilkerstat.bps.go.id/api/landmark/90573783/photo
90044945;HPBEPD;BATAS 1 RT 003 RW 011 JEMBATAN;0039;rt 003 rw 011;3279030005;-7.3681817104275;108.56808174402;7.8660001754761;1;150;Batas Wilkerstat;15040;Batas SLS;2025-08-01 14:38:46;2025-08-01 14:38:50;Nanang Heryana;https://wilkerstat.bps.go.id/api/landmark/90044945/photo
90050141;HPBMGZ;BATAS 2 RT 003 RW 011 PERTIGAAN DEKAT POS RONDA RT 3/11;0039;rt 003 rw 011;3279030005;-7.3671768713341;108.56585953385;11.121999740601;1;150;Batas Wilkerstat;15040;Batas SLS;2025-08-01 14:47:08;2025-08-01 14:47:10;Nanang Heryana;https://wilkerstat.bps.go.id/api/landmark/90050141/photo
90053223;HPBQVN;BATAS 3 RT 003 RW 011 RUMAH PA HERDI;0039;rt 003 rw 011;3279030005;-7.3681428070371;108.56545686722;5.960000038147;1;150;Batas Wilkerstat;15040;Batas SLS;2025-08-01 14:52:09;2025-08-01 14:52:10;Nanang Heryana;https://wilkerstat.bps.go.id/api/landmark/90053223/photo
90070655;HPCQPZ;BATAS 4 RT 003 RW 011 BALONG;0039;rt 003 rw 011;3279030005;-7.3686369130921;108.56747355312;7.5209999084473;1;150;Batas Wilkerstat;15040;Batas SLS;2025-08-01 15:18:27;2025-08-01 15:18:29;Nanang Heryana;https://wilkerstat.bps.go.id/api/landmark/90070655/photo
90075911;HPCYKD;BATAS 6 RT 003 RW 011 (JL RAYA BANJAR-SIDAHARJA);0039;rt 003 rw 011;3279030005;-7.369602180599;108.5679063946;4.7439999580383;1;150;Batas Wilkerstat;15040;Batas SLS;2025-08-01 15:26:11;2025-08-01 15:26:17;Nanang Heryana;https://wilkerstat.bps.go.id/api/landmark/90075911/photo
90079884;HPDEGY;BATAS 5 RT 003 RW 011 (JL RAYA BANJAR-SIDAHARJA);0039;rt 003 rw 011;3279030005;-7.3695932029227;108.56758821756;4.4229998588562;1;150;Batas Wilkerstat;15040;Batas SLS;2025-08-01 15:32:25;2025-08-01 15:32:26;Nanang Heryana;https://wilkerstat.bps.go.id/api/landmark/90079884/photo
91078917;HRIADH;BATAS 1 RT 002 RW 002 ( BALAI ANNZAH RW 02);0006;RT 002 RW 002;3279030005;-7.3751094520064;108.54716286063;9.9460000991821;1;150;Batas Wilkerstat;15040;Batas SLS;2025-08-03 13:47:19;2025-08-03 13:47:25;NANI NURLIAH;https://wilkerstat.bps.go.id/api/landmark/91078917/photo
91083073;HRIGHD;BATAS 2 RT 002 RW 002 ( JLN KIP RT 002 RW 002);0006;RT 002 RW 002;3279030005;-7.3751190945757;108.54798663408;10.645000457764;1;150;Batas Wilkerstat;15040;Batas SLS;2025-08-03 13:52:48;2025-08-03 13:52:51;NANI NURLIAH;https://wilkerstat.bps.go.id/api/landmark/91083073/photo
91089432;HRIPRS;BATAS 3 RT 002 RW 002 ( RUMAH ANDA );0006;RT 002 RW 002;3279030005;-7.3743214206304;108.54789678007;14.008999824524;1;150;Batas Wilkerstat;15040;Batas SLS;2025-08-03 14:01:33;2025-08-03 14:01:36;NANI NURLIAH;https://wilkerstat.bps.go.id/api/landmark/91089432/photo
91093621;HRIVWV;BATAS 4 RT 002 RW 002 ( GUDANG MELATI);0006;RT 002 RW 002;3279030005;-7.3741801068387;108.54721918702;7.8270001411438;1;150;Batas Wilkerstat;15040;Batas SLS;2025-08-03 14:06:55;2025-08-03 14:07:00;NANI NURLIAH;https://wilkerstat.bps.go.id/api/landmark/91093621/photo
90879259;HQWQUD;BATAS 1 RT 004 RW 002 (TANAH PJKA);0008;RT 004 RW 002;3279030005;-7.3763949043962;108.54738716036;4.1999998092651;1;150;Batas Wilkerstat;15040;Batas SLS;2025-08-03 10:02:27;2025-08-03 10:02:29;NANI NURLIAH;https://wilkerstat.bps.go.id/api/landmark/90879259/photo
90890817;HQXHWR;BATAS 2 RT 004 RW 002 (GARASI KOSONG BU UNEH);0008;RT 004 RW 002;3279030005;-7.3763709642927;108.54830916971;4.8850002288818;1;150;Batas Wilkerstat;15040;Batas SLS;2025-08-03 10:12:34;2025-08-03 10:12:36;NANI NURLIAH;https://wilkerstat.bps.go.id/api/landmark/90890817/photo
90897271;HQXRKX;BATAS 3 RT 004 RW 002(JALAN KIP RT 004 RW 002);0008;RT 004 RW 002;3279030005;-7.3751164345566;108.54801680893;4.9029998779297;1;150;Batas Wilkerstat;15040;Batas SLS;2025-08-03 10:18:35;2025-08-03 10:18:38;NANI NURLIAH;https://wilkerstat.bps.go.id/api/landmark/90897271/photo
90916340;HQYTQI;BATAS 4 RT 004 RW 002 ( RUMAH BAPAK ROMDON );0008;RT 004 RW 002;3279030005;-7.3750569166249;108.54743745178;5.1199998855591;1;150;Batas Wilkerstat;15040;Batas SLS;2025-08-03 10:35:43;2025-08-03 10:35:45;NANI NURLIAH;https://wilkerstat.bps.go.id/api/landmark/90916340/photo
90602542;HQGXLE;BATAS 2 RT 001 RW 019 ( RUMAH PAK RW 19 );0068;RT 001 RW 019;3279030005;-7.3713611366481;108.57184052467;1.5;1;150;Batas Wilkerstat;15040;Batas SLS;2025-08-02 15:46:32;2025-08-02 15:49:57;Apid;https://wilkerstat.bps.go.id/api/landmark/90602542/photo
90789915;HQROPV;BATAS 3 RT 001 RW 019 ( RUMAH PAK RW 19 );0068;RT 001 RW 019;3279030005;-7.3713611366481;108.57184052467;1.5;1;150;Batas Wilkerstat;15040;Batas SLS;2025-08-02 15:46:32;2025-08-03 08:09:49;Apid;https://wilkerstat.bps.go.id/api/landmark/90789915/photo
90343406;HPSECK;BATAS 2 RT 003 RW 003 ( TANAH KOSONG PJKA);0011;RT 003 RW 003;3279030005;-7.3753840988989;108.55102490634;5.1449999809265;1;150;Batas Wilkerstat;15040;Batas SLS;2025-08-02 10:51:32;2025-08-02 10:51:34;NANI NURLIAH;https://wilkerstat.bps.go.id/api/landmark/90343406/photo
90348608;HPSLUM;BATAS 3 RT 003 RW 003 ( JLN PATARUMAN);0011;RT 003 RW 003;3279030005;-7.3747922446085;108.55088274926;3.789999961853;1;150;Batas Wilkerstat;15040;Batas SLS;2025-08-02 10:56:31;2025-08-02 10:56:34;NANI NURLIAH;https://wilkerstat.bps.go.id/api/landmark/90348608/photo
90359780;HPTCIE;BATAS 4 RT 003 RW 003 ( JLN RAYA PATARUMAN);0011;RT 003 RW 003;3279030005;-7.3747101164507;108.54943033308;3.805999994278;1;150;Batas Wilkerstat;15040;Batas SLS;2025-08-02 11:06:18;2025-08-02 11:06:21;NANI NURLIAH;https://wilkerstat.bps.go.id/api/landmark/90359780/photo
91242104;HRRHNS;BATAS 1 RT 003 RW 003 ( TANAH KOSONG PJKA);0011;RT 003 RW 003;3279030005;-7.375854256743;108.54989938438;3.789999961853;1;150;Batas Wilkerstat;15040;Batas SLS;2025-08-02 10:45:15;2025-08-03 16:47:44;NANI NURLIAH;https://wilkerstat.bps.go.id/api/landmark/91242104/photo
90978910;HRCIEW;BATAS 2 RUKO PUTRA GALUH FARM;0023;RT 003 RW.006;3279030006;-7.37413;108.5444283;3;1;150;Batas Wilkerstat;15040;Batas SLS;2025-08-03 11:32:35;2025-08-03 11:33:03;YUNI YUNIARTI;https://wilkerstat.bps.go.id/api/landmark/90978910/photo
90868767;HQWBGP;BATAS 2 RUMAH IBU DEDAH;0024;RT.004 RW.006;3279030006;-7.3749069;108.5437621;4.5720000267029;1;150;Batas Wilkerstat;15040;Batas SLS;2025-08-03 09:51:58;2025-08-03 09:52:26;YUNI YUNIARTI;https://wilkerstat.bps.go.id/api/landmark/90868767/photo
91398046;HSAEFM;BATAS 3 RT.004 RW.006(RUMAH KOSONG);0024;RT.004 RW.006;3279030006;-7.3742257;108.5436256;2.1229999065399;1;150;Batas Wilkerstat;15040;Batas SLS;2025-08-03 11:55:56;2025-08-04 09:24:53;YUNI YUNIARTI;https://wilkerstat.bps.go.id/api/landmark/91398046/photo
91398703;HSAFET;BATAS 1 RT.004 RW.006(RUMAH SUTIKNO);0024;RT.004 RW.006;3279030006;-7.3755233;108.5430637;5.0960001945496;1;150;Batas Wilkerstat;15040;Batas SLS;2025-08-03 09:58:25;2025-08-04 09:25:47;YUNI YUNIARTI;https://wilkerstat.bps.go.id/api/landmark/91398703/photo
91402752;HSALEM;BATAS 3 RUMAH RUDIANA;0024;RT.004 RW.006;3279030006;-7.3748105;108.5431305;4.8470001220703;1;150;Batas Wilkerstat;15040;Batas SLS;2025-08-04 09:30:17;2025-08-04 09:30:49;YUNI YUNIARTI;https://wilkerstat.bps.go.id/api/landmark/91402752/photo
89926587;HOULMX;BATAS 2  RT.001 RW.008 RUMAH KOSONG;0029;RT 001 RW 008;3279030006;-7.37567;108.5422517;1.3980000019073;1;150;Batas Wilkerstat;15040;Batas SLS;2025-08-01 09:31:10;2025-08-01 09:32:35;YUNI YUNIARTI;https://wilkerstat.bps.go.id/api/landmark/89926587/photo
90031673;HPAKYR;BATAS 4 RT.004 RW.008 (RUMAH BP LILI);0032;RT.004 RW 008;3279030006;-7.373885;108.54355;2.7000000476837;1;150;Batas Wilkerstat;15040;Batas SLS;2025-08-01 14:17:47;2025-08-01 14:18:19;YUNI YUNIARTI;https://wilkerstat.bps.go.id/api/landmark/90031673/photo
90033581;HPANUB;BATAS 3 RT.004 RW.008(RUMAH KOSONG);0032;RT.004 RW 008;3279030006;-7.3741029;108.543646;4.0409998893738;1;150;Batas Wilkerstat;15040;Batas SLS;2025-08-01 14:20:54;2025-08-01 14:21:26;YUNI YUNIARTI;https://wilkerstat.bps.go.id/api/landmark/90033581/photo
90035636;HPAQVC;BATAS 2 RT.004 RW.008 (RUMAH BP ASEP S);0032;RT.004 RW 008;3279030006;-7.374516;108.5434351;4.2930002212524;1;150;Batas Wilkerstat;15040;Batas SLS;2025-08-01 14:24:07;2025-08-01 14:24:39;YUNI YUNIARTI;https://wilkerstat.bps.go.id/api/landmark/90035636/photo
90038385;HPAUWV;BATAS 1 RT.004 RW.008 (RUMAH BP ASEP K);0032;RT.004 RW 008;3279030006;-7.3746203;108.5427425;1.9500000476837;1;150;Batas Wilkerstat;15040;Batas SLS;2025-08-01 14:28:16;2025-08-01 14:28:47;YUNI YUNIARTI;https://wilkerstat.bps.go.id/api/landmark/90038385/photo
89957774;HOWFQK;BATAS 1 RT 006 RW 013 RUMAH WAHYU;0060;RT 006 RW 013;3279030006;-7.3844091137442;108.54206163436;6.1989998817444;1;150;Batas Wilkerstat;15040;Batas SLS;2025-08-01 11:08:53;2025-08-01 11:08:58;Hanifa Dyah Novitasari;https://wilkerstat.bps.go.id/api/landmark/89957774/photo
90085057;HPDLXX;BATAS 3 RT 006 RW 013 RUMAH KOSONG EJEN;0060;RT 006 RW 013;3279030006;-7.3829487915159;108.54224737734;4.3330001831055;1;150;Batas Wilkerstat;15040;Batas SLS;2025-08-01 15:40:24;2025-08-01 15:40:37;Hanifa Dyah Novitasari;https://wilkerstat.bps.go.id/api/landmark/90085057/photo
90089506;HPDSNA;BATAS 2 RT 006 RW 013 RUMAH YUDI SUMPENA;0060;RT 006 RW 013;3279030006;-7.3838009792311;108.54328472167;3;1;150;Batas Wilkerstat;15040;Batas SLS;2025-08-01 15:47:20;2025-08-01 15:47:24;Hanifa Dyah Novitasari;https://wilkerstat.bps.go.id/api/landmark/90089506/photo
90096660;HPEDCE;BATAS 4 RT 006 RW 013 KWT SEKAR MAWAR HEGAR;0060;RT 006 RW 013;3279030006;-7.3837414624678;108.54177396744;4.6999998092651;1;150;Batas Wilkerstat;15040;Batas SLS;2025-08-01 15:58:08;2025-08-01 15:58:11;Hanifa Dyah Novitasari;https://wilkerstat.bps.go.id/api/landmark/90096660/photo
91198738;HROVJU;BATAS 4 RT 001 RW 014 GANG AHUM;0061;RT 001 RW 014;3279030006;-7.3808706834913;108.53727221489;3.5;1;150;Batas Wilkerstat;15040;Batas SLS;2025-08-03 16:05:19;2025-08-03 16:05:22;Hanifa Dyah Novitasari;https://wilkerstat.bps.go.id/api/landmark/91198738/photo
91388053;HRZPLD;BATAS 3 RT 001 RW 014 SELOKAN SENTRAL SAMPAH;0061;RT 001 RW 014;3279030006;-7.3805719;108.5375811;14.949999809265;1;150;Batas Wilkerstat;15040;Batas SLS;2025-08-04 09:12:19;2025-08-04 09:12:24;Hanifa Dyah Novitasari;https://wilkerstat.bps.go.id/api/landmark/91388053/photo
90477833;HPZUYR;BATAS 2 RT 003 RW 014 SELOKAN;0063;RT 003 RW 014;3279030006;-7.3827904;108.5401006;3.9000000953674;1;150;Batas Wilkerstat;15040;Batas SLS;2025-08-02 13:30:41;2025-08-02 13:30:46;Hanifa Dyah Novitasari;https://wilkerstat.bps.go.id/api/landmark/90477833/photo
90015515;HOZNBF;BATAS 1 RT 004 RW 014 PERSAWAHAN CIBEUREUM;0064;RT 004 RW014;3279030006;-7.3836174414772;108.53760782629;4.3000001907349;1;150;Batas Wilkerstat;15040;Batas SLS;2025-08-01 13:51:43;2025-08-01 13:51:47;Hanifa Dyah Novitasari;https://wilkerstat.bps.go.id/api/landmark/90015515/photo
90024716;HPAARC;BATAS 4 RT 004 RW 014 PERSAWAHAN CIBEUREUM;0064;RT 004 RW014;3279030006;-7.3828610124304;108.53711664677;10.130999565125;1;150;Batas Wilkerstat;15040;Batas SLS;2025-08-01 14:07:25;2025-08-01 14:07:29;Hanifa Dyah Novitasari;https://wilkerstat.bps.go.id/api/landmark/90024716/photo
90028888;HPAGVO;BATAS 2 RT 004 RW 014 RUMAH ASEP YANI;0064;RT 004 RW014;3279030006;-7.3834282512128;108.53980388492;4.0999999046326;1;150;Batas Wilkerstat;15040;Batas SLS;2025-08-01 14:14:01;2025-08-01 14:14:06;Hanifa Dyah Novitasari;https://wilkerstat.bps.go.id/api/landmark/90028888/photo
90030338;HPAIZI;BATAS 3 RT 004 RW 014 RUMAH WENDA;0064;RT 004 RW014;3279030006;-7.3831905164073;108.53983338922;4.5999999046326;1;150;Batas Wilkerstat;15040;Batas SLS;2025-08-01 14:16:08;2025-08-01 14:16:16;Hanifa Dyah Novitasari;https://wilkerstat.bps.go.id/api/landmark/90030338/photo
90474487;HPZPZZ;BATAS 1 RT 001 RW 015 RUMAH KOSONG;0066;RT 001 RW 015;3279030006;-7.383803639198;108.53976499289;4.9159998893738;1;150;Batas Wilkerstat;15040;Batas SLS;2025-08-02 13:25:59;2025-08-02 13:26:04;Hanifa Dyah Novitasari;https://wilkerstat.bps.go.id/api/landmark/90474487/photo
90475976;HPZSFG;BATAS 2 RT 001 RW 015 RUMAH BU TITI;0066;RT 001 RW 015;3279030006;-7.3834336;108.5396634;5.9159998893738;1;150;Batas Wilkerstat;15040;Batas SLS;2025-08-02 13:28:06;2025-08-02 13:28:08;Hanifa Dyah Novitasari;https://wilkerstat.bps.go.id/api/landmark/90475976/photo
90469973;HPZJIJ;BATAS 1 RT 002 RW 015 RUMAH BU EJEH;0067;RT 002 RW 015;3279030006;-7.3845542;108.5397182;4.3000001907349;1;150;Batas Wilkerstat;15040;Batas SLS;2025-08-02 13:19:25;2025-08-02 13:19:27;Hanifa Dyah Novitasari;https://wilkerstat.bps.go.id/api/landmark/90469973/photo
90473418;HPZOKW;BATAS 2 RT 002 RW 015 BANK BJB;0067;RT 002 RW 015;3279030006;-7.3838086266358;108.53979550302;5.0999999046326;1;150;Batas Wilkerstat;15040;Batas SLS;2025-08-02 13:24:28;2025-08-02 13:24:33;Hanifa Dyah Novitasari;https://wilkerstat.bps.go.id/api/landmark/90473418/photo
90684867;HQLPFN;BATAS 3 RT 002 RW 015 PERSAWAHAN KECAMATAN PATARUMAN;0067;RT 002 RW 015;3279030006;-7.3848306;108.5369852;5.7769999504089;1;150;Batas Wilkerstat;15040;Batas SLS;2025-08-02 17:04:05;2025-08-02 17:04:08;Hanifa Dyah Novitasari;https://wilkerstat.bps.go.id/api/landmark/90684867/photo
90691858;HQLZOK;BATAS 4 RT 002 RW 015 KEBUN PEPAYA;0067;RT 002 RW 015;3279030006;-7.3855515664779;108.53869713843;3.8849999904633;1;150;Batas Wilkerstat;15040;Batas SLS;2025-08-02 17:10:23;2025-08-02 17:10:28;Hanifa Dyah Novitasari;https://wilkerstat.bps.go.id/api/landmark/90691858/photo
90483409;HQADFD;BATAS 4 RT 003 RW 015 SELOKAN TESSA SALON;0068;RT 003 RW 015;3279030006;-7.3828154603982;108.54011971503;5.1999998092651;1;150;Batas Wilkerstat;15040;Batas SLS;2025-08-02 13:38:43;2025-08-02 13:38:45;Hanifa Dyah Novitasari;https://wilkerstat.bps.go.id/api/landmark/90483409/photo
90485274;HQAFYW;BATAS 1 RT 003 RW 015 PANGKALAN OJEG;0068;RT 003 RW 015;3279030006;-7.3861579;108.5398338;4.9000000953674;1;150;Batas Wilkerstat;15040;Batas SLS;2025-08-02 13:41:09;2025-08-02 13:41:12;Hanifa Dyah Novitasari;https://wilkerstat.bps.go.id/api/landmark/90485274/photo
90487195;HQAIUT;BATAS 2 RT 003 RW 015 PABRIK KAMPUH JAYA;0068;RT 003 RW 015;3279030006;-7.386198;108.5411426;3.5;1;150;Batas Wilkerstat;15040;Batas SLS;2025-08-02 13:43:43;2025-08-02 13:43:45;Hanifa Dyah Novitasari;https://wilkerstat.bps.go.id/api/landmark/90487195/photo
90497525;HQAYCB;BATAS 2 RT 004 RW 015 KEBUN SAYURAN;0069;RT 004 RW 015;3279030006;-7.3857011889979;108.54072991759;3.5999999046326;1;150;Batas Wilkerstat;15040;Batas SLS;2025-08-02 13:56:29;2025-08-02 13:56:31;Hanifa Dyah Novitasari;https://wilkerstat.bps.go.id/api/landmark/90497525/photo
90500260;HQBCDG;BATAS 1 RT 004 RW 15 SELOKAN;0069;RT 004 RW 015;3279030006;-7.3862223;108.5415566;3.1659998893738;1;150;Batas Wilkerstat;15040;Batas SLS;2025-08-02 13:59:57;2025-08-02 13:59:59;Hanifa Dyah Novitasari;https://wilkerstat.bps.go.id/api/landmark/90500260/photo
90149673;HPHDND;BATAS 1 RT 005 RW 015 PUSKESMAS PATARUMAN;0070;RT 005 RW 015;3279030006;-7.3855651;108.5366293;5;1;150;Batas Wilkerstat;15040;Batas SLS;2025-08-01 17:16:51;2025-08-01 17:16:56;Hanifa Dyah Novitasari;https://wilkerstat.bps.go.id/api/landmark/90149673/photo
90465166;HPZCFM;BATAS 2 RT 005 RW 015 PEREMPATAN TANSU;0070;RT 005 RW 015;3279030006;-7.3861596985827;108.53976130486;8;1;150;Batas Wilkerstat;15040;Batas SLS;2025-08-02 13:12:28;2025-08-02 13:12:30;Hanifa Dyah Novitasari;https://wilkerstat.bps.go.id/api/landmark/90465166/photo
90468514;HPZHEG;BATAS 3 RT 005 RW 015 RUMAH HJ NUR;0070;RT 005 RW 015;3279030006;-7.384547;108.5396891;5.4159998893738;1;150;Batas Wilkerstat;15040;Batas SLS;2025-08-02 13:17:14;2025-08-02 13:17:17;Hanifa Dyah Novitasari;https://wilkerstat.bps.go.id/api/landmark/90468514/photo
90683242;HQLMVA;BATAS 4 RT 005 RW 015 SELOKAN PUSKESMAS PATARUMAN;0070;RT 005 RW 015;3279030006;-7.3848028;108.5369394;3;1;150;Batas Wilkerstat;15040;Batas SLS;2025-08-02 17:02:34;2025-08-02 17:02:37;Hanifa Dyah Novitasari;https://wilkerstat.bps.go.id/api/landmark/90683242/photo
90151338;HPHFZE;BATAS 1 RT 001 RW 016 PERSAWAHAN WINGS;0071;RT 001 RW 016;3279030006;-7.3857068414032;108.53679947555;3;1;150;Batas Wilkerstat;15040;Batas SLS;2025-08-01 17:19:37;2025-08-01 17:19:47;Hanifa Dyah Novitasari;https://wilkerstat.bps.go.id/api/landmark/90151338/photo
90162764;HPHWWQ;BATAS 4 RT 001 RW 016 PERSAWAHAN WINGS;0071;RT 001 RW 016;3279030006;-7.3889054262298;108.5359800607;3;1;150;Batas Wilkerstat;15040;Batas SLS;2025-08-01 17:44:36;2025-08-01 17:44:41;Hanifa Dyah Novitasari;https://wilkerstat.bps.go.id/api/landmark/90162764/photo
90466240;HPZDUU;BATAS 2 RT 001 RW 016 SALON ELSA;0071;RT 001 RW 016;3279030006;-7.3861503887482;108.53973045945;3.4159998893738;1;150;Batas Wilkerstat;15040;Batas SLS;2025-08-02 13:14:09;2025-08-02 13:14:11;Hanifa Dyah Novitasari;https://wilkerstat.bps.go.id/api/landmark/90466240/photo
90489815;HQAMRN;BATAS 3 RT 001 RW 016 HALAL MART;0071;RT 001 RW 016;3279030006;-7.3885476;108.5401261;3.1659998893738;1;150;Batas Wilkerstat;15040;Batas SLS;2025-08-02 13:46:56;2025-08-02 13:46:58;Hanifa Dyah Novitasari;https://wilkerstat.bps.go.id/api/landmark/90489815/photo
90941444;HRAETW;BATAS 2 RT 002 RW 016 BALONG;0072;RT 002 RW 016;3279030006;-7.3861876280852;108.54151513427;7;1;150;Batas Wilkerstat;15040;Batas SLS;2025-08-03 10:58:11;2025-08-03 10:58:13;Hanifa Dyah Novitasari;https://wilkerstat.bps.go.id/api/landmark/90941444/photo
90944682;HRAJOK;BATAS 1 RT 002 RW 016 WARUNG BU ENOK;0072;RT 002 RW 016;3279030006;-7.3861307715961;108.53976868093;5;1;150;Batas Wilkerstat;15040;Batas SLS;2025-08-03 11:01:03;2025-08-03 11:01:06;Hanifa Dyah Novitasari;https://wilkerstat.bps.go.id/api/landmark/90944682/photo
90948980;HRAPXS;BATAS 3 RT 002 RW 016 GANG SEPAKAT;0072;RT 002 RW 016;3279030006;-7.3872632450823;108.53997319937;3.2000000476837;1;150;Batas Wilkerstat;15040;Batas SLS;2025-08-03 11:05:17;2025-08-03 11:05:21;Hanifa Dyah Novitasari;https://wilkerstat.bps.go.id/api/landmark/90948980/photo
90950712;HRASMI;BATAS 1 RT 003 RW 016 POJOK GAME;0073;RT 003 RW 016;3279030006;-7.3872772097989;108.53997252882;4.3000001907349;1;150;Batas Wilkerstat;15040;Batas SLS;2025-08-03 11:06:52;2025-08-03 11:06:55;Hanifa Dyah Novitasari;https://wilkerstat.bps.go.id/api/landmark/90950712/photo
90953973;HRAXHT;BATAS 2 RT 003 RW 016 RUMAH KOSONG;0073;RT 003 RW 016;3279030006;-7.3879551630095;108.5401552543;4.3330001831055;1;150;Batas Wilkerstat;15040;Batas SLS;2025-08-03 11:09:38;2025-08-03 11:09:41;Hanifa Dyah Novitasari;https://wilkerstat.bps.go.id/api/landmark/90953973/photo
91058953;HRGWPL;BATAS 4 RT 003 RW 016 RUMAH PAK OMAN;0073;RT 003 RW 016;3279030006;-7.3871468724268;108.54169048369;4.0830001831055;1;150;Batas Wilkerstat;15040;Batas SLS;2025-08-03 13:19:19;2025-08-03 13:19:22;Hanifa Dyah Novitasari;https://wilkerstat.bps.go.id/api/landmark/91058953/photo
91060244;HRGYNC;BATAS 3 RT 003 RW 016 KEBUN PAK DUDUNG;0073;RT 003 RW 016;3279030006;-7.3876954861057;108.54158118367;3.7000000476837;1;150;Batas Wilkerstat;15040;Batas SLS;2025-08-03 13:21:07;2025-08-03 13:21:11;Hanifa Dyah Novitasari;https://wilkerstat.bps.go.id/api/landmark/91060244/photo
89981685;HOXPAB;BATAS 4 RT002 RW 008 KANTOR MARKETING SD INSAN TAMA;0030;RT 002 RW 008;3279030006;-7.3748567;108.5422002;15.145999908447;1;150;Batas Wilkerstat;15040;Batas SLS;2025-08-01 12:06:53;2025-08-01 12:06:55;NISA KOMALASARI;https://wilkerstat.bps.go.id/api/landmark/89981685/photo
90706806;HQMVRI;BATAS 3 RT002 RW008 RUMAH IBU SRI;0030;RT 002 RW 008;3279030006;-7.3749262431492;108.54267384857;1.6000000238419;1;150;Batas Wilkerstat;15040;Batas SLS;2025-08-01 10:05:23;2025-08-02 17:25:13;NISA KOMALASARI;https://wilkerstat.bps.go.id/api/landmark/90706806/photo
90743671;HQOYFF;BATAS 1 RT 002 RW 008 WARUNG BAKSO SURIP;0030;RT 002 RW 008;3279030006;-7.3756633;108.542285;3.5999999046326;1;150;Batas Wilkerstat;15040;Batas SLS;2025-08-01 09:34:29;2025-08-02 19:20:46;NISA KOMALASARI;https://wilkerstat.bps.go.id/api/landmark/90743671/photo
90743691;HQOYFZ;BATAS 2 RT002 RW008 RUMAH FAREB;0030;RT 002 RW 008;3279030006;-7.3756387955016;108.54264635593;3.6800000667572;1;150;Batas Wilkerstat;15040;Batas SLS;2025-08-01 09:47:35;2025-08-02 19:20:54;NISA KOMALASARI;https://wilkerstat.bps.go.id/api/landmark/90743691/photo
89975520;HOXFWY;BATAS 2 RT 001 RW 009 BENGKEL ASLI;0033;RT 001 RW 009;3279030006;-7.3776233;108.54204;2.2000000476837;1;150;Batas Wilkerstat;15040;Batas SLS;2025-08-01 11:45:47;2025-08-01 11:45:48;NISA KOMALASARI;https://wilkerstat.bps.go.id/api/landmark/89975520/photo
89977375;HOXIQH;BATAS 4 RT 001 RW 009 RUMAH BAPA ROHANAN;0033;RT 001 RW 009;3279030006;-7.376485;108.54081;1.5;1;150;Batas Wilkerstat;15040;Batas SLS;2025-08-01 11:51:24;2025-08-01 11:51:26;NISA KOMALASARI;https://wilkerstat.bps.go.id/api/landmark/89977375/photo
89979007;HOXLBB;BATAS 3 RT 001 RW 009 KANTOR BERSAMA PT PERSERO;0033;RT 001 RW 009;3279030006;-7.376655;108.54229;2.3510000705719;1;150;Batas Wilkerstat;15040;Batas SLS;2025-08-01 11:56:58;2025-08-01 11:56:59;NISA KOMALASARI;https://wilkerstat.bps.go.id/api/landmark/89979007/photo
89980376;HOXNBS;BATAS 1 RT 001 RW 009 TOKO CAP ONTA;0033;RT 001 RW 009;3279030006;-7.3770768;108.5407811;3.9219999313354;1;150;Batas Wilkerstat;15040;Batas SLS;2025-08-01 12:02:02;2025-08-01 12:02:03;NISA KOMALASARI;https://wilkerstat.bps.go.id/api/landmark/89980376/photo
90116042;HPFFTQ;BATAS 4 RT.003 RW.008 (RUMAH BP HERMAN);0031;RT.003 RW.008;3279030006;-7.3746242;108.5427499;3;1;150;Batas Wilkerstat;15040;Batas SLS;2025-08-01 16:26:01;2025-08-01 16:26:32;YUNI YUNIARTI;https://wilkerstat.bps.go.id/api/landmark/90116042/photo
90772318;HQQOPA;BATAS 1 INDEUNG;0031;RT.003 RW.008;3279030006;-7.3756901;108.5427935;1.6000000238419;1;150;Batas Wilkerstat;15040;Batas SLS;2025-08-03 07:13:24;2025-08-03 07:13:52;YUNI YUNIARTI;https://wilkerstat.bps.go.id/api/landmark/90772318/photo
90923161;HQZDSR;BTS 3 RMH P OJO;0031;RT.003 RW.008;3279030006;-7.3747649;108.5431205;5.4629998207092;1;150;Batas Wilkerstat;15040;Batas SLS;2025-08-03 10:41:42;2025-08-03 10:42:11;YUNI YUNIARTI;https://wilkerstat.bps.go.id/api/landmark/90923161/photo
90678847;HQLGHZ;BATAS 1 RT 008 RW 018(KANTOR BUMI PANGADEGAN ASRI);0087;RT 008 RW 018 KELURAHAN  HEGARSARI;3279030006;-7.3871806;108.5436897;3.8970000743866;1;150;Batas Wilkerstat;15040;Batas SLS;2025-08-02 16:58:42;2025-08-02 16:58:45;fifi taufiq;https://wilkerstat.bps.go.id/api/landmark/90678847/photo
90249235;HPMUUL;BATAS 2 RT 002 RW 009 WARUNG ASEP (IBU ENOK);0034;RT 002 RW 009;3279030006;-7.3786233;108.5418583;1.5;1;150;Batas Wilkerstat;15040;Batas SLS;2025-08-02 09:19:37;2025-08-02 09:19:38;NISA KOMALASARI;https://wilkerstat.bps.go.id/api/landmark/90249235/photo
90264955;HPNSBB;BATAS 3 RT 002 RW 009 RUMAH BAPAK SARIMAN;0034;RT 002 RW 009;3279030006;-7.3782688784805;108.5409039259;9.3909997940063;1;150;Batas Wilkerstat;15040;Batas SLS;2025-08-02 09:37:04;2025-08-02 09:37:05;NISA KOMALASARI;https://wilkerstat.bps.go.id/api/landmark/90264955/photo
90463017;HPYZAV;BATAS 4 RT 002 RW 009 RA AL MUSTAQIMAH;0034;RT 002 RW 009;3279030006;-7.3776171779602;108.54086101055;4.8520002365112;1;150;Batas Wilkerstat;15040;Batas SLS;2025-08-02 13:09:31;2025-08-02 13:09:32;NISA KOMALASARI;https://wilkerstat.bps.go.id/api/landmark/90463017/photo
90743955;HQOYQD;BATAS 1 RT 002 RW 009 BENGKEL SERVICE STROOM ACCU;0034;RT 002 RW 009;3279030006;-7.3777398706315;108.54197815061;1.2999999523163;1;150;Batas Wilkerstat;15040;Batas SLS;2025-08-02 09:14:51;2025-08-02 19:22:47;NISA KOMALASARI;https://wilkerstat.bps.go.id/api/landmark/90743955/photo
90355140;HPSVLS;BATAS 3 RT 003 RW 009 MIE AYAM POPO;0035;RT 003 RW 004;3279030006;-7.3778579082642;108.53975158185;10.227000236511;1;150;Batas Wilkerstat;15040;Batas SLS;2025-08-02 11:02:21;2025-08-02 11:02:24;NISA KOMALASARI;https://wilkerstat.bps.go.id/api/landmark/90355140/photo
90379952;HPUGEA;BATAS 1 RT 003 RW 009 RUMAH TAHFIDZ DAARUN NAJAAH;0035;RT 003 RW 004;3279030006;-7.3776796880517;108.54081977159;4.1999998092651;1;150;Batas Wilkerstat;15040;Batas SLS;2025-08-02 11:25:08;2025-08-02 11:25:10;NISA KOMALASARI;https://wilkerstat.bps.go.id/api/landmark/90379952/photo
90481206;HPZZYK;BATAS 2 RT 003 RW 009 RUMAH BAPAK HERMANTO;0035;RT 003 RW 004;3279030006;-7.3782674;108.5408437;4.9770002365112;1;150;Batas Wilkerstat;15040;Batas SLS;2025-08-02 13:35:36;2025-08-02 13:35:37;NISA KOMALASARI;https://wilkerstat.bps.go.id/api/landmark/90481206/photo
90744192;HQOYZG;BATAS 4 RT 003 RW 009 WARUNG PECEL PAHLAWAN;0035;RT 003 RW 004;3279030006;-7.3771160994074;108.54073762894;2.3499999046326;1;150;Batas Wilkerstat;15040;Batas SLS;2025-08-02 11:20:34;2025-08-02 19:24:27;NISA KOMALASARI;https://wilkerstat.bps.go.id/api/landmark/90744192/photo
90408730;HPVWSW;BATAS 2 RT 004 RW 009 LESEHAN KAKANG;0036;RT 004 RW 009;3279030006;-7.3779527;108.539635;4;1;150;Batas Wilkerstat;15040;Batas SLS;2025-08-02 11:54:26;2025-08-02 11:54:32;NISA KOMALASARI;https://wilkerstat.bps.go.id/api/landmark/90408730/photo
90456287;HPYPBZ;BATAS 3 RT 004 RW 009 GOR BASKET;0036;RT 004 RW 009;3279030006;-7.3787065;108.5418654;16.638999938965;1;150;Batas Wilkerstat;15040;Batas SLS;2025-08-02 12:59:47;2025-08-02 12:59:49;NISA KOMALASARI;https://wilkerstat.bps.go.id/api/landmark/90456287/photo
90457954;HPYROC;BATAS 4 RT 004 RW 009 KANTOR BAPELITBANGDA;0036;RT 004 RW 009;3279030006;-7.37918;108.5417483;4.2540001869202;1;150;Batas Wilkerstat;15040;Batas SLS;2025-08-02 13:02:05;2025-08-02 13:02:06;NISA KOMALASARI;https://wilkerstat.bps.go.id/api/landmark/90457954/photo
90468720;HPZHME;BATAS 1 RT 004 RW 009 RUMAH IBU II;0036;RT 004 RW 009;3279030006;-7.3784767;108.5391217;7.4970002174377;1;150;Batas Wilkerstat;15040;Batas SLS;2025-08-02 13:17:34;2025-08-02 13:17:35;NISA KOMALASARI;https://wilkerstat.bps.go.id/api/landmark/90468720/photo
91199694;HROWUO;BATAS 1  RT 005 RW 009 SHOWROOM MOTOR DPS JAYA;0037;RT 005 RW 009;3279030006;-7.3791220727108;108.53883426636;4.9000000953674;1;150;Batas Wilkerstat;15040;Batas SLS;2025-08-03 16:06:18;2025-08-03 16:06:20;NISA KOMALASARI;https://wilkerstat.bps.go.id/api/landmark/91199694/photo
91210824;HRPNGQ;BATAS 2 RT 005 RW 009 RUMAH BAPAK UPA JUHARA;0037;RT 005 RW 009;3279030006;-7.3786585683331;108.53916853666;4.6310000419617;1;150;Batas Wilkerstat;15040;Batas SLS;2025-08-03 16:17:28;2025-08-03 16:17:29;NISA KOMALASARI;https://wilkerstat.bps.go.id/api/landmark/91210824/photo
91217530;HRPXEO;BATAS 3 RT 005 RW 009 RUMAH BAPAK BAGIO;0037;RT 005 RW 009;3279030006;-7.3789681254713;108.5404670611;4.0009999275208;1;150;Batas Wilkerstat;15040;Batas SLS;2025-08-03 16:24:00;2025-08-03 16:24:01;NISA KOMALASARI;https://wilkerstat.bps.go.id/api/landmark/91217530/photo
91224603;HRQHQP;BATAS 4 RT 005 RW 009 RUMAH BAPAK SUTRISNO;0037;RT 005 RW 009;3279030006;-7.3794349545162;108.53998694569;1.3999999761581;1;150;Batas Wilkerstat;15040;Batas SLS;2025-08-03 16:30:40;2025-08-03 16:30:41;NISA KOMALASARI;https://wilkerstat.bps.go.id/api/landmark/91224603/photo
91293364;HRUFJG;BATAS 1 RT 001 RW 001 (RUMAH BP UUN);0001;RT 001 RW 001;3279030006;-7.3681521172505;108.54269765317;4.3540000915527;1;150;Batas Wilkerstat;15040;Batas SLS;2025-08-03 15:28:26;2025-08-03 17:49:16;WINI ASTUTI;https://wilkerstat.bps.go.id/api/landmark/91293364/photo
91293825;HRUGAZ;BATAS 2 RT 001 RW 001 (JEMBATAN CITANDUY);0001;RT 001 RW 001;3279030006;-7.3678894;108.5422474;3.3239998817444;1;150;Batas Wilkerstat;15040;Batas SLS;2025-08-03 15:37:48;2025-08-03 17:50:16;WINI ASTUTI;https://wilkerstat.bps.go.id/api/landmark/91293825/photo
91294086;HRUGLA;BATAS 3 RT 001 RW 001 (BANK BRI);0001;RT 001 RW 001;3279030006;-7.3695805676741;108.54202911258;2.4500000476837;1;150;Batas Wilkerstat;15040;Batas SLS;2025-08-03 15:46:08;2025-08-03 17:50:49;WINI ASTUTI;https://wilkerstat.bps.go.id/api/landmark/91294086/photo
91294379;HRUGWH;BATAS 4 RT 001 RW 001 (SMPN 1 BANJAR);0001;RT 001 RW 001;3279030006;-7.369767103807;108.54315564036;4.9520001411438;1;150;Batas Wilkerstat;15040;Batas SLS;2025-08-03 15:24:01;2025-08-03 17:51:33;WINI ASTUTI;https://wilkerstat.bps.go.id/api/landmark/91294379/photo
91147793;HRLYAJ;BATAS 3 RT 002 RW 001 (RUMAH IBU PIANA);0002;RT 002 RW 001;3279030006;-7.3690495544022;108.54383926839;4.768000125885;1;150;Batas Wilkerstat;15040;Batas SLS;2025-08-03 14:11:24;2025-08-03 15:11:31;WINI ASTUTI;https://wilkerstat.bps.go.id/api/landmark/91147793/photo
91295127;HRUHZB;BATAS 1 RT 002 RW 001 (BENTENG RSUD);0002;RT 002 RW 001;3279030006;-7.3681235215944;108.54271475226;3.7269999980927;1;150;Batas Wilkerstat;15040;Batas SLS;2025-08-03 15:29:45;2025-08-03 17:53:31;WINI ASTUTI;https://wilkerstat.bps.go.id/api/landmark/91295127/photo
91295261;HRUIEF;BATAS 2 RT 002 RW 001 (RSUD);0002;RT 002 RW 001;3279030006;-7.3690312665199;108.54318916798;3.9140000343323;1;150;Batas Wilkerstat;15040;Batas SLS;2025-08-03 14:48:17;2025-08-03 17:53:58;WINI ASTUTI;https://wilkerstat.bps.go.id/api/landmark/91295261/photo
91297416;HRULJC;BATAS 4 RT 002 RW 001 (RUMAH BAPA ALEH);0002;RT 002 RW 001;3279030006;-7.367971;108.5439604;4.8420000076294;1;150;Batas Wilkerstat;15040;Batas SLS;2025-08-03 14:29:02;2025-08-03 18:00:25;WINI ASTUTI;https://wilkerstat.bps.go.id/api/landmark/91297416/photo
91101092;HRJGYE;WARNAS TEH YANI;0003;RT 003 RW 001;3279030006;-7.3689574;108.5434974;4.4159998893738;1;150;Batas Wilkerstat;15040;Batas SLS;2025-08-03 14:16:19;2025-08-03 14:16:21;WINI ASTUTI;https://wilkerstat.bps.go.id/api/landmark/91101092/photo
91306328;HRUYNW;BATAS 1 RT 004 RW 001 (TAMAN BELAKANG RSUD);0004;RT 004 RW 001;3279030006;-7.3679921810575;108.54275263846;2.4660000801086;1;150;Batas Wilkerstat;15040;Batas SLS;2025-08-03 15:34:22;2025-08-03 18:47:39;WINI ASTUTI;https://wilkerstat.bps.go.id/api/landmark/91306328/photo
91306375;HRUYPR;BATAS 2 RT 004 RW 001 (RUMAH BAPA ATO);0004;RT 004 RW 001;3279030006;-7.3679778832245;108.54411486536;4.8709998130798;1;150;Batas Wilkerstat;15040;Batas SLS;2025-08-03 14:30:44;2025-08-03 18:48:01;WINI ASTUTI;https://wilkerstat.bps.go.id/api/landmark/91306375/photo
91306485;HRUYTX;BATAS 3 RT 004 RW 001 (RUMAH BAPA ATE);0004;RT 004 RW 001;3279030006;-7.3685108928249;108.54400020093;2.7999999523163;1;150;Batas Wilkerstat;15040;Batas SLS;2025-08-03 14:41:50;2025-08-03 18:48:44;WINI ASTUTI;https://wilkerstat.bps.go.id/api/landmark/91306485/photo
91306560;HRUYWU;BATAS 4 RT 004 RW 001 (ECOPARK KOTA BANJAR);0004;RT 004 RW 001;3279030006;-7.3705863988332;108.54453798383;2.989000082016;1;150;Batas Wilkerstat;15040;Batas SLS;2025-08-03 15:00:55;2025-08-03 18:49:14;WINI ASTUTI;https://wilkerstat.bps.go.id/api/landmark/91306560/photo
91442654;HSCSFE;BATAS 1 RT 001 RW 010 RUMAH IBU ANGGRES;0038;RT 001 RW 010;3279030006;-7.3800367;108.53989;2.3570001125336;1;150;Batas Wilkerstat;15040;Batas SLS;2025-08-04 10:14:09;2025-08-04 10:14:09;NISA KOMALASARI;https://wilkerstat.bps.go.id/api/landmark/91442654/photo
90015826;HOZNNE;RUMAH KOSONG;0008;RT 001 RW 003 DUSUN SUKAHURIP;3279030007;-7.4087002;108.5463158;7.2529997825623;1;150;Batas Wilkerstat;15040;Batas SLS;2025-08-01 13:52:22;2025-08-01 13:52:23;NUR APRIYANA;https://wilkerstat.bps.go.id/api/landmark/90015826/photo
90037220;HPATEA;RUMAH BAPAK SAHRUL;0008;RT 001 RW 003 DUSUN SUKAHURIP;3279030007;-7.408183557682;108.54682020843;3.9690001010895;1;150;Batas Wilkerstat;15040;Batas SLS;2025-08-01 14:26:59;2025-08-01 14:27:01;NUR APRIYANA;https://wilkerstat.bps.go.id/api/landmark/90037220/photo
90044716;HPBEGI;CANDRA VARIASI;0008;RT 001 RW 003 DUSUN SUKAHURIP;3279030007;-7.4092725;108.5469613;7.1009998321533;1;150;Batas Wilkerstat;15040;Batas SLS;2025-08-01 14:38:28;2025-08-01 14:38:31;NUR APRIYANA;https://wilkerstat.bps.go.id/api/landmark/90044716/photo
90049875;HPBLWT;AMERTA STATIONERY;0008;RT 001 RW 003 DUSUN SUKAHURIP;3279030007;-7.4111935;108.5464528;9.1059999465942;1;150;Batas Wilkerstat;15040;Batas SLS;2025-08-01 14:46:39;2025-08-01 14:46:40;NUR APRIYANA;https://wilkerstat.bps.go.id/api/landmark/90049875/photo
90050562;HPBMXE;RUMAH KOSONG;0008;RT 001 RW 003 DUSUN SUKAHURIP;3279030007;-7.4114491;108.5473616;8.6169996261597;1;150;Batas Wilkerstat;15040;Batas SLS;2025-08-01 14:47:53;2025-08-01 14:47:54;NUR APRIYANA;https://wilkerstat.bps.go.id/api/landmark/90050562/photo
91212070;HRPPCO;KEBUN JAGUNG;0008;RT 001 RW 003 DUSUN SUKAHURIP;3279030007;-7.4084195;108.5476678;5.2379999160767;1;150;Batas Wilkerstat;15040;Batas SLS;2025-08-03 16:18:37;2025-08-03 16:18:40;NUR APRIYANA;https://wilkerstat.bps.go.id/api/landmark/91212070/photo
90008745;HOZDAV;SMKN 4 BANJAR;0009;RT 002 RW 003 DUSUN SUKAHURIP;3279030007;-7.4111991182453;108.54552671313;7.4590001106262;1;150;Batas Wilkerstat;15040;Batas SLS;2025-08-01 13:38:16;2025-08-01 13:39:03;NUR APRIYANA;https://wilkerstat.bps.go.id/api/landmark/90008745/photo
90010499;HOZFQH;PAPAN NAMA SEKOLAH SMKN 4 BANJAR;0009;RT 002 RW 003 DUSUN SUKAHURIP;3279030007;-7.4113757;108.5462506;4.7470002174377;1;150;Batas Wilkerstat;15040;Batas SLS;2025-08-01 13:42:33;2025-08-01 13:42:35;NUR APRIYANA;https://wilkerstat.bps.go.id/api/landmark/90010499/photo
90014524;HOZLPC;RUMAH KOSONG;0009;RT 002 RW 003 DUSUN SUKAHURIP;3279030007;-7.4086241;108.5461376;7.8379998207092;1;150;Batas Wilkerstat;15040;Batas SLS;2025-08-01 13:50:03;2025-08-01 13:50:04;NUR APRIYANA;https://wilkerstat.bps.go.id/api/landmark/90014524/photo
90016641;HOZOSN;STEAM MOTOR;0009;RT 002 RW 003 DUSUN SUKAHURIP;3279030007;-7.4091964;108.5468933;6.3889999389648;1;150;Batas Wilkerstat;15040;Batas SLS;2025-08-01 13:53:43;2025-08-01 13:53:46;NUR APRIYANA;https://wilkerstat.bps.go.id/api/landmark/90016641/photo
91130899;HRKZAP;KEBUN BAMBU;0009;RT 002 RW 003 DUSUN SUKAHURIP;3279030007;-7.4097366;108.5458197;4.9800000190735;1;150;Batas Wilkerstat;15040;Batas SLS;2025-08-03 14:52:11;2025-08-03 14:52:15;NUR APRIYANA;https://wilkerstat.bps.go.id/api/landmark/91130899/photo
91133625;HRLDBL;WARUNG BASO RINEH PA YAYAT;0010;RT 003 RW 003 DUSUN SUKAHURIP;3279030007;-7.4082829;108.5458173;4.2189998626709;1;150;Batas Wilkerstat;15040;Batas SLS;2025-08-03 14:55:44;2025-08-03 14:55:46;NUR APRIYANA;https://wilkerstat.bps.go.id/api/landmark/91133625/photo
91136716;HRLHQI;KEBUN BAMBU;0010;RT 003 RW 003 DUSUN SUKAHURIP;3279030007;-7.4089293;108.5452424;5.960000038147;1;150;Batas Wilkerstat;15040;Batas SLS;2025-08-03 14:59:30;2025-08-03 14:59:32;NUR APRIYANA;https://wilkerstat.bps.go.id/api/landmark/91136716/photo
91140991;HRLNYT;TUGU DESA SUKAMUKTI;0010;RT 003 RW 003 DUSUN SUKAHURIP;3279030007;-7.407781;108.5439379;4.326000213623;1;150;Batas Wilkerstat;15040;Batas SLS;2025-08-03 15:04:09;2025-08-03 15:04:14;NUR APRIYANA;https://wilkerstat.bps.go.id/api/landmark/91140991/photo
91191739;HROLAP;RUMAH IBU YAYAH;0010;RT 003 RW 003 DUSUN SUKAHURIP;3279030007;-7.4078708;108.5419572;4.9060001373291;1;150;Batas Wilkerstat;15040;Batas SLS;2025-08-03 15:58:22;2025-08-03 15:58:23;NUR APRIYANA;https://wilkerstat.bps.go.id/api/landmark/91191739/photo
91197560;HROTQM;SAWAH;0010;RT 003 RW 003 DUSUN SUKAHURIP;3279030007;-7.4063419;108.5443685;4.2160000801086;1;150;Batas Wilkerstat;15040;Batas SLS;2025-08-03 16:04:08;2025-08-03 16:04:10;NUR APRIYANA;https://wilkerstat.bps.go.id/api/landmark/91197560/photo
91207707;HRPIQT;KEBUN BAMBU;0010;RT 003 RW 003 DUSUN SUKAHURIP;3279030007;-7.4078293;108.5466919;13.102000236511;1;150;Batas Wilkerstat;15040;Batas SLS;2025-08-03 16:14:15;2025-08-03 16:14:17;NUR APRIYANA;https://wilkerstat.bps.go.id/api/landmark/91207707/photo
91189271;HROHJR;KEBUN JATI;0011;RT 004 RW 003 DUSUN SUKAHURIP;3279030007;-7.4077911;108.5426031;6.2839999198914;1;150;Batas Wilkerstat;15040;Batas SLS;2025-08-03 15:56:01;2025-08-03 15:56:03;NUR APRIYANA;https://wilkerstat.bps.go.id/api/landmark/91189271/photo
91194777;HROPNL;TOKO EIRAJAYA;0011;RT 004 RW 003 DUSUN SUKAHURIP;3279030007;-7.4077141;108.5439905;10.89999961853;1;150;Batas Wilkerstat;15040;Batas SLS;2025-08-03 16:01:09;2025-08-03 16:01:10;NUR APRIYANA;https://wilkerstat.bps.go.id/api/landmark/91194777/photo
91196415;HRORYL;PAUD CENDRAWASIH 2;0011;RT 004 RW 003 DUSUN SUKAHURIP;3279030007;-7.4067498;108.543998;5.0859999656677;1;150;Batas Wilkerstat;15040;Batas SLS;2025-08-03 16:02:55;2025-08-03 16:02:56;NUR APRIYANA;https://wilkerstat.bps.go.id/api/landmark/91196415/photo
91198942;HROVRQ;IRIGASI;0012;RT 005 RW 003 DUSUN SUKAHURIP;3279030007;-7.4063297;108.5443678;7.6059999465942;1;150;Batas Wilkerstat;15040;Batas SLS;2025-08-03 16:05:31;2025-08-03 16:05:36;NUR APRIYANA;https://wilkerstat.bps.go.id/api/landmark/91198942/photo
91202737;HRPBHP;RUMAH;0012;RT 005 RW 003 DUSUN SUKAHURIP;3279030007;-7.4066175;108.544178;6.0370001792908;1;150;Batas Wilkerstat;15040;Batas SLS;2025-08-03 16:09:23;2025-08-03 16:09:25;NUR APRIYANA;https://wilkerstat.bps.go.id/api/landmark/91202737/photo
91201513;HROZMN;DINIYAH AL HUDA;0013;RT 006 RW 004 DUSUN SUKAHURIP;3279030007;-7.4062975;108.5444096;5.1300001144409;1;150;Batas Wilkerstat;15040;Batas SLS;2025-08-03 16:08:10;2025-08-03 16:08:12;NUR APRIYANA;https://wilkerstat.bps.go.id/api/landmark/91201513/photo
91211219;HRPNVV;SAWAH;0013;RT 006 RW 004 DUSUN SUKAHURIP;3279030007;-7.4084001;108.5476445;5.414999961853;1;150;Batas Wilkerstat;15040;Batas SLS;2025-08-03 16:17:47;2025-08-03 16:17:49;NUR APRIYANA;https://wilkerstat.bps.go.id/api/landmark/91211219/photo
90994878;HRDFVA;BATAS RT 013 RW 003 (KEBUN WARGA);0013;PANANJUNG RT 013 RW 003;3279030008;-7.3642950120979;108.57782050967;3;1;150;Batas Wilkerstat;15040;Batas SLS;2025-08-03 11:49:13;2025-08-03 11:49:16;WAWAN RUSTANDI;https://wilkerstat.bps.go.id/api/landmark/90994878/photo
91019772;HREQQM;BATAS 2 RT 013 RW 03 (TOBOMG BATA);0013;PANANJUNG RT 013 RW 003;3279030008;-7.3628775;108.576723;3.1270000934601;1;150;Batas Wilkerstat;15040;Batas SLS;2025-08-03 12:20:50;2025-08-03 12:20:55;WAWAN RUSTANDI;https://wilkerstat.bps.go.id/api/landmark/91019772/photo
91021695;HRETML;BATAS RT 013 RW 03 KOLAM IKAN;0013;PANANJUNG RT 013 RW 003;3279030008;-7.3630034;108.5776972;2.864000082016;1;150;Batas Wilkerstat;15040;Batas SLS;2025-08-03 12:23:48;2025-08-03 12:23:50;WAWAN RUSTANDI;https://wilkerstat.bps.go.id/api/landmark/91021695/photo
91024732;HREXZG;BATAS 3 RT 013 RW 003 (TUGU BLOK IMPIAN;0013;PANANJUNG RT 013 RW 003;3279030008;-7.3643405;108.5766351;2.2999999523163;1;150;Batas Wilkerstat;15040;Batas SLS;2025-08-03 12:27:59;2025-08-03 12:28:07;WAWAN RUSTANDI;https://wilkerstat.bps.go.id/api/landmark/91024732/photo
91058805;HRGWJT;BATAS RT 14 RW 03 TANGGUL;0014;PANANJUNG RT. 0014 RW. 0003;3279030008;-7.3625294;108.5760269;3.3629999160767;1;150;Batas Wilkerstat;15040;Batas SLS;2025-08-03 13:19:09;2025-08-03 13:19:11;WAWAN RUSTANDI;https://wilkerstat.bps.go.id/api/landmark/91058805/photo
91066590;HRHHXE;PERBATASAN RT 014 CITANDUY;0014;PANANJUNG RT. 0014 RW. 0003;3279030008;-7.3584483;108.5785467;1.4830000400543;1;150;Batas Wilkerstat;15040;Batas SLS;2025-08-03 13:29:53;2025-08-03 13:29:54;WAWAN RUSTANDI;https://wilkerstat.bps.go.id/api/landmark/91066590/photo
91070199;HRHNFZ;RT 14 (CITANDUY);0014;PANANJUNG RT. 0014 RW. 0003;3279030008;-7.3595514;108.5771448;3;1;150;Batas Wilkerstat;15040;Batas SLS;2025-08-03 13:34:57;2025-08-03 13:34:59;WAWAN RUSTANDI;https://wilkerstat.bps.go.id/api/landmark/91070199/photo
91076272;HRHWFO;RT 14 (SELOKAN);0014;PANANJUNG RT. 0014 RW. 0003;3279030008;-7.3626385;108.5786167;1.7829999923706;1;150;Batas Wilkerstat;15040;Batas SLS;2025-08-03 13:43:37;2025-08-03 13:43:39;WAWAN RUSTANDI;https://wilkerstat.bps.go.id/api/landmark/91076272/photo
91077312;HRHXTO;BATAS 03 RT 015 RW 003 DUSUN PANANJUNG (SELOKAN);0015;PANANJUNG RT. 0015 RW. 0003;3279030008;-7.3628303008746;108.5791163519;2.5820000171661;1;150;Batas Wilkerstat;15040;Batas SLS;2025-08-03 13:45:06;2025-08-03 13:45:08;WAWAN RUSTANDI;https://wilkerstat.bps.go.id/api/landmark/91077312/photo
91080664;HRICSM;BATAS 1 RT 015 RW 003 DUSUN PANANJUNG (RUMAH PA HENDRIK);0015;PANANJUNG RT. 0015 RW. 0003;3279030008;-7.364285369293;108.57795294374;1.8509999513626;1;150;Batas Wilkerstat;15040;Batas SLS;2025-08-03 13:49:32;2025-08-03 13:49:38;WAWAN RUSTANDI;https://wilkerstat.bps.go.id/api/landmark/91080664/photo
91108136;HRJRJC;BATAS 2 RT 015 RW 003 DUSUN PANANJUNG (PERKEBUNAN WARGA);0015;PANANJUNG RT. 0015 RW. 0003;3279030008;-7.3629344;108.5778639;5.3559999465942;1;150;Batas Wilkerstat;15040;Batas SLS;2025-08-03 14:25:17;2025-08-03 14:25:22;WAWAN RUSTANDI;https://wilkerstat.bps.go.id/api/landmark/91108136/photo
91112074;HRJXEO;BATAS 4 RT 015 RW 003 DUSUN PANANJUNG (JALAN GANG COR);0015;PANANJUNG RT. 0015 RW. 0003;3279030008;-7.3642233;108.5790717;3.2730000019073;1;150;Batas Wilkerstat;15040;Batas SLS;2025-08-03 14:30:17;2025-08-03 14:30:19;WAWAN RUSTANDI;https://wilkerstat.bps.go.id/api/landmark/91112074/photo
91114248;HRKAKE;BATAS 5 RT 015 RW 003 DUSUN PANANJUNG (BES SELOKAN);0015;PANANJUNG RT. 0015 RW. 0003;3279030008;-7.3651817;108.5790533;2.6819999217987;1;150;Batas Wilkerstat;15040;Batas SLS;2025-08-03 14:32:44;2025-08-03 14:32:45;WAWAN RUSTANDI;https://wilkerstat.bps.go.id/api/landmark/91114248/photo
90985688;HRCSFO;BATAS WILAYAH 1 RT 013 RW 002 (SELOKAN);0021;PANANJUNG RT. 0021 RW. 0005;3279030008;-7.3626856583006;108.58214825392;3;1;150;Batas Wilkerstat;15040;Batas SLS;2025-08-03 11:39:39;2025-08-03 11:39:41;WAWAN RUSTANDI;https://wilkerstat.bps.go.id/api/landmark/90985688/photo
89884214;HOSAVE;BATAS WILAYAH 1 RT 022 RW 006 DUSUN PANANJUNG RUMAH BAPAK DASUM;0022;PANANJUNG RT. 0022 RW. 0005;3279030008;-7.3639492;108.583534;3.3480000495911;1;150;Batas Wilkerstat;15040;Batas SLS;2025-07-30 11:41:02;2025-07-30 11:41:03;WAWAN RUSTANDI;https://wilkerstat.bps.go.id/api/landmark/89884214/photo
89884254;HOSAWS;BATAS WILAYAH 2 RT 022 RW 006 DUSUN PANANJUNG PERKEBUNAN KARET;0022;PANANJUNG RT. 0022 RW. 0005;3279030008;-7.3639299;108.5853661;3;1;150;Batas Wilkerstat;15040;Batas SLS;2025-07-30 11:48:06;2025-07-30 11:48:07;WAWAN RUSTANDI;https://wilkerstat.bps.go.id/api/landmark/89884254/photo
89884362;HOSBAW;BATAS WILAYAH 4 RT 022 RW 006 DUSUN PANANJUNG BAPAK SODIKIN;0022;PANANJUNG RT. 0022 RW. 0005;3279030008;-7.3619554619653;108.58389772475;3.7960000038147;1;150;Batas Wilkerstat;15040;Batas SLS;2025-07-30 12:04:41;2025-07-30 12:04:44;WAWAN RUSTANDI;https://wilkerstat.bps.go.id/api/landmark/89884362/photo
90019163;HOZSLN;BATAS WILAYAH 5 RT 022 RW 006 DUSUN PANANJUNG;0022;PANANJUNG RT. 0022 RW. 0005;3279030008;-7.3626458;108.5850191;4.2800002098083;1;150;Batas Wilkerstat;15040;Batas SLS;2025-08-01 13:58:08;2025-08-01 13:58:10;WAWAN RUSTANDI;https://wilkerstat.bps.go.id/api/landmark/90019163/photo
90022374;HOZXFA;BATAS WILAYAH RT 022 RW 006 DUSUN PANANJUNG;0022;PANANJUNG RT. 0022 RW. 0005;3279030008;-7.3540317;108.5883667;2.2090001106262;1;150;Batas Wilkerstat;15040;Batas SLS;2025-08-01 14:03:33;2025-08-01 14:03:38;WAWAN RUSTANDI;https://wilkerstat.bps.go.id/api/landmark/90022374/photo
90026157;HPACUN;BATAS WILAYAH RT 022 RW 006 DUSUN PANANJUNG;0022;PANANJUNG RT. 0022 RW. 0005;3279030008;-7.3521771659972;108.58793210238;1.9659999608994;1;150;Batas Wilkerstat;15040;Batas SLS;2025-08-01 14:09:40;2025-08-01 14:09:43;WAWAN RUSTANDI;https://wilkerstat.bps.go.id/api/landmark/90026157/photo
90032106;HPALPI;BATAS WILAYAH RT 022 RW 006 DUSU PANANJUNG;0022;PANANJUNG RT. 0022 RW. 0005;3279030008;-7.3507400139898;108.58303103596;1.6829999685287;1;150;Batas Wilkerstat;15040;Batas SLS;2025-08-01 14:18:56;2025-08-01 14:18:58;WAWAN RUSTANDI;https://wilkerstat.bps.go.id/api/landmark/90032106/photo
90032703;HPAMMH;BATAS WILAYAH RT 022 RW 006 DUSUN PANANJUNG;0022;PANANJUNG RT. 0022 RW. 0005;3279030008;-7.3503353361509;108.58377400786;2.7730000019073;1;150;Batas Wilkerstat;15040;Batas SLS;2025-08-01 14:19:59;2025-08-01 14:20:01;WAWAN RUSTANDI;https://wilkerstat.bps.go.id/api/landmark/90032703/photo
89883485;HORZTD;BATAS 1 RT 024 RW 006 DUSUN PANANJUNG (RUMAH BAPAK ANTON);0024;PANANJUNG TIMUR RT. 0024 RW.006;3279030008;-7.3639804570423;108.58310613781;2;1;150;Batas Wilkerstat;15040;Batas SLS;2025-07-30 10:12:45;2025-07-30 10:12:47;WAWAN RUSTANDI;https://wilkerstat.bps.go.id/api/landmark/89883485/photo
89883554;HORZVU;BATAS 3 RT 024 RW 006 DUSUN PANANJUNG (SELOKAN);0024;PANANJUNG TIMUR RT. 0024 RW.006;3279030008;-7.36585;108.5844788;3.2160000801086;1;150;Batas Wilkerstat;15040;Batas SLS;2025-07-30 10:21:12;2025-07-30 10:21:13;WAWAN RUSTANDI;https://wilkerstat.bps.go.id/api/landmark/89883554/photo
89883575;HORZWP;BATAS 4 RT 024 RW 006 DUSUN PANANJUNG (RUMAH BAPAK NENDI);0024;PANANJUNG TIMUR RT. 0024 RW.006;3279030008;-7.3645323;108.5843543;3.7599999904633;1;150;Batas Wilkerstat;15040;Batas SLS;2025-07-30 10:24:50;2025-07-30 10:24:52;WAWAN RUSTANDI;https://wilkerstat.bps.go.id/api/landmark/89883575/photo
89883591;HORZXF;BATAS  5 RT 024 RW 006 DUSUN PANANJUNG 7 (RUMAH BAPAK UJANG NARLAN);0024;PANANJUNG TIMUR RT. 0024 RW.006;3279030008;-7.363943215837;108.58385011554;3.4509999752045;1;150;Batas Wilkerstat;15040;Batas SLS;2025-07-30 10:28:18;2025-07-30 10:28:19;WAWAN RUSTANDI;https://wilkerstat.bps.go.id/api/landmark/89883591/photo
91119845;HRKIRL;BATAS 2 RT 024 RW 006 (SAWAH);0024;PANANJUNG TIMUR RT. 0024 RW.006;3279030008;-7.365857;108.5831081;3.0629999637604;1;150;Batas Wilkerstat;15040;Batas SLS;2025-08-03 14:39:12;2025-08-03 14:39:14;WAWAN RUSTANDI;https://wilkerstat.bps.go.id/api/landmark/91119845/photo
90009687;HOZELB;BATAS WILYAH 3 RT 026 RW 006 DUSUN PANANJUNG TIMUR;0026;PANANJUNG TIMUR RT. 0026 RW. 0006;3279030008;-7.365041830078;108.58813561499;3.2569999694824;1;150;Batas Wilkerstat;15040;Batas SLS;2025-08-01 13:40:57;2025-08-01 13:40:58;WAWAN RUSTANDI;https://wilkerstat.bps.go.id/api/landmark/90009687/photo
90012179;HOZICX;BATAS WILAYAH 4 RT 026 RW 006 DUSUN PANANJUNG TIMUR;0026;PANANJUNG TIMUR RT. 0026 RW. 0006;3279030008;-7.3642391503285;108.58843401074;3.5150001049042;1;150;Batas Wilkerstat;15040;Batas SLS;2025-08-01 13:45:41;2025-08-01 13:45:43;WAWAN RUSTANDI;https://wilkerstat.bps.go.id/api/landmark/90012179/photo
90015689;HOZNHX;BATAS WILAYAH 1 RT 026 RW 006 DUSUN PANANJUNG TIMUR;0026;PANANJUNG TIMUR RT. 0026 RW. 0006;3279030008;-7.3653912;108.5872881;3;1;150;Batas Wilkerstat;15040;Batas SLS;2025-08-01 13:52:08;2025-08-01 13:52:10;WAWAN RUSTANDI;https://wilkerstat.bps.go.id/api/landmark/90015689/photo
91126621;HRKSSB;RT 026 PERKEBUNAN KARET;0026;PANANJUNG TIMUR RT. 0026 RW. 0006;3279030008;-7.3637327;108.5873627;3;1;150;Batas Wilkerstat;15040;Batas SLS;2025-08-03 14:47:10;2025-08-03 14:47:12;WAWAN RUSTANDI;https://wilkerstat.bps.go.id/api/landmark/91126621/photo
90314032;HPQMQQ;BATAS 4 WILAYAH RT 001 RW 001 PANANJUNG BARAT (KEBON AWI);0001;DUSUN SINARTANJUNG BARAT RT 001 RW 001;3279030008;-7.3659407;108.5719047;3.6949999332428;1;150;Batas Wilkerstat;15040;Batas SLS;2025-08-02 10:25:22;2025-08-02 10:25:26;Wisnu tri suhartono;https://wilkerstat.bps.go.id/api/landmark/90314032/photo
90318846;HPQTTU;BATAS 3 WILAYAH RT 001 RW 001 PANANJUNG BARAT (KEBON PISANG);0001;DUSUN SINARTANJUNG BARAT RT 001 RW 001;3279030008;-7.3660115;108.5724088;3.319000005722;1;150;Batas Wilkerstat;15070;Batas Segmen;2025-08-02 10:29:37;2025-08-02 10:29:40;Wisnu tri suhartono;https://wilkerstat.bps.go.id/api/landmark/90318846/photo
90324029;HPRBLD;BATAS 2 WILAYAH RT 001 RW 001 PANANJUNG BARAT (TUGU);0001;DUSUN SINARTANJUNG BARAT RT 001 RW 001;3279030008;-7.3689749;108.5722352;11;1;150;Batas Wilkerstat;15070;Batas Segmen;2025-08-02 10:34:10;2025-08-02 10:34:12;Wisnu tri suhartono;https://wilkerstat.bps.go.id/api/landmark/90324029/photo
90956593;HRBBEN;BATAS 1 WILAYAH RT 001 RW 001 PANANJUNG BARAT (TUGU PERBATASAN);0001;DUSUN SINARTANJUNG BARAT RT 001 RW 001;3279030008;-7.3689522;108.571108;7.0419998168945;1;150;Batas Wilkerstat;15070;Batas Segmen;2025-08-02 10:17:48;2025-08-03 11:12:12;Wisnu tri suhartono;https://wilkerstat.bps.go.id/api/landmark/90956593/photo
90326879;HPRFQT;BATAS WILAYAH RT 002 RW 001 PANANJING BARAT;0002;RT 002 RW 001 DUSUN PANANJUNG BARAT;3279030008;-7.3689144;108.5722694;2.5;1;150;Batas Wilkerstat;15070;Batas Segmen;2025-08-02 10:36:34;2025-08-02 10:36:36;Wisnu tri suhartono;https://wilkerstat.bps.go.id/api/landmark/90326879/photo
90330102;HPRKKS;BATAS WILAYAH RT 002 RW 001 PANANJUNG BARAT;0002;RT 002 RW 001 DUSUN PANANJUNG BARAT;3279030008;-7.368958;108.5730938;4.3090000152588;1;150;Batas Wilkerstat;15070;Batas Segmen;2025-08-02 10:39:22;2025-08-02 10:39:25;Wisnu tri suhartono;https://wilkerstat.bps.go.id/api/landmark/90330102/photo
90337906;HPRVYW;BATAS 2 WILAYAH RT 002 RW 001 PANANJUNG BARAT;0002;RT 002 RW 001 DUSUN PANANJUNG BARAT;3279030008;-7.366887;108.5731617;6.375;1;150;Batas Wilkerstat;15070;Batas Segmen;2025-08-02 10:46:26;2025-08-02 10:46:28;Wisnu tri suhartono;https://wilkerstat.bps.go.id/api/landmark/90337906/photo
90339254;HPRXYS;BATAS 1 WILAYAH RT 002 RW 001 PANANJUNG BARAT;0002;RT 002 RW 001 DUSUN PANANJUNG BARAT;3279030008;-7.3667295;108.5723631;2.75;1;150;Batas Wilkerstat;15070;Batas Segmen;2025-08-02 10:47:48;2025-08-02 10:47:50;Wisnu tri suhartono;https://wilkerstat.bps.go.id/api/landmark/90339254/photo
90349589;HPSNGF;BATAS RT 003 RW 001 PANANJUNG BARAT;0003;RT 003 RW 001 DUSUN PANANJUNG BARAT;3279030008;-7.3670574;108.5743439;13;1;150;Batas Wilkerstat;15070;Batas Segmen;2025-08-02 10:57:21;2025-08-02 10:57:24;Wisnu tri suhartono;https://wilkerstat.bps.go.id/api/landmark/90349589/photo
90351442;HPSPZM;BATAS WILAYAH RT 003 RW 001 PANAJUNG BARAT;0003;RT 003 RW 001 DUSUN PANANJUNG BARAT;3279030008;-7.3658993;108.5750267;3.5;1;150;Batas Wilkerstat;15070;Batas Segmen;2025-08-02 10:58:55;2025-08-02 10:58:58;Wisnu tri suhartono;https://wilkerstat.bps.go.id/api/landmark/90351442/photo
90356121;HPSWXL;BATAS WILAYAH RT 003 RW 001;0003;RT 003 RW 001 DUSUN PANANJUNG BARAT;3279030008;-7.3689714;108.5731284;5;1;150;Batas Wilkerstat;15070;Batas Segmen;2025-08-02 11:03:09;2025-08-02 11:03:11;Wisnu tri suhartono;https://wilkerstat.bps.go.id/api/landmark/90356121/photo
90358266;HPTABY;BATAS WILAYAH RT 003 RW 001;0003;RT 003 RW 001 DUSUN PANANJUNG BARAT;3279030008;-7.3690105;108.573888;3;1;150;Batas Wilkerstat;15070;Batas Segmen;2025-08-02 11:04:56;2025-08-02 11:04:59;Wisnu tri suhartono;https://wilkerstat.bps.go.id/api/landmark/90358266/photo
90359446;HPTBVI;BATAS WILAYAH RT 004 RW 001;0004;RT 004 RW 001 DUSUN PANANJUNG BARAT;3279030008;-7.3690193;108.5738064;3;1;150;Batas Wilkerstat;15070;Batas Segmen;2025-08-02 11:05:59;2025-08-02 11:06:01;Wisnu tri suhartono;https://wilkerstat.bps.go.id/api/landmark/90359446/photo
90361483;HPTEVR;BATAS WILAYAH RT 004 RW 001 PANANJUNG BARAT;0004;RT 004 RW 001 DUSUN PANANJUNG BARAT;3279030008;-7.3678561;108.5739599;5.9479999542236;1;150;Batas Wilkerstat;15070;Batas Segmen;2025-08-02 11:07:57;2025-08-02 11:08:00;Wisnu tri suhartono;https://wilkerstat.bps.go.id/api/landmark/90361483/photo
90362615;HPTGNF;BATAS WILAYAH RT 004 RW 001 PANANJUNG BARAT;0004;RT 004 RW 001 DUSUN PANANJUNG BARAT;3279030008;-7.3676941;108.5751019;3.25;1;150;Batas Wilkerstat;15070;Batas Segmen;2025-08-02 11:08:58;2025-08-02 11:09:00;Wisnu tri suhartono;https://wilkerstat.bps.go.id/api/landmark/90362615/photo
90366180;HPTLUI;BATAS WILAYAH RT 004 RW 001 PANAJUNG BARAT;0004;RT 004 RW 001 DUSUN PANANJUNG BARAT;3279030008;-7.3659203;108.5750828;5.2270002365112;1;150;Batas Wilkerstat;15070;Batas Segmen;2025-08-02 11:12:08;2025-08-02 11:12:11;Wisnu tri suhartono;https://wilkerstat.bps.go.id/api/landmark/90366180/photo
90428398;HPWZVI;BATAS WILAYAH RT 004 RW 001 PANANJUNG BARAT;0004;RT 004 RW 001 DUSUN PANANJUNG BARAT;3279030008;-7.3690071;108.5751957;10.583000183105;1;150;Batas Wilkerstat;15070;Batas Segmen;2025-08-02 12:18:49;2025-08-02 12:18:53;Wisnu tri suhartono;https://wilkerstat.bps.go.id/api/landmark/90428398/photo
90363488;HPTHUU;BATAS WILAYAH RT 005 RW 001 PANANJUNG BARAT;0005;RT 005 RW 001 DUSUN PANANJUNG BARAT;3279030008;-7.3676852;108.5750811;3;1;150;Batas Wilkerstat;15070;Batas Segmen;2025-08-02 11:09:50;2025-08-02 11:09:52;Wisnu tri suhartono;https://wilkerstat.bps.go.id/api/landmark/90363488/photo
90367239;HPTNJB;BATAS WILAYAH RT 005 RW 001 PANANJUNG BARAT;0005;RT 005 RW 001 DUSUN PANANJUNG BARAT;3279030008;-7.3659385;108.5750477;7.353000164032;1;150;Batas Wilkerstat;15070;Batas Segmen;2025-08-02 11:13:10;2025-08-02 11:13:13;Wisnu tri suhartono;https://wilkerstat.bps.go.id/api/landmark/90367239/photo
90431508;HPXEKY;BATAS WILAUAH RT 005 RW 001 PANANJUNG BARAT;0005;RT 005 RW 001 DUSUN PANANJUNG BARAT;3279030008;-7.3690578;108.5785107;3.1700000762939;1;150;Batas Wilkerstat;15070;Batas Segmen;2025-08-02 12:23:15;2025-08-02 12:23:16;Wisnu tri suhartono;https://wilkerstat.bps.go.id/api/landmark/90431508/photo
90437970;HPXNZM;BATAS WILAYAH RT 005 RW 001 DUSUN PANANJUNG BARAT;0005;RT 005 RW 001 DUSUN PANANJUNG BARAT;3279030008;-7.365872;108.5773849;4.4340000152588;1;150;Batas Wilkerstat;15070;Batas Segmen;2025-08-02 12:32:24;2025-08-02 12:32:25;Wisnu tri suhartono;https://wilkerstat.bps.go.id/api/landmark/90437970/photo
90806421;HQSNAR;BATAS RT 007 RW 002 PANANJUNG BARAT;0007;RT 007 RW 002 DUSUN PANANJUNG BARAT;3279030008;-7.3679338;108.581174;10.807000160217;1;150;Batas Wilkerstat;15070;Batas Segmen;2025-08-03 08:40:14;2025-08-03 08:40:17;Wisnu tri suhartono;https://wilkerstat.bps.go.id/api/landmark/90806421/photo
90878437;HQWPON;BATAS WILAYAH RT 009 RW 002 PANANJUNG BARAT;0009;RT 009 RW 002 DUSUN PANANJUNG BARAT;3279030008;-7.3671121;108.5794626;3.7709999084473;1;150;Batas Wilkerstat;15070;Batas Segmen;2025-08-03 10:01:46;2025-08-03 10:01:51;Wisnu tri suhartono;https://wilkerstat.bps.go.id/api/landmark/90878437/photo
90882106;HQWUZQ;BATAS 1 RT 009 RW 002 PANAJUNG BARAT (KEBON WARGA);0009;RT 009 RW 002 DUSUN PANANJUNG BARAT;3279030008;-7.3672913;108.579513;3.4560000896454;1;150;Batas Wilkerstat;15040;Batas SLS;2025-08-03 10:04:50;2025-08-03 10:04:54;Wisnu tri suhartono;https://wilkerstat.bps.go.id/api/landmark/90882106/photo
90893116;HQXLHC;BATAS 1 RT 010 RW 002 PANANJUNG BARAT (POS RONDA);0010;RT 010 RW 002 DUSUN PANANJUNG BARAT;3279030008;-7.3660468;108.580214;16.388999938965;1;150;Batas Wilkerstat;15070;Batas Segmen;2025-08-03 10:14:42;2025-08-03 10:14:45;Wisnu tri suhartono;https://wilkerstat.bps.go.id/api/landmark/90893116/photo
90913680;HQYPSA;BATAS 2 WILAYAH RT 010 RW 002 PANANJUNG BQRAT (RUMAH PAK KARMAN);0010;RT 010 RW 002 DUSUN PANANJUNG BARAT;3279030008;-7.3650597;108.5789193;9.625;1;150;Batas Wilkerstat;15070;Batas Segmen;2025-08-03 10:33:09;2025-08-03 10:33:14;Wisnu tri suhartono;https://wilkerstat.bps.go.id/api/landmark/90913680/photo
90919796;HQYYTG;BATAS WILAYAH RT 010 RW 002 PANANJUNG BARQT (PERUM);0010;RT 010 RW 002 DUSUN PANANJUNG BARAT;3279030008;-7.365021;108.5773976;3.5;1;150;Batas Wilkerstat;15070;Batas Segmen;2025-08-03 10:38:47;2025-08-03 10:39:07;Wisnu tri suhartono;https://wilkerstat.bps.go.id/api/landmark/90919796/photo
90920166;HQYZHM;BATAS WILAYAH RT 010 RW 002 PANANJUNG BARQT (PERUM);0010;RT 010 RW 002 DUSUN PANANJUNG BARAT;3279030008;-7.365021;108.5773976;3.5;1;150;Batas Wilkerstat;15070;Batas Segmen;2025-08-03 10:39:19;2025-08-03 10:39:26;Wisnu tri suhartono;https://wilkerstat.bps.go.id/api/landmark/90920166/photo
90921847;HQZBUD;BATAS 4 WILAYAH RT 010 RW 002 PANANJUNG BARAT ( RUMAH BAPAK KUSMIYADI;0010;RT 010 RW 002 DUSUN PANANJUNG BARAT;3279030008;-7.3641369;108.580165;3;1;150;Batas Wilkerstat;15070;Batas Segmen;2025-08-03 10:40:54;2025-08-03 10:40:57;Wisnu tri suhartono;https://wilkerstat.bps.go.id/api/landmark/90921847/photo
90924806;HQZGDY;BATAS 3 RT 010 RW 002 PANANJUNG BARAT (GANG KUNCEN);0010;RT 010 RW 002 DUSUN PANANJUNG BARAT;3279030008;-7.3660374;108.581228;3;1;150;Batas Wilkerstat;15070;Batas Segmen;2025-08-03 10:43:28;2025-08-03 10:43:30;Wisnu tri suhartono;https://wilkerstat.bps.go.id/api/landmark/90924806/photo
90995726;HRDHBQ;BATAS 2 RT 011 RW 002 PANANJUNG BARAT ( TOBONG BATA);0011;RT 011 RW 002 DUSUN PANANJUNG BARAT;3279030008;-7.3643544;108.5764369;3.25;1;150;Batas Wilkerstat;15070;Batas Segmen;2025-08-03 11:50:02;2025-08-03 11:50:26;Wisnu tri suhartono;https://wilkerstat.bps.go.id/api/landmark/90995726/photo
90997137;HRDJDX;BATAS 2 RT 011 RW 002 PANANJUNG BARAT ( TOBONG BATA);0011;RT 011 RW 002 DUSUN PANANJUNG BARAT;3279030008;-7.3643544;108.5764369;3.25;1;150;Batas Wilkerstat;15070;Batas Segmen;2025-08-03 11:51:33;2025-08-03 11:51:53;Wisnu tri suhartono;https://wilkerstat.bps.go.id/api/landmark/90997137/photo
90997591;HRDJVJ;BATAS 2 RT 011 RW 002 PANANJUNG BARAT ( TOBONG BATA);0011;RT 011 RW 002 DUSUN PANANJUNG BARAT;3279030008;-7.3643544;108.5764369;3.25;1;150;Batas Wilkerstat;15070;Batas Segmen;2025-08-03 11:51:52;2025-08-03 11:52:19;Wisnu tri suhartono;https://wilkerstat.bps.go.id/api/landmark/90997591/photo
90997979;HRDKKH;BATAS 2 RT 011 RW 002 PANANJUNG BARAT ( TOBONG BATA);0011;RT 011 RW 002 DUSUN PANANJUNG BARAT;3279030008;-7.3643544;108.5764369;3.25;1;150;Batas Wilkerstat;15070;Batas Segmen;2025-08-03 11:52:28;2025-08-03 11:52:43;Wisnu tri suhartono;https://wilkerstat.bps.go.id/api/landmark/90997979/photo
90998312;HRDKXC;BATAS 2 RT 011 RW 002 PANANJUNG BARAT ( TOBONG BATA);0011;RT 011 RW 002 DUSUN PANANJUNG BARAT;3279030008;-7.3643544;108.5764369;3.25;1;150;Batas Wilkerstat;15070;Batas Segmen;2025-08-03 11:52:52;2025-08-03 11:53:04;Wisnu tri suhartono;https://wilkerstat.bps.go.id/api/landmark/90998312/photo
90998902;HRDLTU;BATAS 2 RT 011 RW 002 PANANJUNG BARAT ( TOBONG BATA);0011;RT 011 RW 002 DUSUN PANANJUNG BARAT;3279030008;-7.3643544;108.5764369;3.25;1;150;Batas Wilkerstat;15070;Batas Segmen;2025-08-03 11:53:07;2025-08-03 11:53:43;Wisnu tri suhartono;https://wilkerstat.bps.go.id/api/landmark/90998902/photo
90998942;HRDLVI;BATAS 2 RT 011 RW 002 PANANJUNG BARAT ( TOBONG BATA);0011;RT 011 RW 002 DUSUN PANANJUNG BARAT;3279030008;-7.3643544;108.5764369;3.25;1;150;Batas Wilkerstat;15070;Batas Segmen;2025-08-03 11:53:28;2025-08-03 11:53:45;Wisnu tri suhartono;https://wilkerstat.bps.go.id/api/landmark/90998942/photo
90999064;HRDMAA;BATAS 2 RT 011 RW 002 PANANJUNG BARAT ( TOBONG BATA);0011;RT 011 RW 002 DUSUN PANANJUNG BARAT;3279030008;-7.3643544;108.5764369;3.25;1;150;Batas Wilkerstat;15070;Batas Segmen;2025-08-03 11:53:50;2025-08-03 11:53:55;Wisnu tri suhartono;https://wilkerstat.bps.go.id/api/landmark/90999064/photo
91102285;HRJISB;BATAS 3 RT 011 RW 002;0011;RT 011 RW 002 DUSUN PANANJUNG BARAT;3279030008;-7.3650248;108.5771873;5.8159999847412;1;150;Batas Wilkerstat;15070;Batas Segmen;2025-08-03 14:17:41;2025-08-03 14:17:45;Wisnu tri suhartono;https://wilkerstat.bps.go.id/api/landmark/91102285/photo
91105133;HRJMXP;BATAS 4;0011;RT 011 RW 002 DUSUN PANANJUNG BARAT;3279030008;-7.3656687;108.5753536;3;1;150;Batas Wilkerstat;15070;Batas Segmen;2025-08-03 14:21:27;2025-08-03 14:21:30;Wisnu tri suhartono;https://wilkerstat.bps.go.id/api/landmark/91105133/photo
91018758;HREPDM;BATAS 1 RT 012 RW 003 PANANJUNG ( TOBONG BATA);0012;RT 012 RW 003 DUSUNU PANANJUNG;3279030008;-7.3627948;108.5767043;5.3330001831055;1;150;Batas Wilkerstat;15070;Batas Segmen;2025-08-03 12:19:17;2025-08-03 12:19:21;Wisnu tri suhartono;https://wilkerstat.bps.go.id/api/landmark/91018758/photo
91024430;HREXNQ;BATAS RT 012 RW 003 PANANJUNG (TOBONG BATA;0012;RT 012 RW 003 DUSUNU PANANJUNG;3279030008;-7.3643836;108.5766424;13.652000427246;1;150;Batas Wilkerstat;15070;Batas Segmen;2025-08-03 12:27:21;2025-08-03 12:27:39;Wisnu tri suhartono;https://wilkerstat.bps.go.id/api/landmark/91024430/photo
91024856;HREYEA;BATAS RT 012 RW 003 PANANJUNG (TOBONG BATA;0012;RT 012 RW 003 DUSUNU PANANJUNG;3279030008;-7.3643836;108.5766424;13.652000427246;1;150;Batas Wilkerstat;15070;Batas Segmen;2025-08-03 12:27:47;2025-08-03 12:28:16;Wisnu tri suhartono;https://wilkerstat.bps.go.id/api/landmark/91024856/photo
91025182;HREYQO;BATAS RT 012 RW 003 PANANJUNG (TOBONG BATA;0012;RT 012 RW 003 DUSUNU PANANJUNG;3279030008;-7.3643836;108.5766424;13.652000427246;1;150;Batas Wilkerstat;15070;Batas Segmen;2025-08-03 12:28:31;2025-08-03 12:28:40;Wisnu tri suhartono;https://wilkerstat.bps.go.id/api/landmark/91025182/photo
91027966;HRFCTQ;BATAS 3 RT 012 RW 003 PANAJUNG (MAKAM KOKOPLAK);0012;RT 012 RW 003 DUSUNU PANANJUNG;3279030008;-7.3637673;108.5720937;3.4990000724792;1;150;Batas Wilkerstat;15070;Batas Segmen;2025-08-03 12:32:16;2025-08-03 12:32:21;Wisnu tri suhartono;https://wilkerstat.bps.go.id/api/landmark/91027966/photo
91054411;HRGPWT;BATAS 4 RT 012 RW 003 PANANJUNG (KEBON GANDUL);0012;RT 012 RW 003 DUSUNU PANANJUNG;3279030008;-7.3622367;108.575873;9;1;150;Batas Wilkerstat;15070;Batas Segmen;2025-08-03 13:12:45;2025-08-03 13:12:49;Wisnu tri suhartono;https://wilkerstat.bps.go.id/api/landmark/91054411/photo
90731172;HQOFSM;BATAS 3 RT 027 RW 006 (SALURAN PEMBAWA T1);0027;RT 027 RW 006 DUSUN PANANJUNG TIMUR;3279030008;-7.365054;108.5881278;1.6000000238419;1;150;Batas Wilkerstat;15040;Batas SLS;2025-08-02 17:36:38;2025-08-02 18:02:43;Dita siti jatnika;https://wilkerstat.bps.go.id/api/landmark/90731172/photo
91330470;HRWIGK;BATAS 1 RT 027 RW 006 (SALURAN BPK WARKIM);0027;RT 027 RW 006 DUSUN PANANJUNG TIMUR;3279030008;-7.3677544379611;108.58625471592;1.75;1;150;Batas Wilkerstat;15040;Batas SLS;2025-08-03 13:14:47;2025-08-04 05:51:17;Dita siti jatnika;https://wilkerstat.bps.go.id/api/landmark/91330470/photo
91330498;HRWIHM;BATAS 2 RT 027 RW 006 (SALURAN PEMBAWA T1);0027;RT 027 RW 006 DUSUN PANANJUNG TIMUR;3279030008;-7.367842;108.5880663;1.5;1;150;Batas Wilkerstat;15040;Batas SLS;2025-08-03 13:50:46;2025-08-04 05:52:03;Dita siti jatnika;https://wilkerstat.bps.go.id/api/landmark/91330498/photo
91330550;HRWIJM;BATAS 4 RT 027 RW 006 (KIP GANG PEMAKAMAN PASIRSELA);0027;RT 027 RW 006 DUSUN PANANJUNG TIMUR;3279030008;-7.3657294601243;108.58611490577;2.3659999370575;1;150;Batas Wilkerstat;15040;Batas SLS;2025-08-03 12:28:14;2025-08-04 05:53:03;Dita siti jatnika;https://wilkerstat.bps.go.id/api/landmark/91330550/photo
91330706;HRWIPM;BATAS 1 RT 028 RW 006 (KIP GANG BU NURHAYATI);0028;RT 028 RW 006 DUSUN PANANJUNG TIMUR;3279030008;-7.3665564103192;108.58449049294;1.8329999446869;1;150;Batas Wilkerstat;15040;Batas SLS;2025-08-03 12:38:09;2025-08-04 05:56:52;Dita siti jatnika;https://wilkerstat.bps.go.id/api/landmark/91330706/photo
91330752;HRWIRG;BATAS 2 RT 028 RW 006 (SAWAH BPK TARMO);0028;RT 028 RW 006 DUSUN PANANJUNG TIMUR;3279030008;-7.3668257423777;108.58606629074;1.7000000476837;1;150;Batas Wilkerstat;15040;Batas SLS;2025-08-03 13:18:10;2025-08-04 05:57:46;Dita siti jatnika;https://wilkerstat.bps.go.id/api/landmark/91330752/photo
91330782;HRWISK;BATAS 3 RT 028 RW 006 (KIP GANG PEMAKAMAN PASIRSELA);0028;RT 028 RW 006 DUSUN PANANJUNG TIMUR;3279030008;-7.3657480806523;108.58610786498;2.1500000953674;1;150;Batas Wilkerstat;15040;Batas SLS;2025-08-03 12:29:09;2025-08-04 05:58:33;Dita siti jatnika;https://wilkerstat.bps.go.id/api/landmark/91330782/photo
91330832;HRWIUI;BATAS 4 RT 028 RW 006 (JALAN PANANJUNG 2);0028;RT 028 RW 006 DUSUN PANANJUNG TIMUR;3279030008;-7.3659106777296;108.58452033252;2.125;1;150;Batas Wilkerstat;15040;Batas SLS;2025-08-03 12:36:35;2025-08-04 05:59:22;Dita siti jatnika;https://wilkerstat.bps.go.id/api/landmark/91330832/photo
91331021;HRWJBP;BATAS 1 RT 030 RW 007 (JALAN PANANJUNG 2);0030;RT 030 RW 007 DUSUN PANANJUNG TIMUR;3279030008;-7.3676031468333;108.58443718404;2.2000000476837;1;150;Batas Wilkerstat;15040;Batas SLS;2025-08-03 12:59:29;2025-08-04 06:02:33;Dita siti jatnika;https://wilkerstat.bps.go.id/api/landmark/91331021/photo
91331095;HRWJEL;BATAS 2 RT 030 RW 007 (SALURAN PEMBAWA);0030;RT 030 RW 007 DUSUN PANANJUNG TIMUR;3279030008;-7.3681531147734;108.58620408922;1.75;1;150;Batas Wilkerstat;15040;Batas SLS;2025-08-03 13:13:36;2025-08-04 06:03:36;Dita siti jatnika;https://wilkerstat.bps.go.id/api/landmark/91331095/photo
91331132;HRWJFW;BATAS 3 RT 030 RW 007 (SAWAH BPK TARMO);0030;RT 030 RW 007 DUSUN PANANJUNG TIMUR;3279030008;-7.3668184271882;108.58606662601;1.6499999761581;1;150;Batas Wilkerstat;15040;Batas SLS;2025-08-03 13:17:35;2025-08-04 06:04:20;Dita siti jatnika;https://wilkerstat.bps.go.id/api/landmark/91331132/photo
91331174;HRWJHM;BATAS 4 RT 030 RW 007 (JALAN PANANJUNG 2);0030;RT 030 RW 007 DUSUN PANANJUNG TIMUR;3279030008;-7.3666458551815;108.58450021595;2.0329999923706;1;150;Batas Wilkerstat;15040;Batas SLS;2025-08-03 12:38:49;2025-08-04 06:05:02;Dita siti jatnika;https://wilkerstat.bps.go.id/api/landmark/91331174/photo
91331312;HRWJMU;BATAS 1 RT 032 RW 007 (SALURAN IRIGASI);0032;RT 032 RW 007 DUSUN PANANJUNG TIMUR;3279030008;-7.3692437384152;108.58634591103;1.75;1;150;Batas Wilkerstat;15040;Batas SLS;2025-08-03 13:08:22;2025-08-04 06:07:24;Dita siti jatnika;https://wilkerstat.bps.go.id/api/landmark/91331312/photo
91331338;HRWJNU;BATAS 2 RT 032 RW 007 (SALURAN IRIGASI);0032;RT 032 RW 007 DUSUN PANANJUNG TIMUR;3279030008;-7.3692651;108.5880345;1.6000000238419;1;150;Batas Wilkerstat;15040;Batas SLS;2025-08-03 13:53:47;2025-08-04 06:07:53;Dita siti jatnika;https://wilkerstat.bps.go.id/api/landmark/91331338/photo
91331387;HRWJPR;BATAS 3 RT 032 RW 007 (SALURAN PEMBAWA T1);0032;RT 032 RW 007 DUSUN PANANJUNG TIMUR;3279030008;-7.3677850286883;108.58806990087;2;1;150;Batas Wilkerstat;15040;Batas SLS;2025-08-03 13:49:33;2025-08-04 06:08:34;Dita siti jatnika;https://wilkerstat.bps.go.id/api/landmark/91331387/photo
91331424;HRWJRC;BATAS 4 RT 032 RW 007 (SALURAN BPK WARKIM);0032;RT 032 RW 007 DUSUN PANANJUNG TIMUR;3279030008;-7.367750780374;108.58625337481;4.8839998245239;1;150;Batas Wilkerstat;15040;Batas SLS;2025-08-03 14:09:48;2025-08-04 06:09:10;Dita siti jatnika;https://wilkerstat.bps.go.id/api/landmark/91331424/photo
90729326;HQOCZM;BATAS 2 RT 033 RW 008 (SALURAN IRIGASI);0033;RT 033 RW 008 DUSUN SINARGALIH;3279030008;-7.3691935298857;108.5908094421;1.6499999761581;1;150;Batas Wilkerstat;15040;Batas SLS;2025-08-02 11:15:17;2025-08-02 17:57:44;Dita siti jatnika;https://wilkerstat.bps.go.id/api/landmark/90729326/photo
90729336;HQOCZW;BATAS 4 RT 033 RW 008 (SALURAN PEMBAWA T1);0033;RT 033 RW 008 DUSUN SINARGALIH;3279030008;-7.3660097654899;108.58813796192;1.6499999761581;1;150;Batas Wilkerstat;15040;Batas SLS;2025-08-02 17:38:35;2025-08-02 17:57:46;Dita siti jatnika;https://wilkerstat.bps.go.id/api/landmark/90729336/photo
90729399;HQODCH;BATAS 3 RT 033 RW 008 (JALAN LORRI);0033;RT 033 RW 008 DUSUN SINARGALIH;3279030008;-7.3660862426051;108.59071791172;1.8999999761581;1;150;Batas Wilkerstat;15040;Batas SLS;2025-08-02 11:06:40;2025-08-02 17:57:56;Dita siti jatnika;https://wilkerstat.bps.go.id/api/landmark/90729399/photo
91331531;HRWJVF;BATAS 1 RT 033 RW 008 (SALURAN IRIGASI);0033;RT 033 RW 008 DUSUN SINARGALIH;3279030008;-7.3692574;108.5880399;1.3500000238419;1;150;Batas Wilkerstat;15040;Batas SLS;2025-08-03 13:54:25;2025-08-04 06:10:55;Dita siti jatnika;https://wilkerstat.bps.go.id/api/landmark/91331531/photo
90384162;HPUMJY;BATAS 2 RT 034 RW 008 (SALURAN PEMBAWA T3);0034;RT 034 RW 008 DUSUN SINARGALIH;3279030008;-7.3660908977334;108.5907195881;1.8999999761581;1;150;Batas Wilkerstat;15040;Batas SLS;2025-08-02 11:02:37;2025-08-02 11:29:19;Dita siti jatnika;https://wilkerstat.bps.go.id/api/landmark/90384162/photo
90729150;HQOCSS;BATAS 3 RT 034 RW 008 (SALURAN PEMBAWA RANCATEKO);0034;RT 034 RW 008 DUSUN SINARGALIH;3279030008;-7.363343033481;108.59195139259;1.7000000476837;1;150;Batas Wilkerstat;15040;Batas SLS;2025-08-02 17:26:17;2025-08-02 17:57:19;Dita siti jatnika;https://wilkerstat.bps.go.id/api/landmark/90729150/photo
91331698;HRWKBQ;BATAS 1 RT 034 RW 008 (SALURAN PEMBAWA T1);0034;RT 034 RW 008 DUSUN SINARGALIH;3279030008;-7.3660097654899;108.5881382972;1.5499999523163;1;150;Batas Wilkerstat;15040;Batas SLS;2025-08-03 12:21:40;2025-08-04 06:13:09;Dita siti jatnika;https://wilkerstat.bps.go.id/api/landmark/91331698/photo
91331769;HRWKEJ;BATAS 4 RT 034 RW 008 (PERKEBUNAN KARET);0034;RT 034 RW 008 DUSUN SINARGALIH;3279030008;-7.3636097074037;108.58843769878;2.1659998893738;1;150;Batas Wilkerstat;15040;Batas SLS;2025-08-03 12:15:15;2025-08-04 06:14:05;Dita siti jatnika;https://wilkerstat.bps.go.id/api/landmark/91331769/photo
90728990;HQOCMO;BATAS 2 RT 035 RW 008 (SAWAH BPK SATIMAN);0035;RT 035 RW 008 DUSUN SINARGALIH;3279030008;-7.3633463585932;108.59216596931;1.6000000238419;1;150;Batas Wilkerstat;15040;Batas SLS;2025-08-02 17:22:31;2025-08-02 17:56:56;Dita siti jatnika;https://wilkerstat.bps.go.id/api/landmark/90728990/photo
91331896;HRWKJG;BATAS 1 RT 035 RW 008 (KEBUN BPK MIMING);0035;RT 035 RW 008 DUSUN SINARGALIH;3279030008;-7.3636233403556;108.58967721462;1.8999999761581;1;150;Batas Wilkerstat;15040;Batas SLS;2025-08-03 14:17:55;2025-08-04 06:16:05;Dita siti jatnika;https://wilkerstat.bps.go.id/api/landmark/91331896/photo
90728705;HQOCBP;BATAS 2 RT 036 RW 008 (SALURAN PEMBAWA T4);0036;RT 036 RW 008 DUSUN SINARGALIH;3279030008;-7.3652526413371;108.5934946686;2.0999999046326;1;150;Batas Wilkerstat;15040;Batas SLS;2025-08-02 17:51:13;2025-08-02 17:56:09;Dita siti jatnika;https://wilkerstat.bps.go.id/api/landmark/90728705/photo
91332054;HRWKPI;BATAS 1 RT 036 RW 008 (SALURAN PEMBUANG RANCATEKO);0036;RT 036 RW 008 DUSUN SINARGALIH;3279030008;-7.3651863;108.5919977;1.7999999523163;1;150;Batas Wilkerstat;15040;Batas SLS;2025-08-03 11:15:22;2025-08-04 06:17:40;Dita siti jatnika;https://wilkerstat.bps.go.id/api/landmark/91332054/photo
90384995;HPUNPZ;BATAS 1 RT 037 RW 008 (SALURAN PEMBAWA T3);0037;RT 037 RW 008 DUSUN SINARGALIH;3279030008;-7.3660889026784;108.59072227031;1.5;1;150;Batas Wilkerstat;15040;Batas SLS;2025-08-02 10:59:56;2025-08-02 11:30:04;Dita siti jatnika;https://wilkerstat.bps.go.id/api/landmark/90384995/photo
90671215;HQKVAL;BATAS 5 RT 037 RW 008 (SALURAN PEMBAWA T4);0037;RT 037 RW 008 DUSUN SINARGALIH;3279030008;-7.365155215957;108.59068974853;1.5499999523163;1;150;Batas Wilkerstat;15040;Batas SLS;2025-08-02 10:57:02;2025-08-02 16:51:52;Dita siti jatnika;https://wilkerstat.bps.go.id/api/landmark/90671215/photo
91343378;HRXBIW;BATAS 2 RT 037 RW 008 (PERKEBUNAN KARET);0037;RT 037 RW 008 DUSUN SINARGALIH;3279030008;-7.365620397016;108.59777513891;1.8329999446869;1;150;Batas Wilkerstat;15040;Batas SLS;2025-08-04 07:18:23;2025-08-04 07:37:39;Dita siti jatnika;https://wilkerstat.bps.go.id/api/landmark/91343378/photo
90669998;HQKTFQ;BATAS 4 RT 038 RW 008 (JALAN LORI);0038;RT 038 RW 008 DUSUN SINARGALIH;3279030008;-7.3660885701693;108.59071154147;1.7000000476837;1;150;Batas Wilkerstat;15040;Batas SLS;2025-08-02 11:09:01;2025-08-02 16:50:41;Dita siti jatnika;https://wilkerstat.bps.go.id/api/landmark/90669998/photo
90670208;HQKTNS;BATAS 1 RT 038 RW 008 (SALURAN IRIGASI);0038;RT 038 RW 008 DUSUN SINARGALIH;3279030008;-7.3691965224473;108.59081815928;1.7000000476837;1;150;Batas Wilkerstat;15040;Batas SLS;2025-08-02 11:14:21;2025-08-02 16:50:51;Dita siti jatnika;https://wilkerstat.bps.go.id/api/landmark/90670208/photo
91342507;HRXABJ;BATAS 2 RT 038 RW 008 (JALAN MANDALARE);0038;RT 038 RW 008 DUSUN SINARGALIH;3279030008;-7.36945;108.5979765;2.5999999046326;1;150;Batas Wilkerstat;15040;Batas SLS;2025-08-04 07:10:52;2025-08-04 07:34:15;Dita siti jatnika;https://wilkerstat.bps.go.id/api/landmark/91342507/photo
91343095;HRXAXZ;BATAS 3 RT 038 RW 008 (PERKEBUNAN KARET);0038;RT 038 RW 008 DUSUN SINARGALIH;3279030008;-7.3656247196397;108.59776876867;1.7000000476837;1;150;Batas Wilkerstat;15040;Batas SLS;2025-08-04 07:19:08;2025-08-04 07:36:31;Dita siti jatnika;https://wilkerstat.bps.go.id/api/landmark/91343095/photo
90480779;HPZZHZ;BATAS 3 RT 001 RW 002 RUMAH BAPAK ASEP;0006;DUSUN CITANGKOLO RT 001 RW 002;3279040001;-7.3874633;108.6038517;2.2000000476837;1;150;Batas Wilkerstat;15040;Batas SLS;2025-08-02 13:35:03;2025-08-02 13:35:05;Agus Setiawan;https://wilkerstat.bps.go.id/api/landmark/90480779/photo
90487514;HQAJHA;BATAS 4 RT 001 RW 002 RUMAH IBU TURIAH;0006;DUSUN CITANGKOLO RT 001 RW 002;3279040001;-7.3876236676265;108.60501945019;1.6399999856949;1;150;Batas Wilkerstat;15040;Batas SLS;2025-08-02 13:44:12;2025-08-02 13:44:15;Agus Setiawan;https://wilkerstat.bps.go.id/api/landmark/90487514/photo
90492843;HQARDZ;BATAS 2 RT 001 RW 002 RUMAH IBU SAWIYAH;0006;DUSUN CITANGKOLO RT 001 RW 002;3279040001;-7.3899062260821;108.60655903816;1.5;1;150;Batas Wilkerstat;15040;Batas SLS;2025-08-02 13:50:43;2025-08-02 13:50:47;Agus Setiawan;https://wilkerstat.bps.go.id/api/landmark/90492843/photo
90495940;HQAVTC;BATAS 1 RT 001 RW 002 RUMAH BAPAK MAHFUD;0006;DUSUN CITANGKOLO RT 001 RW 002;3279040001;-7.3894713272886;108.6053282395;1.5829999446869;1;150;Batas Wilkerstat;15040;Batas SLS;2025-08-02 13:54:36;2025-08-02 13:54:39;Agus Setiawan;https://wilkerstat.bps.go.id/api/landmark/90495940/photo
91117272;HRKEWM;BATAS 1 RT 004 RW 002 RUMAH BAPAK HADIK;0009;DUSUN CITANGKOLO RT 004 RW 002;3279040001;-7.3910526544888;108.6088462919;2;1;150;Batas Wilkerstat;15040;Batas SLS;2025-08-03 14:36:18;2025-08-03 14:36:21;Agus Setiawan;https://wilkerstat.bps.go.id/api/landmark/91117272/photo
91119917;HRKIUF;BATAS 2 RT 004 RW 002 RUMAH BAPAK DEDI SETIADI;0009;DUSUN CITANGKOLO RT 004 RW 002;3279040001;-7.3900728041763;108.61097194254;3;1;150;Batas Wilkerstat;15040;Batas SLS;2025-08-03 14:39:16;2025-08-03 14:39:18;Agus Setiawan;https://wilkerstat.bps.go.id/api/landmark/91119917/photo
91123103;HRKNMT;BATAS 4 RT 004 RW 002 RUMAH IBU JITENG;0009;DUSUN CITANGKOLO RT 004 RW 002;3279040001;-7.3886523997288;108.61160192639;3;1;150;Batas Wilkerstat;15040;Batas SLS;2025-08-03 14:43:03;2025-08-03 14:43:05;Agus Setiawan;https://wilkerstat.bps.go.id/api/landmark/91123103/photo
91129401;HRKWUZ;BATAS 3 RT 004 RW 002 RUMAH BAPAK YATNO;0009;DUSUN CITANGKOLO RT 004 RW 002;3279040001;-7.3892688398603;108.60953696072;4.8280000686646;1;150;Batas Wilkerstat;15040;Batas SLS;2025-08-03 14:50:27;2025-08-03 14:50:29;Agus Setiawan;https://wilkerstat.bps.go.id/api/landmark/91129401/photo
90121161;HPFNIN;BATAS 1 RT 001 RW 003 RUMAH BAPAK TUGINO;0011;DUSUN CIJUREY RT 001 RW 003;3279040001;-7.392830144621;108.60757123679;3;1;150;Batas Wilkerstat;15040;Batas SLS;2025-08-01 16:33:28;2025-08-01 16:33:34;Agus Setiawan;https://wilkerstat.bps.go.id/api/landmark/90121161/photo
90123334;HPFQOC;BATAS 2 RT 001 RW 003 RUMAH BAPAK HENDAR;0011;DUSUN CIJUREY RT 001 RW 003;3279040001;-7.3921768031199;108.60591966659;1.2999999523163;1;150;Batas Wilkerstat;15040;Batas SLS;2025-08-01 16:36:31;2025-08-01 16:36:32;Agus Setiawan;https://wilkerstat.bps.go.id/api/landmark/90123334/photo
90126491;HPFVFN;BATAS 3 RT 001 RW 003 RUMAH IBU ENONG MASRIAH;0011;DUSUN CIJUREY RT 001 RW 003;3279040001;-7.3900016510659;108.60644806176;1.4830000400543;1;150;Batas Wilkerstat;15040;Batas SLS;2025-08-01 16:41:12;2025-08-01 16:41:13;Agus Setiawan;https://wilkerstat.bps.go.id/api/landmark/90126491/photo
90129883;HPGAFZ;BATAS 4 RT 001 RW 003 RUMAH BAPAK EDIN;0011;DUSUN CIJUREY RT 001 RW 003;3279040001;-7.3901944959179;108.60490746796;2.3829998970032;1;150;Batas Wilkerstat;15040;Batas SLS;2025-08-01 16:46:12;2025-08-01 16:46:13;Agus Setiawan;https://wilkerstat.bps.go.id/api/landmark/90129883/photo
90573362;HQFGGW;BATAS 1 RT 002 RW 003 SELOKAN SAMPING RUMAH BAPAK YAYAN;0012;DUSUN CIJUREY RT 002 RW 003;3279040001;-7.3928434441835;108.60499061644;2.2760000228882;1;150;Batas Wilkerstat;15040;Batas SLS;2025-08-02 15:19:48;2025-08-02 15:19:51;Agus Setiawan;https://wilkerstat.bps.go.id/api/landmark/90573362/photo
90576778;HQFLIG;BATAS 2 RT 002 RW 003 RUMAH BAPAK PARMAN;0012;DUSUN CIJUREY RT 002 RW 003;3279040001;-7.3915018487985;108.60539160669;1.2999999523163;1;150;Batas Wilkerstat;15040;Batas SLS;2025-08-02 15:23:26;2025-08-02 15:23:29;Agus Setiawan;https://wilkerstat.bps.go.id/api/landmark/90576778/photo
90584124;HQFWEU;BATAS 3 RT 002 RW 003 SOLOKAN BELAKANG RUMAH IBU WARISAH;0012;DUSUN CIJUREY RT 002 RW 003;3279040001;-7.3901817;108.6047786;3;1;150;Batas Wilkerstat;15040;Batas SLS;2025-08-02 15:30:50;2025-08-02 15:30:53;Agus Setiawan;https://wilkerstat.bps.go.id/api/landmark/90584124/photo
90593867;HQGKPN;BATAS 4 RT 002 RW 003 SOLOKAN SAMPING RUMAH BAPAK SUWITO;0012;DUSUN CIJUREY RT 002 RW 003;3279040001;-7.3914833;108.60418;1.4659999608994;1;150;Batas Wilkerstat;15040;Batas SLS;2025-08-02 15:41:10;2025-08-02 15:41:13;Agus Setiawan;https://wilkerstat.bps.go.id/api/landmark/90593867/photo
90441083;HPXSPF;BATAS 3 RT 002 RW 005 RUMAH BAPAK DEDI;0022;RT 002 RW 005  DUSUN SINDANGASIH;3279040001;-7.3982534;108.6094349;4.3610000610352;1;150;Batas Wilkerstat;15040;Batas SLS;2025-08-02 12:37:08;2025-08-02 12:37:11;Nunung nurjanah;https://wilkerstat.bps.go.id/api/landmark/90441083/photo
90443596;HPXWHW;BATAS 4 RT 002 RW 005 SALURAN IRIGASI;0022;RT 002 RW 005  DUSUN SINDANGASIH;3279040001;-7.3972858081313;108.6084741354;6.8220000267029;1;150;Batas Wilkerstat;15040;Batas SLS;2025-08-02 12:41:05;2025-08-02 12:41:08;Nunung nurjanah;https://wilkerstat.bps.go.id/api/landmark/90443596/photo
90450364;HPYGIE;BATAS 1 RT 002 RW 005 RUMAH IBU ENI;0022;RT 002 RW 005  DUSUN SINDANGASIH;3279040001;-7.3987907;108.6078463;4.6420001983643;1;150;Batas Wilkerstat;15040;Batas SLS;2025-08-02 12:51:24;2025-08-02 12:51:27;Nunung nurjanah;https://wilkerstat.bps.go.id/api/landmark/90450364/photo
90452433;HPYJJT;BATAS SEGMEN 02 RT 002 RW 005 JALAN GANG;0022;RT 002 RW 005  DUSUN SINDANGASIH;3279040001;-7.3989421;108.6083967;4.0780000686646;1;150;Batas Wilkerstat;15070;Batas Segmen;2025-08-02 12:54:26;2025-08-02 12:54:28;Nunung nurjanah;https://wilkerstat.bps.go.id/api/landmark/90452433/photo
90453938;HPYLPQ;BATAS 1 RT 002 RW 005 LUMBUNG PADI;0022;RT 002 RW 005  DUSUN SINDANGASIH;3279040001;-7.3991713305739;108.60853750259;4.4850001335144;1;150;Batas Wilkerstat;15040;Batas SLS;2025-08-02 12:56:34;2025-08-02 12:56:41;Nunung nurjanah;https://wilkerstat.bps.go.id/api/landmark/90453938/photo
90274729;HPOGMZ;RUMAH BPK. SURAJI;0039;RT. 001 RW. 009 DUSUN SINDANGMULYA;3279040001;-7.3892572026489;108.61687347293;1.5160000324249;1;150;Batas Wilkerstat;15040;Batas SLS;2025-08-02 09:47:08;2025-08-02 09:47:08;Embib Habibulloh;https://wilkerstat.bps.go.id/api/landmark/90274729/photo
90277223;HPOKEX;RUMAH BPK. TUKIMIN;0039;RT. 001 RW. 009 DUSUN SINDANGMULYA;3279040001;-7.3904169323755;108.61623074859;1;1;150;Batas Wilkerstat;15040;Batas SLS;2025-08-02 09:49:39;2025-08-02 09:49:43;Embib Habibulloh;https://wilkerstat.bps.go.id/api/landmark/90277223/photo
90279003;HPOMVJ;GANG SAMPING RUMAH BPK. MUHLISIN;0039;RT. 001 RW. 009 DUSUN SINDANGMULYA;3279040001;-7.3911313;108.6174162;1.557000041008;1;150;Batas Wilkerstat;15070;Batas Segmen;2025-08-02 09:51:30;2025-08-02 09:51:34;Embib Habibulloh;https://wilkerstat.bps.go.id/api/landmark/90279003/photo
90282265;HPORQV;GANG SAMPING RUMAH IBU PAMI;0039;RT. 001 RW. 009 DUSUN SINDANGMULYA;3279040001;-7.3897363230111;108.61784242094;1.2999999523163;1;150;Batas Wilkerstat;15070;Batas Segmen;2025-08-02 09:54:44;2025-08-02 09:54:48;Embib Habibulloh;https://wilkerstat.bps.go.id/api/landmark/90282265/photo
90283593;HPOTPX;RUMAH IBU LAMINEM;0039;RT. 001 RW. 009 DUSUN SINDANGMULYA;3279040001;-7.3899876864354;108.61829806119;1.5;1;150;Batas Wilkerstat;15040;Batas SLS;2025-08-02 09:55:57;2025-08-02 09:56:04;Embib Habibulloh;https://wilkerstat.bps.go.id/api/landmark/90283593/photo
90289153;HPPBVT;RUMAH BPK SARIMAN;0039;RT. 001 RW. 009 DUSUN SINDANGMULYA;3279040001;-7.3912654482972;108.61783504486;2.1329998970032;1;150;Batas Wilkerstat;15040;Batas SLS;2025-08-02 10:01:34;2025-08-02 10:01:40;Embib Habibulloh;https://wilkerstat.bps.go.id/api/landmark/90289153/photo
90262253;HPNOBD;GANG SAMPING MUSHOLA;0040;RT. 002 RW. 009 DUSUN SINDANGMULYA;3279040001;-7.38931;108.6175333;1.6499999761581;1;150;Batas Wilkerstat;15070;Batas Segmen;2025-08-02 09:34:08;2025-08-02 09:34:09;Embib Habibulloh;https://wilkerstat.bps.go.id/api/landmark/90262253/photo
90265289;HPNSNX;RUMAH BPK. KARNO;0040;RT. 002 RW. 009 DUSUN SINDANGMULYA;3279040001;-7.3898311;108.6184251;1.8830000162125;1;150;Batas Wilkerstat;15040;Batas SLS;2025-08-02 09:37:26;2025-08-02 09:37:27;Embib Habibulloh;https://wilkerstat.bps.go.id/api/landmark/90265289/photo
90265895;HPNTLF;RUMAH BPK. TUKIJO;0040;RT. 002 RW. 009 DUSUN SINDANGMULYA;3279040001;-7.3889383;108.6169083;1.3999999761581;1;150;Batas Wilkerstat;15040;Batas SLS;2025-08-02 09:32:09;2025-08-02 09:37:56;Embib Habibulloh;https://wilkerstat.bps.go.id/api/landmark/90265895/photo
90268730;HPNXQG;RUMAH BPK. AMIR;0040;RT. 002 RW. 009 DUSUN SINDANGMULYA;3279040001;-7.3888517;108.61905;1.5829999446869;1;150;Batas Wilkerstat;15040;Batas SLS;2025-08-02 09:40:49;2025-08-02 09:40:50;Embib Habibulloh;https://wilkerstat.bps.go.id/api/landmark/90268730/photo
90270213;HPNZVH;GANG SAMPING RUMAH BPK. PAIRAN;0040;RT. 002 RW. 009 DUSUN SINDANGMULYA;3279040001;-7.3883167;108.6181333;1.9329999685287;1;150;Batas Wilkerstat;15070;Batas Segmen;2025-08-02 09:42:17;2025-08-02 09:42:20;Embib Habibulloh;https://wilkerstat.bps.go.id/api/landmark/90270213/photo
90271877;HPOCHH;RUMAH BPK. MISRUN;0040;RT. 002 RW. 009 DUSUN SINDANGMULYA;3279040001;-7.3882183;108.6174633;1.3159999847412;1;150;Batas Wilkerstat;15040;Batas SLS;2025-08-02 09:43:57;2025-08-02 09:44:01;Embib Habibulloh;https://wilkerstat.bps.go.id/api/landmark/90271877/photo
90160200;HPHTCA;RUMAH H. DASIMI;0041;RT. 003 RW. 009 DUSUN SINDANGMULYA;3279040001;-7.3883406;108.6182845;1.9329999685287;1;150;Batas Wilkerstat;15040;Batas SLS;2025-08-01 17:37:50;2025-08-01 17:37:51;Embib Habibulloh;https://wilkerstat.bps.go.id/api/landmark/90160200/photo
90161112;HPHULC;RUMAH BPK. YADI;0041;RT. 003 RW. 009 DUSUN SINDANGMULYA;3279040001;-7.3887183;108.619195;1.6000000238419;1;150;Batas Wilkerstat;15040;Batas SLS;2025-08-01 17:40:00;2025-08-01 17:40:11;Embib Habibulloh;https://wilkerstat.bps.go.id/api/landmark/90161112/photo
90161214;HPHUPA;RUMAH BPK. YADI;0041;RT. 003 RW. 009 DUSUN SINDANGMULYA;3279040001;-7.3886593820651;108.61921235919;1.6000000238419;1;150;Batas Wilkerstat;15040;Batas SLS;2025-08-01 17:40:24;2025-08-01 17:40:25;Embib Habibulloh;https://wilkerstat.bps.go.id/api/landmark/90161214/photo
90163069;HPHXIJ;WARUNG IBU DEDE;0041;RT. 003 RW. 009 DUSUN SINDANGMULYA;3279040001;-7.3879229112129;108.61990068108;1.7999999523163;1;150;Batas Wilkerstat;15070;Batas Segmen;2025-08-01 17:45:39;2025-08-01 17:45:44;Embib Habibulloh;https://wilkerstat.bps.go.id/api/landmark/90163069/photo
90163815;HPHYLB;RUMAH BPK. SAIL;0041;RT. 003 RW. 009 DUSUN SINDANGMULYA;3279040001;-7.3869081421406;108.6203244701;1.2999999523163;1;150;Batas Wilkerstat;15040;Batas SLS;2025-08-01 17:48:14;2025-08-01 17:48:15;Embib Habibulloh;https://wilkerstat.bps.go.id/api/landmark/90163815/photo
90164398;HPHZHM;GANG SAMPING RUMAH BPK. SAEPUDIN;0041;RT. 003 RW. 009 DUSUN SINDANGMULYA;3279040001;-7.3867601824973;108.61986882985;1.3830000162125;1;150;Batas Wilkerstat;15070;Batas Segmen;2025-08-01 17:50:12;2025-08-01 17:50:13;Embib Habibulloh;https://wilkerstat.bps.go.id/api/landmark/90164398/photo
90164733;HPHZUJ;RUMAH BPK. JONI;0041;RT. 003 RW. 009 DUSUN SINDANGMULYA;3279040001;-7.3867196182718;108.61883852631;1;1;150;Batas Wilkerstat;15040;Batas SLS;2025-08-01 17:51:30;2025-08-01 17:51:31;Embib Habibulloh;https://wilkerstat.bps.go.id/api/landmark/90164733/photo
90165091;HPIAID;RUMAH H. SUHERMAN;0041;RT. 003 RW. 009 DUSUN SINDANGMULYA;3279040001;-7.3878756972383;108.61822295934;1.5759999752045;1;150;Batas Wilkerstat;15040;Batas SLS;2025-08-01 17:52:53;2025-08-01 17:52:54;Embib Habibulloh;https://wilkerstat.bps.go.id/api/landmark/90165091/photo
90165828;HPIBKM;GANG MILITER;0041;RT. 003 RW. 009 DUSUN SINDANGMULYA;3279040001;-7.3885636242992;108.61871112138;0.98299998044968;1;150;Batas Wilkerstat;15070;Batas Segmen;2025-08-01 17:53:55;2025-08-01 17:56:07;Embib Habibulloh;https://wilkerstat.bps.go.id/api/landmark/90165828/photo
90325135;HPRDBR;RUMAH BPK. RIZKI;0042;RT. 004 RW. 009 DUSUN SINDANGMULYA;3279040001;-7.3883907282802;108.62088337541;1.3999999761581;1;150;Batas Wilkerstat;15040;Batas SLS;2025-08-02 10:35:04;2025-08-02 10:35:12;Embib Habibulloh;https://wilkerstat.bps.go.id/api/landmark/90325135/photo
90327053;HPRFXL;GANG SAMPING RUMAH BPK. MUHTOLIB;0042;RT. 004 RW. 009 DUSUN SINDANGMULYA;3279040001;-7.38832;108.621145;1.4659999608994;1;150;Batas Wilkerstat;15070;Batas Segmen;2025-08-02 10:36:39;2025-08-02 10:36:43;Embib Habibulloh;https://wilkerstat.bps.go.id/api/landmark/90327053/photo
90328670;HPRIHQ;JALAN KIP;0042;RT. 004 RW. 009 DUSUN SINDANGMULYA;3279040001;-7.3887867;108.6213633;1.3999999761581;1;150;Batas Wilkerstat;15040;Batas SLS;2025-08-02 10:38:05;2025-08-02 10:38:09;Embib Habibulloh;https://wilkerstat.bps.go.id/api/landmark/90328670/photo
90330141;HPRKMF;RUMAH BPK TAPSIR;0042;RT. 004 RW. 009 DUSUN SINDANGMULYA;3279040001;-7.3881654;108.6220375;1.3830000162125;1;150;Batas Wilkerstat;15040;Batas SLS;2025-08-02 10:39:20;2025-08-02 10:39:27;Embib Habibulloh;https://wilkerstat.bps.go.id/api/landmark/90330141/photo
90331788;HPRMXO;GANG SAMPING RUMAH BPK. SUBUR;0042;RT. 004 RW. 009 DUSUN SINDANGMULYA;3279040001;-7.3877270729331;108.62178560346;1.2660000324249;1;150;Batas Wilkerstat;15070;Batas Segmen;2025-08-02 10:40:48;2025-08-02 10:40:50;Embib Habibulloh;https://wilkerstat.bps.go.id/api/landmark/90331788/photo
90333625;HPRPQF;JALAN KIP;0042;RT. 004 RW. 009 DUSUN SINDANGMULYA;3279040001;-7.3871886;108.6210631;1.4329999685287;1;150;Batas Wilkerstat;15070;Batas Segmen;2025-08-02 10:42:38;2025-08-02 10:42:46;Embib Habibulloh;https://wilkerstat.bps.go.id/api/landmark/90333625/photo
90334908;HPRRNO;PABRIK HEULLER;0042;RT. 004 RW. 009 DUSUN SINDANGMULYA;3279040001;-7.3869618;108.6205602;1.3830000162125;1;150;Batas Wilkerstat;15040;Batas SLS;2025-08-02 10:43:49;2025-08-02 10:43:52;Embib Habibulloh;https://wilkerstat.bps.go.id/api/landmark/90334908/photo
90336899;HPRUMD;RUMAH BPK. NONO;0042;RT. 004 RW. 009 DUSUN SINDANGMULYA;3279040001;-7.3878361305937;108.62001501024;1.5;1;150;Batas Wilkerstat;15040;Batas SLS;2025-08-02 10:45:27;2025-08-02 10:45:31;Embib Habibulloh;https://wilkerstat.bps.go.id/api/landmark/90336899/photo
90337774;HPRVTU;JALAN KIP;0042;RT. 004 RW. 009 DUSUN SINDANGMULYA;3279040001;-7.3881403;108.620346;1.4659999608994;1;150;Batas Wilkerstat;15070;Batas Segmen;2025-08-02 10:46:20;2025-08-02 10:46:21;Embib Habibulloh;https://wilkerstat.bps.go.id/api/landmark/90337774/photo
89925944;HOUKOE;BATAS 1 RT 001 RW 011 RUMAH BAPA MARSONA;0050;RT 001 RW 011 DUSUN SINDANGMULYA;3279040001;-7.3936437;108.6252912;4.6040000915527;1;150;Batas Wilkerstat;15040;Batas SLS;2025-08-01 09:30:21;2025-08-01 09:30:38;RISMAWATI;https://wilkerstat.bps.go.id/api/landmark/89925944/photo
89927261;HOUMMV;RUMAH BAPA ENDANG;0050;RT 001 RW 011 DUSUN SINDANGMULYA;3279040001;-7.3932727;108.6263999;1.6799999475479;1;150;Batas Wilkerstat;15040;Batas SLS;2025-08-01 09:33:04;2025-08-01 09:36:20;RISMAWATI;https://wilkerstat.bps.go.id/api/landmark/89927261/photo
89928164;HOUNVO;RUMAH BAPA HENDRA;0050;RT 001 RW 011 DUSUN SINDANGMULYA;3279040001;-7.3916255;108.6224552;3.8159999847412;1;150;Batas Wilkerstat;15040;Batas SLS;2025-08-01 09:42:23;2025-08-01 09:44:30;RISMAWATI;https://wilkerstat.bps.go.id/api/landmark/89928164/photo
90234474;HPLYYS;MUSOLA AL HIKMAH;0050;RT 001 RW 011 DUSUN SINDANGMULYA;3279040001;-7.3934017;108.6250155;2.3499999046326;1;150;Batas Wilkerstat;15070;Batas Segmen;2025-08-01 09:37:30;2025-08-02 09:00:54;RISMAWATI;https://wilkerstat.bps.go.id/api/landmark/90234474/photo
90235230;HPMABU;BATAS 2 RT 001 RW 002 RUMAH BAPA ENDANG;0050;RT 001 RW 011 DUSUN SINDANGMULYA;3279040001;-7.3932727;108.6263999;1.6799999475479;1;150;Batas Wilkerstat;15040;Batas SLS;2025-08-01 09:36:16;2025-08-02 09:02:06;RISMAWATI;https://wilkerstat.bps.go.id/api/landmark/90235230/photo
90235892;HPMBBG;BATAS 3 RT 001 RW 011 RUMAH IBU SITI;0050;RT 001 RW 011 DUSUN SINDANGMULYA;3279040001;-7.3914622;108.623196;2.1400001049042;1;150;Batas Wilkerstat;15040;Batas SLS;2025-08-01 09:40:43;2025-08-02 09:03:00;RISMAWATI;https://wilkerstat.bps.go.id/api/landmark/90235892/photo
90236505;HPMBYV;BATAS 4 RT 001 RW 011 RUMAH BAPA HENDRA;0050;RT 001 RW 011 DUSUN SINDANGMULYA;3279040001;-7.3916255;108.6224552;3.8159999847412;1;150;Batas Wilkerstat;15040;Batas SLS;2025-08-01 09:50:35;2025-08-02 09:03:52;RISMAWATI;https://wilkerstat.bps.go.id/api/landmark/90236505/photo
90342222;HPSCIW;BATAS 1 RT 002 RW 011 RUMAH BAPA WAWAN;0051;RT 002 RW 011 DUSUN SINDANGMULYA;3279040001;-7.3932781;108.6248674;3.0499999523163;1;150;Batas Wilkerstat;15040;Batas SLS;2025-08-02 10:50:31;2025-08-02 10:50:33;RISMAWATI;https://wilkerstat.bps.go.id/api/landmark/90342222/photo
90351726;HPSQKK;JALAN KIP;0051;RT 002 RW 011 DUSUN SINDANGMULYA;3279040001;-7.392225;108.623785;1.5800000429153;1;150;Batas Wilkerstat;15070;Batas Segmen;2025-08-02 10:59:09;2025-08-02 10:59:11;RISMAWATI;https://wilkerstat.bps.go.id/api/landmark/90351726/photo
90356590;HPSXPM;BATAS 2 RT 02 RW 011 SALURAN IRIGASI;0051;RT 002 RW 011 DUSUN SINDANGMULYA;3279040001;-7.393026;108.6253706;3.7000000476837;1;150;Batas Wilkerstat;15040;Batas SLS;2025-08-02 11:03:33;2025-08-02 11:03:35;RISMAWATI;https://wilkerstat.bps.go.id/api/landmark/90356590/photo
90364973;HPTJZX;BATAS 3 RT 002 RW 011 RUMAH BAPA SAINUDIN;0051;RT 002 RW 011 DUSUN SINDANGMULYA;3279040001;-7.3907078;108.6238848;2;1;150;Batas Wilkerstat;15040;Batas SLS;2025-08-02 11:11:02;2025-08-02 11:11:04;RISMAWATI;https://wilkerstat.bps.go.id/api/landmark/90364973/photo
90369077;HPTQBT;BATAS 4 RT 002 RW 011 RUMAH BAPA YOYO;0051;RT 002 RW 011 DUSUN SINDANGMULYA;3279040001;-7.3910917;108.6231862;2.0160000324249;1;150;Batas Wilkerstat;15040;Batas SLS;2025-08-02 11:15:12;2025-08-02 11:15:17;RISMAWATI;https://wilkerstat.bps.go.id/api/landmark/90369077/photo
90386682;HPUQCW;BATAS 2 RT 003 RW 011 RUMAH BAPA PURWADI;0052;RT 003 RW 011 DUSUN SINDANGMULYA;3279040001;-7.3906919;108.6237021;1.539999961853;1;150;Batas Wilkerstat;15040;Batas SLS;2025-08-02 11:31:40;2025-08-02 11:31:42;RISMAWATI;https://wilkerstat.bps.go.id/api/landmark/90386682/photo
90398067;HPVGYT;BATAS 003 RT 003 RW 011 RUMAH BAPA NIRWAHID;0052;RT 003 RW 011 DUSUN SINDANGMULYA;3279040001;-7.389839395332;108.62310022116;1.6160000562668;1;150;Batas Wilkerstat;15040;Batas SLS;2025-08-02 11:43:02;2025-08-02 11:43:04;RISMAWATI;https://wilkerstat.bps.go.id/api/landmark/90398067/photo
90404682;HPVQTE;BATAS 4 RT 003 RW 011 JALAN KIP;0052;RT 003 RW 011 DUSUN SINDANGMULYA;3279040001;-7.3908533;108.621602;2.539999961853;1;150;Batas Wilkerstat;15040;Batas SLS;2025-08-02 11:49:55;2025-08-02 11:49:57;RISMAWATI;https://wilkerstat.bps.go.id/api/landmark/90404682/photo
90406854;HPVTYS;BATAS 1 RT 003 RW 011 RUMAH IBU ECIN;0052;RT 003 RW 011 DUSUN SINDANGMULYA;3279040001;-7.3917766;108.6221057;1.8999999761581;1;150;Batas Wilkerstat;15040;Batas SLS;2025-08-02 11:52:21;2025-08-02 11:52:28;RISMAWATI;https://wilkerstat.bps.go.id/api/landmark/90406854/photo
90420019;HPWNLB;BATAS 2 RT 003 RW 005 JLN RAYA KUJANG;0023;RT 003 RW 005;3279040001;-7.4016985364307;108.61199453473;3.7909998893738;1;150;Batas Wilkerstat;15040;Batas SLS;2025-08-02 12:07:46;2025-08-02 12:07:50;Nunung nurjanah;https://wilkerstat.bps.go.id/api/landmark/90420019/photo
90423724;HPWSXO;BATAS 3 RT 003 RW 005 SPAL;0023;RT 003 RW 005;3279040001;-7.3993212;108.6102906;6.7150001525879;1;150;Batas Wilkerstat;15040;Batas SLS;2025-08-02 12:12:31;2025-08-02 12:12:34;Nunung nurjanah;https://wilkerstat.bps.go.id/api/landmark/90423724/photo
90426363;HPWWVB;BATAS 4 RT 003 RW 005 RUMAH IBU ENTIN;0023;RT 003 RW 005;3279040001;-7.3983627280374;108.60970627517;4.1310000419617;1;150;Batas Wilkerstat;15040;Batas SLS;2025-08-02 12:16:03;2025-08-02 12:16:06;Nunung nurjanah;https://wilkerstat.bps.go.id/api/landmark/90426363/photo
90461595;HPYWYD;BATAS 1 RT 003 RW 005 RUMAH IBU WIDI;0023;RT 003 RW 005;3279040001;-7.400091978615;108.60869675875;3.789999961853;1;150;Batas Wilkerstat;15040;Batas SLS;2025-08-02 13:07:19;2025-08-02 13:07:31;Nunung nurjanah;https://wilkerstat.bps.go.id/api/landmark/90461595/photo
90464718;HPZBOG;BATAS SEGMEN RT 003 RW 005 JALAN GANG;0023;RT 003 RW 005;3279040001;-7.3998879;108.6095882;3.789999961853;1;150;Batas Wilkerstat;15070;Batas Segmen;2025-08-02 13:11:51;2025-08-02 13:11:54;Nunung nurjanah;https://wilkerstat.bps.go.id/api/landmark/90464718/photo
90009414;HOZEAO;BATAS 1 RT 004 RW 005 RUMAH IBU NENI;0024;RT 004 RW 005;3279040001;-7.3989979;108.6102588;5.2620000839233;1;150;Batas Wilkerstat;15040;Batas SLS;2025-08-01 13:40:22;2025-08-01 13:40:24;Nunung nurjanah;https://wilkerstat.bps.go.id/api/landmark/90009414/photo
90011014;HOZGKC;BATAS 4 RT 004 RW005 RUMAH IBU YULI;0024;RT 004 RW 005;3279040001;-7.3986736013096;108.60993929207;3.8949999809265;1;150;Batas Wilkerstat;15040;Batas SLS;2025-08-01 13:43:30;2025-08-01 13:43:32;Nunung nurjanah;https://wilkerstat.bps.go.id/api/landmark/90011014/photo
90013447;HOZJZR;BATAS 2 RT 004 RW 005 RUMAH IBU NURYATI;0024;RT 004 RW 005;3279040001;-7.3986825783955;108.61171390861;4.2529997825623;1;150;Batas Wilkerstat;15040;Batas SLS;2025-08-01 13:48:01;2025-08-01 13:48:08;Nunung nurjanah;https://wilkerstat.bps.go.id/api/landmark/90013447/photo
90023280;HOZYNW;BATAS 3 RT 004 RW 005 RUMAH IDA YASA;0024;RT 004 RW 005;3279040001;-7.3978285;108.6110551;4.7090001106262;1;150;Batas Wilkerstat;15040;Batas SLS;2025-08-01 14:05:06;2025-08-01 14:05:09;Nunung nurjanah;https://wilkerstat.bps.go.id/api/landmark/90023280/photo
90466079;HPZDOP;BATAS SEGMEN RT 004 RW 005 JALAN GANG;0024;RT 004 RW 005;3279040001;-7.3982388;108.6107388;4.5869998931885;1;150;Batas Wilkerstat;15070;Batas Segmen;2025-08-02 13:13:53;2025-08-02 13:13:55;Nunung nurjanah;https://wilkerstat.bps.go.id/api/landmark/90466079/photo
91446570;HSCXZU;BATAS 5 RT 004 RW 006 JALAN GANG;0028;RT 004 RW 006;3279040001;-7.3959574;108.6118742;5.1620001792908;1;150;Batas Wilkerstat;15040;Batas SLS;2025-08-04 10:18:19;2025-08-04 10:18:21;Nunung nurjanah;https://wilkerstat.bps.go.id/api/landmark/91446570/photo
91448107;HSDAGX;BATAS 1 RT 004 RW 006 SALURAN IRIGASI;0028;RT 004 RW 006;3279040001;-7.3978114;108.611088;4.5799999237061;1;150;Batas Wilkerstat;15040;Batas SLS;2025-08-04 10:19:50;2025-08-04 10:19:51;Nunung nurjanah;https://wilkerstat.bps.go.id/api/landmark/91448107/photo
90404016;HPVPTO;BATAS 1 RUMAH SARTIMIN;0001;RT 001 RW 001;3279040002;-7.3738701;108.6140173;5.3150000572205;1;150;Batas Wilkerstat;15040;Batas SLS;2025-08-02 11:48:01;2025-08-02 11:49:16;Fenti Fadilah;https://wilkerstat.bps.go.id/api/landmark/90404016/photo
90411698;HPWBDA;BATAS 4 TANGGUL;0001;RT 001 RW 001;3279040002;-7.3724574049658;108.61425329;8.0270004272461;1;150;Batas Wilkerstat;15040;Batas SLS;2025-08-02 11:57:36;2025-08-02 11:57:40;Fenti Fadilah;https://wilkerstat.bps.go.id/api/landmark/90411698/photo
90401590;HPVMEG;BATAS 4 RUMAH BPK;0002;RT 002 RW 001;3279040002;-7.373956332201;108.61407861114;4.441999912262;1;150;Batas Wilkerstat;15040;Batas SLS;2025-08-02 11:46:41;2025-08-02 11:46:44;Fenti Fadilah;https://wilkerstat.bps.go.id/api/landmark/90401590/photo
90429501;HPXBLT;BATAS 3 POHON BAMBU;0002;RT 002 RW 001;3279040002;-7.3740389;108.6157584;5.7589998245239;1;150;Batas Wilkerstat;15040;Batas SLS;2025-08-02 11:31:59;2025-08-02 12:20:15;Fenti Fadilah;https://wilkerstat.bps.go.id/api/landmark/90429501/photo
90431659;HPXEQT;BATAS 1 KEBUN KELAPA;0002;RT 002 RW 001;3279040002;-7.3770472717185;108.61371014267;6.0050001144409;1;150;Batas Wilkerstat;15040;Batas SLS;2025-08-02 11:43:08;2025-08-02 12:23:32;Fenti Fadilah;https://wilkerstat.bps.go.id/api/landmark/90431659/photo
90431912;HPXFAM;BATAS 2 RUMAH YASIN;0002;RT 002 RW 001;3279040002;-7.3765791101494;108.61544955522;4.8779997825623;1;150;Batas Wilkerstat;15040;Batas SLS;2025-08-02 11:39:16;2025-08-02 12:23:55;Fenti Fadilah;https://wilkerstat.bps.go.id/api/landmark/90431912/photo
89948311;HOVRQL;BATAS 3 JALAN SETAPAK;0008;RT 002 RW 002;3279040002;-7.3774443;108.6100993;3.789999961853;1;150;Batas Wilkerstat;15040;Batas SLS;2025-08-01 10:53:39;2025-08-01 10:53:44;Fenti Fadilah;https://wilkerstat.bps.go.id/api/landmark/89948311/photo
89953048;HOVYQQ;BATAS 5 JEMBATAN;0008;RT 002 RW 002;3279040002;-7.3767298;108.6099662;3.9879999160767;1;150;Batas Wilkerstat;15040;Batas SLS;2025-08-01 11:01:18;2025-08-01 11:01:23;Fenti Fadilah;https://wilkerstat.bps.go.id/api/landmark/89953048/photo
91408918;HSAUHQ;RUMAH FAHMI;0008;RT 002 RW 002;3279040002;-7.3777393;108.6090576;4.9039998054504;1;150;Batas Wilkerstat;15040;Batas SLS;2025-08-04 09:38:02;2025-08-04 09:38:04;Fenti Fadilah;https://wilkerstat.bps.go.id/api/landmark/91408918/photo
89944834;HOVMMS;BATAS 4 RUMAH SUDARSONO;0009;RT 003 RW 002;3279040002;-7.3772075;108.610373;1.9160000085831;1;150;Batas Wilkerstat;15040;Batas SLS;2025-08-01 10:48:26;2025-08-01 10:48:29;DEWI SETYA SUDARMI;https://wilkerstat.bps.go.id/api/landmark/89944834/photo
89948637;HOVSCZ;BATAS 5 RUMAH MUNJIAH;0009;RT 003 RW 002;3279040002;-7.3774467;108.6100711;3.1679999828339;1;150;Batas Wilkerstat;15040;Batas SLS;2025-08-01 10:54:16;2025-08-01 10:54:19;DEWI SETYA SUDARMI;https://wilkerstat.bps.go.id/api/landmark/89948637/photo
89952808;HOVYHK;BATAS 3 IRIGASI;0009;RT 003 RW 002;3279040002;-7.3766542554346;108.61010055989;17.343000411987;1;150;Batas Wilkerstat;15040;Batas SLS;2025-08-01 11:00:53;2025-08-01 11:00:56;DEWI SETYA SUDARMI;https://wilkerstat.bps.go.id/api/landmark/89952808/photo
89956282;HOWDLA;BATAS  2 JALAN ASPAL;0009;RT 003 RW 002;3279040002;-7.3777239106111;108.61147485673;10.359999656677;1;150;Batas Wilkerstat;15040;Batas SLS;2025-08-01 11:06:35;2025-08-01 11:06:37;DEWI SETYA SUDARMI;https://wilkerstat.bps.go.id/api/landmark/89956282/photo
89961930;HOWLUG;BATAS 1 STEAM MOTOR;0009;RT 003 RW 002;3279040002;-7.3790622;108.6118248;4.7579998970032;1;150;Batas Wilkerstat;15040;Batas SLS;2025-08-01 11:15:57;2025-08-01 11:16:00;DEWI SETYA SUDARMI;https://wilkerstat.bps.go.id/api/landmark/89961930/photo
90697093;HQMHHT;BATAS 1 (RUMAH SOHIB);0030;RT 007 RW 005;3279040002;-7.3824876186262;108.61213736236;4.8000001907349;1;150;Batas Wilkerstat;15040;Batas SLS;2025-08-02 17:15:23;2025-08-02 17:15:26;Karina Merdeka Wati;https://wilkerstat.bps.go.id/api/landmark/90697093/photo
90702732;HQMPQQ;BATAS 2 (RUMAH MARTIJAH);0030;RT 007 RW 005;3279040002;-7.3829797136895;108.61389689147;4.8000001907349;1;150;Batas Wilkerstat;15040;Batas SLS;2025-08-02 17:20:53;2025-08-02 17:20:56;Karina Merdeka Wati;https://wilkerstat.bps.go.id/api/landmark/90702732/photo
90708752;HQMYOE;BATAS 3 (RUMAH ARIS);0030;RT 007 RW 005;3279040002;-7.3844968925223;108.61312609166;6.2300000190735;1;150;Batas Wilkerstat;15040;Batas SLS;2025-08-02 17:27:08;2025-08-02 17:27:11;Karina Merdeka Wati;https://wilkerstat.bps.go.id/api/landmark/90708752/photo
90777581;HQQWJL;BATAS 4 (RUMAH MUDRIKAH);0030;RT 007 RW 005;3279040002;-7.3832493682522;108.61161634326;3.0499999523163;1;150;Batas Wilkerstat;15040;Batas SLS;2025-08-02 17:28:42;2025-08-03 07:35:20;Karina Merdeka Wati;https://wilkerstat.bps.go.id/api/landmark/90777581/photo
89998067;HOYNGD;WARUNG;0031;RT 008 RW 005;3279040002;-7.3829637538582;108.61494228244;4.8330001831055;1;150;Batas Wilkerstat;15040;Batas SLS;2025-08-01 13:14:01;2025-08-01 13:14:04;Karina Merdeka Wati;https://wilkerstat.bps.go.id/api/landmark/89998067/photo
89998672;HOYODK;RUMAH DR. GIGI ROHIMAH;0031;RT 008 RW 005;3279040002;-7.3843718742573;108.61507605761;2.9500000476837;1;150;Batas Wilkerstat;15040;Batas SLS;2025-08-01 13:15:44;2025-08-01 13:15:46;Karina Merdeka Wati;https://wilkerstat.bps.go.id/api/landmark/89998672/photo
89999250;HOYOZQ;RUMAH BAPAK MUTAQIN;0031;RT 008 RW 005;3279040002;-7.3835991541969;108.61400250345;3.7890000343323;1;150;Batas Wilkerstat;15040;Batas SLS;2025-08-01 13:17:15;2025-08-01 13:17:17;Karina Merdeka Wati;https://wilkerstat.bps.go.id/api/landmark/89999250/photo
90001395;HOYSED;RUMAH BAPAK ADI SAPUTRA;0031;RT 008 RW 005;3279040002;-7.385591133327;108.61441925168;2.0999999046326;1;150;Batas Wilkerstat;15040;Batas SLS;2025-08-01 13:22:52;2025-08-01 13:22:54;Karina Merdeka Wati;https://wilkerstat.bps.go.id/api/landmark/90001395/photo
90004417;HOYWQJ;RUMAH IBU TURIAH;0031;RT 008 RW 005;3279040002;-7.3845933161599;108.61314117908;2.2999999523163;1;150;Batas Wilkerstat;15040;Batas SLS;2025-08-01 13:20:40;2025-08-01 13:29:42;Karina Merdeka Wati;https://wilkerstat.bps.go.id/api/landmark/90004417/photo
91053301;HRGOGB;MUSLIMAN;0031;RT 008 RW 005;3279040002;-7.3829753912353;108.61402228475;2.4000000953674;1;150;Batas Wilkerstat;15040;Batas SLS;2025-08-02 17:19:33;2025-08-03 13:11:11;Karina Merdeka Wati;https://wilkerstat.bps.go.id/api/landmark/91053301/photo
90206948;HPKKGA;BATAS 1 GUDANG KOSONG;0010;RT 004 RW 002;3279040002;-7.3787410282579;108.61218161881;2.0999999046326;1;150;Batas Wilkerstat;15040;Batas SLS;2025-08-02 08:14:03;2025-08-02 08:14:06;DEWI SETYA SUDARMI;https://wilkerstat.bps.go.id/api/landmark/90206948/photo
90211018;HPKQGO;BATAS 4 JALAN GANG RT;0010;RT 004 RW 002;3279040002;-7.3759733;108.6119667;2.2000000476837;1;150;Batas Wilkerstat;15040;Batas SLS;2025-08-02 08:22:49;2025-08-02 08:22:52;DEWI SETYA SUDARMI;https://wilkerstat.bps.go.id/api/landmark/90211018/photo
90212759;HPKSVN;BATAS 3 JALAN GANG RT;0010;RT 004 RW 002;3279040002;-7.3758365;108.6128319;8.5260000228882;1;150;Batas Wilkerstat;15040;Batas SLS;2025-08-02 08:26:11;2025-08-02 08:26:15;DEWI SETYA SUDARMI;https://wilkerstat.bps.go.id/api/landmark/90212759/photo
90292573;HPPGXH;BATAS 5 IRIGASI;0010;RT 004 RW 002;3279040002;-7.3757887538767;108.61119657755;5.6090002059937;1;150;Batas Wilkerstat;15040;Batas SLS;2025-08-02 10:05:08;2025-08-02 10:05:12;DEWI SETYA SUDARMI;https://wilkerstat.bps.go.id/api/landmark/90292573/photo
90324096;HPRBNS;BATAS 2 KEBUN KOSONG;0010;RT 004 RW 002;3279040002;-7.3773781100287;108.61319381744;3.2339999675751;1;150;Batas Wilkerstat;15040;Batas SLS;2025-08-02 10:34:12;2025-08-02 10:34:15;DEWI SETYA SUDARMI;https://wilkerstat.bps.go.id/api/landmark/90324096/photo
90575079;HQFIUX;BATAS 1 (JALAN ASPAL);0037;RT 006 RW 006;3279040002;-7.382925;108.614695;2.5999999046326;1;150;Batas Wilkerstat;15040;Batas SLS;2025-08-02 15:21:40;2025-08-02 15:21:41;NURHASIM ;https://wilkerstat.bps.go.id/api/landmark/90575079/photo
90578058;HQFNFM;BATAS 4(SUNGAI IRIGASI);0037;RT 006 RW 006;3279040002;-7.3816617;108.6144567;1.9910000562668;1;150;Batas Wilkerstat;15040;Batas SLS;2025-08-02 15:24:46;2025-08-02 15:24:47;NURHASIM ;https://wilkerstat.bps.go.id/api/landmark/90578058/photo
90583010;HQFUNY;BATAS 3 (PEKARANGAN);0037;RT 006 RW 006;3279040002;-7.3818862;108.6180551;2.5620000362396;1;150;Batas Wilkerstat;15040;Batas SLS;2025-08-02 15:29:37;2025-08-02 15:29:39;NURHASIM ;https://wilkerstat.bps.go.id/api/landmark/90583010/photo
90598741;HQGRUZ;BATAS 2(RUMAH ASROR);0037;RT 006 RW 006;3279040002;-7.383698;108.6178204;3;1;150;Batas Wilkerstat;15040;Batas SLS;2025-08-02 15:46:00;2025-08-02 15:46:02;NURHASIM ;https://wilkerstat.bps.go.id/api/landmark/90598741/photo
90584971;HQFXLJ;BATAS 4 (KEBUN BAMBU);0038;RT 007 RW 006;3279040002;-7.3819067;108.6180633;1.6399999856949;1;150;Batas Wilkerstat;15040;Batas SLS;2025-08-02 15:31:44;2025-08-02 15:31:45;NURHASIM ;https://wilkerstat.bps.go.id/api/landmark/90584971/photo
90587806;HQGBQK;BATAS 3 (SUNGAI IRIGASI);0038;RT 007 RW 006;3279040002;-7.3820106;108.6197756;3.4110000133514;1;150;Batas Wilkerstat;15040;Batas SLS;2025-08-02 15:34:43;2025-08-02 15:34:44;NURHASIM ;https://wilkerstat.bps.go.id/api/landmark/90587806/photo
90591932;HQGHTC;BATAS 2 (RUMAH MUSLIHATUN);0038;RT 007 RW 006;3279040002;-7.3840772;108.6195179;3.0269999504089;1;150;Batas Wilkerstat;15040;Batas SLS;2025-08-02 15:39:20;2025-08-02 15:39:21;NURHASIM ;https://wilkerstat.bps.go.id/api/landmark/90591932/photo
90597069;HQGPIR;BATAS 1 (MASJID BAETURROHIM);0038;RT 007 RW 006;3279040002;-7.3836946;108.6178031;3;1;150;Batas Wilkerstat;15040;Batas SLS;2025-08-02 15:44:15;2025-08-02 15:44:16;NURHASIM ;https://wilkerstat.bps.go.id/api/landmark/90597069/photo
90300296;HPPSII;BATAS 2 KEBUN PISANG;0011;RT 005 RW 002;3279040002;-7.37514;108.6137783;16.073999404907;1;150;Batas Wilkerstat;15040;Batas SLS;2025-08-02 10:12:27;2025-08-02 10:12:29;DEWI SETYA SUDARMI;https://wilkerstat.bps.go.id/api/landmark/90300296/photo
90312109;HPQJUR;BATAS 3 POHON PISANG;0011;RT 005 RW 002;3279040002;-7.3722555747575;108.61426703632;2.6449999809265;1;150;Batas Wilkerstat;15040;Batas SLS;2025-08-02 10:23:21;2025-08-02 10:23:23;DEWI SETYA SUDARMI;https://wilkerstat.bps.go.id/api/landmark/90312109/photo
90327779;HPRGZJ;BATAS 1 LAHAN KOSONG;0011;RT 005 RW 002;3279040002;-7.3772664;108.6133868;1.8430000543594;1;150;Batas Wilkerstat;15040;Batas SLS;2025-08-02 10:37:18;2025-08-02 10:37:21;DEWI SETYA SUDARMI;https://wilkerstat.bps.go.id/api/landmark/90327779/photo
90668790;HQKRLE;BATAS 4 RUMAH IBU ROM;0011;RT 005 RW 002;3279040002;-7.3757783;108.6125997;8.960000038147;1;150;Batas Wilkerstat;15040;Batas SLS;2025-08-02 16:49:35;2025-08-02 16:49:38;DEWI SETYA SUDARMI;https://wilkerstat.bps.go.id/api/landmark/90668790/photo
90672275;HQKWPF;BATAS 5 IRIGASI;0011;RT 005 RW 002;3279040002;-7.3747500167722;108.61242301762;9.5550003051758;1;150;Batas Wilkerstat;15040;Batas SLS;2025-08-02 16:52:50;2025-08-02 16:52:51;DEWI SETYA SUDARMI;https://wilkerstat.bps.go.id/api/landmark/90672275/photo
91444699;HSCVFV;BATAS 1 JALAN ASPAL;0013;RT 002 RW 003;3279040002;-7.381305;108.6108367;2.0999999046326;1;150;Batas Wilkerstat;15040;Batas SLS;2025-08-04 10:16:18;2025-08-04 10:16:21;DEWI SETYA SUDARMI;https://wilkerstat.bps.go.id/api/landmark/91444699/photo
91447153;HSCYWF;BATAS 2 POHON KERSEN;0013;RT 002 RW 003;3279040002;-7.3812106;108.6091417;1.3999999761581;1;150;Batas Wilkerstat;15040;Batas SLS;2025-08-04 10:18:53;2025-08-04 10:18:55;DEWI SETYA SUDARMI;https://wilkerstat.bps.go.id/api/landmark/91447153/photo
91085723;HRIKFB;BATAS 3 SAWAH;0043;RT 001 RW 008;3279040002;-7.3836721;108.622891;3;1;150;Batas Wilkerstat;15040;Batas SLS;2025-08-03 13:56:33;2025-08-03 13:56:35;Karina Merdeka Wati;https://wilkerstat.bps.go.id/api/landmark/91085723/photo
91090735;HRIRPV;BATAS 5 SAWAH;0043;RT 001 RW 008;3279040002;-7.3837534;108.6238533;11.536999702454;1;150;Batas Wilkerstat;15040;Batas SLS;2025-08-03 14:03:13;2025-08-03 14:03:15;Karina Merdeka Wati;https://wilkerstat.bps.go.id/api/landmark/91090735/photo
91092750;HRIUPI;BATAS 6 SAWAH;0043;RT 001 RW 008;3279040002;-7.3833855;108.6244233;3.4340000152588;1;150;Batas Wilkerstat;15040;Batas SLS;2025-08-03 14:05:53;2025-08-03 14:05:55;Karina Merdeka Wati;https://wilkerstat.bps.go.id/api/landmark/91092750/photo
89943869;HOVLBP;BATAS 1 RT 002 RW 005 PEKARANGAN;0022;RT 002 RW 005;3279040003;-7.3691895398037;108.61362565309;2.0550000667572;1;150;Batas Wilkerstat;15040;Batas SLS;2025-08-01 10:47:02;2025-08-01 10:47:04;Ida Rosida;https://wilkerstat.bps.go.id/api/landmark/89943869/photo
90001502;HOYSIG;BATAS 2 RT 002 RW 005 SALURAN PEMBUANGAN;0022;RT 002 RW 005;3279040003;-7.3691733;108.615195;2.0999999046326;1;150;Batas Wilkerstat;15040;Batas SLS;2025-08-01 13:23:07;2025-08-01 13:23:09;Ida Rosida;https://wilkerstat.bps.go.id/api/landmark/90001502/photo
90005271;HOYXXF;BATAS 3 RT 002 RW 005 JALAN KEEP;0022;RT 002 RW 005;3279040003;-7.3677136;108.6152458;1.5;1;150;Batas Wilkerstat;15040;Batas SLS;2025-08-01 13:31:30;2025-08-01 13:31:32;Ida Rosida;https://wilkerstat.bps.go.id/api/landmark/90005271/photo
90006498;HOYZSK;BATAS 4 RT 002 RW 005 SALURAN PEMBUANGAN;0022;RT 002 RW 005;3279040003;-7.3664702905277;108.61498720944;1.4500000476837;1;150;Batas Wilkerstat;15040;Batas SLS;2025-08-01 13:34:20;2025-08-01 13:34:23;Ida Rosida;https://wilkerstat.bps.go.id/api/landmark/90006498/photo
90009206;HOZDSO;BATAS 5 RT 002 RW 005 SALURAN PEMBUANGAN;0022;RT 002 RW 005;3279040003;-7.3668202;108.6131761;1.6000000238419;1;150;Batas Wilkerstat;15040;Batas SLS;2025-08-01 13:40:01;2025-08-01 13:40:02;Ida Rosida;https://wilkerstat.bps.go.id/api/landmark/90009206/photo
90012089;HOZHZL;BATAS 6  RT 002 RW 005 SAWAH;0022;RT 002 RW 005;3279040003;-7.3674552;108.6133062;3.180999994278;1;150;Batas Wilkerstat;15040;Batas SLS;2025-08-01 13:45:31;2025-08-01 13:45:32;Ida Rosida;https://wilkerstat.bps.go.id/api/landmark/90012089/photo
90012948;HOZJGM;BATAS 7  RT 002 RW 005 TERSIER;0022;RT 002 RW 005;3279040003;-7.3673806;108.6137121;3.1979999542236;1;150;Batas Wilkerstat;15040;Batas SLS;2025-08-01 13:47:09;2025-08-01 13:47:10;Ida Rosida;https://wilkerstat.bps.go.id/api/landmark/90012948/photo
90013797;HOZKND;BATAS 8  RT 002 RW 005 TERSIER;0022;RT 002 RW 005;3279040003;-7.3678252;108.613813;3.6889998912811;1;150;Batas Wilkerstat;15040;Batas SLS;2025-08-01 13:48:45;2025-08-01 13:48:47;Ida Rosida;https://wilkerstat.bps.go.id/api/landmark/90013797/photo
90018333;HOZRFP;BATAS 9 RT 002 RW 005 TERSIER;0022;RT 002 RW 005;3279040003;-7.3687824;108.6137443;1.7999999523163;1;150;Batas Wilkerstat;15040;Batas SLS;2025-08-01 13:56:45;2025-08-01 13:56:47;Ida Rosida;https://wilkerstat.bps.go.id/api/landmark/90018333/photo
90018865;HOZSAB;BATAS 10 RT 002 RW 005 SAWAH;0022;RT 002 RW 005;3279040003;-7.368819;108.6135915;3.5910000801086;1;150;Batas Wilkerstat;15040;Batas SLS;2025-08-01 13:57:38;2025-08-01 13:57:39;Ida Rosida;https://wilkerstat.bps.go.id/api/landmark/90018865/photo
90028413;HPAGDH;BATAS 1 RT 004 RW 005  PATOK PJU;0024;RT 004 RW 005;3279040003;-7.3655161;108.6147685;1.3999999761581;1;150;Batas Wilkerstat;15040;Batas SLS;2025-08-01 14:13:14;2025-08-01 14:13:17;Ida Rosida;https://wilkerstat.bps.go.id/api/landmark/90028413/photo
90031115;HPAKDF;BATAS 2  RT 004 RW 005 TERSIER;0024;RT 004 RW 005;3279040003;-7.3652412;108.6159542;3.2569999694824;1;150;Batas Wilkerstat;15040;Batas SLS;2025-08-01 14:17:26;2025-08-01 14:17:28;Ida Rosida;https://wilkerstat.bps.go.id/api/landmark/90031115/photo
90032834;HPAMRI;BATAS 3  RT 004 RW 005 BES;0024;RT 004 RW 005;3279040003;-7.3638705;108.6155629;1.5499999523163;1;150;Batas Wilkerstat;15040;Batas SLS;2025-08-01 14:20:10;2025-08-01 14:20:12;Ida Rosida;https://wilkerstat.bps.go.id/api/landmark/90032834/photo
90035421;HPAQMV;BATAS 4 RT 004 RW 005 BES TERSIER;0024;RT 004 RW 005;3279040003;-7.362615;108.6153883;1.5;1;150;Batas Wilkerstat;15040;Batas SLS;2025-08-01 14:24:19;2025-08-01 14:24:22;Ida Rosida;https://wilkerstat.bps.go.id/api/landmark/90035421/photo
90038765;HPAVLL;BATAS 5  RT 004 RW 005 SAWAH;0024;RT 004 RW 005;3279040003;-7.3624852;108.6141751;3.335000038147;1;150;Batas Wilkerstat;15040;Batas SLS;2025-08-01 14:29:21;2025-08-01 14:29:23;Ida Rosida;https://wilkerstat.bps.go.id/api/landmark/90038765/photo
90283275;HPOTDR;BATAS 1 RT 005 RW 005 PATOK PTKAI;0025;RT 005 RW 005;3279040003;-7.3666022;108.6121401;3.3029999732971;1;150;Batas Wilkerstat;15040;Batas SLS;2025-08-02 09:55:42;2025-08-02 09:55:44;Ida Rosida;https://wilkerstat.bps.go.id/api/landmark/90283275/photo
90292107;HPPGFJ;BATAS 2 RT 005 RW 005 PATOK PTKAI;0025;RT 005 RW 005;3279040003;-7.3652777;108.6173942;4.1909999847412;1;150;Batas Wilkerstat;15040;Batas SLS;2025-08-02 10:04:42;2025-08-02 10:04:44;Ida Rosida;https://wilkerstat.bps.go.id/api/landmark/90292107/photo
90316380;HPQQCY;BATAS 3 RT 005 RW 005 TESIER;0025;RT 005 RW 005;3279040003;-7.3628308;108.6166661;3.305999994278;1;150;Batas Wilkerstat;15040;Batas SLS;2025-08-02 10:27:27;2025-08-02 10:27:30;Ida Rosida;https://wilkerstat.bps.go.id/api/landmark/90316380/photo
90319417;HPQUPT;BATAS 4 RT 005 RW 005 TESIER;0025;RT 005 RW 005;3279040003;-7.3625712;108.6170315;3.1760001182556;1;150;Batas Wilkerstat;15040;Batas SLS;2025-08-02 10:30:09;2025-08-02 10:30:11;Ida Rosida;https://wilkerstat.bps.go.id/api/landmark/90319417/photo
90322032;HPQYMI;BATAS 5 RT 005 RW 005 TESIER;0025;RT 005 RW 005;3279040003;-7.3622718;108.6169711;4.5749998092651;1;150;Batas Wilkerstat;15040;Batas SLS;2025-08-02 10:32:18;2025-08-02 10:32:20;Ida Rosida;https://wilkerstat.bps.go.id/api/landmark/90322032/photo
90326666;HPRFIO;BATAS 6 RT 005 RW 005 WARUNG BP DUDI;0025;RT 005 RW 005;3279040003;-7.3626595;108.6154449;1.5499999523163;1;150;Batas Wilkerstat;15040;Batas SLS;2025-08-02 10:36:25;2025-08-02 10:36:26;Ida Rosida;https://wilkerstat.bps.go.id/api/landmark/90326666/photo
90564713;HQETMF;BATAS  7 RT 005 RW 005 SALURAN PEMBUANGAN;0025;RT 005 RW 005;3279040003;-7.3650683;108.6160833;4.2470002174377;1;150;Batas Wilkerstat;15040;Batas SLS;2025-08-02 15:11:04;2025-08-02 15:11:06;Ida Rosida;https://wilkerstat.bps.go.id/api/landmark/90564713/photo
90572664;HQFFGA;BATAS 8 RT 005 RW 005 KEBUN;0025;RT 005 RW 005;3279040003;-7.366385;108.6121368;5.7189998626709;1;150;Batas Wilkerstat;15040;Batas SLS;2025-08-02 15:19:06;2025-08-02 15:19:08;Ida Rosida;https://wilkerstat.bps.go.id/api/landmark/90572664/photo
90517975;HQCCIP;BATAS 4 RT 006 RT 005 JALAN ASPAL;0026;RT 006 RW 005;3279040003;-7.3600990420979;108.61510422081;5.4089999198914;1;150;Batas Wilkerstat;15040;Batas SLS;2025-08-02 14:20:30;2025-08-02 14:20:31;Ida Rosida;https://wilkerstat.bps.go.id/api/landmark/90517975/photo
90521142;HQCHAK;BATAS 3 RT 006 RW 005 SAWAH;0026;RT 006 RW 005;3279040003;-7.359915162007;108.6162250489;3.8039999008179;1;150;Batas Wilkerstat;15040;Batas SLS;2025-08-02 14:24:10;2025-08-02 14:24:12;Ida Rosida;https://wilkerstat.bps.go.id/api/landmark/90521142/photo
90525399;HQCNID;BATAS 5 RT 006 RW 005 JALAN ASPAL;0026;RT 006 RW 005;3279040003;-7.3599477483578;108.61507169902;3.4679999351501;1;150;Batas Wilkerstat;15040;Batas SLS;2025-08-02 14:29:12;2025-08-02 14:29:14;Ida Rosida;https://wilkerstat.bps.go.id/api/landmark/90525399/photo
90530781;HQCVHD;BATAS 6 RT 006 RW 005 PEMATANG SAWAH;0026;RT 006 RW 005;3279040003;-7.3598353586888;108.61353211105;1.5499999523163;1;150;Batas Wilkerstat;15040;Batas SLS;2025-08-02 14:35:04;2025-08-02 14:35:06;Ida Rosida;https://wilkerstat.bps.go.id/api/landmark/90530781/photo
90541589;HQDLGV;BATAS 1 RT 006 RW 005 PEMATANG SAWAH;0026;RT 006 RW 005;3279040003;-7.3623973705468;108.61364107579;1.8500000238419;1;150;Batas Wilkerstat;15040;Batas SLS;2025-08-02 14:46:38;2025-08-02 14:46:40;Ida Rosida;https://wilkerstat.bps.go.id/api/landmark/90541589/photo
90552558;HQEBMS;BATAS 2 RT 006 RW 005 TESIER;0026;RT 006 RW 005;3279040003;-7.3621478;108.6171355;4.2870001792908;1;150;Batas Wilkerstat;15040;Batas SLS;2025-08-02 14:58:13;2025-08-02 14:58:15;Ida Rosida;https://wilkerstat.bps.go.id/api/landmark/90552558/photo
90691991;HQLZTN;BATAS 2 RT 007 RW 005;0027;RT 007 RW 005;3279040003;-7.3646567;108.6200367;1.2000000476837;1;150;Batas Wilkerstat;15040;Batas SLS;2025-08-02 17:10:35;2025-08-02 17:10:36;Ida Rosida;https://wilkerstat.bps.go.id/api/landmark/90691991/photo
90708828;HQMYRC;BATAS 3 RT 007RW 005;0027;RT 007 RW 005;3279040003;-7.3616217;108.6192854;3.404000043869;1;150;Batas Wilkerstat;15040;Batas SLS;2025-08-02 17:27:15;2025-08-02 17:27:17;Ida Rosida;https://wilkerstat.bps.go.id/api/landmark/90708828/photo
90713113;HQNEZX;BATAS 4 RT 007RW 005 TESIER;0027;RT 007 RW 005;3279040003;-7.3622246;108.6169632;4.6259999275208;1;150;Batas Wilkerstat;15040;Batas SLS;2025-08-02 17:32:08;2025-08-02 17:32:10;Ida Rosida;https://wilkerstat.bps.go.id/api/landmark/90713113/photo
90715883;HQNJCL;BATAS 5 RT 007RW 005 TESIER;0027;RT 007 RW 005;3279040003;-7.3628481;108.6166771;10.805000305176;1;150;Batas Wilkerstat;15040;Batas SLS;2025-08-02 17:35:31;2025-08-02 17:35:33;Ida Rosida;https://wilkerstat.bps.go.id/api/landmark/90715883/photo
90719625;HQNOQJ;BATAS 1 RT 007RW 005 JLN ASPAL;0027;RT 007 RW 005;3279040003;-7.3648596145872;108.61723121256;1.5499999523163;1;150;Batas Wilkerstat;15040;Batas SLS;2025-08-02 17:40:32;2025-08-02 17:40:34;Ida Rosida;https://wilkerstat.bps.go.id/api/landmark/90719625/photo
90893343;HQXLPV;BATAS3 RT 001 RW 006 JLN ASPAL;0029;RT 001 RW 006;3279040003;-7.3605419;108.6236834;2.7000000476837;1;150;Batas Wilkerstat;15040;Batas SLS;2025-08-03 10:14:52;2025-08-03 10:14:56;Ida Rosida;https://wilkerstat.bps.go.id/api/landmark/90893343/photo
90895351;HQXOPB;BATAS4 RT 001 RW 006 PINTU TESIER;0029;RT 001 RW 006;3279040003;-7.3608467;108.6224166;3.0409998893738;1;150;Batas Wilkerstat;15040;Batas SLS;2025-08-03 10:16:55;2025-08-03 10:16:56;Ida Rosida;https://wilkerstat.bps.go.id/api/landmark/90895351/photo
90899270;HQXUJU;BATAS 5 RT 001 RW 006 TESIER;0029;RT 001 RW 006;3279040003;-7.3632481;108.6230248;4.75;1;150;Batas Wilkerstat;15040;Batas SLS;2025-08-03 10:20:27;2025-08-03 10:20:30;Ida Rosida;https://wilkerstat.bps.go.id/api/landmark/90899270/photo
90906384;HQYEXK;BATAS 6 RT 001 RW 006 KEBUN;0029;RT 001 RW 006;3279040003;-7.3632949;108.6230963;4.9619998931885;1;150;Batas Wilkerstat;15040;Batas SLS;2025-08-03 10:25:35;2025-08-03 10:26:56;Ida Rosida;https://wilkerstat.bps.go.id/api/landmark/90906384/photo
90921849;HQZBUF;BATAS 3 RT 002 RW 006 PATOK PNPM;0030;RT 002 RW 006;3279040003;-7.3579319;108.622994;3.0920000076294;1;150;Batas Wilkerstat;15040;Batas SLS;2025-08-03 10:40:55;2025-08-03 10:40:57;Ida Rosida;https://wilkerstat.bps.go.id/api/landmark/90921849/photo
90999046;HRDLZI;BATAS  4 RT 002 RW 006 TESIER;0030;RT 002 RW 006;3279040003;-7.3587630002083;108.61943162978;1.8999999761581;1;150;Batas Wilkerstat;15040;Batas SLS;2025-08-03 11:43:37;2025-08-03 11:53:53;Ida Rosida;https://wilkerstat.bps.go.id/api/landmark/90999046/photo
91003606;HRDSSS;BATAS1 RT 002 RW 006 TESIER;0030;RT 002 RW 006;3279040003;-7.361375;108.6201367;1.3500000238419;1;150;Batas Wilkerstat;15040;Batas SLS;2025-08-03 11:59:22;2025-08-03 11:59:24;Ida Rosida;https://wilkerstat.bps.go.id/api/landmark/91003606/photo
91006613;HRDXEJ;BATAS 2 RT 002 RW 006 TESIER;0030;RT 002 RW 006;3279040003;-7.3604834;108.6236668;4.0980000495911;1;150;Batas Wilkerstat;15040;Batas SLS;2025-08-03 12:03:06;2025-08-03 12:03:08;Ida Rosida;https://wilkerstat.bps.go.id/api/landmark/91006613/photo
91112717;HRJYDH;BATAS 2 RT 003 RW 006 TIHANG LISTRIK;0031;RT 003 RW 006;3279040003;-7.3597615406067;108.62630613148;9.6029996871948;1;150;Batas Wilkerstat;15040;Batas SLS;2025-08-03 14:31:06;2025-08-03 14:31:08;Ida Rosida;https://wilkerstat.bps.go.id/api/landmark/91112717/photo
91119404;HRKIAM;BATAS 3 RT 003 RW 006 KEBUN BAMBU;0031;RT 003 RW 006;3279040003;-7.3572384178756;108.62578544766;9.1169996261597;1;150;Batas Wilkerstat;15040;Batas SLS;2025-08-03 14:38:36;2025-08-03 14:38:42;Ida Rosida;https://wilkerstat.bps.go.id/api/landmark/91119404/photo
91161595;HRMSLF;BATAS4 RT 003 RW 006 TUGU PEMBATAS;0031;RT 003 RW 006;3279040003;-7.3579606416096;108.62300366163;7.9409999847412;1;150;Batas Wilkerstat;15040;Batas SLS;2025-08-03 15:26:41;2025-08-03 15:26:43;Ida Rosida;https://wilkerstat.bps.go.id/api/landmark/91161595/photo
91164836;HRMXFW;BATAS 1 RT 003 RW 006 TESIER;0031;RT 003 RW 006;3279040003;-7.3605077011953;108.62365376204;1.5499999523163;1;150;Batas Wilkerstat;15040;Batas SLS;2025-08-03 15:29:54;2025-08-03 15:29:57;Ida Rosida;https://wilkerstat.bps.go.id/api/landmark/91164836/photo
91179658;HRNTDY;BATAS 6 RT 004 RW 006 PEKARANGAN;0032;RT 004 RW 006;3279040003;-7.357097;108.6258568;1.8999999761581;1;150;Batas Wilkerstat;15040;Batas SLS;2025-08-03 15:46:04;2025-08-03 15:46:05;Ida Rosida;https://wilkerstat.bps.go.id/api/landmark/91179658/photo
91187008;HROEAQ;BATAS 5 RT004 RW 006 RUMAH BP IRAN;0032;RT 004 RW 006;3279040003;-7.356988698438;108.62657099962;3.9140000343323;1;150;Batas Wilkerstat;15040;Batas SLS;2025-08-03 15:53:49;2025-08-03 15:53:51;Ida Rosida;https://wilkerstat.bps.go.id/api/landmark/91187008/photo
91193699;HRONXZ;BATAS 4 RT 004 RW 006 SELOKAN;0032;RT 004 RW 006;3279040003;-7.361958;108.6279128;3.9530000686646;1;150;Batas Wilkerstat;15040;Batas SLS;2025-08-03 16:00:08;2025-08-03 16:00:11;Ida Rosida;https://wilkerstat.bps.go.id/api/landmark/91193699/photo
91195768;HROQZO;BATAS 3 RT 004 RW 006 SELOKAN;0032;RT 004 RW 006;3279040003;-7.3620847;108.6274486;1.5;1;150;Batas Wilkerstat;15040;Batas SLS;2025-08-03 16:02:10;2025-08-03 16:02:12;Ida Rosida;https://wilkerstat.bps.go.id/api/landmark/91195768/photo
91198357;HROUVD;BATAS 2 RT 004 RW 006 SELOKAN;0032;RT 004 RW 006;3279040003;-7.3626926410466;108.62759459764;3.2660000324249;1;150;Batas Wilkerstat;15040;Batas SLS;2025-08-03 16:04:56;2025-08-03 16:04:58;Ida Rosida;https://wilkerstat.bps.go.id/api/landmark/91198357/photo
91210249;HRPMKN;BATAS1 RT 004 RW 006 PATOK PT KAI;0032;RT 004 RW 006;3279040003;-7.3627587;108.6270443;3.2709999084473;1;150;Batas Wilkerstat;15040;Batas SLS;2025-08-03 16:16:53;2025-08-03 16:16:56;Ida Rosida;https://wilkerstat.bps.go.id/api/landmark/91210249/photo
91328580;HRWFLS;TUGU SEPATU;0003;RT 003 RW 001 DUSUN BANTARDAWA;3279040003;-7.36172;108.6151733;1.6000000238419;1;150;Batas Wilkerstat;15040;Batas SLS;2025-08-04 04:21:00;2025-08-04 04:21:01;Kamsih Maesaroh;https://wilkerstat.bps.go.id/api/landmark/91328580/photo
91358411;HRXXPB;BATAS SEGMEN JALAN PERTANIAN;0011;RT 001 RW 003 DUSUN RANCA BULUS;3279040003;-7.357427;108.614875;2;1;150;Batas Wilkerstat;15070;Batas Segmen;2025-08-04 08:22:52;2025-08-04 08:22:54;Kamsih Maesaroh;https://wilkerstat.bps.go.id/api/landmark/91358411/photo
91404785;HSAOER;BATAS 4 RT 005 RW 006 BES;0033;RT 005 RW 006;3279040003;-7.3604796;108.6237142;2;1;150;Batas Wilkerstat;15040;Batas SLS;2025-08-04 09:33:12;2025-08-04 09:33:14;Ida Rosida;https://wilkerstat.bps.go.id/api/landmark/91404785/photo
89935810;HOUZDQ;1 GALANGAN KOLAM IKAN BATAS RT 001 RW 002;0007;RT 001 RW 002;3279040005;-7.369359450766;108.6414270848;3.1889998912811;1;150;Batas Wilkerstat;15040;Batas SLS;2025-08-01 10:35:07;2025-08-01 10:35:10;Riful hidayat;https://wilkerstat.bps.go.id/api/landmark/89935810/photo
90028771;HPAGRB;3 TIANG PAPAN NAMA RT 001 RW 002;0007;RT 001 RW 002;3279040005;-7.3651289476767;108.6411518231;1.3660000562668;1;150;Batas Wilkerstat;15040;Batas SLS;2025-08-01 14:13:50;2025-08-01 14:13:52;Riful hidayat;https://wilkerstat.bps.go.id/api/landmark/90028771/photo
90030765;HPAJPT;4 TOKO PAK AGUS BATAS RT 001 RW 002;0007;RT 001 RW 002;3279040005;-7.3653503992056;108.64030055702;1.1499999761581;1;150;Batas Wilkerstat;15040;Batas SLS;2025-08-01 14:16:53;2025-08-01 14:16:55;Riful hidayat;https://wilkerstat.bps.go.id/api/landmark/90030765/photo
90038110;HPAUMG;RUMAH DAN TOKO KETUA RT 001 RW 002;0007;RT 001 RW 002;3279040005;-7.3675738861258;108.64103011787;1.6000000238419;1;150;Batas Wilkerstat;15070;Batas Segmen;2025-08-01 14:28:19;2025-08-01 14:28:22;Riful hidayat;https://wilkerstat.bps.go.id/api/landmark/90038110/photo
90313249;HPQLMN;2 TIANG PAPAN NAMA RT001 RW 002;0007;RT 001 RW 002;3279040005;-7.3678495352149;108.64228136837;2;1;150;Batas Wilkerstat;15040;Batas SLS;2025-08-02 10:24:33;2025-08-02 10:24:36;Riful hidayat;https://wilkerstat.bps.go.id/api/landmark/90313249/photo
91358325;HRXXLT;8 TEMBOK BELAKANG PAK HAJI KENONG;0007;RT 001 RW 002;3279040005;-7.3653769999824;108.64123128355;2.2000000476837;1;150;Batas Wilkerstat;15040;Batas SLS;2025-08-04 08:22:40;2025-08-04 08:22:43;Riful hidayat;https://wilkerstat.bps.go.id/api/landmark/91358325/photo
91362116;HRYDBO;6 DI BELAKANG RUMAH WAGIMAN;0007;RT 001 RW 002;3279040005;-7.3657939669501;108.64178180695;3.0390000343323;1;150;Batas Wilkerstat;15040;Batas SLS;2025-08-04 08:30:23;2025-08-04 08:30:27;Riful hidayat;https://wilkerstat.bps.go.id/api/landmark/91362116/photo
91365349;HRYHVX;7 SALURAN AIR;0007;RT 001 RW 002;3279040005;-7.365655;108.6415217;1.3500000238419;1;150;Batas Wilkerstat;15040;Batas SLS;2025-08-04 08:36:31;2025-08-04 08:36:34;Riful hidayat;https://wilkerstat.bps.go.id/api/landmark/91365349/photo
91382003;HRZGML;5 TEMBOK PAK ENGKON;0007;RT 001 RW 002;3279040005;-7.3663333;108.641675;3.5269999504089;1;150;Batas Wilkerstat;15040;Batas SLS;2025-08-04 09:04:13;2025-08-04 09:04:16;Riful hidayat;https://wilkerstat.bps.go.id/api/landmark/91382003/photo
91395299;HSAADV;5 PINGGIR KOLAM IKAN BU KLENDET;0007;RT 001 RW 002;3279040005;-7.3666367;108.641845;6.8150000572205;1;150;Batas Wilkerstat;15040;Batas SLS;2025-08-04 09:21:36;2025-08-04 09:21:38;Riful hidayat;https://wilkerstat.bps.go.id/api/landmark/91395299/photo
91400762;HSAIFY;3 BANGUNAN MBG;0007;RT 001 RW 002;3279040005;-7.3679468;108.6419683;11.923000335693;1;150;Batas Wilkerstat;15040;Batas SLS;2025-08-04 09:28:18;2025-08-04 09:28:20;Riful hidayat;https://wilkerstat.bps.go.id/api/landmark/91400762/photo
91404991;HSAOMP;2 GALANGAN AIR;0007;RT 001 RW 002;3279040005;-7.3691663;108.6422787;3.0639998912811;1;150;Batas Wilkerstat;15040;Batas SLS;2025-08-04 09:33:26;2025-08-04 09:33:30;Riful hidayat;https://wilkerstat.bps.go.id/api/landmark/91404991/photo
89891026;HOSKXE;1 TIANG PAPAN NAMA RT 002 RW 002;0008;RT 002 RW 002;3279040005;-7.3678269246809;108.64227432758;1.5329999923706;1;150;Batas Wilkerstat;15040;Batas SLS;2025-07-31 13:46:41;2025-07-31 13:46:44;Riful hidayat;https://wilkerstat.bps.go.id/api/landmark/89891026/photo
89891901;HOSMEV;2 TEMBOK JEMBATAN TR 002 RW 002;0008;RT 002 RW 002;3279040005;-7.367543627892;108.64364761859;10.895000457764;1;150;Batas Wilkerstat;15040;Batas SLS;2025-07-31 14:43:31;2025-07-31 14:43:35;Riful hidayat;https://wilkerstat.bps.go.id/api/landmark/89891901/photo
89892164;HOSMOY;4 TIANG PAPAN NAMA RT 002 RW 002;0008;RT 002 RW 002;3279040005;-7.3651163123009;108.64115517586;4.2309999465942;1;150;Batas Wilkerstat;15040;Batas SLS;2025-07-31 14:58:51;2025-07-31 14:58:54;Riful hidayat;https://wilkerstat.bps.go.id/api/landmark/89892164/photo
89892585;HOSNFD;3 RUMAH BAPAK YANTO RT 002 RW 002;0008;RT 002 RW 002;3279040005;-7.3646956870834;108.64293850958;8.6160001754761;1;150;Batas Wilkerstat;15040;Batas SLS;2025-07-31 15:29:04;2025-07-31 15:29:08;Riful hidayat;https://wilkerstat.bps.go.id/api/landmark/89892585/photo
91366717;HRYJWN;6 SALURAN AIR;0008;RT 002 RW 002;3279040005;-7.3655824909294;108.64172413945;3;1;150;Batas Wilkerstat;15040;Batas SLS;2025-08-04 08:39:01;2025-08-04 08:39:03;Riful hidayat;https://wilkerstat.bps.go.id/api/landmark/91366717/photo
91368970;HRYNFE;5 TEMBOK PAK HAJI KENONG;0008;RT 002 RW 002;3279040005;-7.3653717;108.6415333;1.4900000095367;1;150;Batas Wilkerstat;15040;Batas SLS;2025-08-04 08:43:02;2025-08-04 08:43:05;Riful hidayat;https://wilkerstat.bps.go.id/api/landmark/91368970/photo
91373963;HRYUPF;7 DI BELAKANG RUMAH BAPAK NASIHUN;0008;RT 002 RW 002;3279040005;-7.3660240633863;108.64158533514;3.4019999504089;1;150;Batas Wilkerstat;15040;Batas SLS;2025-08-04 08:51:49;2025-08-04 08:51:52;Riful hidayat;https://wilkerstat.bps.go.id/api/landmark/91373963/photo
91377113;HRYZGJ;8 TEMBOK RUMAH BAPAK DEDE;0008;RT 002 RW 002;3279040005;-7.3663183339436;108.64174861461;7.2140002250671;1;150;Batas Wilkerstat;15040;Batas SLS;2025-08-04 08:56:46;2025-08-04 08:56:48;Riful hidayat;https://wilkerstat.bps.go.id/api/landmark/91377113/photo
91392605;HRZWEF;9 RUMAH PAK YAYAT;0008;RT 002 RW 002;3279040005;-7.3666217;108.6418983;6.6710000038147;1;150;Batas Wilkerstat;15040;Batas SLS;2025-08-04 09:18:12;2025-08-04 09:18:15;Riful hidayat;https://wilkerstat.bps.go.id/api/landmark/91392605/photo
89893350;HOSOIO;009;0009;RT 003 RW 002;3279040005;-7.3672104;108.6436193;1.2999999523163;1;150;Batas Wilkerstat;15040;Batas SLS;2025-07-31 16:24:08;2025-07-31 16:24:13;Riful hidayat;https://wilkerstat.bps.go.id/api/landmark/89893350/photo
89894462;HOSPZI;1 TIANG TELKOM RT 003 RW 002;0009;RT 003 RW 002;3279040005;-7.3715134240077;108.6446852982;1.1000000238419;1;150;Batas Wilkerstat;15040;Batas SLS;2025-07-31 17:39:07;2025-07-31 17:39:10;Riful hidayat;https://wilkerstat.bps.go.id/api/landmark/89894462/photo
89894494;HOSQAO;3 GALANGAN SAWAH RT 003 RW 002;0009;RT 003 RW 002;3279040005;-7.3665444400017;108.64613603801;1.1000000238419;1;150;Batas Wilkerstat;15040;Batas SLS;2025-07-31 17:44:13;2025-07-31 17:44:16;Riful hidayat;https://wilkerstat.bps.go.id/api/landmark/89894494/photo
90392857;HPUZGJ;2 GALANGAN SAWAH RT 003 RW 002;0009;RT 003 RW 002;3279040005;-7.3709524875575;108.64720758051;1.7999999523163;1;150;Batas Wilkerstat;15040;Batas SLS;2025-08-02 11:37:24;2025-08-02 11:37:26;Riful hidayat;https://wilkerstat.bps.go.id/api/landmark/90392857/photo
89939787;HOVFAP;1 TEMBOK JEMBATAN RT 004 RW 002;0010;RT 004 RW 002;3279040005;-7.3740494331041;108.64254053682;1.779000043869;1;150;Batas Wilkerstat;15040;Batas SLS;2025-08-01 10:41:02;2025-08-01 10:41:05;Riful hidayat;https://wilkerstat.bps.go.id/api/landmark/89939787/photo
89941836;HOVIBK;2 GAPURA RT 004 RW 002;0010;RT 004 RW 002;3279040005;-7.3733927388159;108.64514999092;3;1;150;Batas Wilkerstat;15040;Batas SLS;2025-08-01 10:44:00;2025-08-01 10:44:03;Riful hidayat;https://wilkerstat.bps.go.id/api/landmark/89941836/photo
90318876;HPQTUY;4 TIANG TELKOM RT 004 RW 002;0010;RT 004 RW 002;3279040005;-7.3679469600028;108.64196185023;4.1640000343323;1;150;Batas Wilkerstat;15040;Batas SLS;2025-08-02 10:29:33;2025-08-02 10:29:42;Riful hidayat;https://wilkerstat.bps.go.id/api/landmark/90318876/photo
90322398;HPQZAK;3 TIANG TELKOM TR 004 RW 002;0010;RT 004 RW 002;3279040005;-7.3675812013028;108.64366270602;4.576000213623;1;150;Batas Wilkerstat;15040;Batas SLS;2025-08-02 10:32:33;2025-08-02 10:32:41;Riful hidayat;https://wilkerstat.bps.go.id/api/landmark/90322398/photo
90362082;HPTFSS;RUMAH KETUA RT 004 RW 002;0010;RT 004 RW 002;3279040005;-7.3705967;108.6442896;3.1270000934601;1;150;Batas Wilkerstat;15070;Batas Segmen;2025-08-02 11:08:26;2025-08-02 11:08:29;Riful hidayat;https://wilkerstat.bps.go.id/api/landmark/90362082/photo
89903049;HOTCRP;4 TIANG TELKOM RT 005 RW 002;0011;RT 005 RW 002;3279040005;-7.3715230666553;108.64469133317;2;1;150;Batas Wilkerstat;15040;Batas SLS;2025-08-01 08:12:25;2025-08-01 08:12:28;Riful hidayat;https://wilkerstat.bps.go.id/api/landmark/89903049/photo
90395137;HPVCQB;3 GALANGAN SAWAH RT005 RW002;0011;RT 005 RW 002;3279040005;-7.3709361947869;108.64730045199;3;1;150;Batas Wilkerstat;15040;Batas SLS;2025-08-02 11:39:45;2025-08-02 11:39:47;Riful hidayat;https://wilkerstat.bps.go.id/api/landmark/90395137/photo
90600695;HQGUSD;1 GIP JALAN RT005 RW 002;0011;RT 005 RW 002;3279040005;-7.3789242355358;108.64653836936;1.75;1;150;Batas Wilkerstat;15040;Batas SLS;2025-08-02 15:48:02;2025-08-02 15:48:04;Riful hidayat;https://wilkerstat.bps.go.id/api/landmark/90600695/photo
90614950;HQHPUK;2 GALANGAN SAWAH RT 005 RW 002;0011;RT 005 RW 002;3279040005;-7.3783240734805;108.64895269275;1;1;150;Batas Wilkerstat;15040;Batas SLS;2025-08-02 16:02:00;2025-08-02 16:02:02;Riful hidayat;https://wilkerstat.bps.go.id/api/landmark/90614950/photo
89942797;HOVJMJ;3 TUGU RT 006 RW 002;0012;RT 006 RW 002;3279040005;-7.3733934038232;108.6451516673;3.9960000514984;1;150;Batas Wilkerstat;15040;Batas SLS;2025-08-01 10:45:23;2025-08-01 10:45:26;Riful hidayat;https://wilkerstat.bps.go.id/api/landmark/89942797/photo
90657771;HQKBDJ;2 PENGAIRAN APUR RT006 RW 002;0012;RT 006 RW 002;3279040005;-7.3871292502792;108.64815909415;1.3999999761581;1;150;Batas Wilkerstat;15040;Batas SLS;2025-08-02 16:40:13;2025-08-02 16:40:15;Riful hidayat;https://wilkerstat.bps.go.id/api/landmark/90657771/photo
90664330;HQKKVQ;1 PINTU AIR RT 006 RW 002;0012;RT 006 RW 002;3279040005;-7.3866198701606;108.6464183405;3.0599999427795;1;150;Batas Wilkerstat;15040;Batas SLS;2025-08-02 16:45:46;2025-08-02 16:45:48;Riful hidayat;https://wilkerstat.bps.go.id/api/landmark/90664330/photo
89983581;HOXRUZ;RUMAH BAPAK BUDI;0007;RT 007 RW 002 DUSUN SUKANEGARA;3279040006;-7.3487242;108.6494551;3.4400000572205;1;150;Batas Wilkerstat;15040;Batas SLS;2025-08-01 12:15:15;2025-08-01 12:15:16;Yanti supriyanti;https://wilkerstat.bps.go.id/api/landmark/89983581/photo
89984814;HOXTQK;RUMAH IBU EKA;0007;RT 007 RW 002 DUSUN SUKANEGARA;3279040006;-7.3513868;108.6490285;2.2829999923706;1;150;Batas Wilkerstat;15040;Batas SLS;2025-08-01 12:21:19;2025-08-01 12:21:22;Yanti supriyanti;https://wilkerstat.bps.go.id/api/landmark/89984814/photo
89992504;HOYFAE;RUMAH ALM MA ETONG;0007;RT 007 RW 002 DUSUN SUKANEGARA;3279040006;-7.3458116;108.6473128;1.8329999446869;1;150;Batas Wilkerstat;15040;Batas SLS;2025-08-01 12:56:25;2025-08-01 12:56:27;Yanti supriyanti;https://wilkerstat.bps.go.id/api/landmark/89992504/photo
89993286;HOYGEG;RUMAH PAK MUSLIHIN;0007;RT 007 RW 002 DUSUN SUKANEGARA;3279040006;-7.3497883;108.6467367;0.98000001907349;1;150;Batas Wilkerstat;15040;Batas SLS;2025-08-01 12:59:13;2025-08-01 12:59:15;Yanti supriyanti;https://wilkerstat.bps.go.id/api/landmark/89993286/photo
90200786;HPKBDA;SELOKAN KECIL;0007;RT 007 RW 002 DUSUN SUKANEGARA;3279040006;-7.352225;108.6463751;1.5750000476837;1;150;Batas Wilkerstat;15040;Batas SLS;2025-08-01 17:29:49;2025-08-02 07:57:49;Yanti supriyanti;https://wilkerstat.bps.go.id/api/landmark/90200786/photo
90305763;HPQAKP;BENTENG RUMAH PAK BADAR;0008;RT 008 RW 002 DUSUN SUKANEGARA;3279040006;-7.3572767;108.6469267;1.7999999523163;1;150;Batas Wilkerstat;15040;Batas SLS;2025-08-02 10:10:35;2025-08-02 10:17:42;Yanti supriyanti;https://wilkerstat.bps.go.id/api/landmark/90305763/photo
90388060;HPUSDW;SAWAH RASEM;0008;RT 008 RW 002 DUSUN SUKANEGARA;3279040006;-7.3523867;108.64748;1.5160000324249;1;150;Batas Wilkerstat;15040;Batas SLS;2025-08-02 11:32:55;2025-08-02 11:32:56;Yanti supriyanti;https://wilkerstat.bps.go.id/api/landmark/90388060/photo
90462194;HPYXVE;KEBUN BAPAK AHMAD;0008;RT 008 RW 002 DUSUN SUKANEGARA;3279040006;-7.3525887;108.6488433;1.6200000047684;1;150;Batas Wilkerstat;15040;Batas SLS;2025-08-02 13:08:20;2025-08-02 13:08:21;Yanti supriyanti;https://wilkerstat.bps.go.id/api/landmark/90462194/photo
90462363;HPYYBR;KEBUN BAPAK AHMAD;0008;RT 008 RW 002 DUSUN SUKANEGARA;3279040006;-7.3525887;108.6488433;1.6200000047684;1;150;Batas Wilkerstat;15040;Batas SLS;2025-08-02 13:08:35;2025-08-02 13:08:36;Yanti supriyanti;https://wilkerstat.bps.go.id/api/landmark/90462363/photo
90470229;HPZJSF;BELAKANG RUMAH IBU NANA;0008;RT 008 RW 002 DUSUN SUKANEGARA;3279040006;-7.3571585;108.6482954;2.5659999847412;1;150;Batas Wilkerstat;15040;Batas SLS;2025-08-02 13:19:47;2025-08-02 13:19:48;Yanti supriyanti;https://wilkerstat.bps.go.id/api/landmark/90470229/photo
90201179;HPKBSD;SAWAH;0009;RT 009 RW 002 DUSUN SUKANEGARA;3279040006;-7.3523066;108.6463598;1.4400000572205;1;150;Batas Wilkerstat;15040;Batas SLS;2025-08-01 17:31:47;2025-08-02 07:59:01;Yanti supriyanti;https://wilkerstat.bps.go.id/api/landmark/90201179/photo
90330685;HPRLHD;KEBUN JAGUNG;0009;RT 009 RW 002 DUSUN SUKANEGARA;3279040006;-7.3578309;108.6456756;1.539999961853;1;150;Batas Wilkerstat;15040;Batas SLS;2025-08-02 10:39:52;2025-08-02 10:39:54;Yanti supriyanti;https://wilkerstat.bps.go.id/api/landmark/90330685/photo
90337054;HPRUSC;BELAKANG RUMAH BAPAK YOYO;0009;RT 009 RW 002 DUSUN SUKANEGARA;3279040006;-7.3575353543874;108.64680659026;1.6829999685287;1;150;Batas Wilkerstat;15040;Batas SLS;2025-08-02 10:21:02;2025-08-02 10:45:39;Yanti supriyanti;https://wilkerstat.bps.go.id/api/landmark/90337054/photo
90388790;HPUTFY;SAWAH MASUGI;0009;RT 009 RW 002 DUSUN SUKANEGARA;3279040006;-7.3524117;108.6474617;1.2999999523163;1;150;Batas Wilkerstat;15040;Batas SLS;2025-08-02 11:31:33;2025-08-02 11:33:39;Yanti supriyanti;https://wilkerstat.bps.go.id/api/landmark/90388790/photo
90389422;HPUUEG;SAWAH MAS SUGI;0009;RT 009 RW 002 DUSUN SUKANEGARA;3279040006;-7.35241;108.647445;1.5199999809265;1;150;Batas Wilkerstat;15040;Batas SLS;2025-08-02 11:34:15;2025-08-02 11:34:16;Yanti supriyanti;https://wilkerstat.bps.go.id/api/landmark/90389422/photo
91334458;HRWODU;BELAKANG RUMAH PAK PARIJAN;0010;RT 010 RW 002 DUSUN SUKANEGARA;3279040006;-7.3578209851782;108.64567771554;1.2999999523163;1;150;Batas Wilkerstat;15040;Batas SLS;2025-08-02 10:43:36;2025-08-04 06:43:53;Yanti supriyanti;https://wilkerstat.bps.go.id/api/landmark/91334458/photo
91334482;HRWOES;JEMBATAN KERETA;0010;RT 010 RW 002 DUSUN SUKANEGARA;3279040006;-7.3581183;108.6446567;1.6000000238419;1;150;Batas Wilkerstat;15040;Batas SLS;2025-08-02 16:41:17;2025-08-04 06:44:06;Yanti supriyanti;https://wilkerstat.bps.go.id/api/landmark/91334482/photo
89984311;HOXSXB;SALURAN AIR;0011;RT 001 RW 003 DUSUN PURWODADI;3279040006;-7.3483601571842;108.64941906184;8.91100025177;1;150;Batas Wilkerstat;15040;Batas SLS;2025-08-01 10:28:10;2025-08-01 12:18:55;Wini Rosniati;https://wilkerstat.bps.go.id/api/landmark/89984311/photo
89984343;HOXSYH;TANGGUL;0011;RT 001 RW 003 DUSUN PURWODADI;3279040006;-7.3446419;108.6523467;4.673999786377;1;150;Batas Wilkerstat;15040;Batas SLS;2025-08-01 10:35:11;2025-08-01 12:19:04;Wini Rosniati;https://wilkerstat.bps.go.id/api/landmark/89984343/photo
89985188;HOXUEU;BATAS RT 001 RW 002 RUMAH IBU SOPIAH;0011;RT 001 RW 003 DUSUN PURWODADI;3279040006;-7.3487196138081;108.6514897272;4.826000213623;1;150;Batas Wilkerstat;15040;Batas SLS;2025-08-01 10:40:07;2025-08-01 12:23:19;Wini Rosniati;https://wilkerstat.bps.go.id/api/landmark/89985188/photo
90007272;HOZAWE;TANGGUL PERBATASAN;0011;RT 001 RW 003 DUSUN PURWODADI;3279040006;-7.3428279467363;108.65032363683;4.018000125885;1;150;Batas Wilkerstat;15040;Batas SLS;2025-08-01 13:36:03;2025-08-01 13:36:05;Wini Rosniati;https://wilkerstat.bps.go.id/api/landmark/90007272/photo
90014036;HOZKWI;SALURAN AIR;0011;RT 001 RW 003 DUSUN PURWODADI;3279040006;-7.3501654179015;108.65176565945;4.2709999084473;1;150;Batas Wilkerstat;15040;Batas SLS;2025-08-01 13:49:13;2025-08-01 13:49:15;Wini Rosniati;https://wilkerstat.bps.go.id/api/landmark/90014036/photo
90018727;HOZRUT;GALENGAN SAWAH;0011;RT 001 RW 003 DUSUN PURWODADI;3279040006;-7.350097583592;108.65121681243;3.9769999980927;1;150;Batas Wilkerstat;15040;Batas SLS;2025-08-01 13:57:25;2025-08-01 13:57:27;Wini Rosniati;https://wilkerstat.bps.go.id/api/landmark/90018727/photo
90010160;HOZFDG;TANGGUL PERBATASAN RT 01 DAN RT 02;0012;RT 002A RW 003 DUSUN PURWODADI;3279040006;-7.344977;108.6525621;9.7709999084473;1;150;Batas Wilkerstat;15040;Batas SLS;2025-08-01 13:41:52;2025-08-01 13:41:55;Wini Rosniati;https://wilkerstat.bps.go.id/api/landmark/90010160/photo
90023600;HOZZAE;GALENGAN SAWAH;0012;RT 002A RW 003 DUSUN PURWODADI;3279040006;-7.3504799827503;108.65174621344;3.1180000305176;1;150;Batas Wilkerstat;15040;Batas SLS;2025-08-01 14:05:38;2025-08-01 14:05:40;Wini Rosniati;https://wilkerstat.bps.go.id/api/landmark/90023600/photo
90486195;HQAHIH;TANGGUL;0012;RT 002A RW 003 DUSUN PURWODADI;3279040006;-7.3478216;108.6549012;4.2480001449585;1;150;Batas Wilkerstat;15040;Batas SLS;2025-08-02 13:42:22;2025-08-02 13:42:27;Wini Rosniati;https://wilkerstat.bps.go.id/api/landmark/90486195/photo
90499226;HQBAPM;GALENGAN SAWAH;0012;RT 002A RW 003 DUSUN PURWODADI;3279040006;-7.3508347823704;108.6542057991;4.7090001106262;1;150;Batas Wilkerstat;15040;Batas SLS;2025-08-02 13:58:36;2025-08-02 13:58:40;Wini Rosniati;https://wilkerstat.bps.go.id/api/landmark/90499226/photo
90043869;HPBCZT;RUMAH PAK MUSLIMIN;0013;RT 002B RW 003 DUSUN PURWODADI;3279040006;-7.3485368;108.6547656;4.4530000686646;1;150;Batas Wilkerstat;15040;Batas SLS;2025-08-01 14:37:10;2025-08-01 14:37:12;Wini Rosniati;https://wilkerstat.bps.go.id/api/landmark/90043869/photo
90063729;HPCGJP;SALURAN AIR DAN GALENGAN SAWAH;0013;RT 002B RW 003 DUSUN PURWODADI;3279040006;-7.3528125;108.656565;4.3359999656677;1;150;Batas Wilkerstat;15040;Batas SLS;2025-08-01 14:49:50;2025-08-01 15:08:12;Wini Rosniati;https://wilkerstat.bps.go.id/api/landmark/90063729/photo
90238545;HPMEZH;TIANG BATAS / WARUNG BP PRAYITNO;0016;RT 004 RW 003 DUSUN PURWODADI;3279040006;-7.3549596812345;108.66162009537;5.5859999656677;1;150;Batas Wilkerstat;15040;Batas SLS;2025-08-02 09:06:32;2025-08-02 09:06:36;Wini Rosniati;https://wilkerstat.bps.go.id/api/landmark/90238545/photo
90507473;HQBMUR;TANGGUL;0016;RT 004 RW 003 DUSUN PURWODADI;3279040006;-7.3519793167952;108.65968286991;6.5450000762939;1;150;Batas Wilkerstat;15040;Batas SLS;2025-08-02 14:08:25;2025-08-02 14:08:31;Wini Rosniati;https://wilkerstat.bps.go.id/api/landmark/90507473/photo
90510319;HQBRAD;GALENGAN SAWAH;0016;RT 004 RW 003 DUSUN PURWODADI;3279040006;-7.3545603275263;108.65921583027;4.6570000648499;1;150;Batas Wilkerstat;15040;Batas SLS;2025-08-02 14:11:58;2025-08-02 14:12:01;Wini Rosniati;https://wilkerstat.bps.go.id/api/landmark/90510319/photo
90514389;HQBXAR;JEMBATAN GANTUNG;0016;RT 004 RW 003 DUSUN PURWODADI;3279040006;-7.3531012369853;108.66177968681;5.4089999198914;1;150;Batas Wilkerstat;15040;Batas SLS;2025-08-02 14:16:20;2025-08-02 14:16:23;Wini Rosniati;https://wilkerstat.bps.go.id/api/landmark/90514389/photo
90535975;HQDCYX;TIANG BATAS RT 4 DAN 5;0017;RT 005 RW 003 DUSUN PURWODADI;3279040006;-7.3549876127044;108.66161506623;5.5269999504089;1;150;Batas Wilkerstat;15040;Batas SLS;2025-08-02 14:40:44;2025-08-02 14:40:47;Wini Rosniati;https://wilkerstat.bps.go.id/api/landmark/90535975/photo
90540861;HQDKEV;PERTIGAAN PASAR CAPLEK;0017;RT 005 RW 003 DUSUN PURWODADI;3279040006;-7.3575323617471;108.66149436682;5.8619999885559;1;150;Batas Wilkerstat;15040;Batas SLS;2025-08-02 14:45:58;2025-08-02 14:46:00;Wini Rosniati;https://wilkerstat.bps.go.id/api/landmark/90540861/photo
90544256;HQDPFK;RUMAH BP PARMAN;0017;RT 005 RW 003 DUSUN PURWODADI;3279040006;-7.3570658421408;108.65875817835;5.5999999046326;1;150;Batas Wilkerstat;15040;Batas SLS;2025-08-02 14:49:25;2025-08-02 14:49:28;Wini Rosniati;https://wilkerstat.bps.go.id/api/landmark/90544256/photo
90266616;HPNUMY;PABRIK MATRIAL;0018;RT 006 RW 003 DUSUN PURWODADI;3279040006;-7.3570671722045;108.65730576217;4.5260000228882;1;150;Batas Wilkerstat;15040;Batas SLS;2025-08-02 09:38:37;2025-08-02 09:38:39;Wini Rosniati;https://wilkerstat.bps.go.id/api/landmark/90266616/photo
90268876;HPNXVW;TOKO RINA;0018;RT 006 RW 003 DUSUN PURWODADI;3279040006;-7.3569667523822;108.65592509508;5.1519999504089;1;150;Batas Wilkerstat;15040;Batas SLS;2025-08-02 09:40:55;2025-08-02 09:40:58;Wini Rosniati;https://wilkerstat.bps.go.id/api/landmark/90268876/photo
90314066;HPQMRY;SELOKAN KECIL;0018;RT 006 RW 003 DUSUN PURWODADI;3279040006;-7.3557055173811;108.65604076535;5.7800002098083;1;150;Batas Wilkerstat;15040;Batas SLS;2025-08-02 10:25:25;2025-08-02 10:25:27;Wini Rosniati;https://wilkerstat.bps.go.id/api/landmark/90314066/photo
90548222;HQDVBY;BES PERBATASAN;0018;RT 006 RW 003 DUSUN PURWODADI;3279040006;-7.3568624;108.6532864;4.1139998435974;1;150;Batas Wilkerstat;15040;Batas SLS;2025-08-02 14:53:45;2025-08-02 14:53:49;Wini Rosniati;https://wilkerstat.bps.go.id/api/landmark/90548222/photo
90355393;HPSVVL;SALURAN AIR;0021;RT 009 RW 004 DUSUN PURWODADI;3279040006;-7.3547634958607;108.65112628788;4.691999912262;1;150;Batas Wilkerstat;15040;Batas SLS;2025-08-02 11:02:33;2025-08-02 11:02:36;Wini Rosniati;https://wilkerstat.bps.go.id/api/landmark/90355393/photo
90371336;HPTTKQ;KEBUN AWI;0021;RT 009 RW 004 DUSUN PURWODADI;3279040006;-7.3550924;108.6532707;5.6119999885559;1;150;Batas Wilkerstat;15040;Batas SLS;2025-08-02 11:10:16;2025-08-02 11:17:13;Wini Rosniati;https://wilkerstat.bps.go.id/api/landmark/90371336/photo
90461683;HPYXBN;RUMAH IBU SAODAH;0021;RT 009 RW 004 DUSUN PURWODADI;3279040006;-7.3505547999383;108.65176130086;10.340000152588;1;150;Batas Wilkerstat;15040;Batas SLS;2025-08-02 13:07:34;2025-08-02 13:07:38;Wini Rosniati;https://wilkerstat.bps.go.id/api/landmark/90461683/photo
90338456;HPRWUA;BATAS 4 JALAN KEP;0031;RT 006 RW 006 DUSUN KEDUNGWARINGIN;3279040006;-7.3615637;108.6477102;7;1;150;Batas Wilkerstat;15040;Batas SLS;2025-08-02 10:46:51;2025-08-02 10:47:04;Fina Rizkiani;https://wilkerstat.bps.go.id/api/landmark/90338456/photo
89943753;HOVKXD;BATAS 2 SALURAN TERSIER;0037;RT 002 RW 007 DUSUN SUKARAHAYU;3279040006;-7.3612804;108.6448674;1.6660000085831;1;150;Batas Wilkerstat;15040;Batas SLS;2025-08-01 10:46:42;2025-08-01 10:46:55;Fina Rizkiani;https://wilkerstat.bps.go.id/api/landmark/89943753/photo
89931812;HOUTFW;BATAS 2 REL KERETA API;0038;RT 003 RW 007 DUSUN SUKARAHAYU;3279040006;-7.3581893;108.6446637;2.2999999523163;1;150;Batas Wilkerstat;15040;Batas SLS;2025-08-01 10:09:39;2025-08-01 10:10:10;Fina Rizkiani;https://wilkerstat.bps.go.id/api/landmark/89931812/photo
89939183;HOVEDJ;BATAS 3 SALURAN PEMBUANGAN;0038;RT 003 RW 007 DUSUN SUKARAHAYU;3279040006;-7.3589677;108.643237;2.4000000953674;1;150;Batas Wilkerstat;15040;Batas SLS;2025-08-01 10:39:55;2025-08-01 10:40:08;Fina Rizkiani;https://wilkerstat.bps.go.id/api/landmark/89939183/photo
89942923;HOVJRF;BATAS 4 PEKARANGAN HAJI HAERUDIN;0038;RT 003 RW 007 DUSUN SUKARAHAYU;3279040006;-7.3615536;108.6438314;1.6000000238419;1;150;Batas Wilkerstat;15040;Batas SLS;2025-08-01 10:45:24;2025-08-01 10:45:37;Fina Rizkiani;https://wilkerstat.bps.go.id/api/landmark/89942923/photo
89943403;HOVKJR;BATAS 5 STEAM SR;0038;RT 003 RW 007 DUSUN SUKARAHAYU;3279040006;-7.3612831;108.6448521;1.3999999761581;1;150;Batas Wilkerstat;15040;Batas SLS;2025-08-01 10:46:12;2025-08-01 10:46:24;Fina Rizkiani;https://wilkerstat.bps.go.id/api/landmark/89943403/photo
90350189;HPSODH;BATAS 3 JALAN SANTAWIRYA;0044;RT 009 RW 008 DUSUN SUKARAHAYU;3279040006;-7.3658581;108.6487074;1.7999999523163;1;150;Batas Wilkerstat;15040;Batas SLS;2025-08-02 10:55:31;2025-08-02 10:57:53;Fina Rizkiani;https://wilkerstat.bps.go.id/api/landmark/90350189/photo
90351098;HPSPMG;BATAS 4 SALURAN PEMBUANGAN;0044;RT 009 RW 008 DUSUN SUKARAHAYU;3279040006;-7.3665644;108.6461208;2;1;150;Batas Wilkerstat;15040;Batas SLS;2025-08-02 10:58:25;2025-08-02 10:58:39;Fina Rizkiani;https://wilkerstat.bps.go.id/api/landmark/90351098/photo
90486593;HQAHXP;PERKEBUNAN;1002;KARANG GEDANG TRISNA;3279040006;-7.3478214;108.6548905;5.6609997749329;1;150;Batas Wilkerstat;15040;Batas SLS;2025-08-02 13:42:55;2025-08-02 13:42:59;Wini Rosniati;https://wilkerstat.bps.go.id/api/landmark/90486593/photo
90516075;HQBZNN;TANGGUL JEMBATAN GANTUNG;1002;KARANG GEDANG TRISNA;3279040006;-7.3530536867799;108.66178169847;7.3829998970032;1;150;Batas Wilkerstat;15040;Batas SLS;2025-08-02 14:18:13;2025-08-02 14:18:15;Wini Rosniati;https://wilkerstat.bps.go.id/api/landmark/90516075/photo
